nohup: ignoring input
Perform shuffle on the dataset
Namespace(batch_size=64, data='data//electricityLondon', device='cuda:0', dropout=0.1, epochs=300, es_patience=100, expid=1, input_dim=3, learning_rate=0.001, print_every=50, save='./logs/AttenAgg-GatedFb-PostAgg-K5-1', weight_decay=0.0001)
Ranger optimizer loaded. 
Gradient Centralization usage = True
GC applied to both conv and fc layers
The number of parameters: 516086
STIDGCN(
  (Temb): TemporalEmbedding()
  (start_conv): Conv2d(3, 32, kernel_size=(1, 1), stride=(1, 1))
  (tree): IDGCN_Tree(
    (IDGCN1): IDGCN(
      (split): Splitting()
      (conv1): Sequential(
        (0): ReplicationPad2d((3, 3, 0, 0))
        (1): Conv2d(64, 64, kernel_size=(1, 5), stride=(1, 1))
        (2): LeakyReLU(negative_slope=0.01, inplace=True)
        (3): Dropout(p=0.1, inplace=False)
        (4): Conv2d(64, 64, kernel_size=(1, 3), stride=(1, 1))
        (5): Tanh()
      )
      (conv2): Sequential(
        (0): ReplicationPad2d((3, 3, 0, 0))
        (1): Conv2d(64, 64, kernel_size=(1, 5), stride=(1, 1))
        (2): LeakyReLU(negative_slope=0.01, inplace=True)
        (3): Dropout(p=0.1, inplace=False)
        (4): Conv2d(64, 64, kernel_size=(1, 3), stride=(1, 1))
        (5): Tanh()
      )
      (conv3): Sequential(
        (0): ReplicationPad2d((3, 3, 0, 0))
        (1): Conv2d(64, 64, kernel_size=(1, 5), stride=(1, 1))
        (2): LeakyReLU(negative_slope=0.01, inplace=True)
        (3): Dropout(p=0.1, inplace=False)
        (4): Conv2d(64, 64, kernel_size=(1, 3), stride=(1, 1))
        (5): Tanh()
      )
      (conv4): Sequential(
        (0): ReplicationPad2d((3, 3, 0, 0))
        (1): Conv2d(64, 64, kernel_size=(1, 5), stride=(1, 1))
        (2): LeakyReLU(negative_slope=0.01, inplace=True)
        (3): Dropout(p=0.1, inplace=False)
        (4): Conv2d(64, 64, kernel_size=(1, 3), stride=(1, 1))
        (5): Tanh()
      )
      (dgcn): DGCN(
        (conv): Conv2d(64, 64, kernel_size=(1, 1), stride=(1, 1))
        (generator): Graph_Generator(
          (fc): Linear(in_features=2, out_features=1, bias=True)
        )
        (gcn): Diffusion_GCN(
          (conv): Conv2d(64, 64, kernel_size=(1, 1), stride=(1, 1))
          (dropout): Dropout(p=0.1, inplace=False)
        )
      )
    )
    (IDGCN2): IDGCN(
      (split): Splitting()
      (conv1): Sequential(
        (0): ReplicationPad2d((3, 3, 0, 0))
        (1): Conv2d(64, 64, kernel_size=(1, 5), stride=(1, 1))
        (2): LeakyReLU(negative_slope=0.01, inplace=True)
        (3): Dropout(p=0.1, inplace=False)
        (4): Conv2d(64, 64, kernel_size=(1, 3), stride=(1, 1))
        (5): Tanh()
      )
      (conv2): Sequential(
        (0): ReplicationPad2d((3, 3, 0, 0))
        (1): Conv2d(64, 64, kernel_size=(1, 5), stride=(1, 1))
        (2): LeakyReLU(negative_slope=0.01, inplace=True)
        (3): Dropout(p=0.1, inplace=False)
        (4): Conv2d(64, 64, kernel_size=(1, 3), stride=(1, 1))
        (5): Tanh()
      )
      (conv3): Sequential(
        (0): ReplicationPad2d((3, 3, 0, 0))
        (1): Conv2d(64, 64, kernel_size=(1, 5), stride=(1, 1))
        (2): LeakyReLU(negative_slope=0.01, inplace=True)
        (3): Dropout(p=0.1, inplace=False)
        (4): Conv2d(64, 64, kernel_size=(1, 3), stride=(1, 1))
        (5): Tanh()
      )
      (conv4): Sequential(
        (0): ReplicationPad2d((3, 3, 0, 0))
        (1): Conv2d(64, 64, kernel_size=(1, 5), stride=(1, 1))
        (2): LeakyReLU(negative_slope=0.01, inplace=True)
        (3): Dropout(p=0.1, inplace=False)
        (4): Conv2d(64, 64, kernel_size=(1, 3), stride=(1, 1))
        (5): Tanh()
      )
      (dgcn): DGCN(
        (conv): Conv2d(64, 64, kernel_size=(1, 1), stride=(1, 1))
        (generator): Graph_Generator(
          (fc): Linear(in_features=2, out_features=1, bias=True)
        )
        (gcn): Diffusion_GCN(
          (conv): Conv2d(64, 64, kernel_size=(1, 1), stride=(1, 1))
          (dropout): Dropout(p=0.1, inplace=False)
        )
      )
    )
    (IDGCN3): IDGCN(
      (split): Splitting()
      (conv1): Sequential(
        (0): ReplicationPad2d((3, 3, 0, 0))
        (1): Conv2d(64, 64, kernel_size=(1, 5), stride=(1, 1))
        (2): LeakyReLU(negative_slope=0.01, inplace=True)
        (3): Dropout(p=0.1, inplace=False)
        (4): Conv2d(64, 64, kernel_size=(1, 3), stride=(1, 1))
        (5): Tanh()
      )
      (conv2): Sequential(
        (0): ReplicationPad2d((3, 3, 0, 0))
        (1): Conv2d(64, 64, kernel_size=(1, 5), stride=(1, 1))
        (2): LeakyReLU(negative_slope=0.01, inplace=True)
        (3): Dropout(p=0.1, inplace=False)
        (4): Conv2d(64, 64, kernel_size=(1, 3), stride=(1, 1))
        (5): Tanh()
      )
      (conv3): Sequential(
        (0): ReplicationPad2d((3, 3, 0, 0))
        (1): Conv2d(64, 64, kernel_size=(1, 5), stride=(1, 1))
        (2): LeakyReLU(negative_slope=0.01, inplace=True)
        (3): Dropout(p=0.1, inplace=False)
        (4): Conv2d(64, 64, kernel_size=(1, 3), stride=(1, 1))
        (5): Tanh()
      )
      (conv4): Sequential(
        (0): ReplicationPad2d((3, 3, 0, 0))
        (1): Conv2d(64, 64, kernel_size=(1, 5), stride=(1, 1))
        (2): LeakyReLU(negative_slope=0.01, inplace=True)
        (3): Dropout(p=0.1, inplace=False)
        (4): Conv2d(64, 64, kernel_size=(1, 3), stride=(1, 1))
        (5): Tanh()
      )
      (dgcn): DGCN(
        (conv): Conv2d(64, 64, kernel_size=(1, 1), stride=(1, 1))
        (generator): Graph_Generator(
          (fc): Linear(in_features=2, out_features=1, bias=True)
        )
        (gcn): Diffusion_GCN(
          (conv): Conv2d(64, 64, kernel_size=(1, 1), stride=(1, 1))
          (dropout): Dropout(p=0.1, inplace=False)
        )
      )
    )
  )
  (glu): GLU(
    (conv1): Conv2d(64, 64, kernel_size=(1, 1), stride=(1, 1))
    (conv2): Conv2d(64, 64, kernel_size=(1, 1), stride=(1, 1))
    (conv3): Conv2d(64, 64, kernel_size=(1, 1), stride=(1, 1))
    (dropout): Dropout(p=0.1, inplace=False)
  )
  (regression_layer): Conv2d(64, 12, kernel_size=(1, 12), stride=(1, 1))
  (cluster_agg): ClusterAttentionAggregation(
    (score_layer): Linear(in_features=64, out_features=1, bias=True)
  )
  (cluster_feedback): ClusterGatedFeedback(
    (sigmoid): Sigmoid()
  )
)
start training...
/dfs/data/Cluster-aware-STIDGCN/ranger21.py:131: UserWarning: This overload of addcmul_ is deprecated:
	addcmul_(Number value, Tensor tensor1, Tensor tensor2)
Consider using one of the following signatures instead:
	addcmul_(Tensor tensor1, Tensor tensor2, *, Number value) (Triggered internally at /opt/pytorch/pytorch/torch/csrc/utils/python_arg_parser.cpp:1488.)
  exp_avg_sq.mul_(beta2).addcmul_(1 - beta2, grad, grad)
Iter: 000, Train Loss: 152.6579, Train RMSE: 208.3505, Train MAPE: 158.9320, Train WMAPE: 0.8475
Iter: 050, Train Loss: 115.2131, Train RMSE: 168.4391, Train MAPE: 87.6130, Train WMAPE: 0.6318
Epoch: 001, Training Time: 27.2263 secs
Epoch: 001, Inference Time: 4.4968 secs
Epoch: 001, Train Loss: 117.1977, Train RMSE: 166.8813, Train MAPE: 110.2586, Train WMAPE: 0.6554, 
Epoch: 001, Valid Loss: 56.7917, Valid RMSE: 95.3219, Valid MAPE: 73.0214, Valid WMAPE: 0.3260
###Update tasks appear###
Updating! Valid Loss: 56.79165458679199, epoch:  1
Iter: 000, Train Loss: 55.0657, Train RMSE: 85.9583, Train MAPE: 31.5049, Train WMAPE: 0.3057
Iter: 050, Train Loss: 31.0471, Train RMSE: 54.4542, Train MAPE: 9.1426, Train WMAPE: 0.1702
Epoch: 002, Training Time: 24.8565 secs
Epoch: 002, Inference Time: 4.3905 secs
Epoch: 002, Train Loss: 35.2894, Train RMSE: 59.2283, Train MAPE: 13.2285, Train WMAPE: 0.1974, 
Epoch: 002, Valid Loss: 27.0923, Valid RMSE: 59.2120, Valid MAPE: 16.0445, Valid WMAPE: 0.1555
###Update tasks appear###
Updating! Valid Loss: 27.092297281537736, epoch:  2
Iter: 000, Train Loss: 25.7039, Train RMSE: 45.5614, Train MAPE: 7.3982, Train WMAPE: 0.1427
Iter: 050, Train Loss: 21.9923, Train RMSE: 37.7061, Train MAPE: 4.4504, Train WMAPE: 0.1206
Epoch: 003, Training Time: 25.0702 secs
Epoch: 003, Inference Time: 4.3910 secs
Epoch: 003, Train Loss: 21.9434, Train RMSE: 37.2236, Train MAPE: 5.2752, Train WMAPE: 0.1227, 
Epoch: 003, Valid Loss: 21.7737, Valid RMSE: 51.7636, Valid MAPE: 8.0917, Valid WMAPE: 0.1251
###Update tasks appear###
Updating! Valid Loss: 21.773730278015137, epoch:  3
Iter: 000, Train Loss: 19.7248, Train RMSE: 33.8041, Train MAPE: 3.7702, Train WMAPE: 0.1095
Iter: 050, Train Loss: 18.2639, Train RMSE: 32.9601, Train MAPE: 3.1145, Train WMAPE: 0.1002
Epoch: 004, Training Time: 24.8742 secs
Epoch: 004, Inference Time: 4.1931 secs
Epoch: 004, Train Loss: 17.7176, Train RMSE: 30.8552, Train MAPE: 3.8394, Train WMAPE: 0.0991, 
Epoch: 004, Valid Loss: 19.1564, Valid RMSE: 51.3261, Valid MAPE: 6.6049, Valid WMAPE: 0.1100
###Update tasks appear###
Updating! Valid Loss: 19.156350748879568, epoch:  4
Iter: 000, Train Loss: 17.4094, Train RMSE: 31.9961, Train MAPE: 3.3455, Train WMAPE: 0.0967
Iter: 050, Train Loss: 17.0797, Train RMSE: 32.0523, Train MAPE: 2.4276, Train WMAPE: 0.0937
Epoch: 005, Training Time: 24.9778 secs
Epoch: 005, Inference Time: 4.1929 secs
Epoch: 005, Train Loss: 15.7897, Train RMSE: 28.7457, Train MAPE: 3.3470, Train WMAPE: 0.0883, 
Epoch: 005, Valid Loss: 18.2623, Valid RMSE: 50.2454, Valid MAPE: 10.2161, Valid WMAPE: 0.1049
###Update tasks appear###
Updating! Valid Loss: 18.262294360569545, epoch:  5
Iter: 000, Train Loss: 15.7872, Train RMSE: 29.4412, Train MAPE: 4.5892, Train WMAPE: 0.0876
Iter: 050, Train Loss: 16.2924, Train RMSE: 31.0995, Train MAPE: 2.2266, Train WMAPE: 0.0893
Epoch: 006, Training Time: 25.0875 secs
Epoch: 006, Inference Time: 4.1929 secs
Epoch: 006, Train Loss: 14.7948, Train RMSE: 27.5630, Train MAPE: 3.1061, Train WMAPE: 0.0827, 
Epoch: 006, Valid Loss: 17.4634, Valid RMSE: 49.6166, Valid MAPE: 6.7128, Valid WMAPE: 0.1004
###Update tasks appear###
Updating! Valid Loss: 17.463378974369594, epoch:  6
Iter: 000, Train Loss: 14.6557, Train RMSE: 28.3299, Train MAPE: 3.3018, Train WMAPE: 0.0814
Iter: 050, Train Loss: 15.5947, Train RMSE: 30.2948, Train MAPE: 2.0490, Train WMAPE: 0.0855
Epoch: 007, Training Time: 25.1643 secs
Epoch: 007, Inference Time: 4.1949 secs
Epoch: 007, Train Loss: 14.0460, Train RMSE: 26.7649, Train MAPE: 2.7706, Train WMAPE: 0.0785, 
Epoch: 007, Valid Loss: 16.9391, Valid RMSE: 49.1439, Valid MAPE: 4.8009, Valid WMAPE: 0.0973
###Update tasks appear###
Updating! Valid Loss: 16.939056737082346, epoch:  7
Iter: 000, Train Loss: 13.9324, Train RMSE: 27.8464, Train MAPE: 2.3455, Train WMAPE: 0.0773
Iter: 050, Train Loss: 15.0856, Train RMSE: 29.6599, Train MAPE: 2.5161, Train WMAPE: 0.0827
Epoch: 008, Training Time: 25.3668 secs
Epoch: 008, Inference Time: 4.2089 secs
Epoch: 008, Train Loss: 13.3439, Train RMSE: 25.9585, Train MAPE: 2.6565, Train WMAPE: 0.0746, 
Epoch: 008, Valid Loss: 16.3451, Valid RMSE: 48.5010, Valid MAPE: 4.3493, Valid WMAPE: 0.0940
###Update tasks appear###
Updating! Valid Loss: 16.345137698309763, epoch:  8
Iter: 000, Train Loss: 13.1883, Train RMSE: 26.5746, Train MAPE: 2.4518, Train WMAPE: 0.0732
Iter: 050, Train Loss: 14.7044, Train RMSE: 29.4732, Train MAPE: 1.8794, Train WMAPE: 0.0806
Epoch: 009, Training Time: 25.2731 secs
Epoch: 009, Inference Time: 4.1999 secs
Epoch: 009, Train Loss: 12.9460, Train RMSE: 25.4806, Train MAPE: 2.5700, Train WMAPE: 0.0724, 
Epoch: 009, Valid Loss: 16.1728, Valid RMSE: 48.4703, Valid MAPE: 5.1012, Valid WMAPE: 0.0930
###Update tasks appear###
Updating! Valid Loss: 16.172809771129064, epoch:  9
Iter: 000, Train Loss: 12.9377, Train RMSE: 26.5217, Train MAPE: 2.6159, Train WMAPE: 0.0718
Iter: 050, Train Loss: 14.5696, Train RMSE: 29.1974, Train MAPE: 2.0113, Train WMAPE: 0.0799
Epoch: 010, Training Time: 25.2004 secs
Epoch: 010, Inference Time: 4.2951 secs
Epoch: 010, Train Loss: 12.5910, Train RMSE: 25.0627, Train MAPE: 2.5422, Train WMAPE: 0.0704, 
Epoch: 010, Valid Loss: 16.3148, Valid RMSE: 47.9819, Valid MAPE: 9.3019, Valid WMAPE: 0.0938
No update
Iter: 000, Train Loss: 12.7548, Train RMSE: 25.7648, Train MAPE: 3.9130, Train WMAPE: 0.0708
Iter: 050, Train Loss: 14.0529, Train RMSE: 28.5652, Train MAPE: 1.6986, Train WMAPE: 0.0771
Epoch: 011, Training Time: 25.3996 secs
Epoch: 011, Inference Time: 4.2927 secs
Epoch: 011, Train Loss: 12.2714, Train RMSE: 24.6352, Train MAPE: 2.4948, Train WMAPE: 0.0686, 
Epoch: 011, Valid Loss: 15.4782, Valid RMSE: 47.7393, Valid MAPE: 3.8162, Valid WMAPE: 0.0890
###Update tasks appear###
Updating! Valid Loss: 15.478164332253593, epoch:  11
Iter: 000, Train Loss: 12.0917, Train RMSE: 25.3941, Train MAPE: 1.7259, Train WMAPE: 0.0671
Iter: 050, Train Loss: 13.6190, Train RMSE: 28.1191, Train MAPE: 1.5550, Train WMAPE: 0.0747
Epoch: 012, Training Time: 25.3831 secs
Epoch: 012, Inference Time: 4.2950 secs
Epoch: 012, Train Loss: 11.9113, Train RMSE: 24.1592, Train MAPE: 2.3537, Train WMAPE: 0.0666, 
Epoch: 012, Valid Loss: 15.3970, Valid RMSE: 47.4541, Valid MAPE: 5.9863, Valid WMAPE: 0.0885
###Update tasks appear###
Updating! Valid Loss: 15.396997656141009, epoch:  12
Iter: 000, Train Loss: 11.9472, Train RMSE: 25.0237, Train MAPE: 2.4247, Train WMAPE: 0.0663
Iter: 050, Train Loss: 13.7852, Train RMSE: 28.0259, Train MAPE: 1.7121, Train WMAPE: 0.0756
Epoch: 013, Training Time: 25.1994 secs
Epoch: 013, Inference Time: 4.3053 secs
Epoch: 013, Train Loss: 11.7272, Train RMSE: 23.8709, Train MAPE: 2.3666, Train WMAPE: 0.0656, 
Epoch: 013, Valid Loss: 15.1202, Valid RMSE: 47.2846, Valid MAPE: 3.7560, Valid WMAPE: 0.0869
###Update tasks appear###
Updating! Valid Loss: 15.120156799043928, epoch:  13
Iter: 000, Train Loss: 11.7277, Train RMSE: 24.8293, Train MAPE: 2.1749, Train WMAPE: 0.0651
Iter: 050, Train Loss: 13.3798, Train RMSE: 27.6848, Train MAPE: 1.6244, Train WMAPE: 0.0734
Epoch: 014, Training Time: 25.5667 secs
Epoch: 014, Inference Time: 4.3033 secs
Epoch: 014, Train Loss: 11.5498, Train RMSE: 23.6290, Train MAPE: 2.3339, Train WMAPE: 0.0646, 
Epoch: 014, Valid Loss: 15.2672, Valid RMSE: 46.9724, Valid MAPE: 5.6985, Valid WMAPE: 0.0878
No update
Iter: 000, Train Loss: 11.7659, Train RMSE: 24.6185, Train MAPE: 2.3538, Train WMAPE: 0.0653
Iter: 050, Train Loss: 13.0830, Train RMSE: 27.2641, Train MAPE: 1.6511, Train WMAPE: 0.0717
Epoch: 015, Training Time: 25.1852 secs
Epoch: 015, Inference Time: 4.2074 secs
Epoch: 015, Train Loss: 11.3318, Train RMSE: 23.3224, Train MAPE: 2.3370, Train WMAPE: 0.0634, 
Epoch: 015, Valid Loss: 15.3183, Valid RMSE: 46.6997, Valid MAPE: 8.9609, Valid WMAPE: 0.0881
No update
Iter: 000, Train Loss: 11.7605, Train RMSE: 24.2906, Train MAPE: 3.7711, Train WMAPE: 0.0653
Iter: 050, Train Loss: 13.0940, Train RMSE: 27.4242, Train MAPE: 1.5215, Train WMAPE: 0.0718
Epoch: 016, Training Time: 24.8927 secs
Epoch: 016, Inference Time: 4.3696 secs
Epoch: 016, Train Loss: 11.1942, Train RMSE: 23.1177, Train MAPE: 2.3963, Train WMAPE: 0.0626, 
Epoch: 016, Valid Loss: 14.6579, Valid RMSE: 46.4726, Valid MAPE: 4.8682, Valid WMAPE: 0.0843
###Update tasks appear###
Updating! Valid Loss: 14.657907281603132, epoch:  16
Iter: 000, Train Loss: 11.2186, Train RMSE: 24.1039, Train MAPE: 1.9790, Train WMAPE: 0.0623
Iter: 050, Train Loss: 13.0174, Train RMSE: 27.3699, Train MAPE: 1.7668, Train WMAPE: 0.0714
Epoch: 017, Training Time: 24.8826 secs
Epoch: 017, Inference Time: 4.2045 secs
Epoch: 017, Train Loss: 11.0848, Train RMSE: 22.9694, Train MAPE: 2.2493, Train WMAPE: 0.0620, 
Epoch: 017, Valid Loss: 14.8717, Valid RMSE: 46.5317, Valid MAPE: 7.7699, Valid WMAPE: 0.0855
No update
Iter: 000, Train Loss: 11.3201, Train RMSE: 24.0243, Train MAPE: 3.5124, Train WMAPE: 0.0628
Iter: 050, Train Loss: 12.8004, Train RMSE: 26.9441, Train MAPE: 2.1109, Train WMAPE: 0.0702
Epoch: 018, Training Time: 24.8965 secs
Epoch: 018, Inference Time: 4.1931 secs
Epoch: 018, Train Loss: 10.9093, Train RMSE: 22.7764, Train MAPE: 2.1621, Train WMAPE: 0.0610, 
Epoch: 018, Valid Loss: 14.5463, Valid RMSE: 46.2538, Valid MAPE: 5.1443, Valid WMAPE: 0.0836
###Update tasks appear###
Updating! Valid Loss: 14.546319927488055, epoch:  18
Iter: 000, Train Loss: 11.1685, Train RMSE: 23.9499, Train MAPE: 1.9267, Train WMAPE: 0.0620
Iter: 050, Train Loss: 12.9351, Train RMSE: 26.6649, Train MAPE: 2.0263, Train WMAPE: 0.0709
Epoch: 019, Training Time: 24.7810 secs
Epoch: 019, Inference Time: 4.3650 secs
Epoch: 019, Train Loss: 10.7947, Train RMSE: 22.4968, Train MAPE: 2.1925, Train WMAPE: 0.0604, 
Epoch: 019, Valid Loss: 14.5694, Valid RMSE: 46.1163, Valid MAPE: 5.2351, Valid WMAPE: 0.0837
No update
Iter: 000, Train Loss: 11.2855, Train RMSE: 24.0366, Train MAPE: 2.3969, Train WMAPE: 0.0627
Iter: 050, Train Loss: 12.6709, Train RMSE: 26.5683, Train MAPE: 1.1080, Train WMAPE: 0.0695
Epoch: 020, Training Time: 24.9081 secs
Epoch: 020, Inference Time: 4.2024 secs
Epoch: 020, Train Loss: 10.6965, Train RMSE: 22.3386, Train MAPE: 2.1659, Train WMAPE: 0.0598, 
Epoch: 020, Valid Loss: 14.5976, Valid RMSE: 46.0022, Valid MAPE: 7.1541, Valid WMAPE: 0.0839
No update
Iter: 000, Train Loss: 11.3741, Train RMSE: 24.1411, Train MAPE: 2.7434, Train WMAPE: 0.0631
Iter: 050, Train Loss: 12.5191, Train RMSE: 26.4586, Train MAPE: 1.6644, Train WMAPE: 0.0686
Epoch: 021, Training Time: 24.8911 secs
Epoch: 021, Inference Time: 4.1964 secs
Epoch: 021, Train Loss: 10.6181, Train RMSE: 22.2833, Train MAPE: 2.1076, Train WMAPE: 0.0594, 
Epoch: 021, Valid Loss: 14.5797, Valid RMSE: 45.8232, Valid MAPE: 5.8108, Valid WMAPE: 0.0837
No update
Iter: 000, Train Loss: 11.3702, Train RMSE: 23.9331, Train MAPE: 2.2990, Train WMAPE: 0.0631
Iter: 050, Train Loss: 12.5417, Train RMSE: 26.4860, Train MAPE: 1.5274, Train WMAPE: 0.0688
Epoch: 022, Training Time: 24.8886 secs
Epoch: 022, Inference Time: 4.2019 secs
Epoch: 022, Train Loss: 10.5113, Train RMSE: 22.1271, Train MAPE: 2.0886, Train WMAPE: 0.0588, 
Epoch: 022, Valid Loss: 14.8552, Valid RMSE: 45.5966, Valid MAPE: 8.2692, Valid WMAPE: 0.0853
No update
Iter: 000, Train Loss: 11.6256, Train RMSE: 23.9121, Train MAPE: 3.2476, Train WMAPE: 0.0645
Iter: 050, Train Loss: 12.2045, Train RMSE: 26.0790, Train MAPE: 1.1416, Train WMAPE: 0.0669
Epoch: 023, Training Time: 24.8886 secs
Epoch: 023, Inference Time: 4.1991 secs
Epoch: 023, Train Loss: 10.4498, Train RMSE: 21.9336, Train MAPE: 2.1052, Train WMAPE: 0.0584, 
Epoch: 023, Valid Loss: 14.3018, Valid RMSE: 45.1473, Valid MAPE: 8.8361, Valid WMAPE: 0.0822
###Update tasks appear###
Updating! Valid Loss: 14.301817349025182, epoch:  23
Iter: 000, Train Loss: 11.0222, Train RMSE: 23.3610, Train MAPE: 3.9046, Train WMAPE: 0.0612
Iter: 050, Train Loss: 12.1179, Train RMSE: 25.9635, Train MAPE: 1.4410, Train WMAPE: 0.0664
Epoch: 024, Training Time: 24.8687 secs
Epoch: 024, Inference Time: 4.0938 secs
Epoch: 024, Train Loss: 10.2916, Train RMSE: 21.7545, Train MAPE: 1.9485, Train WMAPE: 0.0576, 
Epoch: 024, Valid Loss: 13.6261, Valid RMSE: 44.8125, Valid MAPE: 3.9495, Valid WMAPE: 0.0783
###Update tasks appear###
Updating! Valid Loss: 13.626088857650757, epoch:  24
Iter: 000, Train Loss: 10.3995, Train RMSE: 22.8443, Train MAPE: 2.0153, Train WMAPE: 0.0577
Iter: 050, Train Loss: 12.1588, Train RMSE: 25.9667, Train MAPE: 1.2621, Train WMAPE: 0.0667
Epoch: 025, Training Time: 24.8830 secs
Epoch: 025, Inference Time: 4.1854 secs
Epoch: 025, Train Loss: 10.2614, Train RMSE: 21.6362, Train MAPE: 1.9838, Train WMAPE: 0.0574, 
Epoch: 025, Valid Loss: 14.2337, Valid RMSE: 44.8545, Valid MAPE: 8.8857, Valid WMAPE: 0.0818
No update
Iter: 000, Train Loss: 11.1428, Train RMSE: 23.5829, Train MAPE: 3.7401, Train WMAPE: 0.0619
Iter: 050, Train Loss: 12.0972, Train RMSE: 25.7830, Train MAPE: 1.1167, Train WMAPE: 0.0663
Epoch: 026, Training Time: 24.9034 secs
Epoch: 026, Inference Time: 4.1053 secs
Epoch: 026, Train Loss: 10.1645, Train RMSE: 21.5777, Train MAPE: 1.9426, Train WMAPE: 0.0568, 
Epoch: 026, Valid Loss: 13.8756, Valid RMSE: 44.9698, Valid MAPE: 3.0977, Valid WMAPE: 0.0797
No update
Iter: 000, Train Loss: 10.8564, Train RMSE: 23.3860, Train MAPE: 1.3562, Train WMAPE: 0.0603
Iter: 050, Train Loss: 11.7508, Train RMSE: 25.2821, Train MAPE: 1.3636, Train WMAPE: 0.0644
Epoch: 027, Training Time: 24.8843 secs
Epoch: 027, Inference Time: 4.1868 secs
Epoch: 027, Train Loss: 10.0984, Train RMSE: 21.4113, Train MAPE: 2.0300, Train WMAPE: 0.0565, 
Epoch: 027, Valid Loss: 13.5911, Valid RMSE: 44.3067, Valid MAPE: 5.8235, Valid WMAPE: 0.0781
###Update tasks appear###
Updating! Valid Loss: 13.591147831508092, epoch:  27
Iter: 000, Train Loss: 10.4922, Train RMSE: 22.8738, Train MAPE: 1.9211, Train WMAPE: 0.0582
Iter: 050, Train Loss: 12.0198, Train RMSE: 25.7252, Train MAPE: 1.3668, Train WMAPE: 0.0659
Epoch: 028, Training Time: 24.7871 secs
Epoch: 028, Inference Time: 4.1820 secs
Epoch: 028, Train Loss: 10.0112, Train RMSE: 21.2627, Train MAPE: 1.9563, Train WMAPE: 0.0560, 
Epoch: 028, Valid Loss: 13.8516, Valid RMSE: 44.6752, Valid MAPE: 5.0754, Valid WMAPE: 0.0796
No update
Iter: 000, Train Loss: 10.6742, Train RMSE: 23.1017, Train MAPE: 1.9389, Train WMAPE: 0.0593
Iter: 050, Train Loss: 11.8970, Train RMSE: 25.1824, Train MAPE: 1.7552, Train WMAPE: 0.0652
Epoch: 029, Training Time: 24.8042 secs
Epoch: 029, Inference Time: 4.1887 secs
Epoch: 029, Train Loss: 9.9067, Train RMSE: 21.0033, Train MAPE: 1.9128, Train WMAPE: 0.0554, 
Epoch: 029, Valid Loss: 13.8351, Valid RMSE: 44.5721, Valid MAPE: 3.0057, Valid WMAPE: 0.0795
No update
Iter: 000, Train Loss: 10.8704, Train RMSE: 23.2821, Train MAPE: 1.4029, Train WMAPE: 0.0603
Iter: 050, Train Loss: 11.9987, Train RMSE: 25.3016, Train MAPE: 1.7174, Train WMAPE: 0.0658
Epoch: 030, Training Time: 24.8906 secs
Epoch: 030, Inference Time: 4.1956 secs
Epoch: 030, Train Loss: 9.9475, Train RMSE: 21.0892, Train MAPE: 1.8772, Train WMAPE: 0.0556, 
Epoch: 030, Valid Loss: 13.0739, Valid RMSE: 43.8081, Valid MAPE: 3.0512, Valid WMAPE: 0.0751
###Update tasks appear###
Updating! Valid Loss: 13.073883158820015, epoch:  30
Iter: 000, Train Loss: 10.0966, Train RMSE: 22.3697, Train MAPE: 1.5886, Train WMAPE: 0.0561
Iter: 050, Train Loss: 11.6365, Train RMSE: 24.8495, Train MAPE: 1.2285, Train WMAPE: 0.0638
Epoch: 031, Training Time: 24.8768 secs
Epoch: 031, Inference Time: 4.1963 secs
Epoch: 031, Train Loss: 9.7867, Train RMSE: 20.8340, Train MAPE: 1.7875, Train WMAPE: 0.0547, 
Epoch: 031, Valid Loss: 13.6212, Valid RMSE: 43.7881, Valid MAPE: 7.4903, Valid WMAPE: 0.0783
No update
Iter: 000, Train Loss: 10.5647, Train RMSE: 22.6874, Train MAPE: 3.1822, Train WMAPE: 0.0587
Iter: 050, Train Loss: 11.6553, Train RMSE: 24.6252, Train MAPE: 1.3629, Train WMAPE: 0.0639
Epoch: 032, Training Time: 25.0925 secs
Epoch: 032, Inference Time: 4.0911 secs
Epoch: 032, Train Loss: 9.7007, Train RMSE: 20.6944, Train MAPE: 1.7195, Train WMAPE: 0.0543, 
Epoch: 032, Valid Loss: 13.4034, Valid RMSE: 43.5131, Valid MAPE: 6.9541, Valid WMAPE: 0.0770
No update
Iter: 000, Train Loss: 10.5280, Train RMSE: 22.5667, Train MAPE: 2.6297, Train WMAPE: 0.0584
Iter: 050, Train Loss: 11.4479, Train RMSE: 24.6128, Train MAPE: 1.5342, Train WMAPE: 0.0628
Epoch: 033, Training Time: 24.9093 secs
Epoch: 033, Inference Time: 4.1876 secs
Epoch: 033, Train Loss: 9.6595, Train RMSE: 20.6145, Train MAPE: 1.7904, Train WMAPE: 0.0540, 
Epoch: 033, Valid Loss: 13.3467, Valid RMSE: 43.5189, Valid MAPE: 5.4504, Valid WMAPE: 0.0766
No update
Iter: 000, Train Loss: 10.3806, Train RMSE: 22.4565, Train MAPE: 1.7421, Train WMAPE: 0.0576
Iter: 050, Train Loss: 12.0218, Train RMSE: 25.2755, Train MAPE: 1.6074, Train WMAPE: 0.0659
Epoch: 034, Training Time: 24.9860 secs
Epoch: 034, Inference Time: 4.2040 secs
Epoch: 034, Train Loss: 9.6224, Train RMSE: 20.5034, Train MAPE: 1.9182, Train WMAPE: 0.0538, 
Epoch: 034, Valid Loss: 13.4462, Valid RMSE: 43.8760, Valid MAPE: 3.8554, Valid WMAPE: 0.0772
No update
Iter: 000, Train Loss: 10.4172, Train RMSE: 22.5054, Train MAPE: 1.5840, Train WMAPE: 0.0578
Iter: 050, Train Loss: 11.3932, Train RMSE: 24.1739, Train MAPE: 1.6829, Train WMAPE: 0.0625
Epoch: 035, Training Time: 25.0858 secs
Epoch: 035, Inference Time: 4.2937 secs
Epoch: 035, Train Loss: 9.5181, Train RMSE: 20.2775, Train MAPE: 1.8579, Train WMAPE: 0.0532, 
Epoch: 035, Valid Loss: 12.8555, Valid RMSE: 43.0080, Valid MAPE: 2.9799, Valid WMAPE: 0.0738
###Update tasks appear###
Updating! Valid Loss: 12.855538231985909, epoch:  35
Iter: 000, Train Loss: 9.9702, Train RMSE: 21.9538, Train MAPE: 1.2435, Train WMAPE: 0.0554
Iter: 050, Train Loss: 11.2611, Train RMSE: 23.7678, Train MAPE: 0.9417, Train WMAPE: 0.0618
Epoch: 036, Training Time: 24.8801 secs
Epoch: 036, Inference Time: 4.2946 secs
Epoch: 036, Train Loss: 9.4847, Train RMSE: 20.2197, Train MAPE: 1.8286, Train WMAPE: 0.0530, 
Epoch: 036, Valid Loss: 12.8439, Valid RMSE: 42.7737, Valid MAPE: 5.4653, Valid WMAPE: 0.0738
###Update tasks appear###
Updating! Valid Loss: 12.843945639474052, epoch:  36
Iter: 000, Train Loss: 9.8431, Train RMSE: 21.7288, Train MAPE: 2.1148, Train WMAPE: 0.0546
Iter: 050, Train Loss: 11.1866, Train RMSE: 23.7649, Train MAPE: 1.4633, Train WMAPE: 0.0613
Epoch: 037, Training Time: 25.0687 secs
Epoch: 037, Inference Time: 5.0969 secs
Epoch: 037, Train Loss: 9.4053, Train RMSE: 20.1127, Train MAPE: 1.6769, Train WMAPE: 0.0526, 
Epoch: 037, Valid Loss: 13.8074, Valid RMSE: 43.4033, Valid MAPE: 6.6663, Valid WMAPE: 0.0793
No update
Iter: 000, Train Loss: 10.9358, Train RMSE: 22.2176, Train MAPE: 2.5886, Train WMAPE: 0.0607
Iter: 050, Train Loss: 10.8449, Train RMSE: 23.2282, Train MAPE: 1.0049, Train WMAPE: 0.0595
Epoch: 038, Training Time: 30.7979 secs
Epoch: 038, Inference Time: 5.8015 secs
Epoch: 038, Train Loss: 9.3975, Train RMSE: 20.0188, Train MAPE: 1.8342, Train WMAPE: 0.0526, 
Epoch: 038, Valid Loss: 12.9309, Valid RMSE: 42.7129, Valid MAPE: 4.0767, Valid WMAPE: 0.0743
No update
Iter: 000, Train Loss: 10.0498, Train RMSE: 22.0047, Train MAPE: 1.6998, Train WMAPE: 0.0558
Iter: 050, Train Loss: 10.7647, Train RMSE: 23.0587, Train MAPE: 1.1612, Train WMAPE: 0.0590
Epoch: 039, Training Time: 28.9824 secs
Epoch: 039, Inference Time: 4.9842 secs
Epoch: 039, Train Loss: 9.2875, Train RMSE: 19.9329, Train MAPE: 1.5950, Train WMAPE: 0.0519, 
Epoch: 039, Valid Loss: 12.6076, Valid RMSE: 42.2846, Valid MAPE: 4.0153, Valid WMAPE: 0.0724
###Update tasks appear###
Updating! Valid Loss: 12.60756972857884, epoch:  39
Iter: 000, Train Loss: 9.6849, Train RMSE: 21.1598, Train MAPE: 1.3581, Train WMAPE: 0.0538
Iter: 050, Train Loss: 10.9865, Train RMSE: 23.2380, Train MAPE: 1.0768, Train WMAPE: 0.0602
Epoch: 040, Training Time: 25.9797 secs
Epoch: 040, Inference Time: 5.0046 secs
Epoch: 040, Train Loss: 9.2018, Train RMSE: 19.7281, Train MAPE: 1.6403, Train WMAPE: 0.0515, 
Epoch: 040, Valid Loss: 13.2637, Valid RMSE: 42.5122, Valid MAPE: 5.4049, Valid WMAPE: 0.0762
No update
Iter: 000, Train Loss: 10.4489, Train RMSE: 22.0735, Train MAPE: 1.8667, Train WMAPE: 0.0580
Iter: 050, Train Loss: 10.6060, Train RMSE: 22.4948, Train MAPE: 1.0154, Train WMAPE: 0.0582
Epoch: 041, Training Time: 25.5799 secs
Epoch: 041, Inference Time: 4.7104 secs
Epoch: 041, Train Loss: 9.2458, Train RMSE: 19.6162, Train MAPE: 1.8127, Train WMAPE: 0.0517, 
Epoch: 041, Valid Loss: 12.4740, Valid RMSE: 41.6998, Valid MAPE: 3.6328, Valid WMAPE: 0.0716
###Update tasks appear###
Updating! Valid Loss: 12.473963839667183, epoch:  41
Iter: 000, Train Loss: 9.5670, Train RMSE: 21.0803, Train MAPE: 1.3194, Train WMAPE: 0.0531
Iter: 050, Train Loss: 10.7758, Train RMSE: 22.6085, Train MAPE: 0.9733, Train WMAPE: 0.0591
Epoch: 042, Training Time: 26.1646 secs
Epoch: 042, Inference Time: 4.5902 secs
Epoch: 042, Train Loss: 9.1985, Train RMSE: 19.5107, Train MAPE: 1.7674, Train WMAPE: 0.0514, 
Epoch: 042, Valid Loss: 12.4542, Valid RMSE: 41.6737, Valid MAPE: 2.9539, Valid WMAPE: 0.0715
###Update tasks appear###
Updating! Valid Loss: 12.454166276114327, epoch:  42
Iter: 000, Train Loss: 9.5733, Train RMSE: 20.9266, Train MAPE: 1.0433, Train WMAPE: 0.0531
Iter: 050, Train Loss: 10.4946, Train RMSE: 21.9011, Train MAPE: 1.6613, Train WMAPE: 0.0575
Epoch: 043, Training Time: 26.1616 secs
Epoch: 043, Inference Time: 4.6029 secs
Epoch: 043, Train Loss: 9.0529, Train RMSE: 19.3093, Train MAPE: 1.7345, Train WMAPE: 0.0506, 
Epoch: 043, Valid Loss: 13.1077, Valid RMSE: 41.6338, Valid MAPE: 5.4947, Valid WMAPE: 0.0753
No update
Iter: 000, Train Loss: 10.3982, Train RMSE: 21.7543, Train MAPE: 2.0979, Train WMAPE: 0.0577
Iter: 050, Train Loss: 10.5331, Train RMSE: 21.7114, Train MAPE: 1.7086, Train WMAPE: 0.0578
Epoch: 044, Training Time: 26.1971 secs
Epoch: 044, Inference Time: 4.7940 secs
Epoch: 044, Train Loss: 9.0169, Train RMSE: 19.1304, Train MAPE: 1.8045, Train WMAPE: 0.0504, 
Epoch: 044, Valid Loss: 12.1110, Valid RMSE: 40.8916, Valid MAPE: 2.7544, Valid WMAPE: 0.0696
###Update tasks appear###
Updating! Valid Loss: 12.111047199794225, epoch:  44
Iter: 000, Train Loss: 9.3570, Train RMSE: 20.7381, Train MAPE: 1.0484, Train WMAPE: 0.0519
Iter: 050, Train Loss: 10.4664, Train RMSE: 22.1903, Train MAPE: 1.2603, Train WMAPE: 0.0574
Epoch: 045, Training Time: 26.5704 secs
Epoch: 045, Inference Time: 4.1979 secs
Epoch: 045, Train Loss: 8.9758, Train RMSE: 19.0414, Train MAPE: 1.7197, Train WMAPE: 0.0502, 
Epoch: 045, Valid Loss: 12.3861, Valid RMSE: 41.0740, Valid MAPE: 5.0030, Valid WMAPE: 0.0711
No update
Iter: 000, Train Loss: 9.3132, Train RMSE: 20.0769, Train MAPE: 1.9349, Train WMAPE: 0.0517
Iter: 050, Train Loss: 10.1532, Train RMSE: 21.0733, Train MAPE: 1.2248, Train WMAPE: 0.0557
Epoch: 046, Training Time: 27.1836 secs
Epoch: 046, Inference Time: 4.3083 secs
Epoch: 046, Train Loss: 8.8829, Train RMSE: 18.9016, Train MAPE: 1.7087, Train WMAPE: 0.0497, 
Epoch: 046, Valid Loss: 12.5717, Valid RMSE: 40.6968, Valid MAPE: 8.3795, Valid WMAPE: 0.0722
No update
Iter: 000, Train Loss: 9.3825, Train RMSE: 19.8760, Train MAPE: 3.2627, Train WMAPE: 0.0521
Iter: 050, Train Loss: 10.4101, Train RMSE: 21.3867, Train MAPE: 1.3611, Train WMAPE: 0.0571
Epoch: 047, Training Time: 25.8042 secs
Epoch: 047, Inference Time: 4.9851 secs
Epoch: 047, Train Loss: 8.8228, Train RMSE: 18.8553, Train MAPE: 1.5296, Train WMAPE: 0.0493, 
Epoch: 047, Valid Loss: 12.5564, Valid RMSE: 41.2045, Valid MAPE: 3.6477, Valid WMAPE: 0.0721
No update
Iter: 000, Train Loss: 9.6020, Train RMSE: 20.6727, Train MAPE: 1.4858, Train WMAPE: 0.0533
Iter: 050, Train Loss: 10.2750, Train RMSE: 21.4662, Train MAPE: 1.2484, Train WMAPE: 0.0563
Epoch: 048, Training Time: 26.4880 secs
Epoch: 048, Inference Time: 5.1955 secs
Epoch: 048, Train Loss: 8.8204, Train RMSE: 18.7912, Train MAPE: 1.5650, Train WMAPE: 0.0493, 
Epoch: 048, Valid Loss: 11.9395, Valid RMSE: 40.2070, Valid MAPE: 3.2669, Valid WMAPE: 0.0686
###Update tasks appear###
Updating! Valid Loss: 11.939516339983259, epoch:  48
Iter: 000, Train Loss: 8.9730, Train RMSE: 19.7314, Train MAPE: 1.1692, Train WMAPE: 0.0498
Iter: 050, Train Loss: 10.1473, Train RMSE: 21.1271, Train MAPE: 1.0381, Train WMAPE: 0.0556
Epoch: 049, Training Time: 26.8671 secs
Epoch: 049, Inference Time: 4.2806 secs
Epoch: 049, Train Loss: 8.7390, Train RMSE: 18.5810, Train MAPE: 1.6617, Train WMAPE: 0.0489, 
Epoch: 049, Valid Loss: 12.5625, Valid RMSE: 40.7108, Valid MAPE: 3.8464, Valid WMAPE: 0.0721
No update
Iter: 000, Train Loss: 9.7589, Train RMSE: 20.1527, Train MAPE: 1.3268, Train WMAPE: 0.0542
Iter: 050, Train Loss: 9.9373, Train RMSE: 20.6300, Train MAPE: 1.3149, Train WMAPE: 0.0545
Epoch: 050, Training Time: 26.4046 secs
Epoch: 050, Inference Time: 4.1920 secs
Epoch: 050, Train Loss: 8.7003, Train RMSE: 18.4179, Train MAPE: 1.7119, Train WMAPE: 0.0487, 
Epoch: 050, Valid Loss: 12.2041, Valid RMSE: 39.7728, Valid MAPE: 6.0412, Valid WMAPE: 0.0701
No update
Iter: 000, Train Loss: 9.1028, Train RMSE: 19.3622, Train MAPE: 2.2204, Train WMAPE: 0.0505
Iter: 050, Train Loss: 9.8593, Train RMSE: 20.4415, Train MAPE: 1.0876, Train WMAPE: 0.0541
Epoch: 051, Training Time: 26.0965 secs
Epoch: 051, Inference Time: 4.9984 secs
Epoch: 051, Train Loss: 8.6269, Train RMSE: 18.3723, Train MAPE: 1.5460, Train WMAPE: 0.0483, 
Epoch: 051, Valid Loss: 12.3307, Valid RMSE: 39.5767, Valid MAPE: 5.8687, Valid WMAPE: 0.0708
No update
Iter: 000, Train Loss: 9.3962, Train RMSE: 19.5797, Train MAPE: 2.4100, Train WMAPE: 0.0522
Iter: 050, Train Loss: 10.1512, Train RMSE: 21.5703, Train MAPE: 1.3357, Train WMAPE: 0.0557
Epoch: 052, Training Time: 26.0843 secs
Epoch: 052, Inference Time: 4.4029 secs
Epoch: 052, Train Loss: 8.7104, Train RMSE: 18.4061, Train MAPE: 1.6774, Train WMAPE: 0.0487, 
Epoch: 052, Valid Loss: 11.8840, Valid RMSE: 39.6955, Valid MAPE: 4.2076, Valid WMAPE: 0.0682
###Update tasks appear###
Updating! Valid Loss: 11.884028502873011, epoch:  52
Iter: 000, Train Loss: 8.8805, Train RMSE: 19.1666, Train MAPE: 1.6260, Train WMAPE: 0.0493
Iter: 050, Train Loss: 9.7971, Train RMSE: 20.5114, Train MAPE: 1.1241, Train WMAPE: 0.0537
Epoch: 053, Training Time: 27.6759 secs
Epoch: 053, Inference Time: 4.6908 secs
Epoch: 053, Train Loss: 8.5613, Train RMSE: 18.1401, Train MAPE: 1.6710, Train WMAPE: 0.0479, 
Epoch: 053, Valid Loss: 11.7539, Valid RMSE: 39.4445, Valid MAPE: 4.1807, Valid WMAPE: 0.0675
###Update tasks appear###
Updating! Valid Loss: 11.753934689930507, epoch:  53
Iter: 000, Train Loss: 8.7519, Train RMSE: 19.0051, Train MAPE: 1.6818, Train WMAPE: 0.0486
Iter: 050, Train Loss: 9.8880, Train RMSE: 20.7164, Train MAPE: 1.6039, Train WMAPE: 0.0542
Epoch: 054, Training Time: 28.2593 secs
Epoch: 054, Inference Time: 4.8060 secs
Epoch: 054, Train Loss: 8.5312, Train RMSE: 18.1107, Train MAPE: 1.6656, Train WMAPE: 0.0477, 
Epoch: 054, Valid Loss: 11.7043, Valid RMSE: 39.1300, Valid MAPE: 3.8155, Valid WMAPE: 0.0672
###Update tasks appear###
Updating! Valid Loss: 11.704346827098302, epoch:  54
Iter: 000, Train Loss: 8.5847, Train RMSE: 18.5672, Train MAPE: 1.3757, Train WMAPE: 0.0477
Iter: 050, Train Loss: 9.5926, Train RMSE: 19.9245, Train MAPE: 1.3173, Train WMAPE: 0.0526
Epoch: 055, Training Time: 26.0566 secs
Epoch: 055, Inference Time: 4.9934 secs
Epoch: 055, Train Loss: 8.4246, Train RMSE: 18.0042, Train MAPE: 1.4314, Train WMAPE: 0.0471, 
Epoch: 055, Valid Loss: 12.3509, Valid RMSE: 40.0947, Valid MAPE: 4.4001, Valid WMAPE: 0.0709
No update
Iter: 000, Train Loss: 9.5053, Train RMSE: 19.9925, Train MAPE: 1.6690, Train WMAPE: 0.0528
Iter: 050, Train Loss: 9.3917, Train RMSE: 19.5364, Train MAPE: 1.0856, Train WMAPE: 0.0515
Epoch: 056, Training Time: 26.0047 secs
Epoch: 056, Inference Time: 4.2009 secs
Epoch: 056, Train Loss: 8.4607, Train RMSE: 18.0019, Train MAPE: 1.5238, Train WMAPE: 0.0473, 
Epoch: 056, Valid Loss: 11.7601, Valid RMSE: 38.9319, Valid MAPE: 3.3177, Valid WMAPE: 0.0675
No update
Iter: 000, Train Loss: 8.6720, Train RMSE: 18.6213, Train MAPE: 1.2013, Train WMAPE: 0.0481
Iter: 050, Train Loss: 9.4708, Train RMSE: 19.7784, Train MAPE: 1.0704, Train WMAPE: 0.0519
Epoch: 057, Training Time: 26.6816 secs
Epoch: 057, Inference Time: 4.6015 secs
Epoch: 057, Train Loss: 8.3742, Train RMSE: 17.8025, Train MAPE: 1.6199, Train WMAPE: 0.0468, 
Epoch: 057, Valid Loss: 12.0561, Valid RMSE: 39.0934, Valid MAPE: 7.1321, Valid WMAPE: 0.0692
No update
Iter: 000, Train Loss: 8.8720, Train RMSE: 18.7076, Train MAPE: 2.6350, Train WMAPE: 0.0493
Iter: 050, Train Loss: 9.5408, Train RMSE: 20.0985, Train MAPE: 1.0152, Train WMAPE: 0.0523
Epoch: 058, Training Time: 25.8824 secs
Epoch: 058, Inference Time: 4.4991 secs
Epoch: 058, Train Loss: 8.3262, Train RMSE: 17.6899, Train MAPE: 1.5660, Train WMAPE: 0.0466, 
Epoch: 058, Valid Loss: 12.1447, Valid RMSE: 39.0854, Valid MAPE: 8.1016, Valid WMAPE: 0.0697
No update
Iter: 000, Train Loss: 8.8244, Train RMSE: 18.3567, Train MAPE: 2.9550, Train WMAPE: 0.0490
Iter: 050, Train Loss: 9.4003, Train RMSE: 19.4967, Train MAPE: 0.8619, Train WMAPE: 0.0515
Epoch: 059, Training Time: 25.8960 secs
Epoch: 059, Inference Time: 4.5877 secs
Epoch: 059, Train Loss: 8.3489, Train RMSE: 17.8408, Train MAPE: 1.4517, Train WMAPE: 0.0467, 
Epoch: 059, Valid Loss: 11.6967, Valid RMSE: 38.5439, Valid MAPE: 4.8692, Valid WMAPE: 0.0672
###Update tasks appear###
Updating! Valid Loss: 11.696670293807983, epoch:  59
Iter: 000, Train Loss: 8.5505, Train RMSE: 18.2784, Train MAPE: 1.8576, Train WMAPE: 0.0475
Iter: 050, Train Loss: 9.1543, Train RMSE: 19.2141, Train MAPE: 0.9721, Train WMAPE: 0.0502
Epoch: 060, Training Time: 25.9751 secs
Epoch: 060, Inference Time: 4.4880 secs
Epoch: 060, Train Loss: 8.2247, Train RMSE: 17.4966, Train MAPE: 1.5731, Train WMAPE: 0.0460, 
Epoch: 060, Valid Loss: 11.7975, Valid RMSE: 38.6427, Valid MAPE: 6.8803, Valid WMAPE: 0.0677
No update
Iter: 000, Train Loss: 8.6212, Train RMSE: 18.3236, Train MAPE: 2.6113, Train WMAPE: 0.0479
Iter: 050, Train Loss: 9.1318, Train RMSE: 19.0976, Train MAPE: 0.9226, Train WMAPE: 0.0501
Epoch: 061, Training Time: 26.4889 secs
Epoch: 061, Inference Time: 4.9964 secs
Epoch: 061, Train Loss: 8.2302, Train RMSE: 17.4272, Train MAPE: 1.6506, Train WMAPE: 0.0460, 
Epoch: 061, Valid Loss: 12.1789, Valid RMSE: 38.6312, Valid MAPE: 7.1363, Valid WMAPE: 0.0699
No update
Iter: 000, Train Loss: 9.0807, Train RMSE: 18.7032, Train MAPE: 2.6750, Train WMAPE: 0.0504
Iter: 050, Train Loss: 9.1795, Train RMSE: 19.1760, Train MAPE: 1.0136, Train WMAPE: 0.0503
Epoch: 062, Training Time: 25.9893 secs
Epoch: 062, Inference Time: 4.6899 secs
Epoch: 062, Train Loss: 8.1866, Train RMSE: 17.4227, Train MAPE: 1.4930, Train WMAPE: 0.0458, 
Epoch: 062, Valid Loss: 11.5916, Valid RMSE: 38.3809, Valid MAPE: 4.0681, Valid WMAPE: 0.0666
###Update tasks appear###
Updating! Valid Loss: 11.591595956257411, epoch:  62
Iter: 000, Train Loss: 8.4684, Train RMSE: 18.1549, Train MAPE: 1.4559, Train WMAPE: 0.0470
Iter: 050, Train Loss: 9.0015, Train RMSE: 18.6268, Train MAPE: 0.7778, Train WMAPE: 0.0494
Epoch: 063, Training Time: 26.0681 secs
Epoch: 063, Inference Time: 4.9055 secs
Epoch: 063, Train Loss: 8.1749, Train RMSE: 17.4145, Train MAPE: 1.4219, Train WMAPE: 0.0457, 
Epoch: 063, Valid Loss: 11.5144, Valid RMSE: 38.3977, Valid MAPE: 3.3616, Valid WMAPE: 0.0661
###Update tasks appear###
Updating! Valid Loss: 11.514439719063896, epoch:  63
Iter: 000, Train Loss: 8.5036, Train RMSE: 18.0866, Train MAPE: 1.2997, Train WMAPE: 0.0472
Iter: 050, Train Loss: 9.4904, Train RMSE: 19.9410, Train MAPE: 0.9807, Train WMAPE: 0.0520
Epoch: 064, Training Time: 26.7736 secs
Epoch: 064, Inference Time: 5.0899 secs
Epoch: 064, Train Loss: 8.1188, Train RMSE: 17.3107, Train MAPE: 1.4089, Train WMAPE: 0.0454, 
Epoch: 064, Valid Loss: 11.4683, Valid RMSE: 38.1831, Valid MAPE: 3.6594, Valid WMAPE: 0.0658
###Update tasks appear###
Updating! Valid Loss: 11.468302999223981, epoch:  64
Iter: 000, Train Loss: 8.4470, Train RMSE: 18.4236, Train MAPE: 1.3210, Train WMAPE: 0.0469
Iter: 050, Train Loss: 9.0456, Train RMSE: 18.9171, Train MAPE: 1.2670, Train WMAPE: 0.0496
Epoch: 065, Training Time: 27.8680 secs
Epoch: 065, Inference Time: 4.4075 secs
Epoch: 065, Train Loss: 8.0303, Train RMSE: 17.0200, Train MAPE: 1.5730, Train WMAPE: 0.0449, 
Epoch: 065, Valid Loss: 11.4532, Valid RMSE: 38.0800, Valid MAPE: 2.6352, Valid WMAPE: 0.0658
###Update tasks appear###
Updating! Valid Loss: 11.453165871756417, epoch:  65
Iter: 000, Train Loss: 8.5546, Train RMSE: 18.3963, Train MAPE: 1.0890, Train WMAPE: 0.0475
Iter: 050, Train Loss: 9.0592, Train RMSE: 19.3827, Train MAPE: 0.8523, Train WMAPE: 0.0497
Epoch: 066, Training Time: 24.9582 secs
Epoch: 066, Inference Time: 4.8028 secs
Epoch: 066, Train Loss: 8.0608, Train RMSE: 17.1977, Train MAPE: 1.3521, Train WMAPE: 0.0451, 
Epoch: 066, Valid Loss: 11.3150, Valid RMSE: 37.6648, Valid MAPE: 3.3099, Valid WMAPE: 0.0650
###Update tasks appear###
Updating! Valid Loss: 11.314977611814227, epoch:  66
Iter: 000, Train Loss: 8.1978, Train RMSE: 17.7299, Train MAPE: 1.2427, Train WMAPE: 0.0455
Iter: 050, Train Loss: 8.7840, Train RMSE: 18.0808, Train MAPE: 1.1115, Train WMAPE: 0.0482
Epoch: 067, Training Time: 25.2025 secs
Epoch: 067, Inference Time: 4.0893 secs
Epoch: 067, Train Loss: 7.9774, Train RMSE: 16.9931, Train MAPE: 1.4365, Train WMAPE: 0.0446, 
Epoch: 067, Valid Loss: 11.7834, Valid RMSE: 37.3793, Valid MAPE: 7.1801, Valid WMAPE: 0.0677
No update
Iter: 000, Train Loss: 8.8620, Train RMSE: 17.7810, Train MAPE: 2.4910, Train WMAPE: 0.0492
Iter: 050, Train Loss: 8.4533, Train RMSE: 17.5826, Train MAPE: 0.8620, Train WMAPE: 0.0464
Epoch: 068, Training Time: 26.3933 secs
Epoch: 068, Inference Time: 4.1909 secs
Epoch: 068, Train Loss: 7.9382, Train RMSE: 16.8014, Train MAPE: 1.5688, Train WMAPE: 0.0444, 
Epoch: 068, Valid Loss: 11.6955, Valid RMSE: 37.9865, Valid MAPE: 5.0837, Valid WMAPE: 0.0672
No update
Iter: 000, Train Loss: 8.5248, Train RMSE: 18.0303, Train MAPE: 1.7539, Train WMAPE: 0.0473
Iter: 050, Train Loss: 8.4291, Train RMSE: 17.8500, Train MAPE: 0.8126, Train WMAPE: 0.0462
Epoch: 069, Training Time: 25.8044 secs
Epoch: 069, Inference Time: 4.1821 secs
Epoch: 069, Train Loss: 7.9428, Train RMSE: 16.9389, Train MAPE: 1.4585, Train WMAPE: 0.0444, 
Epoch: 069, Valid Loss: 11.4656, Valid RMSE: 37.6292, Valid MAPE: 3.8555, Valid WMAPE: 0.0658
No update
Iter: 000, Train Loss: 8.6657, Train RMSE: 18.5121, Train MAPE: 1.4582, Train WMAPE: 0.0481
Iter: 050, Train Loss: 8.3644, Train RMSE: 16.9936, Train MAPE: 0.9599, Train WMAPE: 0.0459
Epoch: 070, Training Time: 26.1898 secs
Epoch: 070, Inference Time: 4.7878 secs
Epoch: 070, Train Loss: 7.8519, Train RMSE: 16.6684, Train MAPE: 1.5041, Train WMAPE: 0.0439, 
Epoch: 070, Valid Loss: 11.4874, Valid RMSE: 37.9535, Valid MAPE: 5.7991, Valid WMAPE: 0.0660
No update
Iter: 000, Train Loss: 8.4390, Train RMSE: 18.3034, Train MAPE: 2.2268, Train WMAPE: 0.0469
Iter: 050, Train Loss: 8.4678, Train RMSE: 17.1588, Train MAPE: 0.7368, Train WMAPE: 0.0464
Epoch: 071, Training Time: 25.5979 secs
Epoch: 071, Inference Time: 5.0951 secs
Epoch: 071, Train Loss: 7.8100, Train RMSE: 16.5535, Train MAPE: 1.4806, Train WMAPE: 0.0437, 
Epoch: 071, Valid Loss: 11.4883, Valid RMSE: 37.6190, Valid MAPE: 6.8946, Valid WMAPE: 0.0660
No update
Iter: 000, Train Loss: 8.2174, Train RMSE: 17.2155, Train MAPE: 2.7004, Train WMAPE: 0.0456
Iter: 050, Train Loss: 8.7562, Train RMSE: 18.2705, Train MAPE: 1.0092, Train WMAPE: 0.0480
Epoch: 072, Training Time: 26.6833 secs
Epoch: 072, Inference Time: 4.2025 secs
Epoch: 072, Train Loss: 7.8425, Train RMSE: 16.6447, Train MAPE: 1.5961, Train WMAPE: 0.0439, 
Epoch: 072, Valid Loss: 11.1652, Valid RMSE: 37.3190, Valid MAPE: 3.0668, Valid WMAPE: 0.0641
###Update tasks appear###
Updating! Valid Loss: 11.165160076958793, epoch:  72
Iter: 000, Train Loss: 7.8812, Train RMSE: 17.2796, Train MAPE: 1.1319, Train WMAPE: 0.0438
Iter: 050, Train Loss: 8.2159, Train RMSE: 16.9938, Train MAPE: 0.6674, Train WMAPE: 0.0451
Epoch: 073, Training Time: 27.8705 secs
Epoch: 073, Inference Time: 4.5940 secs
Epoch: 073, Train Loss: 7.7223, Train RMSE: 16.4100, Train MAPE: 1.4030, Train WMAPE: 0.0432, 
Epoch: 073, Valid Loss: 11.3699, Valid RMSE: 37.6954, Valid MAPE: 3.7111, Valid WMAPE: 0.0653
No update
Iter: 000, Train Loss: 8.3831, Train RMSE: 17.9586, Train MAPE: 1.3022, Train WMAPE: 0.0465
Iter: 050, Train Loss: 8.3979, Train RMSE: 17.6579, Train MAPE: 1.2143, Train WMAPE: 0.0461
Epoch: 074, Training Time: 26.0880 secs
Epoch: 074, Inference Time: 4.2999 secs
Epoch: 074, Train Loss: 7.6783, Train RMSE: 16.2760, Train MAPE: 1.5308, Train WMAPE: 0.0429, 
Epoch: 074, Valid Loss: 11.1208, Valid RMSE: 37.3018, Valid MAPE: 2.4437, Valid WMAPE: 0.0639
###Update tasks appear###
Updating! Valid Loss: 11.12082668713161, epoch:  74
Iter: 000, Train Loss: 8.0521, Train RMSE: 17.6872, Train MAPE: 0.8568, Train WMAPE: 0.0447
Iter: 050, Train Loss: 8.2557, Train RMSE: 17.0669, Train MAPE: 1.0014, Train WMAPE: 0.0453
Epoch: 075, Training Time: 25.1578 secs
Epoch: 075, Inference Time: 4.4865 secs
Epoch: 075, Train Loss: 7.7241, Train RMSE: 16.3829, Train MAPE: 1.4816, Train WMAPE: 0.0432, 
Epoch: 075, Valid Loss: 11.3226, Valid RMSE: 37.2412, Valid MAPE: 4.2363, Valid WMAPE: 0.0650
No update
Iter: 000, Train Loss: 8.3190, Train RMSE: 17.8025, Train MAPE: 1.5327, Train WMAPE: 0.0462
Iter: 050, Train Loss: 8.4461, Train RMSE: 17.7108, Train MAPE: 1.1874, Train WMAPE: 0.0463
Epoch: 076, Training Time: 25.2013 secs
Epoch: 076, Inference Time: 4.0909 secs
Epoch: 076, Train Loss: 7.6811, Train RMSE: 16.2773, Train MAPE: 1.5030, Train WMAPE: 0.0430, 
Epoch: 076, Valid Loss: 11.2321, Valid RMSE: 37.6751, Valid MAPE: 2.9053, Valid WMAPE: 0.0645
No update
Iter: 000, Train Loss: 7.9342, Train RMSE: 17.3944, Train MAPE: 1.1588, Train WMAPE: 0.0440
Iter: 050, Train Loss: 8.3912, Train RMSE: 17.7885, Train MAPE: 0.8931, Train WMAPE: 0.0460
Epoch: 077, Training Time: 26.4950 secs
Epoch: 077, Inference Time: 4.1939 secs
Epoch: 077, Train Loss: 7.6123, Train RMSE: 16.2448, Train MAPE: 1.4013, Train WMAPE: 0.0426, 
Epoch: 077, Valid Loss: 11.4580, Valid RMSE: 38.0356, Valid MAPE: 3.0330, Valid WMAPE: 0.0658
No update
Iter: 000, Train Loss: 8.2924, Train RMSE: 17.7612, Train MAPE: 1.3126, Train WMAPE: 0.0460
Iter: 050, Train Loss: 7.9881, Train RMSE: 16.5109, Train MAPE: 1.0679, Train WMAPE: 0.0438
Epoch: 078, Training Time: 27.0717 secs
Epoch: 078, Inference Time: 4.5044 secs
Epoch: 078, Train Loss: 7.5438, Train RMSE: 16.1606, Train MAPE: 1.2769, Train WMAPE: 0.0422, 
Epoch: 078, Valid Loss: 10.9680, Valid RMSE: 37.4928, Valid MAPE: 2.5817, Valid WMAPE: 0.0630
###Update tasks appear###
Updating! Valid Loss: 10.968001127243042, epoch:  78
Iter: 000, Train Loss: 7.6316, Train RMSE: 16.9556, Train MAPE: 0.8645, Train WMAPE: 0.0424
Iter: 050, Train Loss: 8.2025, Train RMSE: 16.9336, Train MAPE: 1.1789, Train WMAPE: 0.0450
Epoch: 079, Training Time: 26.8650 secs
Epoch: 079, Inference Time: 4.1988 secs
Epoch: 079, Train Loss: 7.5400, Train RMSE: 16.1005, Train MAPE: 1.3358, Train WMAPE: 0.0422, 
Epoch: 079, Valid Loss: 11.4993, Valid RMSE: 37.9962, Valid MAPE: 3.3413, Valid WMAPE: 0.0660
No update
Iter: 000, Train Loss: 8.6665, Train RMSE: 18.1858, Train MAPE: 1.0799, Train WMAPE: 0.0481
Iter: 050, Train Loss: 7.7949, Train RMSE: 15.7210, Train MAPE: 1.2504, Train WMAPE: 0.0427
Epoch: 080, Training Time: 26.4769 secs
Epoch: 080, Inference Time: 4.9051 secs
Epoch: 080, Train Loss: 7.5007, Train RMSE: 15.9114, Train MAPE: 1.4963, Train WMAPE: 0.0420, 
Epoch: 080, Valid Loss: 11.2560, Valid RMSE: 37.3062, Valid MAPE: 3.0260, Valid WMAPE: 0.0646
No update
Iter: 000, Train Loss: 8.1712, Train RMSE: 17.6008, Train MAPE: 1.1165, Train WMAPE: 0.0454
Iter: 050, Train Loss: 7.9526, Train RMSE: 16.5457, Train MAPE: 0.8160, Train WMAPE: 0.0436
Epoch: 081, Training Time: 25.9931 secs
Epoch: 081, Inference Time: 4.9937 secs
Epoch: 081, Train Loss: 7.5071, Train RMSE: 15.9429, Train MAPE: 1.4262, Train WMAPE: 0.0420, 
Epoch: 081, Valid Loss: 11.5112, Valid RMSE: 37.4613, Valid MAPE: 7.4693, Valid WMAPE: 0.0661
No update
Iter: 000, Train Loss: 8.2756, Train RMSE: 17.0492, Train MAPE: 2.8614, Train WMAPE: 0.0459
Iter: 050, Train Loss: 8.1850, Train RMSE: 17.3127, Train MAPE: 0.9657, Train WMAPE: 0.0449
Epoch: 082, Training Time: 26.3844 secs
Epoch: 082, Inference Time: 4.3009 secs
Epoch: 082, Train Loss: 7.5297, Train RMSE: 16.0902, Train MAPE: 1.3253, Train WMAPE: 0.0421, 
Epoch: 082, Valid Loss: 10.9583, Valid RMSE: 37.3604, Valid MAPE: 2.9978, Valid WMAPE: 0.0629
###Update tasks appear###
Updating! Valid Loss: 10.958303144999913, epoch:  82
Iter: 000, Train Loss: 7.6233, Train RMSE: 16.6004, Train MAPE: 1.1700, Train WMAPE: 0.0423
Iter: 050, Train Loss: 8.7867, Train RMSE: 19.3490, Train MAPE: 1.0668, Train WMAPE: 0.0482
Epoch: 083, Training Time: 29.2640 secs
Epoch: 083, Inference Time: 4.6924 secs
Epoch: 083, Train Loss: 7.4623, Train RMSE: 16.0157, Train MAPE: 1.2309, Train WMAPE: 0.0417, 
Epoch: 083, Valid Loss: 11.2098, Valid RMSE: 37.5089, Valid MAPE: 3.5181, Valid WMAPE: 0.0644
No update
Iter: 000, Train Loss: 7.8479, Train RMSE: 16.6201, Train MAPE: 1.2195, Train WMAPE: 0.0436
Iter: 050, Train Loss: 7.9569, Train RMSE: 16.4185, Train MAPE: 1.1804, Train WMAPE: 0.0436
Epoch: 084, Training Time: 27.3065 secs
Epoch: 084, Inference Time: 4.8858 secs
Epoch: 084, Train Loss: 7.4346, Train RMSE: 15.9315, Train MAPE: 1.2492, Train WMAPE: 0.0416, 
Epoch: 084, Valid Loss: 11.0151, Valid RMSE: 37.5449, Valid MAPE: 2.3121, Valid WMAPE: 0.0632
No update
Iter: 000, Train Loss: 7.3456, Train RMSE: 16.0999, Train MAPE: 0.8156, Train WMAPE: 0.0408
Iter: 050, Train Loss: 7.6763, Train RMSE: 15.8727, Train MAPE: 1.1163, Train WMAPE: 0.0421
Epoch: 085, Training Time: 25.6914 secs
Epoch: 085, Inference Time: 4.5882 secs
Epoch: 085, Train Loss: 7.3449, Train RMSE: 15.7958, Train MAPE: 1.1883, Train WMAPE: 0.0411, 
Epoch: 085, Valid Loss: 11.1365, Valid RMSE: 37.5563, Valid MAPE: 3.0880, Valid WMAPE: 0.0639
No update
Iter: 000, Train Loss: 7.9073, Train RMSE: 16.4138, Train MAPE: 1.1211, Train WMAPE: 0.0439
Iter: 050, Train Loss: 7.6138, Train RMSE: 15.7491, Train MAPE: 0.8178, Train WMAPE: 0.0418
Epoch: 086, Training Time: 26.7860 secs
Epoch: 086, Inference Time: 4.6979 secs
Epoch: 086, Train Loss: 7.2713, Train RMSE: 15.6013, Train MAPE: 1.2939, Train WMAPE: 0.0407, 
Epoch: 086, Valid Loss: 10.8966, Valid RMSE: 37.3245, Valid MAPE: 2.3300, Valid WMAPE: 0.0626
###Update tasks appear###
Updating! Valid Loss: 10.896573509488787, epoch:  86
Iter: 000, Train Loss: 7.5965, Train RMSE: 16.7081, Train MAPE: 0.8191, Train WMAPE: 0.0422
Iter: 050, Train Loss: 7.3993, Train RMSE: 15.2316, Train MAPE: 0.6452, Train WMAPE: 0.0406
Epoch: 087, Training Time: 26.9549 secs
Epoch: 087, Inference Time: 5.0042 secs
Epoch: 087, Train Loss: 7.2397, Train RMSE: 15.4391, Train MAPE: 1.4512, Train WMAPE: 0.0405, 
Epoch: 087, Valid Loss: 10.9457, Valid RMSE: 36.9985, Valid MAPE: 3.8874, Valid WMAPE: 0.0628
No update
Iter: 000, Train Loss: 7.4634, Train RMSE: 15.6262, Train MAPE: 1.2506, Train WMAPE: 0.0414
Iter: 050, Train Loss: 8.0255, Train RMSE: 16.8815, Train MAPE: 1.0842, Train WMAPE: 0.0440
Epoch: 088, Training Time: 27.9646 secs
Epoch: 088, Inference Time: 5.0221 secs
Epoch: 088, Train Loss: 7.2342, Train RMSE: 15.4127, Train MAPE: 1.3949, Train WMAPE: 0.0405, 
Epoch: 088, Valid Loss: 11.0131, Valid RMSE: 36.9742, Valid MAPE: 5.7233, Valid WMAPE: 0.0632
No update
Iter: 000, Train Loss: 7.8447, Train RMSE: 16.6928, Train MAPE: 2.1146, Train WMAPE: 0.0436
Iter: 050, Train Loss: 7.7454, Train RMSE: 16.3084, Train MAPE: 0.9481, Train WMAPE: 0.0425
Epoch: 089, Training Time: 26.9832 secs
Epoch: 089, Inference Time: 4.4017 secs
Epoch: 089, Train Loss: 7.1974, Train RMSE: 15.3519, Train MAPE: 1.4329, Train WMAPE: 0.0403, 
Epoch: 089, Valid Loss: 10.9333, Valid RMSE: 37.3122, Valid MAPE: 4.5253, Valid WMAPE: 0.0628
No update
Iter: 000, Train Loss: 7.5246, Train RMSE: 15.9581, Train MAPE: 1.7329, Train WMAPE: 0.0418
Iter: 050, Train Loss: 7.4451, Train RMSE: 15.6678, Train MAPE: 1.1308, Train WMAPE: 0.0408
Epoch: 090, Training Time: 26.0802 secs
Epoch: 090, Inference Time: 4.1974 secs
Epoch: 090, Train Loss: 7.2071, Train RMSE: 15.3480, Train MAPE: 1.4493, Train WMAPE: 0.0403, 
Epoch: 090, Valid Loss: 10.7733, Valid RMSE: 36.9910, Valid MAPE: 2.5781, Valid WMAPE: 0.0619
###Update tasks appear###
Updating! Valid Loss: 10.773254019873482, epoch:  90
Iter: 000, Train Loss: 7.1545, Train RMSE: 15.4196, Train MAPE: 0.9421, Train WMAPE: 0.0397
Iter: 050, Train Loss: 7.5028, Train RMSE: 15.3079, Train MAPE: 0.9427, Train WMAPE: 0.0411
Epoch: 091, Training Time: 24.9811 secs
Epoch: 091, Inference Time: 4.0900 secs
Epoch: 091, Train Loss: 7.1810, Train RMSE: 15.2734, Train MAPE: 1.4533, Train WMAPE: 0.0402, 
Epoch: 091, Valid Loss: 11.0876, Valid RMSE: 36.8060, Valid MAPE: 5.1412, Valid WMAPE: 0.0637
No update
Iter: 000, Train Loss: 7.7010, Train RMSE: 16.2402, Train MAPE: 1.8446, Train WMAPE: 0.0428
Iter: 050, Train Loss: 7.6245, Train RMSE: 15.5592, Train MAPE: 1.0410, Train WMAPE: 0.0418
Epoch: 092, Training Time: 25.8788 secs
Epoch: 092, Inference Time: 4.2079 secs
Epoch: 092, Train Loss: 7.1659, Train RMSE: 15.2844, Train MAPE: 1.3505, Train WMAPE: 0.0401, 
Epoch: 092, Valid Loss: 10.7393, Valid RMSE: 36.6898, Valid MAPE: 2.6448, Valid WMAPE: 0.0617
###Update tasks appear###
Updating! Valid Loss: 10.739308595657349, epoch:  92
Iter: 000, Train Loss: 7.4554, Train RMSE: 15.6517, Train MAPE: 0.8207, Train WMAPE: 0.0414
Iter: 050, Train Loss: 7.3860, Train RMSE: 15.3017, Train MAPE: 1.0012, Train WMAPE: 0.0405
Epoch: 093, Training Time: 25.4558 secs
Epoch: 093, Inference Time: 4.1065 secs
Epoch: 093, Train Loss: 7.2292, Train RMSE: 15.3779, Train MAPE: 1.2933, Train WMAPE: 0.0404, 
Epoch: 093, Valid Loss: 11.9853, Valid RMSE: 37.5496, Valid MAPE: 5.5781, Valid WMAPE: 0.0688
No update
Iter: 000, Train Loss: 8.5572, Train RMSE: 16.7538, Train MAPE: 1.9502, Train WMAPE: 0.0475
Iter: 050, Train Loss: 7.4070, Train RMSE: 15.4175, Train MAPE: 0.8689, Train WMAPE: 0.0406
Epoch: 094, Training Time: 27.0981 secs
Epoch: 094, Inference Time: 5.2892 secs
Epoch: 094, Train Loss: 7.1690, Train RMSE: 15.2348, Train MAPE: 1.3574, Train WMAPE: 0.0401, 
Epoch: 094, Valid Loss: 10.8970, Valid RMSE: 36.6971, Valid MAPE: 5.5587, Valid WMAPE: 0.0626
No update
Iter: 000, Train Loss: 7.4674, Train RMSE: 15.5993, Train MAPE: 2.1844, Train WMAPE: 0.0415
Iter: 050, Train Loss: 7.6668, Train RMSE: 16.3352, Train MAPE: 0.9291, Train WMAPE: 0.0420
Epoch: 095, Training Time: 25.5843 secs
Epoch: 095, Inference Time: 4.3778 secs
Epoch: 095, Train Loss: 7.0813, Train RMSE: 15.1000, Train MAPE: 1.4057, Train WMAPE: 0.0396, 
Epoch: 095, Valid Loss: 10.7575, Valid RMSE: 36.7989, Valid MAPE: 3.6464, Valid WMAPE: 0.0618
No update
Iter: 000, Train Loss: 7.1276, Train RMSE: 15.1908, Train MAPE: 1.4604, Train WMAPE: 0.0396
Iter: 050, Train Loss: 7.3327, Train RMSE: 15.2656, Train MAPE: 0.7630, Train WMAPE: 0.0402
Epoch: 096, Training Time: 26.1924 secs
Epoch: 096, Inference Time: 4.4932 secs
Epoch: 096, Train Loss: 7.1115, Train RMSE: 15.1827, Train MAPE: 1.3743, Train WMAPE: 0.0398, 
Epoch: 096, Valid Loss: 10.6688, Valid RMSE: 36.5097, Valid MAPE: 3.0469, Valid WMAPE: 0.0613
###Update tasks appear###
Updating! Valid Loss: 10.668818167277745, epoch:  96
Iter: 000, Train Loss: 6.9417, Train RMSE: 14.6582, Train MAPE: 1.1487, Train WMAPE: 0.0385
Iter: 050, Train Loss: 7.7986, Train RMSE: 16.3975, Train MAPE: 1.2999, Train WMAPE: 0.0428
Epoch: 097, Training Time: 24.9751 secs
Epoch: 097, Inference Time: 4.1904 secs
Epoch: 097, Train Loss: 7.1060, Train RMSE: 15.2369, Train MAPE: 1.2455, Train WMAPE: 0.0397, 
Epoch: 097, Valid Loss: 11.0479, Valid RMSE: 36.6866, Valid MAPE: 4.5120, Valid WMAPE: 0.0634
No update
Iter: 000, Train Loss: 7.8508, Train RMSE: 16.4043, Train MAPE: 1.5763, Train WMAPE: 0.0436
Iter: 050, Train Loss: 7.3688, Train RMSE: 15.1032, Train MAPE: 1.0844, Train WMAPE: 0.0404
Epoch: 098, Training Time: 25.7917 secs
Epoch: 098, Inference Time: 4.2771 secs
Epoch: 098, Train Loss: 7.0426, Train RMSE: 15.0506, Train MAPE: 1.2833, Train WMAPE: 0.0394, 
Epoch: 098, Valid Loss: 10.8267, Valid RMSE: 36.9240, Valid MAPE: 3.2143, Valid WMAPE: 0.0622
No update
Iter: 000, Train Loss: 7.6595, Train RMSE: 16.2134, Train MAPE: 1.2386, Train WMAPE: 0.0425
Iter: 050, Train Loss: 7.0941, Train RMSE: 14.6901, Train MAPE: 0.7049, Train WMAPE: 0.0389
Epoch: 099, Training Time: 25.9100 secs
Epoch: 099, Inference Time: 4.5843 secs
Epoch: 099, Train Loss: 7.0568, Train RMSE: 15.1628, Train MAPE: 1.2104, Train WMAPE: 0.0395, 
Epoch: 099, Valid Loss: 10.8999, Valid RMSE: 36.4186, Valid MAPE: 2.9093, Valid WMAPE: 0.0626
No update
Iter: 000, Train Loss: 7.5671, Train RMSE: 16.0391, Train MAPE: 1.0087, Train WMAPE: 0.0420
Iter: 050, Train Loss: 7.7613, Train RMSE: 16.0749, Train MAPE: 1.2968, Train WMAPE: 0.0426
Epoch: 100, Training Time: 25.2911 secs
Epoch: 100, Inference Time: 4.3977 secs
Epoch: 100, Train Loss: 7.0338, Train RMSE: 15.0374, Train MAPE: 1.3142, Train WMAPE: 0.0393, 
Epoch: 100, Valid Loss: 10.7893, Valid RMSE: 36.3167, Valid MAPE: 5.3661, Valid WMAPE: 0.0619
No update
Iter: 000, Train Loss: 7.3424, Train RMSE: 15.4090, Train MAPE: 1.7526, Train WMAPE: 0.0408
Iter: 050, Train Loss: 7.0852, Train RMSE: 14.5087, Train MAPE: 0.7803, Train WMAPE: 0.0389
Epoch: 101, Training Time: 25.2877 secs
Epoch: 101, Inference Time: 4.2959 secs
Epoch: 101, Train Loss: 7.0590, Train RMSE: 15.0647, Train MAPE: 1.3253, Train WMAPE: 0.0395, 
Epoch: 101, Valid Loss: 10.9977, Valid RMSE: 36.5300, Valid MAPE: 2.8503, Valid WMAPE: 0.0631
No update
Iter: 000, Train Loss: 7.5504, Train RMSE: 15.8130, Train MAPE: 0.9569, Train WMAPE: 0.0419
Iter: 050, Train Loss: 7.4645, Train RMSE: 15.7248, Train MAPE: 1.0518, Train WMAPE: 0.0409
Epoch: 102, Training Time: 25.0779 secs
Epoch: 102, Inference Time: 4.3081 secs
Epoch: 102, Train Loss: 7.1229, Train RMSE: 15.2393, Train MAPE: 1.2826, Train WMAPE: 0.0398, 
Epoch: 102, Valid Loss: 10.6781, Valid RMSE: 35.8930, Valid MAPE: 3.2205, Valid WMAPE: 0.0613
No update
Iter: 000, Train Loss: 7.2203, Train RMSE: 15.7780, Train MAPE: 1.0010, Train WMAPE: 0.0401
Iter: 050, Train Loss: 7.1620, Train RMSE: 14.7214, Train MAPE: 0.8798, Train WMAPE: 0.0393
Epoch: 103, Training Time: 25.6924 secs
Epoch: 103, Inference Time: 4.5930 secs
Epoch: 103, Train Loss: 7.0197, Train RMSE: 14.9845, Train MAPE: 1.2257, Train WMAPE: 0.0393, 
Epoch: 103, Valid Loss: 10.7439, Valid RMSE: 35.9219, Valid MAPE: 3.2851, Valid WMAPE: 0.0617
No update
Iter: 000, Train Loss: 7.4257, Train RMSE: 15.6762, Train MAPE: 1.1662, Train WMAPE: 0.0412
Iter: 050, Train Loss: 7.2124, Train RMSE: 14.7553, Train MAPE: 1.0871, Train WMAPE: 0.0395
Epoch: 104, Training Time: 25.1027 secs
Epoch: 104, Inference Time: 4.2735 secs
Epoch: 104, Train Loss: 7.0124, Train RMSE: 15.0625, Train MAPE: 1.2364, Train WMAPE: 0.0392, 
Epoch: 104, Valid Loss: 10.6604, Valid RMSE: 35.9562, Valid MAPE: 3.0285, Valid WMAPE: 0.0612
###Update tasks appear###
Evaluate best model on test data for horizon 1, Test MAE: 9.3451, Test RMSE: 62.6899, Test MAPE: 5.9364, Test WMAPE: 0.0542
Evaluate best model on test data for horizon 2, Test MAE: 10.0862, Test RMSE: 53.0330, Test MAPE: 10.2546, Test WMAPE: 0.0586
Evaluate best model on test data for horizon 3, Test MAE: 10.1492, Test RMSE: 38.7515, Test MAPE: 13.5669, Test WMAPE: 0.0589
Evaluate best model on test data for horizon 4, Test MAE: 11.3733, Test RMSE: 42.6408, Test MAPE: 15.8077, Test WMAPE: 0.0661
Evaluate best model on test data for horizon 5, Test MAE: 12.6615, Test RMSE: 46.3272, Test MAPE: 17.4919, Test WMAPE: 0.0736
Evaluate best model on test data for horizon 6, Test MAE: 12.8447, Test RMSE: 42.1622, Test MAPE: 18.6342, Test WMAPE: 0.0747
Evaluate best model on test data for horizon 7, Test MAE: 13.6271, Test RMSE: 43.9558, Test MAPE: 18.8499, Test WMAPE: 0.0792
Evaluate best model on test data for horizon 8, Test MAE: 14.4664, Test RMSE: 46.1044, Test MAPE: 19.1742, Test WMAPE: 0.0841
Evaluate best model on test data for horizon 9, Test MAE: 14.8348, Test RMSE: 45.2535, Test MAPE: 19.3170, Test WMAPE: 0.0863
Evaluate best model on test data for horizon 10, Test MAE: 14.8016, Test RMSE: 41.7842, Test MAPE: 19.0619, Test WMAPE: 0.0861
Evaluate best model on test data for horizon 11, Test MAE: 15.8089, Test RMSE: 49.1526, Test MAPE: 19.0485, Test WMAPE: 0.0920
Evaluate best model on test data for horizon 12, Test MAE: 16.0223, Test RMSE: 48.4087, Test MAPE: 18.8793, Test WMAPE: 0.0932
On average over 12 horizons, Test MAE: 13.0018, Test RMSE: 46.6886, Test MAPE: 16.3352, Test WMAPE: 0.0756
Test low! Updating! Test Loss: 13.001757542292276, Test low! Updating! Valid Loss: 10.6604471547263, epoch:  104
Iter: 000, Train Loss: 7.3321, Train RMSE: 15.1446, Train MAPE: 1.0082, Train WMAPE: 0.0407
Iter: 050, Train Loss: 7.0686, Train RMSE: 14.7369, Train MAPE: 0.7946, Train WMAPE: 0.0388
Epoch: 105, Training Time: 25.2601 secs
Epoch: 105, Inference Time: 4.3903 secs
Epoch: 105, Train Loss: 6.9815, Train RMSE: 15.0107, Train MAPE: 1.1236, Train WMAPE: 0.0390, 
Epoch: 105, Valid Loss: 11.1714, Valid RMSE: 36.7623, Valid MAPE: 3.1421, Valid WMAPE: 0.0641
No update
Iter: 000, Train Loss: 7.9768, Train RMSE: 16.8138, Train MAPE: 1.0603, Train WMAPE: 0.0443
Iter: 050, Train Loss: 7.8180, Train RMSE: 17.2201, Train MAPE: 0.9033, Train WMAPE: 0.0429
Epoch: 106, Training Time: 26.2866 secs
Epoch: 106, Inference Time: 4.1971 secs
Epoch: 106, Train Loss: 7.0159, Train RMSE: 15.0921, Train MAPE: 1.1324, Train WMAPE: 0.0392, 
Epoch: 106, Valid Loss: 10.6645, Valid RMSE: 36.2507, Valid MAPE: 3.0761, Valid WMAPE: 0.0612
No update
Iter: 000, Train Loss: 7.1066, Train RMSE: 15.6063, Train MAPE: 1.0171, Train WMAPE: 0.0395
Iter: 050, Train Loss: 7.9417, Train RMSE: 17.3403, Train MAPE: 1.0276, Train WMAPE: 0.0435
Epoch: 107, Training Time: 25.0805 secs
Epoch: 107, Inference Time: 4.2982 secs
Epoch: 107, Train Loss: 6.9596, Train RMSE: 14.9931, Train MAPE: 1.1545, Train WMAPE: 0.0389, 
Epoch: 107, Valid Loss: 10.4919, Valid RMSE: 36.2030, Valid MAPE: 2.2819, Valid WMAPE: 0.0602
###Update tasks appear###
Evaluate best model on test data for horizon 1, Test MAE: 9.2157, Test RMSE: 62.8623, Test MAPE: 5.7510, Test WMAPE: 0.0535
Evaluate best model on test data for horizon 2, Test MAE: 9.9354, Test RMSE: 53.1694, Test MAPE: 10.1092, Test WMAPE: 0.0577
Evaluate best model on test data for horizon 3, Test MAE: 9.9697, Test RMSE: 38.9195, Test MAPE: 13.5818, Test WMAPE: 0.0579
Evaluate best model on test data for horizon 4, Test MAE: 11.2206, Test RMSE: 42.9119, Test MAPE: 16.0611, Test WMAPE: 0.0652
Evaluate best model on test data for horizon 5, Test MAE: 12.4180, Test RMSE: 46.5415, Test MAPE: 17.4611, Test WMAPE: 0.0722
Evaluate best model on test data for horizon 6, Test MAE: 12.7551, Test RMSE: 42.4669, Test MAPE: 18.7313, Test WMAPE: 0.0741
Evaluate best model on test data for horizon 7, Test MAE: 13.5468, Test RMSE: 44.3439, Test MAPE: 18.9679, Test WMAPE: 0.0788
Evaluate best model on test data for horizon 8, Test MAE: 14.3600, Test RMSE: 46.6365, Test MAPE: 19.4889, Test WMAPE: 0.0835
Evaluate best model on test data for horizon 9, Test MAE: 14.7291, Test RMSE: 45.7558, Test MAPE: 19.5945, Test WMAPE: 0.0857
Evaluate best model on test data for horizon 10, Test MAE: 14.6747, Test RMSE: 42.3142, Test MAPE: 19.4153, Test WMAPE: 0.0854
Evaluate best model on test data for horizon 11, Test MAE: 15.7133, Test RMSE: 49.6683, Test MAPE: 19.1009, Test WMAPE: 0.0914
Evaluate best model on test data for horizon 12, Test MAE: 15.9206, Test RMSE: 48.8093, Test MAPE: 18.8709, Test WMAPE: 0.0926
On average over 12 horizons, Test MAE: 12.8716, Test RMSE: 47.0333, Test MAPE: 16.4278, Test WMAPE: 0.0748
Test low! Updating! Test Loss: 12.871587753295898, Test low! Updating! Valid Loss: 10.491871629442487, epoch:  107
Iter: 000, Train Loss: 6.8570, Train RMSE: 14.4733, Train MAPE: 0.7360, Train WMAPE: 0.0381
Iter: 050, Train Loss: 7.2272, Train RMSE: 14.7077, Train MAPE: 1.3603, Train WMAPE: 0.0396
Epoch: 108, Training Time: 25.9464 secs
Epoch: 108, Inference Time: 4.5928 secs
Epoch: 108, Train Loss: 6.8860, Train RMSE: 14.6973, Train MAPE: 1.3746, Train WMAPE: 0.0385, 
Epoch: 108, Valid Loss: 10.5888, Valid RMSE: 35.9713, Valid MAPE: 4.2279, Valid WMAPE: 0.0608
No update
Iter: 000, Train Loss: 6.9699, Train RMSE: 14.6511, Train MAPE: 1.5425, Train WMAPE: 0.0387
Iter: 050, Train Loss: 7.1633, Train RMSE: 14.9615, Train MAPE: 1.1021, Train WMAPE: 0.0393
Epoch: 109, Training Time: 25.1962 secs
Epoch: 109, Inference Time: 4.2831 secs
Epoch: 109, Train Loss: 6.8114, Train RMSE: 14.5505, Train MAPE: 1.3524, Train WMAPE: 0.0381, 
Epoch: 109, Valid Loss: 10.4443, Valid RMSE: 35.8757, Valid MAPE: 2.4861, Valid WMAPE: 0.0600
###Update tasks appear###
Evaluate best model on test data for horizon 1, Test MAE: 9.2860, Test RMSE: 62.9536, Test MAPE: 5.8765, Test WMAPE: 0.0539
Evaluate best model on test data for horizon 2, Test MAE: 10.0214, Test RMSE: 53.2567, Test MAPE: 10.3104, Test WMAPE: 0.0582
Evaluate best model on test data for horizon 3, Test MAE: 10.0148, Test RMSE: 39.0752, Test MAPE: 13.8910, Test WMAPE: 0.0582
Evaluate best model on test data for horizon 4, Test MAE: 11.2325, Test RMSE: 42.7112, Test MAPE: 16.1646, Test WMAPE: 0.0653
Evaluate best model on test data for horizon 5, Test MAE: 12.4438, Test RMSE: 46.4357, Test MAPE: 17.5779, Test WMAPE: 0.0723
Evaluate best model on test data for horizon 6, Test MAE: 12.7316, Test RMSE: 42.3653, Test MAPE: 18.8064, Test WMAPE: 0.0740
Evaluate best model on test data for horizon 7, Test MAE: 13.4682, Test RMSE: 43.9342, Test MAPE: 19.2294, Test WMAPE: 0.0783
Evaluate best model on test data for horizon 8, Test MAE: 14.2070, Test RMSE: 45.9777, Test MAPE: 19.5353, Test WMAPE: 0.0826
Evaluate best model on test data for horizon 9, Test MAE: 14.6183, Test RMSE: 45.3644, Test MAPE: 19.7204, Test WMAPE: 0.0850
Evaluate best model on test data for horizon 10, Test MAE: 14.5257, Test RMSE: 41.7870, Test MAPE: 19.5315, Test WMAPE: 0.0845
Evaluate best model on test data for horizon 11, Test MAE: 15.5397, Test RMSE: 49.1117, Test MAPE: 19.4747, Test WMAPE: 0.0904
Evaluate best model on test data for horizon 12, Test MAE: 15.7448, Test RMSE: 48.4403, Test MAPE: 19.2672, Test WMAPE: 0.0916
On average over 12 horizons, Test MAE: 12.8195, Test RMSE: 46.7844, Test MAPE: 16.6154, Test WMAPE: 0.0745
Test low! Updating! Test Loss: 12.81948439280192, Test low! Updating! Valid Loss: 10.444344452449254, epoch:  109
Iter: 000, Train Loss: 6.8732, Train RMSE: 14.5404, Train MAPE: 0.8968, Train WMAPE: 0.0382
Iter: 050, Train Loss: 6.9367, Train RMSE: 14.3378, Train MAPE: 1.3660, Train WMAPE: 0.0380
Epoch: 110, Training Time: 26.1450 secs
Epoch: 110, Inference Time: 4.2940 secs
Epoch: 110, Train Loss: 6.7900, Train RMSE: 14.5222, Train MAPE: 1.2997, Train WMAPE: 0.0380, 
Epoch: 110, Valid Loss: 10.4616, Valid RMSE: 35.7374, Valid MAPE: 2.3702, Valid WMAPE: 0.0601
No update
Iter: 000, Train Loss: 6.8285, Train RMSE: 14.4669, Train MAPE: 0.8343, Train WMAPE: 0.0379
Iter: 050, Train Loss: 6.9993, Train RMSE: 14.3682, Train MAPE: 0.7987, Train WMAPE: 0.0384
Epoch: 111, Training Time: 25.6961 secs
Epoch: 111, Inference Time: 4.2855 secs
Epoch: 111, Train Loss: 6.8345, Train RMSE: 14.6244, Train MAPE: 1.2811, Train WMAPE: 0.0382, 
Epoch: 111, Valid Loss: 10.7512, Valid RMSE: 36.0967, Valid MAPE: 6.2395, Valid WMAPE: 0.0617
No update
Iter: 000, Train Loss: 7.2406, Train RMSE: 15.3961, Train MAPE: 2.3346, Train WMAPE: 0.0402
Iter: 050, Train Loss: 7.3226, Train RMSE: 15.0075, Train MAPE: 0.9821, Train WMAPE: 0.0402
Epoch: 112, Training Time: 25.4982 secs
Epoch: 112, Inference Time: 4.3887 secs
Epoch: 112, Train Loss: 6.8373, Train RMSE: 14.6266, Train MAPE: 1.3016, Train WMAPE: 0.0382, 
Epoch: 112, Valid Loss: 10.6246, Valid RMSE: 36.2644, Valid MAPE: 4.0857, Valid WMAPE: 0.0610
No update
Iter: 000, Train Loss: 6.9553, Train RMSE: 14.5303, Train MAPE: 1.3581, Train WMAPE: 0.0386
Iter: 050, Train Loss: 7.1411, Train RMSE: 14.7914, Train MAPE: 0.5824, Train WMAPE: 0.0392
Epoch: 113, Training Time: 25.4787 secs
Epoch: 113, Inference Time: 4.6025 secs
Epoch: 113, Train Loss: 6.8534, Train RMSE: 14.6537, Train MAPE: 1.2081, Train WMAPE: 0.0383, 
Epoch: 113, Valid Loss: 10.5493, Valid RMSE: 36.1760, Valid MAPE: 2.6037, Valid WMAPE: 0.0606
No update
Iter: 000, Train Loss: 6.9311, Train RMSE: 14.5392, Train MAPE: 0.8916, Train WMAPE: 0.0385
Iter: 050, Train Loss: 7.0759, Train RMSE: 14.5760, Train MAPE: 0.7007, Train WMAPE: 0.0388
Epoch: 114, Training Time: 25.6976 secs
Epoch: 114, Inference Time: 4.2851 secs
Epoch: 114, Train Loss: 6.8641, Train RMSE: 14.5901, Train MAPE: 1.3474, Train WMAPE: 0.0384, 
Epoch: 114, Valid Loss: 10.5120, Valid RMSE: 35.8466, Valid MAPE: 4.4866, Valid WMAPE: 0.0604
No update
Iter: 000, Train Loss: 6.7586, Train RMSE: 14.1483, Train MAPE: 1.5322, Train WMAPE: 0.0375
Iter: 050, Train Loss: 6.8239, Train RMSE: 13.8811, Train MAPE: 0.7979, Train WMAPE: 0.0374
Epoch: 115, Training Time: 24.9831 secs
Epoch: 115, Inference Time: 4.3997 secs
Epoch: 115, Train Loss: 6.8445, Train RMSE: 14.5787, Train MAPE: 1.3516, Train WMAPE: 0.0383, 
Epoch: 115, Valid Loss: 10.7819, Valid RMSE: 35.4546, Valid MAPE: 4.9458, Valid WMAPE: 0.0619
No update
Iter: 000, Train Loss: 7.2683, Train RMSE: 14.7244, Train MAPE: 1.6334, Train WMAPE: 0.0404
Iter: 050, Train Loss: 6.8426, Train RMSE: 13.8334, Train MAPE: 1.4112, Train WMAPE: 0.0375
Epoch: 116, Training Time: 25.0901 secs
Epoch: 116, Inference Time: 4.3938 secs
Epoch: 116, Train Loss: 6.8021, Train RMSE: 14.4845, Train MAPE: 1.3135, Train WMAPE: 0.0380, 
Epoch: 116, Valid Loss: 10.5785, Valid RMSE: 35.9172, Valid MAPE: 2.5858, Valid WMAPE: 0.0607
No update
Iter: 000, Train Loss: 6.9492, Train RMSE: 14.8335, Train MAPE: 0.8605, Train WMAPE: 0.0386
Iter: 050, Train Loss: 7.0230, Train RMSE: 14.8312, Train MAPE: 0.5761, Train WMAPE: 0.0385
Epoch: 117, Training Time: 24.8781 secs
Epoch: 117, Inference Time: 4.1940 secs
Epoch: 117, Train Loss: 6.7675, Train RMSE: 14.4886, Train MAPE: 1.2020, Train WMAPE: 0.0378, 
Epoch: 117, Valid Loss: 10.5510, Valid RMSE: 35.6800, Valid MAPE: 2.4636, Valid WMAPE: 0.0606
No update
Iter: 000, Train Loss: 6.9571, Train RMSE: 14.6834, Train MAPE: 0.7987, Train WMAPE: 0.0386
Iter: 050, Train Loss: 7.0928, Train RMSE: 14.7165, Train MAPE: 0.6319, Train WMAPE: 0.0389
Epoch: 118, Training Time: 25.2973 secs
Epoch: 118, Inference Time: 4.2701 secs
Epoch: 118, Train Loss: 6.7743, Train RMSE: 14.5732, Train MAPE: 1.0672, Train WMAPE: 0.0379, 
Epoch: 118, Valid Loss: 10.8085, Valid RMSE: 35.7010, Valid MAPE: 5.3629, Valid WMAPE: 0.0621
No update
Iter: 000, Train Loss: 7.3206, Train RMSE: 15.0182, Train MAPE: 1.9663, Train WMAPE: 0.0406
Iter: 050, Train Loss: 6.9874, Train RMSE: 14.3753, Train MAPE: 1.1255, Train WMAPE: 0.0383
Epoch: 119, Training Time: 25.3987 secs
Epoch: 119, Inference Time: 4.3998 secs
Epoch: 119, Train Loss: 6.7461, Train RMSE: 14.3800, Train MAPE: 1.3114, Train WMAPE: 0.0377, 
Epoch: 119, Valid Loss: 10.3777, Valid RMSE: 35.8599, Valid MAPE: 2.8314, Valid WMAPE: 0.0596
###Update tasks appear###
Evaluate best model on test data for horizon 1, Test MAE: 9.3728, Test RMSE: 63.2528, Test MAPE: 6.0203, Test WMAPE: 0.0544
Evaluate best model on test data for horizon 2, Test MAE: 10.1394, Test RMSE: 53.4840, Test MAPE: 10.5569, Test WMAPE: 0.0589
Evaluate best model on test data for horizon 3, Test MAE: 10.0394, Test RMSE: 38.8773, Test MAPE: 13.9998, Test WMAPE: 0.0583
Evaluate best model on test data for horizon 4, Test MAE: 11.1473, Test RMSE: 42.2923, Test MAPE: 16.3520, Test WMAPE: 0.0648
Evaluate best model on test data for horizon 5, Test MAE: 12.4668, Test RMSE: 46.2444, Test MAPE: 17.6681, Test WMAPE: 0.0724
Evaluate best model on test data for horizon 6, Test MAE: 12.7029, Test RMSE: 42.4516, Test MAPE: 19.1239, Test WMAPE: 0.0738
Evaluate best model on test data for horizon 7, Test MAE: 13.4799, Test RMSE: 44.2111, Test MAPE: 19.3163, Test WMAPE: 0.0784
Evaluate best model on test data for horizon 8, Test MAE: 14.2036, Test RMSE: 46.0097, Test MAPE: 19.8153, Test WMAPE: 0.0826
Evaluate best model on test data for horizon 9, Test MAE: 14.5678, Test RMSE: 45.5000, Test MAPE: 20.0890, Test WMAPE: 0.0847
Evaluate best model on test data for horizon 10, Test MAE: 14.4303, Test RMSE: 42.0520, Test MAPE: 19.7606, Test WMAPE: 0.0839
Evaluate best model on test data for horizon 11, Test MAE: 15.4751, Test RMSE: 48.9885, Test MAPE: 19.9139, Test WMAPE: 0.0900
Evaluate best model on test data for horizon 12, Test MAE: 15.6875, Test RMSE: 48.4651, Test MAPE: 19.7805, Test WMAPE: 0.0913
On average over 12 horizons, Test MAE: 12.8094, Test RMSE: 46.8191, Test MAPE: 16.8664, Test WMAPE: 0.0745
Test low! Updating! Test Loss: 12.809407313664755, Test low! Updating! Valid Loss: 10.377726112093244, epoch:  119
Iter: 000, Train Loss: 6.6987, Train RMSE: 14.1424, Train MAPE: 0.9553, Train WMAPE: 0.0372
Iter: 050, Train Loss: 7.1801, Train RMSE: 15.6649, Train MAPE: 0.9271, Train WMAPE: 0.0394
Epoch: 120, Training Time: 26.1737 secs
Epoch: 120, Inference Time: 4.4831 secs
Epoch: 120, Train Loss: 6.6892, Train RMSE: 14.4116, Train MAPE: 1.0397, Train WMAPE: 0.0374, 
Epoch: 120, Valid Loss: 10.4935, Valid RMSE: 35.6389, Valid MAPE: 2.7494, Valid WMAPE: 0.0603
No update
Iter: 000, Train Loss: 6.9035, Train RMSE: 15.0993, Train MAPE: 0.8427, Train WMAPE: 0.0383
Iter: 050, Train Loss: 6.7773, Train RMSE: 13.7868, Train MAPE: 0.8029, Train WMAPE: 0.0372
Epoch: 121, Training Time: 25.8734 secs
Epoch: 121, Inference Time: 4.8030 secs
Epoch: 121, Train Loss: 6.6316, Train RMSE: 14.2580, Train MAPE: 1.0972, Train WMAPE: 0.0371, 
Epoch: 121, Valid Loss: 10.5741, Valid RMSE: 35.7553, Valid MAPE: 3.5682, Valid WMAPE: 0.0607
No update
Iter: 000, Train Loss: 6.9901, Train RMSE: 14.8328, Train MAPE: 1.2211, Train WMAPE: 0.0388
Iter: 050, Train Loss: 6.5946, Train RMSE: 13.5054, Train MAPE: 0.8181, Train WMAPE: 0.0362
Epoch: 122, Training Time: 26.1800 secs
Epoch: 122, Inference Time: 4.3083 secs
Epoch: 122, Train Loss: 6.6629, Train RMSE: 14.3633, Train MAPE: 1.0720, Train WMAPE: 0.0373, 
Epoch: 122, Valid Loss: 10.8826, Valid RMSE: 35.7777, Valid MAPE: 3.0757, Valid WMAPE: 0.0625
No update
Iter: 000, Train Loss: 7.6907, Train RMSE: 16.3430, Train MAPE: 0.9870, Train WMAPE: 0.0427
Iter: 050, Train Loss: 6.6984, Train RMSE: 13.7463, Train MAPE: 0.9302, Train WMAPE: 0.0367
Epoch: 123, Training Time: 26.4824 secs
Epoch: 123, Inference Time: 4.8993 secs
Epoch: 123, Train Loss: 6.6416, Train RMSE: 14.2676, Train MAPE: 1.0852, Train WMAPE: 0.0371, 
Epoch: 123, Valid Loss: 10.4574, Valid RMSE: 35.3306, Valid MAPE: 2.6706, Valid WMAPE: 0.0600
No update
Iter: 000, Train Loss: 6.7651, Train RMSE: 14.1578, Train MAPE: 0.8863, Train WMAPE: 0.0376
Iter: 050, Train Loss: 6.6797, Train RMSE: 13.5358, Train MAPE: 0.9666, Train WMAPE: 0.0366
Epoch: 124, Training Time: 26.4761 secs
Epoch: 124, Inference Time: 4.7994 secs
Epoch: 124, Train Loss: 6.6032, Train RMSE: 14.1924, Train MAPE: 1.0272, Train WMAPE: 0.0369, 
Epoch: 124, Valid Loss: 10.4809, Valid RMSE: 35.3591, Valid MAPE: 2.8176, Valid WMAPE: 0.0602
No update
Iter: 000, Train Loss: 6.7796, Train RMSE: 14.2167, Train MAPE: 0.8543, Train WMAPE: 0.0376
Iter: 050, Train Loss: 6.7353, Train RMSE: 13.9318, Train MAPE: 0.7698, Train WMAPE: 0.0369
Epoch: 125, Training Time: 27.1926 secs
Epoch: 125, Inference Time: 4.9964 secs
Epoch: 125, Train Loss: 6.5697, Train RMSE: 14.1475, Train MAPE: 1.0247, Train WMAPE: 0.0367, 
Epoch: 125, Valid Loss: 10.4908, Valid RMSE: 35.7537, Valid MAPE: 2.5016, Valid WMAPE: 0.0602
No update
Iter: 000, Train Loss: 6.7423, Train RMSE: 14.0430, Train MAPE: 0.8384, Train WMAPE: 0.0374
Iter: 050, Train Loss: 6.8400, Train RMSE: 14.0265, Train MAPE: 0.7008, Train WMAPE: 0.0375
Epoch: 126, Training Time: 25.8850 secs
Epoch: 126, Inference Time: 4.2943 secs
Epoch: 126, Train Loss: 6.5886, Train RMSE: 14.1625, Train MAPE: 1.0311, Train WMAPE: 0.0368, 
Epoch: 126, Valid Loss: 10.3840, Valid RMSE: 35.2418, Valid MAPE: 3.0163, Valid WMAPE: 0.0596
No update
Iter: 000, Train Loss: 6.6307, Train RMSE: 14.0587, Train MAPE: 1.0215, Train WMAPE: 0.0368
Iter: 050, Train Loss: 6.5657, Train RMSE: 13.4149, Train MAPE: 0.6697, Train WMAPE: 0.0360
Epoch: 127, Training Time: 26.7821 secs
Epoch: 127, Inference Time: 5.4813 secs
Epoch: 127, Train Loss: 6.5144, Train RMSE: 14.0099, Train MAPE: 1.0699, Train WMAPE: 0.0364, 
Epoch: 127, Valid Loss: 10.4658, Valid RMSE: 35.1637, Valid MAPE: 2.8017, Valid WMAPE: 0.0601
No update
Iter: 000, Train Loss: 6.9801, Train RMSE: 14.5630, Train MAPE: 0.9808, Train WMAPE: 0.0388
Iter: 050, Train Loss: 6.5568, Train RMSE: 13.5003, Train MAPE: 0.7734, Train WMAPE: 0.0360
Epoch: 128, Training Time: 26.4881 secs
Epoch: 128, Inference Time: 4.2038 secs
Epoch: 128, Train Loss: 6.4630, Train RMSE: 13.9063, Train MAPE: 1.0038, Train WMAPE: 0.0361, 
Epoch: 128, Valid Loss: 10.2553, Valid RMSE: 35.0809, Valid MAPE: 2.7110, Valid WMAPE: 0.0589
###Update tasks appear###
Evaluate best model on test data for horizon 1, Test MAE: 9.3282, Test RMSE: 62.7416, Test MAPE: 6.2288, Test WMAPE: 0.0542
Evaluate best model on test data for horizon 2, Test MAE: 10.0104, Test RMSE: 53.3348, Test MAPE: 10.6733, Test WMAPE: 0.0581
Evaluate best model on test data for horizon 3, Test MAE: 9.9336, Test RMSE: 38.3948, Test MAPE: 13.9702, Test WMAPE: 0.0577
Evaluate best model on test data for horizon 4, Test MAE: 11.1257, Test RMSE: 41.7931, Test MAPE: 16.3356, Test WMAPE: 0.0646
Evaluate best model on test data for horizon 5, Test MAE: 12.2861, Test RMSE: 45.2579, Test MAPE: 17.2794, Test WMAPE: 0.0714
Evaluate best model on test data for horizon 6, Test MAE: 12.7005, Test RMSE: 41.5465, Test MAPE: 18.9189, Test WMAPE: 0.0738
Evaluate best model on test data for horizon 7, Test MAE: 13.3840, Test RMSE: 43.2675, Test MAPE: 18.6747, Test WMAPE: 0.0778
Evaluate best model on test data for horizon 8, Test MAE: 14.0925, Test RMSE: 45.0373, Test MAPE: 19.2334, Test WMAPE: 0.0819
Evaluate best model on test data for horizon 9, Test MAE: 14.3574, Test RMSE: 44.0758, Test MAPE: 19.0941, Test WMAPE: 0.0835
Evaluate best model on test data for horizon 10, Test MAE: 14.3329, Test RMSE: 41.2638, Test MAPE: 18.7792, Test WMAPE: 0.0834
Evaluate best model on test data for horizon 11, Test MAE: 15.3138, Test RMSE: 48.3906, Test MAPE: 18.6904, Test WMAPE: 0.0891
Evaluate best model on test data for horizon 12, Test MAE: 15.4705, Test RMSE: 47.8658, Test MAPE: 18.6429, Test WMAPE: 0.0900
On average over 12 horizons, Test MAE: 12.6946, Test RMSE: 46.0808, Test MAPE: 16.3767, Test WMAPE: 0.0738
Test low! Updating! Test Loss: 12.694632450739542, Test low! Updating! Valid Loss: 10.255302769797188, epoch:  128
Iter: 000, Train Loss: 6.9163, Train RMSE: 15.7959, Train MAPE: 0.8426, Train WMAPE: 0.0384
Iter: 050, Train Loss: 6.4277, Train RMSE: 13.2039, Train MAPE: 0.6418, Train WMAPE: 0.0352
Epoch: 129, Training Time: 26.4601 secs
Epoch: 129, Inference Time: 4.3820 secs
Epoch: 129, Train Loss: 6.4906, Train RMSE: 13.9481, Train MAPE: 1.0314, Train WMAPE: 0.0363, 
Epoch: 129, Valid Loss: 10.4985, Valid RMSE: 35.5972, Valid MAPE: 2.7675, Valid WMAPE: 0.0603
No update
Iter: 000, Train Loss: 6.8399, Train RMSE: 14.6082, Train MAPE: 0.9206, Train WMAPE: 0.0380
Iter: 050, Train Loss: 6.7077, Train RMSE: 13.6401, Train MAPE: 0.9847, Train WMAPE: 0.0368
Epoch: 130, Training Time: 27.9899 secs
Epoch: 130, Inference Time: 4.8907 secs
Epoch: 130, Train Loss: 6.4985, Train RMSE: 13.8998, Train MAPE: 1.0458, Train WMAPE: 0.0363, 
Epoch: 130, Valid Loss: 10.3916, Valid RMSE: 35.2591, Valid MAPE: 2.3382, Valid WMAPE: 0.0597
No update
Iter: 000, Train Loss: 6.6344, Train RMSE: 14.1435, Train MAPE: 0.8154, Train WMAPE: 0.0368
Iter: 050, Train Loss: 6.5959, Train RMSE: 13.4800, Train MAPE: 0.8014, Train WMAPE: 0.0362
Epoch: 131, Training Time: 27.2978 secs
Epoch: 131, Inference Time: 4.7928 secs
Epoch: 131, Train Loss: 6.4657, Train RMSE: 13.8623, Train MAPE: 1.0126, Train WMAPE: 0.0362, 
Epoch: 131, Valid Loss: 10.2915, Valid RMSE: 35.5058, Valid MAPE: 2.5908, Valid WMAPE: 0.0591
No update
Iter: 000, Train Loss: 6.5611, Train RMSE: 13.6190, Train MAPE: 0.8795, Train WMAPE: 0.0364
Iter: 050, Train Loss: 6.6301, Train RMSE: 13.7326, Train MAPE: 0.7141, Train WMAPE: 0.0364
Epoch: 132, Training Time: 26.2919 secs
Epoch: 132, Inference Time: 4.4950 secs
Epoch: 132, Train Loss: 6.4365, Train RMSE: 13.8088, Train MAPE: 1.0192, Train WMAPE: 0.0360, 
Epoch: 132, Valid Loss: 10.3032, Valid RMSE: 35.4712, Valid MAPE: 2.9376, Valid WMAPE: 0.0592
No update
Iter: 000, Train Loss: 6.4464, Train RMSE: 13.6802, Train MAPE: 0.9335, Train WMAPE: 0.0358
Iter: 050, Train Loss: 7.3666, Train RMSE: 15.3251, Train MAPE: 0.7686, Train WMAPE: 0.0404
Epoch: 133, Training Time: 26.5891 secs
Epoch: 133, Inference Time: 5.0828 secs
Epoch: 133, Train Loss: 6.4351, Train RMSE: 13.7816, Train MAPE: 1.0128, Train WMAPE: 0.0360, 
Epoch: 133, Valid Loss: 10.6511, Valid RMSE: 35.6462, Valid MAPE: 3.5227, Valid WMAPE: 0.0612
No update
Iter: 000, Train Loss: 6.7008, Train RMSE: 13.8819, Train MAPE: 1.1593, Train WMAPE: 0.0372
Iter: 050, Train Loss: 6.2989, Train RMSE: 12.7813, Train MAPE: 0.5991, Train WMAPE: 0.0345
Epoch: 134, Training Time: 26.4834 secs
Epoch: 134, Inference Time: 4.7039 secs
Epoch: 134, Train Loss: 6.3698, Train RMSE: 13.6809, Train MAPE: 1.0204, Train WMAPE: 0.0356, 
Epoch: 134, Valid Loss: 10.2838, Valid RMSE: 35.3737, Valid MAPE: 2.6258, Valid WMAPE: 0.0590
No update
Iter: 000, Train Loss: 6.4737, Train RMSE: 13.5850, Train MAPE: 0.7869, Train WMAPE: 0.0359
Iter: 050, Train Loss: 6.3311, Train RMSE: 13.0983, Train MAPE: 0.7776, Train WMAPE: 0.0347
Epoch: 135, Training Time: 26.8665 secs
Epoch: 135, Inference Time: 5.4165 secs
Epoch: 135, Train Loss: 6.3957, Train RMSE: 13.7241, Train MAPE: 1.0371, Train WMAPE: 0.0358, 
Epoch: 135, Valid Loss: 10.2881, Valid RMSE: 35.8087, Valid MAPE: 2.3231, Valid WMAPE: 0.0591
No update
Iter: 000, Train Loss: 6.4451, Train RMSE: 13.7885, Train MAPE: 0.7804, Train WMAPE: 0.0358
Iter: 050, Train Loss: 6.5808, Train RMSE: 13.4057, Train MAPE: 0.7986, Train WMAPE: 0.0361
Epoch: 136, Training Time: 25.9773 secs
Epoch: 136, Inference Time: 5.1059 secs
Epoch: 136, Train Loss: 6.3937, Train RMSE: 13.7285, Train MAPE: 0.9651, Train WMAPE: 0.0358, 
Epoch: 136, Valid Loss: 10.4037, Valid RMSE: 35.7015, Valid MAPE: 2.6892, Valid WMAPE: 0.0597
No update
Iter: 000, Train Loss: 6.6632, Train RMSE: 14.1305, Train MAPE: 0.9689, Train WMAPE: 0.0370
Iter: 050, Train Loss: 6.4902, Train RMSE: 13.1151, Train MAPE: 0.8086, Train WMAPE: 0.0356
Epoch: 137, Training Time: 26.3861 secs
Epoch: 137, Inference Time: 4.8982 secs
Epoch: 137, Train Loss: 6.3674, Train RMSE: 13.6179, Train MAPE: 1.0014, Train WMAPE: 0.0356, 
Epoch: 137, Valid Loss: 10.4072, Valid RMSE: 35.8492, Valid MAPE: 2.9351, Valid WMAPE: 0.0598
No update
Iter: 000, Train Loss: 6.3289, Train RMSE: 13.2143, Train MAPE: 0.9422, Train WMAPE: 0.0351
Iter: 050, Train Loss: 6.3796, Train RMSE: 12.7715, Train MAPE: 0.7926, Train WMAPE: 0.0350
Epoch: 138, Training Time: 26.9796 secs
Epoch: 138, Inference Time: 5.1809 secs
Epoch: 138, Train Loss: 6.3532, Train RMSE: 13.4895, Train MAPE: 1.2408, Train WMAPE: 0.0355, 
Epoch: 138, Valid Loss: 10.2729, Valid RMSE: 35.5725, Valid MAPE: 3.2904, Valid WMAPE: 0.0590
No update
Iter: 000, Train Loss: 6.2738, Train RMSE: 13.2136, Train MAPE: 0.8775, Train WMAPE: 0.0348
Iter: 050, Train Loss: 6.2533, Train RMSE: 12.8797, Train MAPE: 0.6375, Train WMAPE: 0.0343
Epoch: 139, Training Time: 26.9987 secs
Epoch: 139, Inference Time: 4.6915 secs
Epoch: 139, Train Loss: 6.3231, Train RMSE: 13.4414, Train MAPE: 1.2775, Train WMAPE: 0.0354, 
Epoch: 139, Valid Loss: 10.2715, Valid RMSE: 35.5173, Valid MAPE: 3.0408, Valid WMAPE: 0.0590
No update
Iter: 000, Train Loss: 6.3738, Train RMSE: 13.2469, Train MAPE: 1.1635, Train WMAPE: 0.0354
Iter: 050, Train Loss: 6.4254, Train RMSE: 12.7273, Train MAPE: 1.5077, Train WMAPE: 0.0352
Epoch: 140, Training Time: 25.5796 secs
Epoch: 140, Inference Time: 5.4081 secs
Epoch: 140, Train Loss: 6.3249, Train RMSE: 13.4494, Train MAPE: 1.2135, Train WMAPE: 0.0354, 
Epoch: 140, Valid Loss: 10.4384, Valid RMSE: 35.9992, Valid MAPE: 2.6221, Valid WMAPE: 0.0599
No update
Iter: 000, Train Loss: 6.5300, Train RMSE: 13.7445, Train MAPE: 0.8127, Train WMAPE: 0.0363
Iter: 050, Train Loss: 6.3527, Train RMSE: 13.1283, Train MAPE: 0.5828, Train WMAPE: 0.0348
Epoch: 141, Training Time: 25.0780 secs
Epoch: 141, Inference Time: 4.4797 secs
Epoch: 141, Train Loss: 6.3394, Train RMSE: 13.6475, Train MAPE: 0.9572, Train WMAPE: 0.0355, 
Epoch: 141, Valid Loss: 10.9124, Valid RMSE: 36.0981, Valid MAPE: 3.0158, Valid WMAPE: 0.0626
No update
Iter: 000, Train Loss: 7.3247, Train RMSE: 16.1656, Train MAPE: 0.9877, Train WMAPE: 0.0407
Iter: 050, Train Loss: 6.6548, Train RMSE: 13.4073, Train MAPE: 0.6785, Train WMAPE: 0.0365
Epoch: 142, Training Time: 25.7936 secs
Epoch: 142, Inference Time: 4.8036 secs
Epoch: 142, Train Loss: 6.3895, Train RMSE: 13.7143, Train MAPE: 1.0122, Train WMAPE: 0.0357, 
Epoch: 142, Valid Loss: 10.3597, Valid RMSE: 35.7562, Valid MAPE: 2.3010, Valid WMAPE: 0.0595
No update
Iter: 000, Train Loss: 6.3823, Train RMSE: 13.2662, Train MAPE: 0.7647, Train WMAPE: 0.0354
Iter: 050, Train Loss: 6.6788, Train RMSE: 13.7412, Train MAPE: 0.7115, Train WMAPE: 0.0366
Epoch: 143, Training Time: 27.5668 secs
Epoch: 143, Inference Time: 4.3980 secs
Epoch: 143, Train Loss: 6.3383, Train RMSE: 13.5852, Train MAPE: 0.9769, Train WMAPE: 0.0354, 
Epoch: 143, Valid Loss: 10.2845, Valid RMSE: 35.5411, Valid MAPE: 2.8106, Valid WMAPE: 0.0590
No update
Iter: 000, Train Loss: 6.4490, Train RMSE: 13.4774, Train MAPE: 0.8936, Train WMAPE: 0.0358
Iter: 050, Train Loss: 6.3380, Train RMSE: 12.9018, Train MAPE: 0.6964, Train WMAPE: 0.0348
Epoch: 144, Training Time: 26.6876 secs
Epoch: 144, Inference Time: 5.0981 secs
Epoch: 144, Train Loss: 6.3463, Train RMSE: 13.6026, Train MAPE: 1.0066, Train WMAPE: 0.0355, 
Epoch: 144, Valid Loss: 10.2356, Valid RMSE: 35.5083, Valid MAPE: 1.9511, Valid WMAPE: 0.0588
###Update tasks appear###
Evaluate best model on test data for horizon 1, Test MAE: 9.2710, Test RMSE: 62.5429, Test MAPE: 5.8973, Test WMAPE: 0.0538
Evaluate best model on test data for horizon 2, Test MAE: 9.9426, Test RMSE: 52.4255, Test MAPE: 10.4784, Test WMAPE: 0.0577
Evaluate best model on test data for horizon 3, Test MAE: 9.9474, Test RMSE: 38.3784, Test MAPE: 13.7569, Test WMAPE: 0.0578
Evaluate best model on test data for horizon 4, Test MAE: 11.1600, Test RMSE: 41.8359, Test MAPE: 16.0610, Test WMAPE: 0.0648
Evaluate best model on test data for horizon 5, Test MAE: 12.3631, Test RMSE: 45.4914, Test MAPE: 17.2626, Test WMAPE: 0.0718
Evaluate best model on test data for horizon 6, Test MAE: 12.7051, Test RMSE: 42.3674, Test MAPE: 18.2537, Test WMAPE: 0.0738
Evaluate best model on test data for horizon 7, Test MAE: 13.4723, Test RMSE: 43.5980, Test MAPE: 18.6484, Test WMAPE: 0.0783
Evaluate best model on test data for horizon 8, Test MAE: 14.1193, Test RMSE: 45.6206, Test MAPE: 18.9096, Test WMAPE: 0.0821
Evaluate best model on test data for horizon 9, Test MAE: 14.4237, Test RMSE: 45.0462, Test MAPE: 19.2262, Test WMAPE: 0.0839
Evaluate best model on test data for horizon 10, Test MAE: 14.3310, Test RMSE: 41.9728, Test MAPE: 19.0962, Test WMAPE: 0.0834
Evaluate best model on test data for horizon 11, Test MAE: 15.1860, Test RMSE: 48.5919, Test MAPE: 19.1718, Test WMAPE: 0.0883
Evaluate best model on test data for horizon 12, Test MAE: 15.3405, Test RMSE: 48.5265, Test MAPE: 19.1206, Test WMAPE: 0.0892
On average over 12 horizons, Test MAE: 12.6885, Test RMSE: 46.3665, Test MAPE: 16.3236, Test WMAPE: 0.0738
Test low! Updating! Test Loss: 12.688520113627115, Test low! Updating! Valid Loss: 10.235581500189644, epoch:  144
Iter: 000, Train Loss: 6.2704, Train RMSE: 13.3794, Train MAPE: 0.6555, Train WMAPE: 0.0348
Iter: 050, Train Loss: 6.3145, Train RMSE: 13.0180, Train MAPE: 0.8145, Train WMAPE: 0.0346
Epoch: 145, Training Time: 26.7441 secs
Epoch: 145, Inference Time: 4.8877 secs
Epoch: 145, Train Loss: 6.2676, Train RMSE: 13.4697, Train MAPE: 0.9352, Train WMAPE: 0.0350, 
Epoch: 145, Valid Loss: 10.3975, Valid RMSE: 35.3506, Valid MAPE: 2.3896, Valid WMAPE: 0.0597
No update
Iter: 000, Train Loss: 6.8700, Train RMSE: 14.3116, Train MAPE: 0.6836, Train WMAPE: 0.0381
Iter: 050, Train Loss: 6.2933, Train RMSE: 13.0453, Train MAPE: 0.7644, Train WMAPE: 0.0345
Epoch: 146, Training Time: 25.9891 secs
Epoch: 146, Inference Time: 4.2950 secs
Epoch: 146, Train Loss: 6.2632, Train RMSE: 13.3853, Train MAPE: 0.9596, Train WMAPE: 0.0350, 
Epoch: 146, Valid Loss: 10.2905, Valid RMSE: 35.2312, Valid MAPE: 2.5067, Valid WMAPE: 0.0591
No update
Iter: 000, Train Loss: 6.4578, Train RMSE: 13.7512, Train MAPE: 0.7788, Train WMAPE: 0.0359
Iter: 050, Train Loss: 6.1616, Train RMSE: 12.6733, Train MAPE: 0.7811, Train WMAPE: 0.0338
Epoch: 147, Training Time: 26.3816 secs
Epoch: 147, Inference Time: 4.8019 secs
Epoch: 147, Train Loss: 6.2898, Train RMSE: 13.4687, Train MAPE: 0.9468, Train WMAPE: 0.0352, 
Epoch: 147, Valid Loss: 10.3049, Valid RMSE: 35.3986, Valid MAPE: 2.5927, Valid WMAPE: 0.0592
No update
Iter: 000, Train Loss: 6.3589, Train RMSE: 13.2398, Train MAPE: 0.8670, Train WMAPE: 0.0353
Iter: 050, Train Loss: 6.2540, Train RMSE: 12.8946, Train MAPE: 0.6870, Train WMAPE: 0.0343
Epoch: 148, Training Time: 26.5769 secs
Epoch: 148, Inference Time: 4.7044 secs
Epoch: 148, Train Loss: 6.2483, Train RMSE: 13.3474, Train MAPE: 1.0020, Train WMAPE: 0.0349, 
Epoch: 148, Valid Loss: 10.5338, Valid RMSE: 35.3087, Valid MAPE: 3.9702, Valid WMAPE: 0.0605
No update
Iter: 000, Train Loss: 6.5811, Train RMSE: 13.3325, Train MAPE: 1.4366, Train WMAPE: 0.0365
Iter: 050, Train Loss: 6.2899, Train RMSE: 12.7327, Train MAPE: 0.7660, Train WMAPE: 0.0345
Epoch: 149, Training Time: 26.4685 secs
Epoch: 149, Inference Time: 4.3114 secs
Epoch: 149, Train Loss: 6.3136, Train RMSE: 13.2982, Train MAPE: 1.3242, Train WMAPE: 0.0353, 
Epoch: 149, Valid Loss: 10.2015, Valid RMSE: 34.9044, Valid MAPE: 3.6589, Valid WMAPE: 0.0586
###Update tasks appear###
Evaluate best model on test data for horizon 1, Test MAE: 9.2724, Test RMSE: 62.6294, Test MAPE: 6.7791, Test WMAPE: 0.0538
Evaluate best model on test data for horizon 2, Test MAE: 9.9107, Test RMSE: 52.4535, Test MAPE: 11.2323, Test WMAPE: 0.0575
Evaluate best model on test data for horizon 3, Test MAE: 9.9025, Test RMSE: 38.2661, Test MAPE: 14.5544, Test WMAPE: 0.0575
Evaluate best model on test data for horizon 4, Test MAE: 11.0845, Test RMSE: 41.3257, Test MAPE: 16.7714, Test WMAPE: 0.0644
Evaluate best model on test data for horizon 5, Test MAE: 12.2590, Test RMSE: 45.0081, Test MAPE: 17.8581, Test WMAPE: 0.0712
Evaluate best model on test data for horizon 6, Test MAE: 12.5637, Test RMSE: 41.6304, Test MAPE: 18.6944, Test WMAPE: 0.0730
Evaluate best model on test data for horizon 7, Test MAE: 13.3401, Test RMSE: 43.0156, Test MAPE: 19.2509, Test WMAPE: 0.0776
Evaluate best model on test data for horizon 8, Test MAE: 14.0314, Test RMSE: 44.9481, Test MAPE: 19.7286, Test WMAPE: 0.0816
Evaluate best model on test data for horizon 9, Test MAE: 14.3573, Test RMSE: 44.3241, Test MAPE: 19.9099, Test WMAPE: 0.0835
Evaluate best model on test data for horizon 10, Test MAE: 14.2647, Test RMSE: 41.4729, Test MAPE: 19.6290, Test WMAPE: 0.0830
Evaluate best model on test data for horizon 11, Test MAE: 15.1418, Test RMSE: 48.0174, Test MAPE: 19.6171, Test WMAPE: 0.0881
Evaluate best model on test data for horizon 12, Test MAE: 15.3423, Test RMSE: 48.0452, Test MAPE: 19.6195, Test WMAPE: 0.0893
On average over 12 horizons, Test MAE: 12.6225, Test RMSE: 45.9280, Test MAPE: 16.9704, Test WMAPE: 0.0734
Test low! Updating! Test Loss: 12.622519890467325, Test low! Updating! Valid Loss: 10.201534714017596, epoch:  149
Iter: 000, Train Loss: 6.1915, Train RMSE: 13.0280, Train MAPE: 1.0493, Train WMAPE: 0.0344
Iter: 050, Train Loss: 6.3882, Train RMSE: 12.6358, Train MAPE: 0.9851, Train WMAPE: 0.0350
Epoch: 150, Training Time: 26.4609 secs
Epoch: 150, Inference Time: 4.3962 secs
Epoch: 150, Train Loss: 6.2159, Train RMSE: 13.1794, Train MAPE: 1.2127, Train WMAPE: 0.0348, 
Epoch: 150, Valid Loss: 10.3072, Valid RMSE: 34.9560, Valid MAPE: 4.7310, Valid WMAPE: 0.0592
No update
Iter: 000, Train Loss: 6.2328, Train RMSE: 12.8634, Train MAPE: 1.5442, Train WMAPE: 0.0346
Iter: 050, Train Loss: 6.1866, Train RMSE: 12.6271, Train MAPE: 0.6822, Train WMAPE: 0.0339
Epoch: 151, Training Time: 25.5806 secs
Epoch: 151, Inference Time: 5.0926 secs
Epoch: 151, Train Loss: 6.2257, Train RMSE: 13.1970, Train MAPE: 1.2132, Train WMAPE: 0.0348, 
Epoch: 151, Valid Loss: 10.3279, Valid RMSE: 35.0173, Valid MAPE: 5.4036, Valid WMAPE: 0.0593
No update
Iter: 000, Train Loss: 6.4818, Train RMSE: 13.3509, Train MAPE: 1.8436, Train WMAPE: 0.0360
Iter: 050, Train Loss: 6.1573, Train RMSE: 12.4169, Train MAPE: 0.7687, Train WMAPE: 0.0338
Epoch: 152, Training Time: 25.9846 secs
Epoch: 152, Inference Time: 4.6786 secs
Epoch: 152, Train Loss: 6.2635, Train RMSE: 13.2990, Train MAPE: 1.2032, Train WMAPE: 0.0350, 
Epoch: 152, Valid Loss: 10.4875, Valid RMSE: 35.8264, Valid MAPE: 3.1868, Valid WMAPE: 0.0602
No update
Iter: 000, Train Loss: 6.4963, Train RMSE: 14.0047, Train MAPE: 0.9543, Train WMAPE: 0.0361
Iter: 050, Train Loss: 6.1757, Train RMSE: 12.7024, Train MAPE: 0.9917, Train WMAPE: 0.0339
Epoch: 153, Training Time: 27.3792 secs
Epoch: 153, Inference Time: 4.2944 secs
Epoch: 153, Train Loss: 6.2791, Train RMSE: 13.3442, Train MAPE: 1.2237, Train WMAPE: 0.0351, 
Epoch: 153, Valid Loss: 10.3020, Valid RMSE: 35.5006, Valid MAPE: 2.4058, Valid WMAPE: 0.0591
No update
Iter: 000, Train Loss: 6.2835, Train RMSE: 13.1254, Train MAPE: 0.8288, Train WMAPE: 0.0349
Iter: 050, Train Loss: 6.1667, Train RMSE: 12.5942, Train MAPE: 0.8619, Train WMAPE: 0.0338
Epoch: 154, Training Time: 27.4905 secs
Epoch: 154, Inference Time: 4.6975 secs
Epoch: 154, Train Loss: 6.2177, Train RMSE: 13.3035, Train MAPE: 1.0728, Train WMAPE: 0.0348, 
Epoch: 154, Valid Loss: 10.4433, Valid RMSE: 35.5198, Valid MAPE: 3.7060, Valid WMAPE: 0.0600
No update
Iter: 000, Train Loss: 6.4037, Train RMSE: 13.1543, Train MAPE: 1.3756, Train WMAPE: 0.0356
Iter: 050, Train Loss: 6.3927, Train RMSE: 13.0441, Train MAPE: 0.8276, Train WMAPE: 0.0351
Epoch: 155, Training Time: 27.3762 secs
Epoch: 155, Inference Time: 5.2062 secs
Epoch: 155, Train Loss: 6.2323, Train RMSE: 13.3674, Train MAPE: 1.0044, Train WMAPE: 0.0348, 
Epoch: 155, Valid Loss: 10.3349, Valid RMSE: 36.0174, Valid MAPE: 2.4364, Valid WMAPE: 0.0593
No update
Iter: 000, Train Loss: 6.4437, Train RMSE: 14.1965, Train MAPE: 0.8246, Train WMAPE: 0.0358
Iter: 050, Train Loss: 6.5867, Train RMSE: 13.8400, Train MAPE: 0.5974, Train WMAPE: 0.0361
Epoch: 156, Training Time: 27.5827 secs
Epoch: 156, Inference Time: 4.1910 secs
Epoch: 156, Train Loss: 6.2438, Train RMSE: 13.3763, Train MAPE: 1.0093, Train WMAPE: 0.0349, 
Epoch: 156, Valid Loss: 10.2979, Valid RMSE: 35.4362, Valid MAPE: 2.8455, Valid WMAPE: 0.0591
No update
Iter: 000, Train Loss: 6.2591, Train RMSE: 13.0643, Train MAPE: 1.0243, Train WMAPE: 0.0347
Iter: 050, Train Loss: 6.1210, Train RMSE: 12.5112, Train MAPE: 0.7719, Train WMAPE: 0.0336
Epoch: 157, Training Time: 27.0925 secs
Epoch: 157, Inference Time: 4.5822 secs
Epoch: 157, Train Loss: 6.1882, Train RMSE: 13.1529, Train MAPE: 1.2145, Train WMAPE: 0.0346, 
Epoch: 157, Valid Loss: 10.2197, Valid RMSE: 35.4197, Valid MAPE: 2.5686, Valid WMAPE: 0.0587
No update
Iter: 000, Train Loss: 6.3769, Train RMSE: 13.3222, Train MAPE: 0.8379, Train WMAPE: 0.0354
Iter: 050, Train Loss: 6.1089, Train RMSE: 12.3403, Train MAPE: 1.0576, Train WMAPE: 0.0335
Epoch: 158, Training Time: 26.2890 secs
Epoch: 158, Inference Time: 4.2989 secs
Epoch: 158, Train Loss: 6.1459, Train RMSE: 13.0843, Train MAPE: 1.1426, Train WMAPE: 0.0344, 
Epoch: 158, Valid Loss: 10.2498, Valid RMSE: 35.0953, Valid MAPE: 2.8228, Valid WMAPE: 0.0589
No update
Iter: 000, Train Loss: 6.3774, Train RMSE: 13.2529, Train MAPE: 0.8076, Train WMAPE: 0.0354
Iter: 050, Train Loss: 6.0593, Train RMSE: 12.4059, Train MAPE: 0.6447, Train WMAPE: 0.0332
Epoch: 159, Training Time: 26.8812 secs
Epoch: 159, Inference Time: 4.5946 secs
Epoch: 159, Train Loss: 6.1624, Train RMSE: 13.1252, Train MAPE: 1.1518, Train WMAPE: 0.0345, 
Epoch: 159, Valid Loss: 10.2207, Valid RMSE: 35.6427, Valid MAPE: 3.3062, Valid WMAPE: 0.0587
No update
Iter: 000, Train Loss: 6.1821, Train RMSE: 13.0383, Train MAPE: 0.9743, Train WMAPE: 0.0343
Iter: 050, Train Loss: 6.1834, Train RMSE: 12.5279, Train MAPE: 0.8243, Train WMAPE: 0.0339
Epoch: 160, Training Time: 27.9036 secs
Epoch: 160, Inference Time: 5.0942 secs
Epoch: 160, Train Loss: 6.1414, Train RMSE: 13.1011, Train MAPE: 1.0638, Train WMAPE: 0.0343, 
Epoch: 160, Valid Loss: 10.2809, Valid RMSE: 35.3861, Valid MAPE: 1.8072, Valid WMAPE: 0.0590
No update
Iter: 000, Train Loss: 6.3355, Train RMSE: 13.1863, Train MAPE: 0.6081, Train WMAPE: 0.0352
Iter: 050, Train Loss: 6.1850, Train RMSE: 12.6026, Train MAPE: 0.8180, Train WMAPE: 0.0339
Epoch: 161, Training Time: 26.6840 secs
Epoch: 161, Inference Time: 4.7988 secs
Epoch: 161, Train Loss: 6.1457, Train RMSE: 13.1653, Train MAPE: 0.8835, Train WMAPE: 0.0344, 
Epoch: 161, Valid Loss: 10.2038, Valid RMSE: 35.4539, Valid MAPE: 2.4554, Valid WMAPE: 0.0586
No update
Iter: 000, Train Loss: 6.1362, Train RMSE: 12.8624, Train MAPE: 0.8205, Train WMAPE: 0.0341
Iter: 050, Train Loss: 6.2739, Train RMSE: 12.9424, Train MAPE: 0.8004, Train WMAPE: 0.0344
Epoch: 162, Training Time: 26.9880 secs
Epoch: 162, Inference Time: 4.2918 secs
Epoch: 162, Train Loss: 6.1658, Train RMSE: 13.2359, Train MAPE: 0.9700, Train WMAPE: 0.0345, 
Epoch: 162, Valid Loss: 10.2117, Valid RMSE: 35.6106, Valid MAPE: 2.7095, Valid WMAPE: 0.0586
No update
Iter: 000, Train Loss: 6.2967, Train RMSE: 13.3158, Train MAPE: 0.8449, Train WMAPE: 0.0350
Iter: 050, Train Loss: 6.0477, Train RMSE: 12.2996, Train MAPE: 0.6131, Train WMAPE: 0.0332
Epoch: 163, Training Time: 27.7752 secs
Epoch: 163, Inference Time: 4.5035 secs
Epoch: 163, Train Loss: 6.1359, Train RMSE: 13.1443, Train MAPE: 0.9599, Train WMAPE: 0.0343, 
Epoch: 163, Valid Loss: 10.3034, Valid RMSE: 34.9745, Valid MAPE: 2.4878, Valid WMAPE: 0.0592
No update
Iter: 000, Train Loss: 6.3379, Train RMSE: 13.1796, Train MAPE: 0.8524, Train WMAPE: 0.0352
Iter: 050, Train Loss: 6.0677, Train RMSE: 12.4086, Train MAPE: 0.6849, Train WMAPE: 0.0333
Epoch: 164, Training Time: 25.4754 secs
Epoch: 164, Inference Time: 4.7034 secs
Epoch: 164, Train Loss: 6.1390, Train RMSE: 13.1001, Train MAPE: 0.9305, Train WMAPE: 0.0343, 
Epoch: 164, Valid Loss: 10.1605, Valid RMSE: 35.2322, Valid MAPE: 2.4025, Valid WMAPE: 0.0583
###Update tasks appear###
Evaluate best model on test data for horizon 1, Test MAE: 9.2383, Test RMSE: 62.1288, Test MAPE: 6.6401, Test WMAPE: 0.0536
Evaluate best model on test data for horizon 2, Test MAE: 9.9197, Test RMSE: 51.8903, Test MAPE: 11.1118, Test WMAPE: 0.0576
Evaluate best model on test data for horizon 3, Test MAE: 9.9430, Test RMSE: 38.0305, Test MAPE: 14.1297, Test WMAPE: 0.0578
Evaluate best model on test data for horizon 4, Test MAE: 11.1056, Test RMSE: 41.4769, Test MAPE: 16.2335, Test WMAPE: 0.0645
Evaluate best model on test data for horizon 5, Test MAE: 12.2963, Test RMSE: 45.1470, Test MAPE: 17.1693, Test WMAPE: 0.0715
Evaluate best model on test data for horizon 6, Test MAE: 12.6677, Test RMSE: 42.4582, Test MAPE: 18.2384, Test WMAPE: 0.0736
Evaluate best model on test data for horizon 7, Test MAE: 13.4002, Test RMSE: 43.4981, Test MAPE: 18.7224, Test WMAPE: 0.0779
Evaluate best model on test data for horizon 8, Test MAE: 14.0298, Test RMSE: 45.2561, Test MAPE: 18.9725, Test WMAPE: 0.0816
Evaluate best model on test data for horizon 9, Test MAE: 14.4497, Test RMSE: 45.2653, Test MAPE: 19.1394, Test WMAPE: 0.0840
Evaluate best model on test data for horizon 10, Test MAE: 14.4518, Test RMSE: 42.5995, Test MAPE: 18.8020, Test WMAPE: 0.0841
Evaluate best model on test data for horizon 11, Test MAE: 15.2945, Test RMSE: 48.6087, Test MAPE: 18.8763, Test WMAPE: 0.0890
Evaluate best model on test data for horizon 12, Test MAE: 15.4956, Test RMSE: 48.9187, Test MAPE: 18.8503, Test WMAPE: 0.0901
On average over 12 horizons, Test MAE: 12.6910, Test RMSE: 46.2732, Test MAPE: 16.4071, Test WMAPE: 0.0738
No update
Iter: 000, Train Loss: 6.2969, Train RMSE: 13.4364, Train MAPE: 0.8316, Train WMAPE: 0.0350
Iter: 050, Train Loss: 6.0042, Train RMSE: 12.4255, Train MAPE: 0.6379, Train WMAPE: 0.0329
Epoch: 165, Training Time: 25.5727 secs
Epoch: 165, Inference Time: 4.0956 secs
Epoch: 165, Train Loss: 6.1172, Train RMSE: 13.1264, Train MAPE: 0.9311, Train WMAPE: 0.0342, 
Epoch: 165, Valid Loss: 10.2872, Valid RMSE: 35.4656, Valid MAPE: 2.7878, Valid WMAPE: 0.0591
No update
Iter: 000, Train Loss: 6.2121, Train RMSE: 12.8285, Train MAPE: 0.8788, Train WMAPE: 0.0345
Iter: 050, Train Loss: 6.0585, Train RMSE: 12.3071, Train MAPE: 0.6920, Train WMAPE: 0.0332
Epoch: 166, Training Time: 26.6851 secs
Epoch: 166, Inference Time: 4.4065 secs
Epoch: 166, Train Loss: 6.0892, Train RMSE: 13.0552, Train MAPE: 0.9581, Train WMAPE: 0.0341, 
Epoch: 166, Valid Loss: 10.2069, Valid RMSE: 35.8116, Valid MAPE: 2.3152, Valid WMAPE: 0.0586
No update
Iter: 000, Train Loss: 6.1481, Train RMSE: 12.9452, Train MAPE: 0.8183, Train WMAPE: 0.0341
Iter: 050, Train Loss: 6.5756, Train RMSE: 13.6860, Train MAPE: 0.7018, Train WMAPE: 0.0361
Epoch: 167, Training Time: 25.3766 secs
Epoch: 167, Inference Time: 4.1960 secs
Epoch: 167, Train Loss: 6.1438, Train RMSE: 13.2132, Train MAPE: 0.9263, Train WMAPE: 0.0344, 
Epoch: 167, Valid Loss: 10.1714, Valid RMSE: 35.4827, Valid MAPE: 2.3485, Valid WMAPE: 0.0584
###Update tasks appear###
Evaluate best model on test data for horizon 1, Test MAE: 9.1348, Test RMSE: 62.2396, Test MAPE: 6.5037, Test WMAPE: 0.0530
Evaluate best model on test data for horizon 2, Test MAE: 9.8204, Test RMSE: 52.1446, Test MAPE: 10.9279, Test WMAPE: 0.0570
Evaluate best model on test data for horizon 3, Test MAE: 9.9144, Test RMSE: 38.1695, Test MAPE: 13.9673, Test WMAPE: 0.0576
Evaluate best model on test data for horizon 4, Test MAE: 11.0644, Test RMSE: 41.3350, Test MAPE: 15.9459, Test WMAPE: 0.0643
Evaluate best model on test data for horizon 5, Test MAE: 12.2207, Test RMSE: 45.1943, Test MAPE: 17.0209, Test WMAPE: 0.0710
Evaluate best model on test data for horizon 6, Test MAE: 12.6576, Test RMSE: 42.4913, Test MAPE: 18.0135, Test WMAPE: 0.0736
Evaluate best model on test data for horizon 7, Test MAE: 13.3025, Test RMSE: 43.2566, Test MAPE: 18.1975, Test WMAPE: 0.0773
Evaluate best model on test data for horizon 8, Test MAE: 13.9857, Test RMSE: 45.2563, Test MAPE: 18.4427, Test WMAPE: 0.0813
Evaluate best model on test data for horizon 9, Test MAE: 14.3608, Test RMSE: 45.1879, Test MAPE: 18.8370, Test WMAPE: 0.0835
Evaluate best model on test data for horizon 10, Test MAE: 14.3154, Test RMSE: 42.5378, Test MAPE: 18.3405, Test WMAPE: 0.0833
Evaluate best model on test data for horizon 11, Test MAE: 15.1275, Test RMSE: 48.5280, Test MAPE: 18.8379, Test WMAPE: 0.0880
Evaluate best model on test data for horizon 12, Test MAE: 15.3781, Test RMSE: 48.7591, Test MAPE: 19.0666, Test WMAPE: 0.0895
On average over 12 horizons, Test MAE: 12.6069, Test RMSE: 46.2583, Test MAPE: 16.1751, Test WMAPE: 0.0733
Test low! Updating! Test Loss: 12.606860796610514, Test low! Updating! Valid Loss: 10.171392679214478, epoch:  167
Iter: 000, Train Loss: 6.2602, Train RMSE: 13.2357, Train MAPE: 0.7038, Train WMAPE: 0.0348
Iter: 050, Train Loss: 6.3799, Train RMSE: 13.0323, Train MAPE: 0.7171, Train WMAPE: 0.0350
Epoch: 168, Training Time: 25.7531 secs
Epoch: 168, Inference Time: 4.3955 secs
Epoch: 168, Train Loss: 6.1258, Train RMSE: 13.1278, Train MAPE: 0.9299, Train WMAPE: 0.0343, 
Epoch: 168, Valid Loss: 10.2747, Valid RMSE: 35.8126, Valid MAPE: 2.5935, Valid WMAPE: 0.0590
No update
Iter: 000, Train Loss: 6.1591, Train RMSE: 12.9640, Train MAPE: 0.9334, Train WMAPE: 0.0342
Iter: 050, Train Loss: 6.0541, Train RMSE: 12.4485, Train MAPE: 0.7174, Train WMAPE: 0.0332
Epoch: 169, Training Time: 25.8743 secs
Epoch: 169, Inference Time: 4.7970 secs
Epoch: 169, Train Loss: 6.0652, Train RMSE: 12.9898, Train MAPE: 0.9159, Train WMAPE: 0.0339, 
Epoch: 169, Valid Loss: 10.3487, Valid RMSE: 35.3286, Valid MAPE: 3.6977, Valid WMAPE: 0.0594
No update
Iter: 000, Train Loss: 6.3686, Train RMSE: 13.0572, Train MAPE: 1.3909, Train WMAPE: 0.0354
Iter: 050, Train Loss: 6.0307, Train RMSE: 12.4112, Train MAPE: 0.7036, Train WMAPE: 0.0331
Epoch: 170, Training Time: 26.1005 secs
Epoch: 170, Inference Time: 4.4831 secs
Epoch: 170, Train Loss: 6.0253, Train RMSE: 12.9106, Train MAPE: 0.9614, Train WMAPE: 0.0337, 
Epoch: 170, Valid Loss: 10.1677, Valid RMSE: 35.5022, Valid MAPE: 2.6632, Valid WMAPE: 0.0584
###Update tasks appear###
Evaluate best model on test data for horizon 1, Test MAE: 9.1670, Test RMSE: 62.2165, Test MAPE: 6.9451, Test WMAPE: 0.0532
Evaluate best model on test data for horizon 2, Test MAE: 9.8406, Test RMSE: 52.3836, Test MAPE: 11.1760, Test WMAPE: 0.0571
Evaluate best model on test data for horizon 3, Test MAE: 9.8538, Test RMSE: 38.3017, Test MAPE: 14.1958, Test WMAPE: 0.0572
Evaluate best model on test data for horizon 4, Test MAE: 11.1152, Test RMSE: 41.8950, Test MAPE: 16.2111, Test WMAPE: 0.0646
Evaluate best model on test data for horizon 5, Test MAE: 12.2671, Test RMSE: 45.5683, Test MAPE: 17.1193, Test WMAPE: 0.0713
Evaluate best model on test data for horizon 6, Test MAE: 12.7234, Test RMSE: 42.6656, Test MAPE: 18.0301, Test WMAPE: 0.0740
Evaluate best model on test data for horizon 7, Test MAE: 13.3565, Test RMSE: 43.6464, Test MAPE: 18.4229, Test WMAPE: 0.0777
Evaluate best model on test data for horizon 8, Test MAE: 13.9995, Test RMSE: 45.4428, Test MAPE: 18.5197, Test WMAPE: 0.0814
Evaluate best model on test data for horizon 9, Test MAE: 14.3543, Test RMSE: 45.3977, Test MAPE: 18.7909, Test WMAPE: 0.0835
Evaluate best model on test data for horizon 10, Test MAE: 14.2774, Test RMSE: 42.5980, Test MAPE: 18.7195, Test WMAPE: 0.0830
Evaluate best model on test data for horizon 11, Test MAE: 15.1932, Test RMSE: 48.4639, Test MAPE: 19.4939, Test WMAPE: 0.0884
Evaluate best model on test data for horizon 12, Test MAE: 15.2594, Test RMSE: 48.6659, Test MAPE: 18.7638, Test WMAPE: 0.0888
On average over 12 horizons, Test MAE: 12.6173, Test RMSE: 46.4371, Test MAPE: 16.3657, Test WMAPE: 0.0733
No update
Iter: 000, Train Loss: 6.1732, Train RMSE: 13.0380, Train MAPE: 0.8614, Train WMAPE: 0.0343
Iter: 050, Train Loss: 5.9888, Train RMSE: 12.1463, Train MAPE: 0.7596, Train WMAPE: 0.0328
Epoch: 171, Training Time: 26.8805 secs
Epoch: 171, Inference Time: 4.4890 secs
Epoch: 171, Train Loss: 6.0269, Train RMSE: 12.9420, Train MAPE: 0.9239, Train WMAPE: 0.0337, 
Epoch: 171, Valid Loss: 10.1070, Valid RMSE: 35.2337, Valid MAPE: 2.2139, Valid WMAPE: 0.0580
###Update tasks appear###
Evaluate best model on test data for horizon 1, Test MAE: 9.2687, Test RMSE: 62.0348, Test MAPE: 7.0279, Test WMAPE: 0.0538
Evaluate best model on test data for horizon 2, Test MAE: 9.8809, Test RMSE: 52.0800, Test MAPE: 11.2561, Test WMAPE: 0.0574
Evaluate best model on test data for horizon 3, Test MAE: 9.9129, Test RMSE: 38.1787, Test MAPE: 14.1371, Test WMAPE: 0.0576
Evaluate best model on test data for horizon 4, Test MAE: 11.1586, Test RMSE: 41.8068, Test MAPE: 16.1268, Test WMAPE: 0.0648
Evaluate best model on test data for horizon 5, Test MAE: 12.4329, Test RMSE: 45.3027, Test MAPE: 17.0280, Test WMAPE: 0.0722
Evaluate best model on test data for horizon 6, Test MAE: 12.7007, Test RMSE: 42.5659, Test MAPE: 17.8295, Test WMAPE: 0.0738
Evaluate best model on test data for horizon 7, Test MAE: 13.3488, Test RMSE: 43.7129, Test MAPE: 18.3930, Test WMAPE: 0.0776
Evaluate best model on test data for horizon 8, Test MAE: 13.9752, Test RMSE: 45.3789, Test MAPE: 18.6121, Test WMAPE: 0.0813
Evaluate best model on test data for horizon 9, Test MAE: 14.3274, Test RMSE: 45.2667, Test MAPE: 18.8308, Test WMAPE: 0.0833
Evaluate best model on test data for horizon 10, Test MAE: 14.3066, Test RMSE: 42.6201, Test MAPE: 18.6647, Test WMAPE: 0.0832
Evaluate best model on test data for horizon 11, Test MAE: 15.1684, Test RMSE: 48.6387, Test MAPE: 19.0993, Test WMAPE: 0.0882
Evaluate best model on test data for horizon 12, Test MAE: 15.3308, Test RMSE: 48.8344, Test MAPE: 18.7826, Test WMAPE: 0.0892
On average over 12 horizons, Test MAE: 12.6510, Test RMSE: 46.3684, Test MAPE: 16.3157, Test WMAPE: 0.0735
No update
Iter: 000, Train Loss: 6.2860, Train RMSE: 13.2966, Train MAPE: 0.7402, Train WMAPE: 0.0349
Iter: 050, Train Loss: 5.9967, Train RMSE: 12.2583, Train MAPE: 0.6969, Train WMAPE: 0.0329
Epoch: 172, Training Time: 27.0783 secs
Epoch: 172, Inference Time: 4.3875 secs
Epoch: 172, Train Loss: 6.0485, Train RMSE: 12.9444, Train MAPE: 0.9454, Train WMAPE: 0.0338, 
Epoch: 172, Valid Loss: 10.4124, Valid RMSE: 35.4902, Valid MAPE: 3.9472, Valid WMAPE: 0.0598
No update
Iter: 000, Train Loss: 6.4026, Train RMSE: 13.0610, Train MAPE: 1.4090, Train WMAPE: 0.0355
Iter: 050, Train Loss: 5.9774, Train RMSE: 12.2061, Train MAPE: 0.5047, Train WMAPE: 0.0328
Epoch: 173, Training Time: 26.6787 secs
Epoch: 173, Inference Time: 4.4786 secs
Epoch: 173, Train Loss: 6.0521, Train RMSE: 12.8473, Train MAPE: 1.1673, Train WMAPE: 0.0338, 
Epoch: 173, Valid Loss: 10.0787, Valid RMSE: 35.2616, Valid MAPE: 2.2407, Valid WMAPE: 0.0579
###Update tasks appear###
Evaluate best model on test data for horizon 1, Test MAE: 9.1016, Test RMSE: 62.0243, Test MAPE: 6.7093, Test WMAPE: 0.0528
Evaluate best model on test data for horizon 2, Test MAE: 9.8076, Test RMSE: 52.0872, Test MAPE: 11.1395, Test WMAPE: 0.0569
Evaluate best model on test data for horizon 3, Test MAE: 9.8279, Test RMSE: 38.2204, Test MAPE: 14.1049, Test WMAPE: 0.0571
Evaluate best model on test data for horizon 4, Test MAE: 11.0980, Test RMSE: 41.6569, Test MAPE: 16.0335, Test WMAPE: 0.0645
Evaluate best model on test data for horizon 5, Test MAE: 12.2979, Test RMSE: 45.2425, Test MAPE: 17.0218, Test WMAPE: 0.0715
Evaluate best model on test data for horizon 6, Test MAE: 12.6669, Test RMSE: 42.6428, Test MAPE: 17.8701, Test WMAPE: 0.0736
Evaluate best model on test data for horizon 7, Test MAE: 13.3923, Test RMSE: 43.6186, Test MAPE: 18.3011, Test WMAPE: 0.0779
Evaluate best model on test data for horizon 8, Test MAE: 13.9947, Test RMSE: 45.2224, Test MAPE: 18.5393, Test WMAPE: 0.0814
Evaluate best model on test data for horizon 9, Test MAE: 14.3411, Test RMSE: 45.2150, Test MAPE: 18.8250, Test WMAPE: 0.0834
Evaluate best model on test data for horizon 10, Test MAE: 14.3175, Test RMSE: 42.6864, Test MAPE: 18.7267, Test WMAPE: 0.0833
Evaluate best model on test data for horizon 11, Test MAE: 15.1061, Test RMSE: 48.3454, Test MAPE: 18.9567, Test WMAPE: 0.0879
Evaluate best model on test data for horizon 12, Test MAE: 15.2880, Test RMSE: 48.7167, Test MAPE: 18.9288, Test WMAPE: 0.0889
On average over 12 horizons, Test MAE: 12.6033, Test RMSE: 46.3065, Test MAPE: 16.2631, Test WMAPE: 0.0733
Test low! Updating! Test Loss: 12.603304465611776, Test low! Updating! Valid Loss: 10.07872918673924, epoch:  173
Iter: 000, Train Loss: 6.0482, Train RMSE: 12.7321, Train MAPE: 0.7737, Train WMAPE: 0.0336
Iter: 050, Train Loss: 6.2005, Train RMSE: 12.4698, Train MAPE: 0.9622, Train WMAPE: 0.0340
Epoch: 174, Training Time: 26.9451 secs
Epoch: 174, Inference Time: 4.9962 secs
Epoch: 174, Train Loss: 6.0241, Train RMSE: 12.8133, Train MAPE: 1.1532, Train WMAPE: 0.0337, 
Epoch: 174, Valid Loss: 10.1940, Valid RMSE: 35.2375, Valid MAPE: 3.5476, Valid WMAPE: 0.0585
No update
Iter: 000, Train Loss: 6.0295, Train RMSE: 12.6102, Train MAPE: 1.1075, Train WMAPE: 0.0335
Iter: 050, Train Loss: 7.0007, Train RMSE: 15.2577, Train MAPE: 0.7974, Train WMAPE: 0.0384
Epoch: 175, Training Time: 26.4830 secs
Epoch: 175, Inference Time: 4.7877 secs
Epoch: 175, Train Loss: 6.1265, Train RMSE: 13.0739, Train MAPE: 0.9583, Train WMAPE: 0.0343, 
Epoch: 175, Valid Loss: 10.3200, Valid RMSE: 35.0460, Valid MAPE: 2.4189, Valid WMAPE: 0.0593
No update
Iter: 000, Train Loss: 6.5537, Train RMSE: 13.3847, Train MAPE: 0.8479, Train WMAPE: 0.0364
Iter: 050, Train Loss: 6.0135, Train RMSE: 12.2881, Train MAPE: 0.5374, Train WMAPE: 0.0330
Epoch: 176, Training Time: 26.5784 secs
Epoch: 176, Inference Time: 4.3113 secs
Epoch: 176, Train Loss: 6.0680, Train RMSE: 12.9789, Train MAPE: 0.9409, Train WMAPE: 0.0339, 
Epoch: 176, Valid Loss: 10.2340, Valid RMSE: 35.0893, Valid MAPE: 2.1983, Valid WMAPE: 0.0588
No update
Iter: 000, Train Loss: 6.2112, Train RMSE: 12.9938, Train MAPE: 0.6561, Train WMAPE: 0.0345
Iter: 050, Train Loss: 6.0024, Train RMSE: 12.3821, Train MAPE: 0.6255, Train WMAPE: 0.0329
Epoch: 177, Training Time: 26.8771 secs
Epoch: 177, Inference Time: 4.3895 secs
Epoch: 177, Train Loss: 6.0434, Train RMSE: 12.9544, Train MAPE: 0.9457, Train WMAPE: 0.0338, 
Epoch: 177, Valid Loss: 10.1836, Valid RMSE: 35.2847, Valid MAPE: 2.8648, Valid WMAPE: 0.0585
No update
Iter: 000, Train Loss: 6.1517, Train RMSE: 12.7855, Train MAPE: 1.0741, Train WMAPE: 0.0342
Iter: 050, Train Loss: 6.0620, Train RMSE: 12.2388, Train MAPE: 0.8172, Train WMAPE: 0.0332
Epoch: 178, Training Time: 27.0906 secs
Epoch: 178, Inference Time: 4.5893 secs
Epoch: 178, Train Loss: 6.0201, Train RMSE: 12.8785, Train MAPE: 0.9525, Train WMAPE: 0.0337, 
Epoch: 178, Valid Loss: 10.2692, Valid RMSE: 35.3430, Valid MAPE: 1.9614, Valid WMAPE: 0.0590
No update
Iter: 000, Train Loss: 6.2103, Train RMSE: 12.8275, Train MAPE: 0.6119, Train WMAPE: 0.0345
Iter: 050, Train Loss: 6.0786, Train RMSE: 12.5049, Train MAPE: 0.7845, Train WMAPE: 0.0333
Epoch: 179, Training Time: 26.5883 secs
Epoch: 179, Inference Time: 4.7886 secs
Epoch: 179, Train Loss: 6.0399, Train RMSE: 12.8814, Train MAPE: 0.8835, Train WMAPE: 0.0338, 
Epoch: 179, Valid Loss: 10.2469, Valid RMSE: 35.3030, Valid MAPE: 2.1137, Valid WMAPE: 0.0588
No update
Iter: 000, Train Loss: 6.0154, Train RMSE: 12.6706, Train MAPE: 0.7020, Train WMAPE: 0.0334
Iter: 050, Train Loss: 6.0248, Train RMSE: 12.3176, Train MAPE: 0.5169, Train WMAPE: 0.0330
Epoch: 180, Training Time: 26.7892 secs
Epoch: 180, Inference Time: 4.5925 secs
Epoch: 180, Train Loss: 6.0060, Train RMSE: 12.8679, Train MAPE: 0.8779, Train WMAPE: 0.0336, 
Epoch: 180, Valid Loss: 10.1609, Valid RMSE: 35.2946, Valid MAPE: 2.3146, Valid WMAPE: 0.0583
No update
Iter: 000, Train Loss: 6.0238, Train RMSE: 12.8206, Train MAPE: 0.7211, Train WMAPE: 0.0334
Iter: 050, Train Loss: 5.9527, Train RMSE: 12.2057, Train MAPE: 0.7024, Train WMAPE: 0.0326
Epoch: 181, Training Time: 26.4893 secs
Epoch: 181, Inference Time: 5.1045 secs
Epoch: 181, Train Loss: 5.9842, Train RMSE: 12.8243, Train MAPE: 0.9187, Train WMAPE: 0.0335, 
Epoch: 181, Valid Loss: 10.3617, Valid RMSE: 35.1372, Valid MAPE: 4.0932, Valid WMAPE: 0.0595
No update
Iter: 000, Train Loss: 6.3014, Train RMSE: 12.8241, Train MAPE: 1.3485, Train WMAPE: 0.0350
Iter: 050, Train Loss: 5.9241, Train RMSE: 12.0340, Train MAPE: 0.8704, Train WMAPE: 0.0325
Epoch: 182, Training Time: 26.0895 secs
Epoch: 182, Inference Time: 5.0832 secs
Epoch: 182, Train Loss: 5.9785, Train RMSE: 12.7193, Train MAPE: 1.1279, Train WMAPE: 0.0334, 
Epoch: 182, Valid Loss: 10.0882, Valid RMSE: 35.2035, Valid MAPE: 2.5014, Valid WMAPE: 0.0579
No update
Iter: 000, Train Loss: 6.0806, Train RMSE: 12.7968, Train MAPE: 0.7642, Train WMAPE: 0.0338
Iter: 050, Train Loss: 5.8397, Train RMSE: 12.0511, Train MAPE: 0.6382, Train WMAPE: 0.0320
Epoch: 183, Training Time: 26.8872 secs
Epoch: 183, Inference Time: 4.4862 secs
Epoch: 183, Train Loss: 6.0322, Train RMSE: 12.8153, Train MAPE: 1.1515, Train WMAPE: 0.0337, 
Epoch: 183, Valid Loss: 10.3682, Valid RMSE: 35.6011, Valid MAPE: 2.9452, Valid WMAPE: 0.0595
No update
Iter: 000, Train Loss: 6.4760, Train RMSE: 13.1715, Train MAPE: 1.0243, Train WMAPE: 0.0360
Iter: 050, Train Loss: 6.0653, Train RMSE: 12.2425, Train MAPE: 1.0262, Train WMAPE: 0.0333
Epoch: 184, Training Time: 27.5911 secs
Epoch: 184, Inference Time: 4.3015 secs
Epoch: 184, Train Loss: 6.0104, Train RMSE: 12.7750, Train MAPE: 1.0953, Train WMAPE: 0.0336, 
Epoch: 184, Valid Loss: 10.2317, Valid RMSE: 35.1588, Valid MAPE: 4.0004, Valid WMAPE: 0.0587
No update
Iter: 000, Train Loss: 6.1602, Train RMSE: 12.4480, Train MAPE: 1.5847, Train WMAPE: 0.0342
Iter: 050, Train Loss: 6.0215, Train RMSE: 12.0883, Train MAPE: 0.5871, Train WMAPE: 0.0330
Epoch: 185, Training Time: 27.9749 secs
Epoch: 185, Inference Time: 5.1001 secs
Epoch: 185, Train Loss: 5.9937, Train RMSE: 12.7439, Train MAPE: 1.1337, Train WMAPE: 0.0335, 
Epoch: 185, Valid Loss: 10.1336, Valid RMSE: 35.2413, Valid MAPE: 3.0813, Valid WMAPE: 0.0582
No update
Iter: 000, Train Loss: 5.9380, Train RMSE: 12.5231, Train MAPE: 0.9436, Train WMAPE: 0.0330
Iter: 050, Train Loss: 6.1192, Train RMSE: 12.2360, Train MAPE: 0.9431, Train WMAPE: 0.0336
Epoch: 186, Training Time: 26.9808 secs
Epoch: 186, Inference Time: 4.8937 secs
Epoch: 186, Train Loss: 5.9719, Train RMSE: 12.7418, Train MAPE: 1.0721, Train WMAPE: 0.0334, 
Epoch: 186, Valid Loss: 10.2040, Valid RMSE: 35.3775, Valid MAPE: 3.4241, Valid WMAPE: 0.0586
No update
Iter: 000, Train Loss: 6.0336, Train RMSE: 12.7119, Train MAPE: 1.0541, Train WMAPE: 0.0335
Iter: 050, Train Loss: 6.0262, Train RMSE: 12.3491, Train MAPE: 0.5872, Train WMAPE: 0.0330
Epoch: 187, Training Time: 28.0820 secs
Epoch: 187, Inference Time: 4.7975 secs
Epoch: 187, Train Loss: 6.0084, Train RMSE: 12.8723, Train MAPE: 0.8703, Train WMAPE: 0.0336, 
Epoch: 187, Valid Loss: 10.1885, Valid RMSE: 34.9175, Valid MAPE: 2.7298, Valid WMAPE: 0.0585
No update
Iter: 000, Train Loss: 6.2560, Train RMSE: 13.5288, Train MAPE: 0.8685, Train WMAPE: 0.0347
Iter: 050, Train Loss: 5.9041, Train RMSE: 12.1406, Train MAPE: 0.7370, Train WMAPE: 0.0324
Epoch: 188, Training Time: 27.9860 secs
Epoch: 188, Inference Time: 5.4909 secs
Epoch: 188, Train Loss: 5.9126, Train RMSE: 12.6937, Train MAPE: 0.9427, Train WMAPE: 0.0331, 
Epoch: 188, Valid Loss: 10.0605, Valid RMSE: 34.9058, Valid MAPE: 2.3853, Valid WMAPE: 0.0578
###Update tasks appear###
Evaluate best model on test data for horizon 1, Test MAE: 9.1190, Test RMSE: 61.8596, Test MAPE: 6.6490, Test WMAPE: 0.0529
Evaluate best model on test data for horizon 2, Test MAE: 9.8468, Test RMSE: 51.8457, Test MAPE: 11.0738, Test WMAPE: 0.0572
Evaluate best model on test data for horizon 3, Test MAE: 9.7802, Test RMSE: 37.8078, Test MAPE: 14.0660, Test WMAPE: 0.0568
Evaluate best model on test data for horizon 4, Test MAE: 11.1045, Test RMSE: 41.5902, Test MAPE: 16.1173, Test WMAPE: 0.0645
Evaluate best model on test data for horizon 5, Test MAE: 12.2502, Test RMSE: 44.6940, Test MAPE: 16.9154, Test WMAPE: 0.0712
Evaluate best model on test data for horizon 6, Test MAE: 12.6363, Test RMSE: 41.8521, Test MAPE: 17.5692, Test WMAPE: 0.0734
Evaluate best model on test data for horizon 7, Test MAE: 13.4739, Test RMSE: 43.1983, Test MAPE: 18.1286, Test WMAPE: 0.0783
Evaluate best model on test data for horizon 8, Test MAE: 14.0410, Test RMSE: 45.1967, Test MAPE: 18.1769, Test WMAPE: 0.0816
Evaluate best model on test data for horizon 9, Test MAE: 14.3530, Test RMSE: 44.6882, Test MAPE: 18.3630, Test WMAPE: 0.0835
Evaluate best model on test data for horizon 10, Test MAE: 14.3976, Test RMSE: 42.4517, Test MAPE: 18.2531, Test WMAPE: 0.0837
Evaluate best model on test data for horizon 11, Test MAE: 15.1868, Test RMSE: 48.5460, Test MAPE: 18.5624, Test WMAPE: 0.0883
Evaluate best model on test data for horizon 12, Test MAE: 15.3559, Test RMSE: 48.9437, Test MAPE: 18.5224, Test WMAPE: 0.0893
On average over 12 horizons, Test MAE: 12.6288, Test RMSE: 46.0562, Test MAPE: 16.0331, Test WMAPE: 0.0734
No update
Iter: 000, Train Loss: 6.0810, Train RMSE: 12.7088, Train MAPE: 0.8588, Train WMAPE: 0.0338
Iter: 050, Train Loss: 5.8194, Train RMSE: 11.9915, Train MAPE: 0.5507, Train WMAPE: 0.0319
Epoch: 189, Training Time: 26.9697 secs
Epoch: 189, Inference Time: 4.7929 secs
Epoch: 189, Train Loss: 5.9304, Train RMSE: 12.7562, Train MAPE: 0.8795, Train WMAPE: 0.0332, 
Epoch: 189, Valid Loss: 10.1173, Valid RMSE: 34.7339, Valid MAPE: 2.5737, Valid WMAPE: 0.0581
No update
Iter: 000, Train Loss: 6.1484, Train RMSE: 12.8417, Train MAPE: 0.7857, Train WMAPE: 0.0341
Iter: 050, Train Loss: 5.9718, Train RMSE: 12.3282, Train MAPE: 0.6784, Train WMAPE: 0.0327
Epoch: 190, Training Time: 27.1831 secs
Epoch: 190, Inference Time: 5.8957 secs
Epoch: 190, Train Loss: 5.9583, Train RMSE: 12.7698, Train MAPE: 0.8501, Train WMAPE: 0.0333, 
Epoch: 190, Valid Loss: 10.0443, Valid RMSE: 34.6278, Valid MAPE: 1.9805, Valid WMAPE: 0.0577
###Update tasks appear###
Evaluate best model on test data for horizon 1, Test MAE: 9.1527, Test RMSE: 61.6276, Test MAPE: 6.7641, Test WMAPE: 0.0531
Evaluate best model on test data for horizon 2, Test MAE: 9.9331, Test RMSE: 51.5094, Test MAPE: 11.1777, Test WMAPE: 0.0577
Evaluate best model on test data for horizon 3, Test MAE: 9.9373, Test RMSE: 37.5798, Test MAPE: 14.2128, Test WMAPE: 0.0577
Evaluate best model on test data for horizon 4, Test MAE: 11.2673, Test RMSE: 41.4358, Test MAPE: 16.3609, Test WMAPE: 0.0655
Evaluate best model on test data for horizon 5, Test MAE: 12.3262, Test RMSE: 44.4470, Test MAPE: 17.1700, Test WMAPE: 0.0716
Evaluate best model on test data for horizon 6, Test MAE: 12.7031, Test RMSE: 41.4506, Test MAPE: 17.8576, Test WMAPE: 0.0738
Evaluate best model on test data for horizon 7, Test MAE: 13.4810, Test RMSE: 43.0707, Test MAPE: 18.4012, Test WMAPE: 0.0784
Evaluate best model on test data for horizon 8, Test MAE: 14.1249, Test RMSE: 44.7999, Test MAPE: 18.5614, Test WMAPE: 0.0821
Evaluate best model on test data for horizon 9, Test MAE: 14.3995, Test RMSE: 44.3590, Test MAPE: 18.6868, Test WMAPE: 0.0837
Evaluate best model on test data for horizon 10, Test MAE: 14.3665, Test RMSE: 42.1535, Test MAPE: 18.6944, Test WMAPE: 0.0836
Evaluate best model on test data for horizon 11, Test MAE: 15.1877, Test RMSE: 48.2751, Test MAPE: 18.9447, Test WMAPE: 0.0884
Evaluate best model on test data for horizon 12, Test MAE: 15.4014, Test RMSE: 48.6386, Test MAPE: 19.1462, Test WMAPE: 0.0896
On average over 12 horizons, Test MAE: 12.6901, Test RMSE: 45.7789, Test MAPE: 16.3315, Test WMAPE: 0.0738
No update
Iter: 000, Train Loss: 6.1608, Train RMSE: 13.0275, Train MAPE: 0.7164, Train WMAPE: 0.0342
Iter: 050, Train Loss: 5.9218, Train RMSE: 12.0946, Train MAPE: 0.9265, Train WMAPE: 0.0325
Epoch: 191, Training Time: 29.2767 secs
Epoch: 191, Inference Time: 7.4959 secs
Epoch: 191, Train Loss: 5.9816, Train RMSE: 12.7688, Train MAPE: 1.0009, Train WMAPE: 0.0334, 
Epoch: 191, Valid Loss: 10.0040, Valid RMSE: 34.6240, Valid MAPE: 1.7149, Valid WMAPE: 0.0574
###Update tasks appear###
Evaluate best model on test data for horizon 1, Test MAE: 9.0916, Test RMSE: 61.6187, Test MAPE: 6.5751, Test WMAPE: 0.0528
Evaluate best model on test data for horizon 2, Test MAE: 9.8331, Test RMSE: 51.5081, Test MAPE: 11.0124, Test WMAPE: 0.0571
Evaluate best model on test data for horizon 3, Test MAE: 9.8809, Test RMSE: 37.6345, Test MAPE: 14.0125, Test WMAPE: 0.0574
Evaluate best model on test data for horizon 4, Test MAE: 11.1652, Test RMSE: 41.3144, Test MAPE: 16.0531, Test WMAPE: 0.0649
Evaluate best model on test data for horizon 5, Test MAE: 12.3418, Test RMSE: 44.3138, Test MAPE: 16.7853, Test WMAPE: 0.0717
Evaluate best model on test data for horizon 6, Test MAE: 12.7030, Test RMSE: 41.4087, Test MAPE: 17.3468, Test WMAPE: 0.0738
Evaluate best model on test data for horizon 7, Test MAE: 13.4817, Test RMSE: 43.1300, Test MAPE: 17.8790, Test WMAPE: 0.0784
Evaluate best model on test data for horizon 8, Test MAE: 14.1361, Test RMSE: 44.9235, Test MAPE: 18.0502, Test WMAPE: 0.0822
Evaluate best model on test data for horizon 9, Test MAE: 14.4075, Test RMSE: 44.3634, Test MAPE: 18.1652, Test WMAPE: 0.0838
Evaluate best model on test data for horizon 10, Test MAE: 14.4316, Test RMSE: 42.1954, Test MAPE: 18.1582, Test WMAPE: 0.0839
Evaluate best model on test data for horizon 11, Test MAE: 15.2565, Test RMSE: 48.3319, Test MAPE: 18.3631, Test WMAPE: 0.0888
Evaluate best model on test data for horizon 12, Test MAE: 15.4337, Test RMSE: 48.6640, Test MAPE: 18.3892, Test WMAPE: 0.0898
On average over 12 horizons, Test MAE: 12.6802, Test RMSE: 45.7839, Test MAPE: 15.8992, Test WMAPE: 0.0737
No update
Iter: 000, Train Loss: 5.9074, Train RMSE: 12.5293, Train MAPE: 0.5437, Train WMAPE: 0.0328
Iter: 050, Train Loss: 5.8848, Train RMSE: 12.2542, Train MAPE: 0.4582, Train WMAPE: 0.0323
Epoch: 192, Training Time: 25.3708 secs
Epoch: 192, Inference Time: 5.0951 secs
Epoch: 192, Train Loss: 5.9288, Train RMSE: 12.7698, Train MAPE: 0.7773, Train WMAPE: 0.0332, 
Epoch: 192, Valid Loss: 10.1178, Valid RMSE: 34.9125, Valid MAPE: 2.1682, Valid WMAPE: 0.0581
No update
Iter: 000, Train Loss: 5.9676, Train RMSE: 12.7570, Train MAPE: 0.7121, Train WMAPE: 0.0331
Iter: 050, Train Loss: 5.8680, Train RMSE: 11.9268, Train MAPE: 0.7929, Train WMAPE: 0.0322
Epoch: 193, Training Time: 27.5861 secs
Epoch: 193, Inference Time: 5.4072 secs
Epoch: 193, Train Loss: 5.9100, Train RMSE: 12.6279, Train MAPE: 0.9350, Train WMAPE: 0.0330, 
Epoch: 193, Valid Loss: 10.1035, Valid RMSE: 34.8885, Valid MAPE: 2.1869, Valid WMAPE: 0.0580
No update
Iter: 000, Train Loss: 5.9893, Train RMSE: 12.5994, Train MAPE: 0.7701, Train WMAPE: 0.0333
Iter: 050, Train Loss: 5.8770, Train RMSE: 12.1774, Train MAPE: 0.5417, Train WMAPE: 0.0322
Epoch: 194, Training Time: 27.2000 secs
Epoch: 194, Inference Time: 4.9910 secs
Epoch: 194, Train Loss: 5.8969, Train RMSE: 12.6691, Train MAPE: 0.8361, Train WMAPE: 0.0330, 
Epoch: 194, Valid Loss: 10.1884, Valid RMSE: 35.0020, Valid MAPE: 2.4047, Valid WMAPE: 0.0585
No update
Iter: 000, Train Loss: 5.9882, Train RMSE: 12.5333, Train MAPE: 0.8252, Train WMAPE: 0.0332
Iter: 050, Train Loss: 5.8898, Train RMSE: 12.1277, Train MAPE: 0.6549, Train WMAPE: 0.0323
Epoch: 195, Training Time: 27.9826 secs
Epoch: 195, Inference Time: 4.1938 secs
Epoch: 195, Train Loss: 5.8750, Train RMSE: 12.6233, Train MAPE: 0.8069, Train WMAPE: 0.0329, 
Epoch: 195, Valid Loss: 10.0422, Valid RMSE: 34.8570, Valid MAPE: 2.4102, Valid WMAPE: 0.0577
###Update tasks appear###
Evaluate best model on test data for horizon 1, Test MAE: 9.1463, Test RMSE: 61.7296, Test MAPE: 7.2603, Test WMAPE: 0.0531
Evaluate best model on test data for horizon 2, Test MAE: 9.8854, Test RMSE: 51.5567, Test MAPE: 11.4232, Test WMAPE: 0.0574
Evaluate best model on test data for horizon 3, Test MAE: 9.8932, Test RMSE: 37.7902, Test MAPE: 14.3210, Test WMAPE: 0.0575
Evaluate best model on test data for horizon 4, Test MAE: 11.1332, Test RMSE: 41.4291, Test MAPE: 16.2385, Test WMAPE: 0.0647
Evaluate best model on test data for horizon 5, Test MAE: 12.1479, Test RMSE: 44.4522, Test MAPE: 17.0888, Test WMAPE: 0.0706
Evaluate best model on test data for horizon 6, Test MAE: 12.5417, Test RMSE: 41.5649, Test MAPE: 17.6664, Test WMAPE: 0.0729
Evaluate best model on test data for horizon 7, Test MAE: 13.2581, Test RMSE: 42.8783, Test MAPE: 17.9639, Test WMAPE: 0.0771
Evaluate best model on test data for horizon 8, Test MAE: 13.8941, Test RMSE: 44.9243, Test MAPE: 18.4125, Test WMAPE: 0.0808
Evaluate best model on test data for horizon 9, Test MAE: 14.1716, Test RMSE: 44.3749, Test MAPE: 18.4970, Test WMAPE: 0.0824
Evaluate best model on test data for horizon 10, Test MAE: 14.1373, Test RMSE: 41.8537, Test MAPE: 18.5237, Test WMAPE: 0.0822
Evaluate best model on test data for horizon 11, Test MAE: 14.9762, Test RMSE: 47.9174, Test MAPE: 18.4974, Test WMAPE: 0.0871
Evaluate best model on test data for horizon 12, Test MAE: 15.2067, Test RMSE: 48.5702, Test MAPE: 18.6201, Test WMAPE: 0.0885
On average over 12 horizons, Test MAE: 12.5326, Test RMSE: 45.7535, Test MAPE: 16.2094, Test WMAPE: 0.0729
Test low! Updating! Test Loss: 12.53264864285787, Test low! Updating! Valid Loss: 10.042166301182338, epoch:  195
Iter: 000, Train Loss: 5.9767, Train RMSE: 12.6179, Train MAPE: 0.7685, Train WMAPE: 0.0332
Iter: 050, Train Loss: 6.0157, Train RMSE: 12.4067, Train MAPE: 0.6947, Train WMAPE: 0.0330
Epoch: 196, Training Time: 27.5485 secs
Epoch: 196, Inference Time: 4.6069 secs
Epoch: 196, Train Loss: 5.8574, Train RMSE: 12.5842, Train MAPE: 0.8312, Train WMAPE: 0.0328, 
Epoch: 196, Valid Loss: 10.2504, Valid RMSE: 35.2354, Valid MAPE: 2.0907, Valid WMAPE: 0.0588
No update
Iter: 000, Train Loss: 6.1766, Train RMSE: 12.7836, Train MAPE: 0.7288, Train WMAPE: 0.0343
Iter: 050, Train Loss: 5.8180, Train RMSE: 11.9504, Train MAPE: 0.5927, Train WMAPE: 0.0319
Epoch: 197, Training Time: 27.8956 secs
Epoch: 197, Inference Time: 4.7853 secs
Epoch: 197, Train Loss: 5.8860, Train RMSE: 12.6261, Train MAPE: 0.8653, Train WMAPE: 0.0329, 
Epoch: 197, Valid Loss: 10.0445, Valid RMSE: 35.1382, Valid MAPE: 2.1909, Valid WMAPE: 0.0577
No update
Iter: 000, Train Loss: 5.9133, Train RMSE: 12.4313, Train MAPE: 0.7159, Train WMAPE: 0.0328
Iter: 050, Train Loss: 5.8312, Train RMSE: 11.9569, Train MAPE: 0.5517, Train WMAPE: 0.0320
Epoch: 198, Training Time: 28.7761 secs
Epoch: 198, Inference Time: 5.2014 secs
Epoch: 198, Train Loss: 5.8423, Train RMSE: 12.5530, Train MAPE: 0.8468, Train WMAPE: 0.0327, 
Epoch: 198, Valid Loss: 10.0619, Valid RMSE: 34.9767, Valid MAPE: 1.9802, Valid WMAPE: 0.0578
No update
Iter: 000, Train Loss: 5.9653, Train RMSE: 12.7661, Train MAPE: 0.6425, Train WMAPE: 0.0331
Iter: 050, Train Loss: 5.8125, Train RMSE: 11.8394, Train MAPE: 0.5692, Train WMAPE: 0.0319
Epoch: 199, Training Time: 28.8784 secs
Epoch: 199, Inference Time: 5.6873 secs
Epoch: 199, Train Loss: 5.8495, Train RMSE: 12.5723, Train MAPE: 0.8421, Train WMAPE: 0.0327, 
Epoch: 199, Valid Loss: 10.1163, Valid RMSE: 35.1051, Valid MAPE: 3.3970, Valid WMAPE: 0.0581
No update
Iter: 000, Train Loss: 6.0620, Train RMSE: 12.6554, Train MAPE: 1.1307, Train WMAPE: 0.0337
Iter: 050, Train Loss: 5.7345, Train RMSE: 11.8494, Train MAPE: 0.5235, Train WMAPE: 0.0314
Epoch: 200, Training Time: 27.7615 secs
Epoch: 200, Inference Time: 4.7202 secs
Epoch: 200, Train Loss: 5.8135, Train RMSE: 12.5238, Train MAPE: 0.8323, Train WMAPE: 0.0325, 
Epoch: 200, Valid Loss: 10.1800, Valid RMSE: 35.0023, Valid MAPE: 2.3075, Valid WMAPE: 0.0584
No update
Iter: 000, Train Loss: 6.0421, Train RMSE: 12.7654, Train MAPE: 0.7025, Train WMAPE: 0.0335
Iter: 050, Train Loss: 5.6611, Train RMSE: 11.7373, Train MAPE: 0.5510, Train WMAPE: 0.0310
Epoch: 201, Training Time: 27.3706 secs
Epoch: 201, Inference Time: 4.8987 secs
Epoch: 201, Train Loss: 5.8159, Train RMSE: 12.5357, Train MAPE: 0.8046, Train WMAPE: 0.0325, 
Epoch: 201, Valid Loss: 9.9896, Valid RMSE: 34.4449, Valid MAPE: 2.4542, Valid WMAPE: 0.0574
###Update tasks appear###
Evaluate best model on test data for horizon 1, Test MAE: 9.0894, Test RMSE: 61.6758, Test MAPE: 6.7478, Test WMAPE: 0.0528
Evaluate best model on test data for horizon 2, Test MAE: 9.8415, Test RMSE: 51.4558, Test MAPE: 11.3693, Test WMAPE: 0.0571
Evaluate best model on test data for horizon 3, Test MAE: 9.8829, Test RMSE: 37.3782, Test MAPE: 14.2886, Test WMAPE: 0.0574
Evaluate best model on test data for horizon 4, Test MAE: 11.1010, Test RMSE: 40.9060, Test MAPE: 16.0992, Test WMAPE: 0.0645
Evaluate best model on test data for horizon 5, Test MAE: 12.2995, Test RMSE: 43.9675, Test MAPE: 16.7883, Test WMAPE: 0.0715
Evaluate best model on test data for horizon 6, Test MAE: 12.6567, Test RMSE: 41.0995, Test MAPE: 17.5793, Test WMAPE: 0.0736
Evaluate best model on test data for horizon 7, Test MAE: 13.4741, Test RMSE: 42.9527, Test MAPE: 17.8601, Test WMAPE: 0.0783
Evaluate best model on test data for horizon 8, Test MAE: 14.1189, Test RMSE: 44.8977, Test MAPE: 18.0408, Test WMAPE: 0.0821
Evaluate best model on test data for horizon 9, Test MAE: 14.4197, Test RMSE: 44.3475, Test MAPE: 18.2132, Test WMAPE: 0.0839
Evaluate best model on test data for horizon 10, Test MAE: 14.3616, Test RMSE: 41.9517, Test MAPE: 18.1939, Test WMAPE: 0.0835
Evaluate best model on test data for horizon 11, Test MAE: 15.3143, Test RMSE: 48.1014, Test MAPE: 18.5547, Test WMAPE: 0.0891
Evaluate best model on test data for horizon 12, Test MAE: 15.5192, Test RMSE: 48.7457, Test MAPE: 18.4903, Test WMAPE: 0.0903
On average over 12 horizons, Test MAE: 12.6732, Test RMSE: 45.6233, Test MAPE: 16.0188, Test WMAPE: 0.0737
No update
Iter: 000, Train Loss: 6.1053, Train RMSE: 13.0697, Train MAPE: 0.8309, Train WMAPE: 0.0339
Iter: 050, Train Loss: 5.9404, Train RMSE: 12.0803, Train MAPE: 0.7053, Train WMAPE: 0.0326
Epoch: 202, Training Time: 27.4565 secs
Epoch: 202, Inference Time: 5.4045 secs
Epoch: 202, Train Loss: 5.8472, Train RMSE: 12.5633, Train MAPE: 0.8053, Train WMAPE: 0.0327, 
Epoch: 202, Valid Loss: 10.1362, Valid RMSE: 35.0145, Valid MAPE: 2.1753, Valid WMAPE: 0.0582
No update
Iter: 000, Train Loss: 5.9984, Train RMSE: 12.5625, Train MAPE: 0.7048, Train WMAPE: 0.0333
Iter: 050, Train Loss: 5.8773, Train RMSE: 12.1212, Train MAPE: 0.7377, Train WMAPE: 0.0322
Epoch: 203, Training Time: 28.0879 secs
Epoch: 203, Inference Time: 4.8873 secs
Epoch: 203, Train Loss: 5.8469, Train RMSE: 12.5336, Train MAPE: 0.8312, Train WMAPE: 0.0327, 
Epoch: 203, Valid Loss: 10.1703, Valid RMSE: 34.9709, Valid MAPE: 2.1372, Valid WMAPE: 0.0584
No update
Iter: 000, Train Loss: 6.0620, Train RMSE: 12.6274, Train MAPE: 0.6546, Train WMAPE: 0.0337
Iter: 050, Train Loss: 5.9289, Train RMSE: 12.2153, Train MAPE: 0.6197, Train WMAPE: 0.0325
Epoch: 204, Training Time: 29.0834 secs
Epoch: 204, Inference Time: 5.3015 secs
Epoch: 204, Train Loss: 5.8569, Train RMSE: 12.5747, Train MAPE: 0.8282, Train WMAPE: 0.0327, 
Epoch: 204, Valid Loss: 10.0591, Valid RMSE: 34.8858, Valid MAPE: 1.5660, Valid WMAPE: 0.0578
No update
Iter: 000, Train Loss: 5.8822, Train RMSE: 12.5800, Train MAPE: 0.4461, Train WMAPE: 0.0327
Iter: 050, Train Loss: 5.8897, Train RMSE: 12.0304, Train MAPE: 0.4690, Train WMAPE: 0.0323
Epoch: 205, Training Time: 28.8757 secs
Epoch: 205, Inference Time: 4.9995 secs
Epoch: 205, Train Loss: 5.8252, Train RMSE: 12.5246, Train MAPE: 0.7746, Train WMAPE: 0.0326, 
Epoch: 205, Valid Loss: 10.2469, Valid RMSE: 34.7809, Valid MAPE: 2.1899, Valid WMAPE: 0.0588
No update
Iter: 000, Train Loss: 6.0091, Train RMSE: 12.5974, Train MAPE: 0.7320, Train WMAPE: 0.0334
Iter: 050, Train Loss: 5.7556, Train RMSE: 11.9085, Train MAPE: 0.6121, Train WMAPE: 0.0316
Epoch: 206, Training Time: 28.8992 secs
Epoch: 206, Inference Time: 5.1819 secs
Epoch: 206, Train Loss: 5.7692, Train RMSE: 12.4105, Train MAPE: 0.8320, Train WMAPE: 0.0323, 
Epoch: 206, Valid Loss: 9.9832, Valid RMSE: 35.0125, Valid MAPE: 2.0585, Valid WMAPE: 0.0573
###Update tasks appear###
Evaluate best model on test data for horizon 1, Test MAE: 9.0426, Test RMSE: 61.7460, Test MAPE: 6.6857, Test WMAPE: 0.0525
Evaluate best model on test data for horizon 2, Test MAE: 9.7355, Test RMSE: 51.5674, Test MAPE: 11.1181, Test WMAPE: 0.0565
Evaluate best model on test data for horizon 3, Test MAE: 9.8256, Test RMSE: 37.8757, Test MAPE: 14.1998, Test WMAPE: 0.0571
Evaluate best model on test data for horizon 4, Test MAE: 10.9872, Test RMSE: 41.0199, Test MAPE: 16.2169, Test WMAPE: 0.0638
Evaluate best model on test data for horizon 5, Test MAE: 12.1281, Test RMSE: 44.1596, Test MAPE: 16.7698, Test WMAPE: 0.0705
Evaluate best model on test data for horizon 6, Test MAE: 12.5355, Test RMSE: 41.6354, Test MAPE: 17.3650, Test WMAPE: 0.0729
Evaluate best model on test data for horizon 7, Test MAE: 13.3562, Test RMSE: 43.3839, Test MAPE: 17.9164, Test WMAPE: 0.0777
Evaluate best model on test data for horizon 8, Test MAE: 13.9779, Test RMSE: 44.8291, Test MAPE: 17.8210, Test WMAPE: 0.0813
Evaluate best model on test data for horizon 9, Test MAE: 14.2967, Test RMSE: 44.6772, Test MAPE: 18.2187, Test WMAPE: 0.0831
Evaluate best model on test data for horizon 10, Test MAE: 14.2576, Test RMSE: 42.3991, Test MAPE: 18.0551, Test WMAPE: 0.0829
Evaluate best model on test data for horizon 11, Test MAE: 15.0733, Test RMSE: 48.3622, Test MAPE: 18.5515, Test WMAPE: 0.0877
Evaluate best model on test data for horizon 12, Test MAE: 15.2849, Test RMSE: 48.9699, Test MAPE: 18.4031, Test WMAPE: 0.0889
On average over 12 horizons, Test MAE: 12.5418, Test RMSE: 45.8854, Test MAPE: 15.9434, Test WMAPE: 0.0729
No update
Iter: 000, Train Loss: 6.0161, Train RMSE: 12.8360, Train MAPE: 0.6874, Train WMAPE: 0.0334
Iter: 050, Train Loss: 5.7018, Train RMSE: 11.7577, Train MAPE: 0.6620, Train WMAPE: 0.0313
Epoch: 207, Training Time: 26.6610 secs
Epoch: 207, Inference Time: 4.5144 secs
Epoch: 207, Train Loss: 5.8035, Train RMSE: 12.4729, Train MAPE: 0.8455, Train WMAPE: 0.0324, 
Epoch: 207, Valid Loss: 10.0952, Valid RMSE: 34.7999, Valid MAPE: 1.8314, Valid WMAPE: 0.0580
No update
Iter: 000, Train Loss: 5.9431, Train RMSE: 12.4912, Train MAPE: 0.5823, Train WMAPE: 0.0330
Iter: 050, Train Loss: 5.9190, Train RMSE: 12.1604, Train MAPE: 0.6140, Train WMAPE: 0.0325
Epoch: 208, Training Time: 27.7674 secs
Epoch: 208, Inference Time: 4.7136 secs
Epoch: 208, Train Loss: 5.8111, Train RMSE: 12.4753, Train MAPE: 0.8189, Train WMAPE: 0.0325, 
Epoch: 208, Valid Loss: 10.1368, Valid RMSE: 35.0681, Valid MAPE: 2.3530, Valid WMAPE: 0.0582
No update
Iter: 000, Train Loss: 5.9651, Train RMSE: 12.5871, Train MAPE: 0.7977, Train WMAPE: 0.0331
Iter: 050, Train Loss: 5.7876, Train RMSE: 11.8703, Train MAPE: 0.5861, Train WMAPE: 0.0317
Epoch: 209, Training Time: 29.0730 secs
Epoch: 209, Inference Time: 5.3014 secs
Epoch: 209, Train Loss: 5.7773, Train RMSE: 12.4229, Train MAPE: 0.8380, Train WMAPE: 0.0323, 
Epoch: 209, Valid Loss: 10.0974, Valid RMSE: 34.9075, Valid MAPE: 2.2162, Valid WMAPE: 0.0580
No update
Iter: 000, Train Loss: 5.8351, Train RMSE: 12.3792, Train MAPE: 0.7642, Train WMAPE: 0.0324
Iter: 050, Train Loss: 5.8738, Train RMSE: 12.0125, Train MAPE: 0.6239, Train WMAPE: 0.0322
Epoch: 210, Training Time: 27.7859 secs
Epoch: 210, Inference Time: 5.5859 secs
Epoch: 210, Train Loss: 5.8136, Train RMSE: 12.4157, Train MAPE: 1.0081, Train WMAPE: 0.0325, 
Epoch: 210, Valid Loss: 10.0517, Valid RMSE: 34.7693, Valid MAPE: 2.8605, Valid WMAPE: 0.0577
No update
Iter: 000, Train Loss: 5.8859, Train RMSE: 12.4695, Train MAPE: 0.8825, Train WMAPE: 0.0327
Iter: 050, Train Loss: 5.9757, Train RMSE: 11.7655, Train MAPE: 1.2628, Train WMAPE: 0.0328
Epoch: 211, Training Time: 28.2694 secs
Epoch: 211, Inference Time: 4.8082 secs
Epoch: 211, Train Loss: 5.8385, Train RMSE: 12.3844, Train MAPE: 1.0450, Train WMAPE: 0.0326, 
Epoch: 211, Valid Loss: 10.1263, Valid RMSE: 35.0665, Valid MAPE: 3.5567, Valid WMAPE: 0.0581
No update
Iter: 000, Train Loss: 5.9758, Train RMSE: 12.4154, Train MAPE: 1.1851, Train WMAPE: 0.0332
Iter: 050, Train Loss: 5.7507, Train RMSE: 11.6150, Train MAPE: 0.7537, Train WMAPE: 0.0315
Epoch: 212, Training Time: 28.1847 secs
Epoch: 212, Inference Time: 6.0903 secs
Epoch: 212, Train Loss: 5.8296, Train RMSE: 12.3802, Train MAPE: 1.0811, Train WMAPE: 0.0326, 
Epoch: 212, Valid Loss: 10.1717, Valid RMSE: 35.2189, Valid MAPE: 1.8818, Valid WMAPE: 0.0584
No update
Iter: 000, Train Loss: 6.0238, Train RMSE: 12.6430, Train MAPE: 0.6199, Train WMAPE: 0.0334
Iter: 050, Train Loss: 5.6937, Train RMSE: 11.7051, Train MAPE: 0.4735, Train WMAPE: 0.0312
Epoch: 213, Training Time: 28.5865 secs
Epoch: 213, Inference Time: 5.1039 secs
Epoch: 213, Train Loss: 5.7861, Train RMSE: 12.3321, Train MAPE: 1.0409, Train WMAPE: 0.0324, 
Epoch: 213, Valid Loss: 10.1369, Valid RMSE: 35.3254, Valid MAPE: 2.0382, Valid WMAPE: 0.0582
No update
Iter: 000, Train Loss: 5.9233, Train RMSE: 12.3379, Train MAPE: 0.7493, Train WMAPE: 0.0329
Iter: 050, Train Loss: 5.9054, Train RMSE: 12.0791, Train MAPE: 0.6023, Train WMAPE: 0.0324
Epoch: 214, Training Time: 26.7766 secs
Epoch: 214, Inference Time: 6.9841 secs
Epoch: 214, Train Loss: 5.8111, Train RMSE: 12.4005, Train MAPE: 0.9349, Train WMAPE: 0.0325, 
Epoch: 214, Valid Loss: 10.2055, Valid RMSE: 35.4052, Valid MAPE: 2.4551, Valid WMAPE: 0.0586
No update
Iter: 000, Train Loss: 6.0573, Train RMSE: 12.6292, Train MAPE: 0.8854, Train WMAPE: 0.0336
Iter: 050, Train Loss: 5.8635, Train RMSE: 11.8671, Train MAPE: 0.6873, Train WMAPE: 0.0322
Epoch: 215, Training Time: 30.6942 secs
Epoch: 215, Inference Time: 6.6889 secs
Epoch: 215, Train Loss: 5.8632, Train RMSE: 12.4546, Train MAPE: 1.0370, Train WMAPE: 0.0328, 
Epoch: 215, Valid Loss: 10.0450, Valid RMSE: 35.3414, Valid MAPE: 1.7877, Valid WMAPE: 0.0577
No update
Iter: 000, Train Loss: 5.7796, Train RMSE: 12.2761, Train MAPE: 0.5904, Train WMAPE: 0.0321
Iter: 050, Train Loss: 5.8262, Train RMSE: 11.9505, Train MAPE: 0.4694, Train WMAPE: 0.0319
Epoch: 216, Training Time: 29.1668 secs
Epoch: 216, Inference Time: 5.0007 secs
Epoch: 216, Train Loss: 5.7854, Train RMSE: 12.4309, Train MAPE: 0.7637, Train WMAPE: 0.0323, 
Epoch: 216, Valid Loss: 10.0060, Valid RMSE: 34.9869, Valid MAPE: 2.0280, Valid WMAPE: 0.0574
###Update tasks appear###
Evaluate best model on test data for horizon 1, Test MAE: 9.0654, Test RMSE: 61.6716, Test MAPE: 6.9401, Test WMAPE: 0.0526
Evaluate best model on test data for horizon 2, Test MAE: 9.7611, Test RMSE: 51.5784, Test MAPE: 11.2954, Test WMAPE: 0.0567
Evaluate best model on test data for horizon 3, Test MAE: 9.7723, Test RMSE: 37.8715, Test MAPE: 14.2450, Test WMAPE: 0.0568
Evaluate best model on test data for horizon 4, Test MAE: 10.9984, Test RMSE: 41.2655, Test MAPE: 16.1766, Test WMAPE: 0.0639
Evaluate best model on test data for horizon 5, Test MAE: 12.0674, Test RMSE: 44.0935, Test MAPE: 16.9095, Test WMAPE: 0.0701
Evaluate best model on test data for horizon 6, Test MAE: 12.4584, Test RMSE: 41.7795, Test MAPE: 17.4777, Test WMAPE: 0.0724
Evaluate best model on test data for horizon 7, Test MAE: 13.2944, Test RMSE: 43.0653, Test MAPE: 18.0171, Test WMAPE: 0.0773
Evaluate best model on test data for horizon 8, Test MAE: 13.8450, Test RMSE: 45.0306, Test MAPE: 18.0406, Test WMAPE: 0.0805
Evaluate best model on test data for horizon 9, Test MAE: 14.1324, Test RMSE: 44.7383, Test MAPE: 18.2227, Test WMAPE: 0.0822
Evaluate best model on test data for horizon 10, Test MAE: 14.0883, Test RMSE: 41.9831, Test MAPE: 18.3394, Test WMAPE: 0.0819
Evaluate best model on test data for horizon 11, Test MAE: 14.9023, Test RMSE: 47.9642, Test MAPE: 18.5422, Test WMAPE: 0.0867
Evaluate best model on test data for horizon 12, Test MAE: 15.1105, Test RMSE: 48.6691, Test MAPE: 18.4005, Test WMAPE: 0.0879
On average over 12 horizons, Test MAE: 12.4580, Test RMSE: 45.8092, Test MAPE: 16.0506, Test WMAPE: 0.0724
Test low! Updating! Test Loss: 12.458004315694174, Test low! Updating! Valid Loss: 10.006021874291557, epoch:  216
Iter: 000, Train Loss: 5.8668, Train RMSE: 12.5605, Train MAPE: 0.7774, Train WMAPE: 0.0326
Iter: 050, Train Loss: 5.6932, Train RMSE: 11.6089, Train MAPE: 0.5634, Train WMAPE: 0.0312
Epoch: 217, Training Time: 26.6479 secs
Epoch: 217, Inference Time: 4.6052 secs
Epoch: 217, Train Loss: 5.8094, Train RMSE: 12.3417, Train MAPE: 1.0816, Train WMAPE: 0.0325, 
Epoch: 217, Valid Loss: 10.0761, Valid RMSE: 35.1923, Valid MAPE: 2.6304, Valid WMAPE: 0.0578
No update
Iter: 000, Train Loss: 5.8537, Train RMSE: 12.3602, Train MAPE: 0.7577, Train WMAPE: 0.0325
Iter: 050, Train Loss: 5.8822, Train RMSE: 12.2362, Train MAPE: 0.5484, Train WMAPE: 0.0323
Epoch: 218, Training Time: 27.1753 secs
Epoch: 218, Inference Time: 4.1902 secs
Epoch: 218, Train Loss: 5.8398, Train RMSE: 12.5257, Train MAPE: 0.9037, Train WMAPE: 0.0327, 
Epoch: 218, Valid Loss: 10.0808, Valid RMSE: 34.6076, Valid MAPE: 2.6416, Valid WMAPE: 0.0579
No update
Iter: 000, Train Loss: 6.3402, Train RMSE: 13.3862, Train MAPE: 1.0616, Train WMAPE: 0.0352
Iter: 050, Train Loss: 5.6825, Train RMSE: 11.6219, Train MAPE: 0.5685, Train WMAPE: 0.0312
Epoch: 219, Training Time: 28.1877 secs
Epoch: 219, Inference Time: 6.0938 secs
Epoch: 219, Train Loss: 5.8151, Train RMSE: 12.4118, Train MAPE: 0.9777, Train WMAPE: 0.0325, 
Epoch: 219, Valid Loss: 9.9991, Valid RMSE: 34.9185, Valid MAPE: 2.9019, Valid WMAPE: 0.0574
###Update tasks appear###
Evaluate best model on test data for horizon 1, Test MAE: 9.1410, Test RMSE: 61.7615, Test MAPE: 7.4257, Test WMAPE: 0.0531
Evaluate best model on test data for horizon 2, Test MAE: 9.8361, Test RMSE: 51.7235, Test MAPE: 12.0088, Test WMAPE: 0.0571
Evaluate best model on test data for horizon 3, Test MAE: 9.7798, Test RMSE: 37.7316, Test MAPE: 15.0061, Test WMAPE: 0.0568
Evaluate best model on test data for horizon 4, Test MAE: 11.0400, Test RMSE: 41.0587, Test MAPE: 17.1165, Test WMAPE: 0.0641
Evaluate best model on test data for horizon 5, Test MAE: 12.1368, Test RMSE: 44.0725, Test MAPE: 17.5540, Test WMAPE: 0.0705
Evaluate best model on test data for horizon 6, Test MAE: 12.5020, Test RMSE: 41.5373, Test MAPE: 17.9181, Test WMAPE: 0.0727
Evaluate best model on test data for horizon 7, Test MAE: 13.2897, Test RMSE: 43.1107, Test MAPE: 18.4996, Test WMAPE: 0.0773
Evaluate best model on test data for horizon 8, Test MAE: 13.9434, Test RMSE: 45.2137, Test MAPE: 18.7324, Test WMAPE: 0.0811
Evaluate best model on test data for horizon 9, Test MAE: 14.1932, Test RMSE: 44.6092, Test MAPE: 18.8456, Test WMAPE: 0.0825
Evaluate best model on test data for horizon 10, Test MAE: 14.1216, Test RMSE: 41.8877, Test MAPE: 18.8651, Test WMAPE: 0.0821
Evaluate best model on test data for horizon 11, Test MAE: 14.9319, Test RMSE: 48.0453, Test MAPE: 19.0615, Test WMAPE: 0.0869
Evaluate best model on test data for horizon 12, Test MAE: 15.1603, Test RMSE: 48.6874, Test MAPE: 19.0868, Test WMAPE: 0.0882
On average over 12 horizons, Test MAE: 12.5063, Test RMSE: 45.7866, Test MAPE: 16.6767, Test WMAPE: 0.0727
No update
Iter: 000, Train Loss: 5.8186, Train RMSE: 12.2319, Train MAPE: 0.9633, Train WMAPE: 0.0323
Iter: 050, Train Loss: 5.8419, Train RMSE: 11.8667, Train MAPE: 0.8795, Train WMAPE: 0.0320
Epoch: 220, Training Time: 27.4641 secs
Epoch: 220, Inference Time: 4.4995 secs
Epoch: 220, Train Loss: 5.7465, Train RMSE: 12.2764, Train MAPE: 1.0069, Train WMAPE: 0.0321, 
Epoch: 220, Valid Loss: 10.1836, Valid RMSE: 35.2105, Valid MAPE: 4.0006, Valid WMAPE: 0.0585
No update
Iter: 000, Train Loss: 5.9918, Train RMSE: 12.4957, Train MAPE: 1.3071, Train WMAPE: 0.0333
Iter: 050, Train Loss: 6.0194, Train RMSE: 12.1104, Train MAPE: 0.6291, Train WMAPE: 0.0330
Epoch: 221, Training Time: 28.6609 secs
Epoch: 221, Inference Time: 4.9123 secs
Epoch: 221, Train Loss: 5.8108, Train RMSE: 12.3853, Train MAPE: 0.9211, Train WMAPE: 0.0325, 
Epoch: 221, Valid Loss: 10.0847, Valid RMSE: 34.9383, Valid MAPE: 2.6051, Valid WMAPE: 0.0579
No update
Iter: 000, Train Loss: 5.8546, Train RMSE: 12.3801, Train MAPE: 0.9022, Train WMAPE: 0.0325
Iter: 050, Train Loss: 5.7489, Train RMSE: 11.7756, Train MAPE: 0.5541, Train WMAPE: 0.0315
Epoch: 222, Training Time: 25.4757 secs
Epoch: 222, Inference Time: 4.6900 secs
Epoch: 222, Train Loss: 5.7391, Train RMSE: 12.3014, Train MAPE: 0.8264, Train WMAPE: 0.0321, 
Epoch: 222, Valid Loss: 9.9895, Valid RMSE: 34.9926, Valid MAPE: 2.3165, Valid WMAPE: 0.0573
###Update tasks appear###
Evaluate best model on test data for horizon 1, Test MAE: 9.0883, Test RMSE: 62.0805, Test MAPE: 7.4498, Test WMAPE: 0.0528
Evaluate best model on test data for horizon 2, Test MAE: 9.7581, Test RMSE: 52.0754, Test MAPE: 11.7476, Test WMAPE: 0.0567
Evaluate best model on test data for horizon 3, Test MAE: 10.0445, Test RMSE: 37.8390, Test MAPE: 14.7651, Test WMAPE: 0.0583
Evaluate best model on test data for horizon 4, Test MAE: 10.9927, Test RMSE: 41.1920, Test MAPE: 16.7106, Test WMAPE: 0.0639
Evaluate best model on test data for horizon 5, Test MAE: 12.0948, Test RMSE: 44.3231, Test MAPE: 17.3419, Test WMAPE: 0.0703
Evaluate best model on test data for horizon 6, Test MAE: 12.4585, Test RMSE: 41.6096, Test MAPE: 17.5991, Test WMAPE: 0.0724
Evaluate best model on test data for horizon 7, Test MAE: 13.2304, Test RMSE: 43.1963, Test MAPE: 18.1492, Test WMAPE: 0.0769
Evaluate best model on test data for horizon 8, Test MAE: 13.8697, Test RMSE: 45.3842, Test MAPE: 18.1589, Test WMAPE: 0.0807
Evaluate best model on test data for horizon 9, Test MAE: 14.1334, Test RMSE: 44.7495, Test MAPE: 18.2901, Test WMAPE: 0.0822
Evaluate best model on test data for horizon 10, Test MAE: 14.1252, Test RMSE: 42.0659, Test MAPE: 18.6308, Test WMAPE: 0.0822
Evaluate best model on test data for horizon 11, Test MAE: 14.9305, Test RMSE: 48.2290, Test MAPE: 18.7689, Test WMAPE: 0.0869
Evaluate best model on test data for horizon 12, Test MAE: 15.1002, Test RMSE: 48.8120, Test MAPE: 18.5190, Test WMAPE: 0.0878
On average over 12 horizons, Test MAE: 12.4855, Test RMSE: 45.9630, Test MAPE: 16.3442, Test WMAPE: 0.0726
No update
Iter: 000, Train Loss: 5.8489, Train RMSE: 12.4973, Train MAPE: 0.8092, Train WMAPE: 0.0325
Iter: 050, Train Loss: 5.8715, Train RMSE: 12.3035, Train MAPE: 0.5337, Train WMAPE: 0.0322
Epoch: 223, Training Time: 26.6678 secs
Epoch: 223, Inference Time: 4.5011 secs
Epoch: 223, Train Loss: 5.7337, Train RMSE: 12.3317, Train MAPE: 0.7797, Train WMAPE: 0.0321, 
Epoch: 223, Valid Loss: 10.0418, Valid RMSE: 34.8378, Valid MAPE: 2.3665, Valid WMAPE: 0.0576
No update
Iter: 000, Train Loss: 5.7961, Train RMSE: 12.1921, Train MAPE: 0.8184, Train WMAPE: 0.0322
Iter: 050, Train Loss: 5.7120, Train RMSE: 11.7513, Train MAPE: 0.5075, Train WMAPE: 0.0313
Epoch: 224, Training Time: 26.8742 secs
Epoch: 224, Inference Time: 4.3889 secs
Epoch: 224, Train Loss: 5.7450, Train RMSE: 12.3382, Train MAPE: 0.7907, Train WMAPE: 0.0321, 
Epoch: 224, Valid Loss: 10.0307, Valid RMSE: 34.6610, Valid MAPE: 2.4130, Valid WMAPE: 0.0576
No update
Iter: 000, Train Loss: 5.9042, Train RMSE: 12.4367, Train MAPE: 0.7922, Train WMAPE: 0.0328
Iter: 050, Train Loss: 5.6440, Train RMSE: 11.6920, Train MAPE: 0.5162, Train WMAPE: 0.0309
Epoch: 225, Training Time: 26.8710 secs
Epoch: 225, Inference Time: 5.3983 secs
Epoch: 225, Train Loss: 5.7239, Train RMSE: 12.3076, Train MAPE: 0.7939, Train WMAPE: 0.0320, 
Epoch: 225, Valid Loss: 10.0881, Valid RMSE: 34.9997, Valid MAPE: 2.2728, Valid WMAPE: 0.0579
No update
Iter: 000, Train Loss: 6.1661, Train RMSE: 12.9925, Train MAPE: 0.7783, Train WMAPE: 0.0342
Iter: 050, Train Loss: 5.7884, Train RMSE: 11.7436, Train MAPE: 0.6013, Train WMAPE: 0.0317
Epoch: 226, Training Time: 27.8889 secs
Epoch: 226, Inference Time: 4.5965 secs
Epoch: 226, Train Loss: 5.7661, Train RMSE: 12.3778, Train MAPE: 0.8294, Train WMAPE: 0.0322, 
Epoch: 226, Valid Loss: 10.1037, Valid RMSE: 34.9357, Valid MAPE: 2.1139, Valid WMAPE: 0.0580
No update
Iter: 000, Train Loss: 5.9871, Train RMSE: 12.4023, Train MAPE: 0.6776, Train WMAPE: 0.0332
Iter: 050, Train Loss: 5.6904, Train RMSE: 11.6914, Train MAPE: 0.5217, Train WMAPE: 0.0312
Epoch: 227, Training Time: 27.6565 secs
Epoch: 227, Inference Time: 4.5867 secs
Epoch: 227, Train Loss: 5.7189, Train RMSE: 12.2692, Train MAPE: 0.7755, Train WMAPE: 0.0320, 
Epoch: 227, Valid Loss: 10.0433, Valid RMSE: 35.1004, Valid MAPE: 2.1541, Valid WMAPE: 0.0577
No update
Iter: 000, Train Loss: 5.7477, Train RMSE: 12.1650, Train MAPE: 0.6754, Train WMAPE: 0.0319
Iter: 050, Train Loss: 5.6721, Train RMSE: 11.6635, Train MAPE: 0.6195, Train WMAPE: 0.0311
Epoch: 228, Training Time: 28.3880 secs
Epoch: 228, Inference Time: 4.4823 secs
Epoch: 228, Train Loss: 5.7149, Train RMSE: 12.2732, Train MAPE: 0.7696, Train WMAPE: 0.0320, 
Epoch: 228, Valid Loss: 9.9775, Valid RMSE: 35.1306, Valid MAPE: 2.0005, Valid WMAPE: 0.0573
###Update tasks appear###
Evaluate best model on test data for horizon 1, Test MAE: 9.1589, Test RMSE: 61.8506, Test MAPE: 7.6234, Test WMAPE: 0.0532
Evaluate best model on test data for horizon 2, Test MAE: 9.7788, Test RMSE: 52.0411, Test MAPE: 11.3733, Test WMAPE: 0.0568
Evaluate best model on test data for horizon 3, Test MAE: 9.8549, Test RMSE: 38.0201, Test MAPE: 14.3877, Test WMAPE: 0.0572
Evaluate best model on test data for horizon 4, Test MAE: 11.0423, Test RMSE: 41.4470, Test MAPE: 16.3550, Test WMAPE: 0.0642
Evaluate best model on test data for horizon 5, Test MAE: 12.1700, Test RMSE: 44.5339, Test MAPE: 17.0487, Test WMAPE: 0.0707
Evaluate best model on test data for horizon 6, Test MAE: 12.5523, Test RMSE: 42.0164, Test MAPE: 17.5289, Test WMAPE: 0.0730
Evaluate best model on test data for horizon 7, Test MAE: 13.3256, Test RMSE: 43.5146, Test MAPE: 18.1575, Test WMAPE: 0.0775
Evaluate best model on test data for horizon 8, Test MAE: 13.9880, Test RMSE: 45.5692, Test MAPE: 18.2354, Test WMAPE: 0.0813
Evaluate best model on test data for horizon 9, Test MAE: 14.2259, Test RMSE: 44.9438, Test MAPE: 18.3150, Test WMAPE: 0.0827
Evaluate best model on test data for horizon 10, Test MAE: 14.1491, Test RMSE: 42.0379, Test MAPE: 18.2732, Test WMAPE: 0.0823
Evaluate best model on test data for horizon 11, Test MAE: 14.9754, Test RMSE: 48.4294, Test MAPE: 18.5391, Test WMAPE: 0.0871
Evaluate best model on test data for horizon 12, Test MAE: 15.1512, Test RMSE: 48.8360, Test MAPE: 18.9917, Test WMAPE: 0.0881
On average over 12 horizons, Test MAE: 12.5310, Test RMSE: 46.1033, Test MAPE: 16.2357, Test WMAPE: 0.0728
No update
Iter: 000, Train Loss: 5.8316, Train RMSE: 12.3643, Train MAPE: 0.6136, Train WMAPE: 0.0324
Iter: 050, Train Loss: 5.7853, Train RMSE: 11.7341, Train MAPE: 0.7773, Train WMAPE: 0.0317
Epoch: 229, Training Time: 27.2653 secs
Epoch: 229, Inference Time: 5.2052 secs
Epoch: 229, Train Loss: 5.7285, Train RMSE: 12.3278, Train MAPE: 0.8074, Train WMAPE: 0.0320, 
Epoch: 229, Valid Loss: 10.0363, Valid RMSE: 34.8529, Valid MAPE: 2.0383, Valid WMAPE: 0.0576
No update
Iter: 000, Train Loss: 5.8669, Train RMSE: 12.3451, Train MAPE: 0.6249, Train WMAPE: 0.0326
Iter: 050, Train Loss: 5.7071, Train RMSE: 11.5754, Train MAPE: 0.6380, Train WMAPE: 0.0313
Epoch: 230, Training Time: 27.1671 secs
Epoch: 230, Inference Time: 5.0016 secs
Epoch: 230, Train Loss: 5.6915, Train RMSE: 12.2174, Train MAPE: 0.8146, Train WMAPE: 0.0318, 
Epoch: 230, Valid Loss: 10.0978, Valid RMSE: 35.1985, Valid MAPE: 1.7384, Valid WMAPE: 0.0580
No update
Iter: 000, Train Loss: 5.8129, Train RMSE: 12.2803, Train MAPE: 0.5303, Train WMAPE: 0.0323
Iter: 050, Train Loss: 5.5975, Train RMSE: 11.5811, Train MAPE: 0.5927, Train WMAPE: 0.0307
Epoch: 231, Training Time: 27.7754 secs
Epoch: 231, Inference Time: 5.6017 secs
Epoch: 231, Train Loss: 5.6813, Train RMSE: 12.2302, Train MAPE: 0.7789, Train WMAPE: 0.0318, 
Epoch: 231, Valid Loss: 10.0052, Valid RMSE: 35.3343, Valid MAPE: 2.2037, Valid WMAPE: 0.0574
###Update tasks appear###
Evaluate best model on test data for horizon 1, Test MAE: 9.0706, Test RMSE: 61.8716, Test MAPE: 7.0784, Test WMAPE: 0.0527
Evaluate best model on test data for horizon 2, Test MAE: 9.7737, Test RMSE: 51.9752, Test MAPE: 11.3994, Test WMAPE: 0.0568
Evaluate best model on test data for horizon 3, Test MAE: 9.7969, Test RMSE: 38.3085, Test MAPE: 14.3044, Test WMAPE: 0.0569
Evaluate best model on test data for horizon 4, Test MAE: 11.0639, Test RMSE: 41.1134, Test MAPE: 16.2508, Test WMAPE: 0.0643
Evaluate best model on test data for horizon 5, Test MAE: 12.2038, Test RMSE: 44.5951, Test MAPE: 16.8569, Test WMAPE: 0.0709
Evaluate best model on test data for horizon 6, Test MAE: 12.6781, Test RMSE: 42.4851, Test MAPE: 17.2033, Test WMAPE: 0.0737
Evaluate best model on test data for horizon 7, Test MAE: 13.4101, Test RMSE: 43.6426, Test MAPE: 17.6826, Test WMAPE: 0.0780
Evaluate best model on test data for horizon 8, Test MAE: 14.2776, Test RMSE: 46.0590, Test MAPE: 18.5215, Test WMAPE: 0.0830
Evaluate best model on test data for horizon 9, Test MAE: 14.3791, Test RMSE: 45.3685, Test MAPE: 18.0774, Test WMAPE: 0.0836
Evaluate best model on test data for horizon 10, Test MAE: 14.3889, Test RMSE: 42.4255, Test MAPE: 18.8612, Test WMAPE: 0.0837
Evaluate best model on test data for horizon 11, Test MAE: 15.0350, Test RMSE: 48.4719, Test MAPE: 18.4872, Test WMAPE: 0.0875
Evaluate best model on test data for horizon 12, Test MAE: 15.1552, Test RMSE: 48.9063, Test MAPE: 18.3692, Test WMAPE: 0.0882
On average over 12 horizons, Test MAE: 12.6027, Test RMSE: 46.2686, Test MAPE: 16.0910, Test WMAPE: 0.0733
No update
Iter: 000, Train Loss: 5.8812, Train RMSE: 12.3557, Train MAPE: 0.6977, Train WMAPE: 0.0327
Iter: 050, Train Loss: 5.7207, Train RMSE: 11.5151, Train MAPE: 0.6208, Train WMAPE: 0.0314
Epoch: 232, Training Time: 28.8630 secs
Epoch: 232, Inference Time: 5.0913 secs
Epoch: 232, Train Loss: 5.6887, Train RMSE: 12.2105, Train MAPE: 0.8165, Train WMAPE: 0.0318, 
Epoch: 232, Valid Loss: 10.0496, Valid RMSE: 35.1036, Valid MAPE: 2.0796, Valid WMAPE: 0.0577
No update
Iter: 000, Train Loss: 5.7569, Train RMSE: 12.1665, Train MAPE: 0.6722, Train WMAPE: 0.0320
Iter: 050, Train Loss: 5.6521, Train RMSE: 11.5112, Train MAPE: 0.5301, Train WMAPE: 0.0310
Epoch: 233, Training Time: 28.1890 secs
Epoch: 233, Inference Time: 4.9760 secs
Epoch: 233, Train Loss: 5.6598, Train RMSE: 12.1486, Train MAPE: 0.8140, Train WMAPE: 0.0316, 
Epoch: 233, Valid Loss: 10.0812, Valid RMSE: 35.2575, Valid MAPE: 1.9605, Valid WMAPE: 0.0579
No update
Iter: 000, Train Loss: 5.8613, Train RMSE: 12.3067, Train MAPE: 0.6467, Train WMAPE: 0.0325
Iter: 050, Train Loss: 5.7416, Train RMSE: 11.7092, Train MAPE: 0.5340, Train WMAPE: 0.0315
Epoch: 234, Training Time: 28.2851 secs
Epoch: 234, Inference Time: 5.6983 secs
Epoch: 234, Train Loss: 5.6803, Train RMSE: 12.1906, Train MAPE: 0.8025, Train WMAPE: 0.0318, 
Epoch: 234, Valid Loss: 10.0225, Valid RMSE: 35.3217, Valid MAPE: 1.9368, Valid WMAPE: 0.0575
No update
Iter: 000, Train Loss: 5.7328, Train RMSE: 12.1880, Train MAPE: 0.5982, Train WMAPE: 0.0318
Iter: 050, Train Loss: 5.6920, Train RMSE: 11.8222, Train MAPE: 0.5673, Train WMAPE: 0.0312
Epoch: 235, Training Time: 29.1722 secs
Epoch: 235, Inference Time: 5.0902 secs
Epoch: 235, Train Loss: 5.6548, Train RMSE: 12.1668, Train MAPE: 0.7985, Train WMAPE: 0.0316, 
Epoch: 235, Valid Loss: 10.1664, Valid RMSE: 35.7367, Valid MAPE: 2.5790, Valid WMAPE: 0.0584
No update
Iter: 000, Train Loss: 5.8376, Train RMSE: 12.2794, Train MAPE: 0.8074, Train WMAPE: 0.0324
Iter: 050, Train Loss: 5.6422, Train RMSE: 11.5187, Train MAPE: 0.5386, Train WMAPE: 0.0309
Epoch: 236, Training Time: 28.2782 secs
Epoch: 236, Inference Time: 4.9037 secs
Epoch: 236, Train Loss: 5.6360, Train RMSE: 12.1060, Train MAPE: 0.8049, Train WMAPE: 0.0315, 
Epoch: 236, Valid Loss: 9.9880, Valid RMSE: 34.9932, Valid MAPE: 2.0505, Valid WMAPE: 0.0573
###Update tasks appear###
Evaluate best model on test data for horizon 1, Test MAE: 9.0722, Test RMSE: 61.7201, Test MAPE: 7.4467, Test WMAPE: 0.0527
Evaluate best model on test data for horizon 2, Test MAE: 9.8795, Test RMSE: 51.7962, Test MAPE: 11.6310, Test WMAPE: 0.0574
Evaluate best model on test data for horizon 3, Test MAE: 9.7787, Test RMSE: 37.9303, Test MAPE: 14.7944, Test WMAPE: 0.0568
Evaluate best model on test data for horizon 4, Test MAE: 11.0698, Test RMSE: 41.1540, Test MAPE: 16.8243, Test WMAPE: 0.0643
Evaluate best model on test data for horizon 5, Test MAE: 12.2253, Test RMSE: 44.3365, Test MAPE: 17.2385, Test WMAPE: 0.0710
Evaluate best model on test data for horizon 6, Test MAE: 12.5948, Test RMSE: 41.5194, Test MAPE: 17.3915, Test WMAPE: 0.0732
Evaluate best model on test data for horizon 7, Test MAE: 13.3960, Test RMSE: 43.3616, Test MAPE: 18.1371, Test WMAPE: 0.0779
Evaluate best model on test data for horizon 8, Test MAE: 14.0357, Test RMSE: 45.4859, Test MAPE: 18.0481, Test WMAPE: 0.0816
Evaluate best model on test data for horizon 9, Test MAE: 14.3051, Test RMSE: 44.5897, Test MAPE: 18.3117, Test WMAPE: 0.0832
Evaluate best model on test data for horizon 10, Test MAE: 14.2316, Test RMSE: 41.6527, Test MAPE: 18.1262, Test WMAPE: 0.0828
Evaluate best model on test data for horizon 11, Test MAE: 15.1332, Test RMSE: 48.1400, Test MAPE: 18.5096, Test WMAPE: 0.0880
Evaluate best model on test data for horizon 12, Test MAE: 15.2739, Test RMSE: 48.5729, Test MAPE: 18.3280, Test WMAPE: 0.0889
On average over 12 horizons, Test MAE: 12.5830, Test RMSE: 45.8549, Test MAPE: 16.2323, Test WMAPE: 0.0731
No update
Iter: 000, Train Loss: 5.8099, Train RMSE: 12.3113, Train MAPE: 0.6564, Train WMAPE: 0.0323
Iter: 050, Train Loss: 5.5955, Train RMSE: 11.5676, Train MAPE: 0.4991, Train WMAPE: 0.0307
Epoch: 237, Training Time: 26.8628 secs
Epoch: 237, Inference Time: 5.2058 secs
Epoch: 237, Train Loss: 5.6378, Train RMSE: 12.1297, Train MAPE: 0.7791, Train WMAPE: 0.0315, 
Epoch: 237, Valid Loss: 10.1089, Valid RMSE: 35.0904, Valid MAPE: 2.5479, Valid WMAPE: 0.0580
No update
Iter: 000, Train Loss: 5.8603, Train RMSE: 12.2841, Train MAPE: 0.8857, Train WMAPE: 0.0325
Iter: 050, Train Loss: 6.0552, Train RMSE: 12.1037, Train MAPE: 0.6041, Train WMAPE: 0.0332
Epoch: 238, Training Time: 28.0794 secs
Epoch: 238, Inference Time: 5.2953 secs
Epoch: 238, Train Loss: 5.6861, Train RMSE: 12.1711, Train MAPE: 0.8476, Train WMAPE: 0.0318, 
Epoch: 238, Valid Loss: 10.2707, Valid RMSE: 35.5010, Valid MAPE: 3.4741, Valid WMAPE: 0.0590
No update
Iter: 000, Train Loss: 5.9731, Train RMSE: 12.2832, Train MAPE: 1.1096, Train WMAPE: 0.0332
Iter: 050, Train Loss: 5.7341, Train RMSE: 11.7266, Train MAPE: 0.7000, Train WMAPE: 0.0314
Epoch: 239, Training Time: 26.9728 secs
Epoch: 239, Inference Time: 4.9922 secs
Epoch: 239, Train Loss: 5.7046, Train RMSE: 12.1257, Train MAPE: 0.9940, Train WMAPE: 0.0319, 
Epoch: 239, Valid Loss: 10.0708, Valid RMSE: 35.3538, Valid MAPE: 3.4159, Valid WMAPE: 0.0578
No update
Iter: 000, Train Loss: 5.6937, Train RMSE: 12.1020, Train MAPE: 1.0236, Train WMAPE: 0.0316
Iter: 050, Train Loss: 5.7106, Train RMSE: 11.6190, Train MAPE: 0.8331, Train WMAPE: 0.0313
Epoch: 240, Training Time: 28.3804 secs
Epoch: 240, Inference Time: 4.3978 secs
Epoch: 240, Train Loss: 5.6884, Train RMSE: 12.1004, Train MAPE: 1.0680, Train WMAPE: 0.0318, 
Epoch: 240, Valid Loss: 10.0121, Valid RMSE: 35.2622, Valid MAPE: 2.1045, Valid WMAPE: 0.0575
No update
Iter: 000, Train Loss: 5.7043, Train RMSE: 12.1104, Train MAPE: 0.7836, Train WMAPE: 0.0317
Iter: 050, Train Loss: 5.6601, Train RMSE: 11.5835, Train MAPE: 0.8292, Train WMAPE: 0.0310
Epoch: 241, Training Time: 27.8819 secs
Epoch: 241, Inference Time: 5.6027 secs
Epoch: 241, Train Loss: 5.6958, Train RMSE: 12.0983, Train MAPE: 1.0044, Train WMAPE: 0.0318, 
Epoch: 241, Valid Loss: 10.1073, Valid RMSE: 34.9829, Valid MAPE: 3.1766, Valid WMAPE: 0.0580
No update
Iter: 000, Train Loss: 5.8822, Train RMSE: 12.1912, Train MAPE: 1.1579, Train WMAPE: 0.0327
Iter: 050, Train Loss: 5.5632, Train RMSE: 11.3415, Train MAPE: 0.5789, Train WMAPE: 0.0305
Epoch: 242, Training Time: 28.1733 secs
Epoch: 242, Inference Time: 4.7920 secs
Epoch: 242, Train Loss: 5.6485, Train RMSE: 12.0567, Train MAPE: 1.0189, Train WMAPE: 0.0316, 
Epoch: 242, Valid Loss: 10.0171, Valid RMSE: 34.9317, Valid MAPE: 1.8310, Valid WMAPE: 0.0575
No update
Iter: 000, Train Loss: 5.8719, Train RMSE: 12.1660, Train MAPE: 0.5532, Train WMAPE: 0.0326
Iter: 050, Train Loss: 5.5583, Train RMSE: 11.4571, Train MAPE: 0.5559, Train WMAPE: 0.0305
Epoch: 243, Training Time: 27.6768 secs
Epoch: 243, Inference Time: 5.8931 secs
Epoch: 243, Train Loss: 5.6165, Train RMSE: 12.0157, Train MAPE: 1.0061, Train WMAPE: 0.0314, 
Epoch: 243, Valid Loss: 10.0811, Valid RMSE: 35.2481, Valid MAPE: 3.4107, Valid WMAPE: 0.0579
No update
Iter: 000, Train Loss: 5.7599, Train RMSE: 12.0689, Train MAPE: 1.1202, Train WMAPE: 0.0320
Iter: 050, Train Loss: 5.7455, Train RMSE: 11.5623, Train MAPE: 0.7902, Train WMAPE: 0.0315
Epoch: 244, Training Time: 28.0769 secs
Epoch: 244, Inference Time: 4.4944 secs
Epoch: 244, Train Loss: 5.6340, Train RMSE: 12.0342, Train MAPE: 0.9970, Train WMAPE: 0.0315, 
Epoch: 244, Valid Loss: 10.1319, Valid RMSE: 35.1364, Valid MAPE: 3.7311, Valid WMAPE: 0.0582
No update
Iter: 000, Train Loss: 5.9304, Train RMSE: 12.3552, Train MAPE: 1.1878, Train WMAPE: 0.0329
Iter: 050, Train Loss: 5.6522, Train RMSE: 11.4428, Train MAPE: 0.8946, Train WMAPE: 0.0310
Epoch: 245, Training Time: 27.8788 secs
Epoch: 245, Inference Time: 5.1957 secs
Epoch: 245, Train Loss: 5.6573, Train RMSE: 12.0542, Train MAPE: 1.0065, Train WMAPE: 0.0316, 
Epoch: 245, Valid Loss: 10.0559, Valid RMSE: 35.0854, Valid MAPE: 1.8719, Valid WMAPE: 0.0577
No update
Iter: 000, Train Loss: 5.7975, Train RMSE: 12.3846, Train MAPE: 0.6373, Train WMAPE: 0.0322
Iter: 050, Train Loss: 5.7616, Train RMSE: 11.7896, Train MAPE: 0.9160, Train WMAPE: 0.0316
Epoch: 246, Training Time: 28.7859 secs
Epoch: 246, Inference Time: 5.5868 secs
Epoch: 246, Train Loss: 5.6729, Train RMSE: 12.0964, Train MAPE: 0.9642, Train WMAPE: 0.0317, 
Epoch: 246, Valid Loss: 10.0106, Valid RMSE: 35.0326, Valid MAPE: 1.6181, Valid WMAPE: 0.0575
No update
Iter: 000, Train Loss: 5.6664, Train RMSE: 12.0621, Train MAPE: 0.6242, Train WMAPE: 0.0315
Iter: 050, Train Loss: 5.5981, Train RMSE: 11.4638, Train MAPE: 0.3887, Train WMAPE: 0.0307
Epoch: 247, Training Time: 31.3977 secs
Epoch: 247, Inference Time: 5.4890 secs
Epoch: 247, Train Loss: 5.6494, Train RMSE: 12.0613, Train MAPE: 0.8686, Train WMAPE: 0.0316, 
Epoch: 247, Valid Loss: 9.9998, Valid RMSE: 35.0478, Valid MAPE: 1.6858, Valid WMAPE: 0.0574
###Update tasks appear###
Evaluate best model on test data for horizon 1, Test MAE: 9.1579, Test RMSE: 61.7847, Test MAPE: 7.3433, Test WMAPE: 0.0532
Evaluate best model on test data for horizon 2, Test MAE: 9.9192, Test RMSE: 51.7593, Test MAPE: 11.4203, Test WMAPE: 0.0576
Evaluate best model on test data for horizon 3, Test MAE: 9.8610, Test RMSE: 37.6777, Test MAPE: 14.4269, Test WMAPE: 0.0573
Evaluate best model on test data for horizon 4, Test MAE: 11.1300, Test RMSE: 41.0855, Test MAPE: 16.3578, Test WMAPE: 0.0647
Evaluate best model on test data for horizon 5, Test MAE: 12.3172, Test RMSE: 44.4249, Test MAPE: 16.9320, Test WMAPE: 0.0716
Evaluate best model on test data for horizon 6, Test MAE: 12.6753, Test RMSE: 41.8359, Test MAPE: 17.2937, Test WMAPE: 0.0737
Evaluate best model on test data for horizon 7, Test MAE: 13.3897, Test RMSE: 43.1623, Test MAPE: 17.7794, Test WMAPE: 0.0778
Evaluate best model on test data for horizon 8, Test MAE: 14.0352, Test RMSE: 45.1788, Test MAPE: 17.9645, Test WMAPE: 0.0816
Evaluate best model on test data for horizon 9, Test MAE: 14.3530, Test RMSE: 44.7922, Test MAPE: 18.1762, Test WMAPE: 0.0835
Evaluate best model on test data for horizon 10, Test MAE: 14.2301, Test RMSE: 41.5581, Test MAPE: 18.1721, Test WMAPE: 0.0828
Evaluate best model on test data for horizon 11, Test MAE: 15.1471, Test RMSE: 48.0072, Test MAPE: 18.4942, Test WMAPE: 0.0881
Evaluate best model on test data for horizon 12, Test MAE: 15.2833, Test RMSE: 48.5512, Test MAPE: 18.3560, Test WMAPE: 0.0889
On average over 12 horizons, Test MAE: 12.6249, Test RMSE: 45.8181, Test MAPE: 16.0597, Test WMAPE: 0.0734
No update
Iter: 000, Train Loss: 5.7442, Train RMSE: 12.1609, Train MAPE: 0.5561, Train WMAPE: 0.0319
Iter: 050, Train Loss: 5.5842, Train RMSE: 11.4159, Train MAPE: 0.6091, Train WMAPE: 0.0306
Epoch: 248, Training Time: 27.6865 secs
Epoch: 248, Inference Time: 5.1971 secs
Epoch: 248, Train Loss: 5.6470, Train RMSE: 12.1464, Train MAPE: 0.7478, Train WMAPE: 0.0316, 
Epoch: 248, Valid Loss: 9.9738, Valid RMSE: 34.9651, Valid MAPE: 2.2966, Valid WMAPE: 0.0573
###Update tasks appear###
Evaluate best model on test data for horizon 1, Test MAE: 9.0818, Test RMSE: 61.3582, Test MAPE: 7.4774, Test WMAPE: 0.0527
Evaluate best model on test data for horizon 2, Test MAE: 9.7618, Test RMSE: 51.8109, Test MAPE: 11.7028, Test WMAPE: 0.0567
Evaluate best model on test data for horizon 3, Test MAE: 9.8155, Test RMSE: 37.9190, Test MAPE: 14.8572, Test WMAPE: 0.0570
Evaluate best model on test data for horizon 4, Test MAE: 11.0223, Test RMSE: 41.0416, Test MAPE: 16.5682, Test WMAPE: 0.0640
Evaluate best model on test data for horizon 5, Test MAE: 12.0881, Test RMSE: 44.3190, Test MAPE: 17.1955, Test WMAPE: 0.0702
Evaluate best model on test data for horizon 6, Test MAE: 12.4859, Test RMSE: 41.6279, Test MAPE: 17.5707, Test WMAPE: 0.0726
Evaluate best model on test data for horizon 7, Test MAE: 13.2517, Test RMSE: 43.2228, Test MAPE: 18.1129, Test WMAPE: 0.0770
Evaluate best model on test data for horizon 8, Test MAE: 13.9520, Test RMSE: 45.3894, Test MAPE: 18.1129, Test WMAPE: 0.0811
Evaluate best model on test data for horizon 9, Test MAE: 14.2822, Test RMSE: 44.3199, Test MAPE: 18.3270, Test WMAPE: 0.0831
Evaluate best model on test data for horizon 10, Test MAE: 14.2089, Test RMSE: 41.6100, Test MAPE: 18.5422, Test WMAPE: 0.0826
Evaluate best model on test data for horizon 11, Test MAE: 15.0353, Test RMSE: 47.8974, Test MAPE: 18.5419, Test WMAPE: 0.0875
Evaluate best model on test data for horizon 12, Test MAE: 15.2131, Test RMSE: 48.1961, Test MAPE: 18.4824, Test WMAPE: 0.0885
On average over 12 horizons, Test MAE: 12.5165, Test RMSE: 45.7260, Test MAPE: 16.2909, Test WMAPE: 0.0728
No update
Iter: 000, Train Loss: 5.8617, Train RMSE: 12.3275, Train MAPE: 0.7706, Train WMAPE: 0.0325
Iter: 050, Train Loss: 5.5508, Train RMSE: 11.4547, Train MAPE: 0.5445, Train WMAPE: 0.0304
Epoch: 249, Training Time: 27.0701 secs
Epoch: 249, Inference Time: 5.1855 secs
Epoch: 249, Train Loss: 5.6394, Train RMSE: 12.1307, Train MAPE: 0.7909, Train WMAPE: 0.0315, 
Epoch: 249, Valid Loss: 10.1796, Valid RMSE: 35.3638, Valid MAPE: 2.1457, Valid WMAPE: 0.0584
No update
Iter: 000, Train Loss: 5.7864, Train RMSE: 12.2252, Train MAPE: 0.6797, Train WMAPE: 0.0321
Iter: 050, Train Loss: 5.6283, Train RMSE: 11.4122, Train MAPE: 0.5418, Train WMAPE: 0.0309
Epoch: 250, Training Time: 27.5775 secs
Epoch: 250, Inference Time: 5.2970 secs
Epoch: 250, Train Loss: 5.6549, Train RMSE: 12.1604, Train MAPE: 0.7679, Train WMAPE: 0.0316, 
Epoch: 250, Valid Loss: 10.2267, Valid RMSE: 35.1316, Valid MAPE: 2.6772, Valid WMAPE: 0.0587
No update
Iter: 000, Train Loss: 6.1295, Train RMSE: 13.1314, Train MAPE: 0.8886, Train WMAPE: 0.0340
Iter: 050, Train Loss: 5.6811, Train RMSE: 11.4622, Train MAPE: 0.6215, Train WMAPE: 0.0312
Epoch: 251, Training Time: 27.6903 secs
Epoch: 251, Inference Time: 4.6833 secs
Epoch: 251, Train Loss: 5.6717, Train RMSE: 12.1350, Train MAPE: 0.8098, Train WMAPE: 0.0317, 
Epoch: 251, Valid Loss: 10.0512, Valid RMSE: 34.9850, Valid MAPE: 1.8934, Valid WMAPE: 0.0577
No update
Iter: 000, Train Loss: 5.7665, Train RMSE: 12.1299, Train MAPE: 0.6114, Train WMAPE: 0.0320
Iter: 050, Train Loss: 5.6410, Train RMSE: 11.6337, Train MAPE: 0.4974, Train WMAPE: 0.0309
Epoch: 252, Training Time: 27.1846 secs
Epoch: 252, Inference Time: 5.1933 secs
Epoch: 252, Train Loss: 5.6334, Train RMSE: 12.0982, Train MAPE: 0.7783, Train WMAPE: 0.0315, 
Epoch: 252, Valid Loss: 9.9269, Valid RMSE: 35.1092, Valid MAPE: 1.8304, Valid WMAPE: 0.0570
###Update tasks appear###
Evaluate best model on test data for horizon 1, Test MAE: 9.0757, Test RMSE: 62.1155, Test MAPE: 7.1879, Test WMAPE: 0.0527
Evaluate best model on test data for horizon 2, Test MAE: 9.7424, Test RMSE: 52.0536, Test MAPE: 11.3614, Test WMAPE: 0.0566
Evaluate best model on test data for horizon 3, Test MAE: 9.7277, Test RMSE: 37.8912, Test MAPE: 14.5044, Test WMAPE: 0.0565
Evaluate best model on test data for horizon 4, Test MAE: 11.0156, Test RMSE: 41.2640, Test MAPE: 16.6485, Test WMAPE: 0.0640
Evaluate best model on test data for horizon 5, Test MAE: 12.1118, Test RMSE: 44.1781, Test MAPE: 17.2623, Test WMAPE: 0.0704
Evaluate best model on test data for horizon 6, Test MAE: 12.5690, Test RMSE: 41.3427, Test MAPE: 17.4754, Test WMAPE: 0.0731
Evaluate best model on test data for horizon 7, Test MAE: 13.2238, Test RMSE: 43.0387, Test MAPE: 17.9577, Test WMAPE: 0.0769
Evaluate best model on test data for horizon 8, Test MAE: 13.8895, Test RMSE: 45.4593, Test MAPE: 18.2649, Test WMAPE: 0.0808
Evaluate best model on test data for horizon 9, Test MAE: 14.1313, Test RMSE: 44.5332, Test MAPE: 18.5853, Test WMAPE: 0.0822
Evaluate best model on test data for horizon 10, Test MAE: 13.9855, Test RMSE: 41.2300, Test MAPE: 18.6061, Test WMAPE: 0.0813
Evaluate best model on test data for horizon 11, Test MAE: 14.8179, Test RMSE: 47.7643, Test MAPE: 18.6702, Test WMAPE: 0.0862
Evaluate best model on test data for horizon 12, Test MAE: 14.9357, Test RMSE: 48.0378, Test MAPE: 18.6593, Test WMAPE: 0.0869
On average over 12 horizons, Test MAE: 12.4355, Test RMSE: 45.7423, Test MAPE: 16.2653, Test WMAPE: 0.0723
Test low! Updating! Test Loss: 12.435498476028442, Test low! Updating! Valid Loss: 9.926879167556763, epoch:  252
Iter: 000, Train Loss: 5.5997, Train RMSE: 12.0131, Train MAPE: 0.5683, Train WMAPE: 0.0311
Iter: 050, Train Loss: 5.5736, Train RMSE: 11.4311, Train MAPE: 0.4118, Train WMAPE: 0.0306
Epoch: 253, Training Time: 27.0183 secs
Epoch: 253, Inference Time: 4.5890 secs
Epoch: 253, Train Loss: 5.6292, Train RMSE: 12.0873, Train MAPE: 0.7514, Train WMAPE: 0.0315, 
Epoch: 253, Valid Loss: 10.0096, Valid RMSE: 34.7262, Valid MAPE: 1.8599, Valid WMAPE: 0.0575
No update
Iter: 000, Train Loss: 5.8582, Train RMSE: 12.2887, Train MAPE: 0.6284, Train WMAPE: 0.0325
Iter: 050, Train Loss: 5.5875, Train RMSE: 11.3247, Train MAPE: 0.5219, Train WMAPE: 0.0306
Epoch: 254, Training Time: 26.8797 secs
Epoch: 254, Inference Time: 4.3961 secs
Epoch: 254, Train Loss: 5.5966, Train RMSE: 12.0185, Train MAPE: 0.7624, Train WMAPE: 0.0313, 
Epoch: 254, Valid Loss: 10.0210, Valid RMSE: 34.5070, Valid MAPE: 2.2655, Valid WMAPE: 0.0575
No update
Iter: 000, Train Loss: 5.8358, Train RMSE: 12.2560, Train MAPE: 0.7352, Train WMAPE: 0.0324
Iter: 050, Train Loss: 5.5658, Train RMSE: 11.5244, Train MAPE: 0.4815, Train WMAPE: 0.0305
Epoch: 255, Training Time: 26.6709 secs
Epoch: 255, Inference Time: 4.4849 secs
Epoch: 255, Train Loss: 5.5820, Train RMSE: 12.0106, Train MAPE: 0.7524, Train WMAPE: 0.0312, 
Epoch: 255, Valid Loss: 10.0575, Valid RMSE: 34.9963, Valid MAPE: 2.2734, Valid WMAPE: 0.0577
No update
Iter: 000, Train Loss: 5.7885, Train RMSE: 12.1426, Train MAPE: 0.7435, Train WMAPE: 0.0321
Iter: 050, Train Loss: 5.5354, Train RMSE: 11.3803, Train MAPE: 0.4809, Train WMAPE: 0.0304
Epoch: 256, Training Time: 26.5782 secs
Epoch: 256, Inference Time: 4.4908 secs
Epoch: 256, Train Loss: 5.5784, Train RMSE: 11.9810, Train MAPE: 0.7524, Train WMAPE: 0.0312, 
Epoch: 256, Valid Loss: 10.0837, Valid RMSE: 35.3737, Valid MAPE: 2.4286, Valid WMAPE: 0.0579
No update
Iter: 000, Train Loss: 5.8976, Train RMSE: 12.4425, Train MAPE: 0.7746, Train WMAPE: 0.0327
Iter: 050, Train Loss: 5.5574, Train RMSE: 11.3815, Train MAPE: 0.5545, Train WMAPE: 0.0305
Epoch: 257, Training Time: 26.4837 secs
Epoch: 257, Inference Time: 4.3955 secs
Epoch: 257, Train Loss: 5.5711, Train RMSE: 11.9677, Train MAPE: 0.7875, Train WMAPE: 0.0311, 
Epoch: 257, Valid Loss: 10.0024, Valid RMSE: 35.1287, Valid MAPE: 2.3799, Valid WMAPE: 0.0574
No update
Iter: 000, Train Loss: 5.7351, Train RMSE: 12.1567, Train MAPE: 0.8283, Train WMAPE: 0.0318
Iter: 050, Train Loss: 5.5694, Train RMSE: 11.4414, Train MAPE: 0.5305, Train WMAPE: 0.0305
Epoch: 258, Training Time: 26.1753 secs
Epoch: 258, Inference Time: 4.3803 secs
Epoch: 258, Train Loss: 5.5993, Train RMSE: 12.0269, Train MAPE: 0.7530, Train WMAPE: 0.0313, 
Epoch: 258, Valid Loss: 10.0440, Valid RMSE: 35.2165, Valid MAPE: 1.8901, Valid WMAPE: 0.0577
No update
Iter: 000, Train Loss: 5.6661, Train RMSE: 12.0591, Train MAPE: 0.6043, Train WMAPE: 0.0315
Iter: 050, Train Loss: 5.6603, Train RMSE: 11.6119, Train MAPE: 0.4883, Train WMAPE: 0.0310
Epoch: 259, Training Time: 25.8896 secs
Epoch: 259, Inference Time: 4.3993 secs
Epoch: 259, Train Loss: 5.6431, Train RMSE: 12.0999, Train MAPE: 0.7356, Train WMAPE: 0.0316, 
Epoch: 259, Valid Loss: 10.0603, Valid RMSE: 35.0440, Valid MAPE: 2.2924, Valid WMAPE: 0.0578
No update
Iter: 000, Train Loss: 5.8775, Train RMSE: 12.4086, Train MAPE: 0.7224, Train WMAPE: 0.0326
Iter: 050, Train Loss: 5.5581, Train RMSE: 11.3715, Train MAPE: 0.4273, Train WMAPE: 0.0305
Epoch: 260, Training Time: 25.7697 secs
Epoch: 260, Inference Time: 4.2938 secs
Epoch: 260, Train Loss: 5.5741, Train RMSE: 11.9558, Train MAPE: 0.7685, Train WMAPE: 0.0312, 
Epoch: 260, Valid Loss: 10.0937, Valid RMSE: 35.3678, Valid MAPE: 2.1724, Valid WMAPE: 0.0579
No update
Iter: 000, Train Loss: 5.7541, Train RMSE: 12.1109, Train MAPE: 0.6925, Train WMAPE: 0.0319
Iter: 050, Train Loss: 5.4747, Train RMSE: 11.2975, Train MAPE: 0.4598, Train WMAPE: 0.0300
Epoch: 261, Training Time: 26.0835 secs
Epoch: 261, Inference Time: 4.2818 secs
Epoch: 261, Train Loss: 5.5567, Train RMSE: 11.9443, Train MAPE: 0.7317, Train WMAPE: 0.0311, 
Epoch: 261, Valid Loss: 9.9832, Valid RMSE: 35.1450, Valid MAPE: 1.9547, Valid WMAPE: 0.0573
No update
Iter: 000, Train Loss: 5.6857, Train RMSE: 12.0372, Train MAPE: 0.6068, Train WMAPE: 0.0316
Iter: 050, Train Loss: 5.5467, Train RMSE: 11.2643, Train MAPE: 0.5548, Train WMAPE: 0.0304
Epoch: 262, Training Time: 26.1801 secs
Epoch: 262, Inference Time: 4.4942 secs
Epoch: 262, Train Loss: 5.5433, Train RMSE: 11.9085, Train MAPE: 0.7421, Train WMAPE: 0.0310, 
Epoch: 262, Valid Loss: 10.1606, Valid RMSE: 35.4926, Valid MAPE: 2.8852, Valid WMAPE: 0.0583
No update
Iter: 000, Train Loss: 5.9129, Train RMSE: 12.3436, Train MAPE: 0.9801, Train WMAPE: 0.0328
Iter: 050, Train Loss: 5.5411, Train RMSE: 11.4391, Train MAPE: 0.5319, Train WMAPE: 0.0304
Epoch: 263, Training Time: 25.5817 secs
Epoch: 263, Inference Time: 4.4815 secs
Epoch: 263, Train Loss: 5.5539, Train RMSE: 11.9583, Train MAPE: 0.7511, Train WMAPE: 0.0311, 
Epoch: 263, Valid Loss: 9.9750, Valid RMSE: 35.1638, Valid MAPE: 2.0335, Valid WMAPE: 0.0573
No update
Iter: 000, Train Loss: 5.6189, Train RMSE: 11.9335, Train MAPE: 0.6981, Train WMAPE: 0.0312
Iter: 050, Train Loss: 5.6049, Train RMSE: 11.4595, Train MAPE: 0.5370, Train WMAPE: 0.0307
Epoch: 264, Training Time: 25.6868 secs
Epoch: 264, Inference Time: 4.2905 secs
Epoch: 264, Train Loss: 5.5406, Train RMSE: 11.9130, Train MAPE: 0.7224, Train WMAPE: 0.0310, 
Epoch: 264, Valid Loss: 10.0537, Valid RMSE: 35.3186, Valid MAPE: 1.6185, Valid WMAPE: 0.0577
No update
Iter: 000, Train Loss: 5.5907, Train RMSE: 11.9021, Train MAPE: 0.4492, Train WMAPE: 0.0310
Iter: 050, Train Loss: 5.4890, Train RMSE: 11.3573, Train MAPE: 0.5388, Train WMAPE: 0.0301
Epoch: 265, Training Time: 25.3624 secs
Epoch: 265, Inference Time: 4.1959 secs
Epoch: 265, Train Loss: 5.5460, Train RMSE: 11.9191, Train MAPE: 0.7393, Train WMAPE: 0.0310, 
Epoch: 265, Valid Loss: 10.0715, Valid RMSE: 35.1758, Valid MAPE: 2.0225, Valid WMAPE: 0.0578
No update
Iter: 000, Train Loss: 5.7063, Train RMSE: 12.0313, Train MAPE: 0.6194, Train WMAPE: 0.0317
Iter: 050, Train Loss: 5.6122, Train RMSE: 11.7149, Train MAPE: 0.4913, Train WMAPE: 0.0308
Epoch: 266, Training Time: 25.3281 secs
Epoch: 266, Inference Time: 4.2890 secs
Epoch: 266, Train Loss: 5.5753, Train RMSE: 12.0108, Train MAPE: 0.7341, Train WMAPE: 0.0312, 
Epoch: 266, Valid Loss: 9.9737, Valid RMSE: 34.9667, Valid MAPE: 2.1943, Valid WMAPE: 0.0573
No update
Iter: 000, Train Loss: 5.7443, Train RMSE: 12.0635, Train MAPE: 0.7474, Train WMAPE: 0.0319
Iter: 050, Train Loss: 5.4858, Train RMSE: 11.2815, Train MAPE: 0.5455, Train WMAPE: 0.0301
Epoch: 267, Training Time: 24.9848 secs
Epoch: 267, Inference Time: 4.1977 secs
Epoch: 267, Train Loss: 5.5475, Train RMSE: 11.9327, Train MAPE: 0.7385, Train WMAPE: 0.0310, 
Epoch: 267, Valid Loss: 10.0456, Valid RMSE: 35.2835, Valid MAPE: 1.9927, Valid WMAPE: 0.0577
No update
Iter: 000, Train Loss: 5.7415, Train RMSE: 12.1667, Train MAPE: 0.6693, Train WMAPE: 0.0319
Iter: 050, Train Loss: 5.6023, Train RMSE: 11.3328, Train MAPE: 0.6555, Train WMAPE: 0.0307
Epoch: 268, Training Time: 24.8760 secs
Epoch: 268, Inference Time: 4.1998 secs
Epoch: 268, Train Loss: 5.5253, Train RMSE: 11.8671, Train MAPE: 0.7521, Train WMAPE: 0.0309, 
Epoch: 268, Valid Loss: 10.0705, Valid RMSE: 35.4589, Valid MAPE: 2.3821, Valid WMAPE: 0.0578
No update
Iter: 000, Train Loss: 5.7093, Train RMSE: 12.1219, Train MAPE: 0.7381, Train WMAPE: 0.0317
Iter: 050, Train Loss: 5.5649, Train RMSE: 11.4150, Train MAPE: 0.5045, Train WMAPE: 0.0305
Epoch: 269, Training Time: 24.9733 secs
Epoch: 269, Inference Time: 4.1998 secs
Epoch: 269, Train Loss: 5.5270, Train RMSE: 11.8607, Train MAPE: 0.7672, Train WMAPE: 0.0309, 
Epoch: 269, Valid Loss: 10.1332, Valid RMSE: 34.9364, Valid MAPE: 3.1654, Valid WMAPE: 0.0582
No update
Iter: 000, Train Loss: 5.6695, Train RMSE: 11.9927, Train MAPE: 1.0849, Train WMAPE: 0.0315
Iter: 050, Train Loss: 5.4592, Train RMSE: 11.1866, Train MAPE: 0.3884, Train WMAPE: 0.0299
Epoch: 270, Training Time: 25.1814 secs
Epoch: 270, Inference Time: 4.1819 secs
Epoch: 270, Train Loss: 5.5327, Train RMSE: 11.8355, Train MAPE: 0.9223, Train WMAPE: 0.0309, 
Epoch: 270, Valid Loss: 9.9967, Valid RMSE: 34.9476, Valid MAPE: 2.1183, Valid WMAPE: 0.0574
No update
Iter: 000, Train Loss: 5.5597, Train RMSE: 11.9246, Train MAPE: 0.6443, Train WMAPE: 0.0309
Iter: 050, Train Loss: 5.7176, Train RMSE: 11.3465, Train MAPE: 1.3037, Train WMAPE: 0.0314
Epoch: 271, Training Time: 25.4875 secs
Epoch: 271, Inference Time: 4.1953 secs
Epoch: 271, Train Loss: 5.5151, Train RMSE: 11.7517, Train MAPE: 1.0003, Train WMAPE: 0.0308, 
Epoch: 271, Valid Loss: 9.8973, Valid RMSE: 35.0124, Valid MAPE: 1.6871, Valid WMAPE: 0.0568
###Update tasks appear###
Evaluate best model on test data for horizon 1, Test MAE: 9.1232, Test RMSE: 61.6827, Test MAPE: 7.6868, Test WMAPE: 0.0530
Evaluate best model on test data for horizon 2, Test MAE: 9.7882, Test RMSE: 51.5159, Test MAPE: 11.6247, Test WMAPE: 0.0568
Evaluate best model on test data for horizon 3, Test MAE: 9.7808, Test RMSE: 37.8088, Test MAPE: 14.7782, Test WMAPE: 0.0568
Evaluate best model on test data for horizon 4, Test MAE: 11.0481, Test RMSE: 41.2339, Test MAPE: 16.4162, Test WMAPE: 0.0642
Evaluate best model on test data for horizon 5, Test MAE: 12.1611, Test RMSE: 44.2215, Test MAPE: 17.0303, Test WMAPE: 0.0707
Evaluate best model on test data for horizon 6, Test MAE: 12.5568, Test RMSE: 41.8264, Test MAPE: 17.6127, Test WMAPE: 0.0730
Evaluate best model on test data for horizon 7, Test MAE: 13.2893, Test RMSE: 43.1399, Test MAPE: 17.9149, Test WMAPE: 0.0773
Evaluate best model on test data for horizon 8, Test MAE: 13.9201, Test RMSE: 45.4388, Test MAPE: 17.9645, Test WMAPE: 0.0809
Evaluate best model on test data for horizon 9, Test MAE: 14.2013, Test RMSE: 44.5700, Test MAPE: 18.2483, Test WMAPE: 0.0826
Evaluate best model on test data for horizon 10, Test MAE: 14.1475, Test RMSE: 41.7531, Test MAPE: 18.3579, Test WMAPE: 0.0823
Evaluate best model on test data for horizon 11, Test MAE: 14.9028, Test RMSE: 48.1474, Test MAPE: 18.4572, Test WMAPE: 0.0867
Evaluate best model on test data for horizon 12, Test MAE: 15.1587, Test RMSE: 48.3524, Test MAPE: 18.5595, Test WMAPE: 0.0882
On average over 12 horizons, Test MAE: 12.5065, Test RMSE: 45.8076, Test MAPE: 16.2209, Test WMAPE: 0.0727
No update
Iter: 000, Train Loss: 5.7313, Train RMSE: 12.3685, Train MAPE: 0.5427, Train WMAPE: 0.0318
Iter: 050, Train Loss: 5.6204, Train RMSE: 11.3518, Train MAPE: 0.4879, Train WMAPE: 0.0308
Epoch: 272, Training Time: 25.8618 secs
Epoch: 272, Inference Time: 4.2048 secs
Epoch: 272, Train Loss: 5.5615, Train RMSE: 11.8771, Train MAPE: 0.9540, Train WMAPE: 0.0311, 
Epoch: 272, Valid Loss: 10.0255, Valid RMSE: 35.2512, Valid MAPE: 2.1487, Valid WMAPE: 0.0576
No update
Iter: 000, Train Loss: 5.6912, Train RMSE: 11.9399, Train MAPE: 0.6586, Train WMAPE: 0.0316
Iter: 050, Train Loss: 5.3867, Train RMSE: 11.1034, Train MAPE: 0.5931, Train WMAPE: 0.0295
Epoch: 273, Training Time: 25.0675 secs
Epoch: 273, Inference Time: 4.2066 secs
Epoch: 273, Train Loss: 5.5122, Train RMSE: 11.7554, Train MAPE: 0.9471, Train WMAPE: 0.0308, 
Epoch: 273, Valid Loss: 9.9909, Valid RMSE: 35.4444, Valid MAPE: 1.8943, Valid WMAPE: 0.0574
No update
Iter: 000, Train Loss: 5.6942, Train RMSE: 12.0653, Train MAPE: 0.6394, Train WMAPE: 0.0316
Iter: 050, Train Loss: 5.4971, Train RMSE: 11.0910, Train MAPE: 0.9377, Train WMAPE: 0.0301
Epoch: 274, Training Time: 24.9790 secs
Epoch: 274, Inference Time: 4.2958 secs
Epoch: 274, Train Loss: 5.5266, Train RMSE: 11.7861, Train MAPE: 0.9660, Train WMAPE: 0.0309, 
Epoch: 274, Valid Loss: 10.2328, Valid RMSE: 35.4006, Valid MAPE: 3.7684, Valid WMAPE: 0.0588
No update
Iter: 000, Train Loss: 5.8258, Train RMSE: 12.0548, Train MAPE: 1.3494, Train WMAPE: 0.0323
Iter: 050, Train Loss: 5.5578, Train RMSE: 11.2274, Train MAPE: 0.5181, Train WMAPE: 0.0305
Epoch: 275, Training Time: 25.6673 secs
Epoch: 275, Inference Time: 4.1981 secs
Epoch: 275, Train Loss: 5.5338, Train RMSE: 11.7809, Train MAPE: 0.9924, Train WMAPE: 0.0309, 
Epoch: 275, Valid Loss: 10.0199, Valid RMSE: 35.4285, Valid MAPE: 2.5278, Valid WMAPE: 0.0575
No update
Iter: 000, Train Loss: 5.5669, Train RMSE: 11.9089, Train MAPE: 0.7596, Train WMAPE: 0.0309
Iter: 050, Train Loss: 5.6816, Train RMSE: 11.4190, Train MAPE: 0.8304, Train WMAPE: 0.0312
Epoch: 276, Training Time: 25.7749 secs
Epoch: 276, Inference Time: 4.3056 secs
Epoch: 276, Train Loss: 5.5634, Train RMSE: 11.8428, Train MAPE: 0.9786, Train WMAPE: 0.0311, 
Epoch: 276, Valid Loss: 9.9799, Valid RMSE: 35.4064, Valid MAPE: 2.0706, Valid WMAPE: 0.0573
No update
Iter: 000, Train Loss: 5.5670, Train RMSE: 11.8825, Train MAPE: 0.6129, Train WMAPE: 0.0309
Iter: 050, Train Loss: 5.5229, Train RMSE: 11.2353, Train MAPE: 0.7348, Train WMAPE: 0.0303
Epoch: 277, Training Time: 25.3768 secs
Epoch: 277, Inference Time: 4.1982 secs
Epoch: 277, Train Loss: 5.5350, Train RMSE: 11.7773, Train MAPE: 0.9432, Train WMAPE: 0.0309, 
Epoch: 277, Valid Loss: 10.0090, Valid RMSE: 35.1503, Valid MAPE: 3.0415, Valid WMAPE: 0.0575
No update
Iter: 000, Train Loss: 5.6342, Train RMSE: 11.8180, Train MAPE: 0.9366, Train WMAPE: 0.0313
Iter: 050, Train Loss: 5.4011, Train RMSE: 11.0449, Train MAPE: 0.5452, Train WMAPE: 0.0296
Epoch: 278, Training Time: 25.6763 secs
Epoch: 278, Inference Time: 4.1902 secs
Epoch: 278, Train Loss: 5.5114, Train RMSE: 11.7585, Train MAPE: 0.9456, Train WMAPE: 0.0308, 
Epoch: 278, Valid Loss: 10.0717, Valid RMSE: 35.0286, Valid MAPE: 2.3979, Valid WMAPE: 0.0578
No update
Iter: 000, Train Loss: 5.7920, Train RMSE: 12.1438, Train MAPE: 0.8109, Train WMAPE: 0.0322
Iter: 050, Train Loss: 5.4166, Train RMSE: 11.0488, Train MAPE: 0.7185, Train WMAPE: 0.0297
Epoch: 279, Training Time: 25.1812 secs
Epoch: 279, Inference Time: 4.1917 secs
Epoch: 279, Train Loss: 5.4782, Train RMSE: 11.7403, Train MAPE: 0.8677, Train WMAPE: 0.0306, 
Epoch: 279, Valid Loss: 9.9899, Valid RMSE: 35.2291, Valid MAPE: 2.3148, Valid WMAPE: 0.0574
No update
Iter: 000, Train Loss: 5.6533, Train RMSE: 11.9786, Train MAPE: 0.7816, Train WMAPE: 0.0314
Iter: 050, Train Loss: 5.6679, Train RMSE: 11.4863, Train MAPE: 0.6283, Train WMAPE: 0.0311
Epoch: 280, Training Time: 25.0065 secs
Epoch: 280, Inference Time: 4.1913 secs
Epoch: 280, Train Loss: 5.5852, Train RMSE: 11.9838, Train MAPE: 0.8294, Train WMAPE: 0.0312, 
Epoch: 280, Valid Loss: 10.0885, Valid RMSE: 35.7419, Valid MAPE: 2.1822, Valid WMAPE: 0.0579
No update
Iter: 000, Train Loss: 5.6268, Train RMSE: 11.7411, Train MAPE: 0.6863, Train WMAPE: 0.0312
Iter: 050, Train Loss: 5.7411, Train RMSE: 11.7345, Train MAPE: 0.5322, Train WMAPE: 0.0315
Epoch: 281, Training Time: 24.9766 secs
Epoch: 281, Inference Time: 4.2003 secs
Epoch: 281, Train Loss: 5.5566, Train RMSE: 11.9289, Train MAPE: 0.7283, Train WMAPE: 0.0311, 
Epoch: 281, Valid Loss: 10.0549, Valid RMSE: 35.6064, Valid MAPE: 1.6882, Valid WMAPE: 0.0577
No update
Iter: 000, Train Loss: 5.5829, Train RMSE: 11.8780, Train MAPE: 0.5170, Train WMAPE: 0.0310
Iter: 050, Train Loss: 5.4990, Train RMSE: 11.2534, Train MAPE: 0.5444, Train WMAPE: 0.0302
Epoch: 282, Training Time: 25.0814 secs
Epoch: 282, Inference Time: 4.2953 secs
Epoch: 282, Train Loss: 5.5339, Train RMSE: 11.8813, Train MAPE: 0.7391, Train WMAPE: 0.0309, 
Epoch: 282, Valid Loss: 10.0125, Valid RMSE: 35.5877, Valid MAPE: 1.5678, Valid WMAPE: 0.0575
No update
Iter: 000, Train Loss: 5.5371, Train RMSE: 11.8262, Train MAPE: 0.4821, Train WMAPE: 0.0307
Iter: 050, Train Loss: 5.4754, Train RMSE: 11.3011, Train MAPE: 0.5107, Train WMAPE: 0.0300
Epoch: 283, Training Time: 24.9707 secs
Epoch: 283, Inference Time: 4.2024 secs
Epoch: 283, Train Loss: 5.5200, Train RMSE: 11.8231, Train MAPE: 0.7590, Train WMAPE: 0.0309, 
Epoch: 283, Valid Loss: 10.1615, Valid RMSE: 35.5515, Valid MAPE: 2.4132, Valid WMAPE: 0.0583
No update
Iter: 000, Train Loss: 5.7689, Train RMSE: 12.0807, Train MAPE: 0.8412, Train WMAPE: 0.0320
Iter: 050, Train Loss: 5.4494, Train RMSE: 11.1342, Train MAPE: 0.6009, Train WMAPE: 0.0299
Epoch: 284, Training Time: 24.8647 secs
Epoch: 284, Inference Time: 4.1040 secs
Epoch: 284, Train Loss: 5.5353, Train RMSE: 11.8458, Train MAPE: 0.8315, Train WMAPE: 0.0310, 
Epoch: 284, Valid Loss: 10.0906, Valid RMSE: 35.9111, Valid MAPE: 2.1962, Valid WMAPE: 0.0579
No update
Iter: 000, Train Loss: 5.6776, Train RMSE: 12.0961, Train MAPE: 0.7631, Train WMAPE: 0.0315
Iter: 050, Train Loss: 5.4137, Train RMSE: 11.0545, Train MAPE: 0.4531, Train WMAPE: 0.0297
Epoch: 285, Training Time: 24.9047 secs
Epoch: 285, Inference Time: 4.4810 secs
Epoch: 285, Train Loss: 5.5110, Train RMSE: 11.8094, Train MAPE: 0.7991, Train WMAPE: 0.0308, 
Epoch: 285, Valid Loss: 10.0672, Valid RMSE: 35.6124, Valid MAPE: 2.4743, Valid WMAPE: 0.0578
No update
Iter: 000, Train Loss: 5.6833, Train RMSE: 11.8997, Train MAPE: 0.9364, Train WMAPE: 0.0316
Iter: 050, Train Loss: 5.4141, Train RMSE: 11.1218, Train MAPE: 0.3759, Train WMAPE: 0.0297
Epoch: 286, Training Time: 24.9776 secs
Epoch: 286, Inference Time: 4.2023 secs
Epoch: 286, Train Loss: 5.4876, Train RMSE: 11.7135, Train MAPE: 0.8781, Train WMAPE: 0.0307, 
Epoch: 286, Valid Loss: 10.1043, Valid RMSE: 35.8172, Valid MAPE: 2.5722, Valid WMAPE: 0.0580
No update
Iter: 000, Train Loss: 5.6725, Train RMSE: 11.9268, Train MAPE: 0.8070, Train WMAPE: 0.0315
Iter: 050, Train Loss: 5.5576, Train RMSE: 11.2638, Train MAPE: 0.6812, Train WMAPE: 0.0305
Epoch: 287, Training Time: 25.2237 secs
Epoch: 287, Inference Time: 4.1989 secs
Epoch: 287, Train Loss: 5.5041, Train RMSE: 11.7725, Train MAPE: 0.7265, Train WMAPE: 0.0308, 
Epoch: 287, Valid Loss: 10.0630, Valid RMSE: 35.6537, Valid MAPE: 2.8875, Valid WMAPE: 0.0578
No update
Iter: 000, Train Loss: 5.7156, Train RMSE: 12.0842, Train MAPE: 0.9569, Train WMAPE: 0.0317
Iter: 050, Train Loss: 5.4925, Train RMSE: 11.1749, Train MAPE: 0.6870, Train WMAPE: 0.0301
Epoch: 288, Training Time: 24.8840 secs
Epoch: 288, Inference Time: 4.1856 secs
Epoch: 288, Train Loss: 5.4796, Train RMSE: 11.7595, Train MAPE: 0.7623, Train WMAPE: 0.0306, 
Epoch: 288, Valid Loss: 9.9365, Valid RMSE: 35.4025, Valid MAPE: 1.7165, Valid WMAPE: 0.0570
No update
Iter: 000, Train Loss: 5.4670, Train RMSE: 11.7242, Train MAPE: 0.5343, Train WMAPE: 0.0304
Iter: 050, Train Loss: 5.4841, Train RMSE: 11.1710, Train MAPE: 0.4953, Train WMAPE: 0.0301
Epoch: 289, Training Time: 24.9799 secs
Epoch: 289, Inference Time: 4.3979 secs
Epoch: 289, Train Loss: 5.4818, Train RMSE: 11.7838, Train MAPE: 0.7179, Train WMAPE: 0.0307, 
Epoch: 289, Valid Loss: 10.1842, Valid RMSE: 36.0039, Valid MAPE: 1.9842, Valid WMAPE: 0.0585
No update
Iter: 000, Train Loss: 5.8132, Train RMSE: 12.1540, Train MAPE: 0.6941, Train WMAPE: 0.0323
Iter: 050, Train Loss: 5.4214, Train RMSE: 11.0809, Train MAPE: 0.6065, Train WMAPE: 0.0297
Epoch: 290, Training Time: 25.1688 secs
Epoch: 290, Inference Time: 4.2023 secs
Epoch: 290, Train Loss: 5.4526, Train RMSE: 11.7317, Train MAPE: 0.7024, Train WMAPE: 0.0305, 
Epoch: 290, Valid Loss: 9.9374, Valid RMSE: 35.3244, Valid MAPE: 1.9370, Valid WMAPE: 0.0571
No update
Iter: 000, Train Loss: 5.6024, Train RMSE: 11.7814, Train MAPE: 0.5790, Train WMAPE: 0.0311
Iter: 050, Train Loss: 5.4550, Train RMSE: 11.1418, Train MAPE: 0.5467, Train WMAPE: 0.0299
Epoch: 291, Training Time: 25.3700 secs
Epoch: 291, Inference Time: 4.2909 secs
Epoch: 291, Train Loss: 5.4736, Train RMSE: 11.7474, Train MAPE: 0.7164, Train WMAPE: 0.0306, 
Epoch: 291, Valid Loss: 9.9823, Valid RMSE: 35.5549, Valid MAPE: 2.2616, Valid WMAPE: 0.0573
No update
Iter: 000, Train Loss: 5.5706, Train RMSE: 11.7955, Train MAPE: 0.6878, Train WMAPE: 0.0309
Iter: 050, Train Loss: 5.5066, Train RMSE: 11.2909, Train MAPE: 0.5157, Train WMAPE: 0.0302
Epoch: 292, Training Time: 25.2692 secs
Epoch: 292, Inference Time: 4.2121 secs
Epoch: 292, Train Loss: 5.4618, Train RMSE: 11.7096, Train MAPE: 0.7322, Train WMAPE: 0.0305, 
Epoch: 292, Valid Loss: 10.0948, Valid RMSE: 35.5530, Valid MAPE: 2.1427, Valid WMAPE: 0.0580
No update
Iter: 000, Train Loss: 5.7453, Train RMSE: 12.0055, Train MAPE: 0.7367, Train WMAPE: 0.0319
Iter: 050, Train Loss: 5.4831, Train RMSE: 11.1921, Train MAPE: 0.3932, Train WMAPE: 0.0301
Epoch: 293, Training Time: 24.9662 secs
Epoch: 293, Inference Time: 4.2050 secs
Epoch: 293, Train Loss: 5.4895, Train RMSE: 11.7527, Train MAPE: 0.7089, Train WMAPE: 0.0307, 
Epoch: 293, Valid Loss: 10.0662, Valid RMSE: 35.6596, Valid MAPE: 1.7511, Valid WMAPE: 0.0578
No update
Iter: 000, Train Loss: 5.5562, Train RMSE: 11.8625, Train MAPE: 0.5315, Train WMAPE: 0.0308
Iter: 050, Train Loss: 5.4421, Train RMSE: 11.2437, Train MAPE: 0.5134, Train WMAPE: 0.0298
Epoch: 294, Training Time: 25.1563 secs
Epoch: 294, Inference Time: 4.2158 secs
Epoch: 294, Train Loss: 5.4253, Train RMSE: 11.6914, Train MAPE: 0.6939, Train WMAPE: 0.0303, 
Epoch: 294, Valid Loss: 10.0368, Valid RMSE: 35.8229, Valid MAPE: 1.8236, Valid WMAPE: 0.0576
No update
Iter: 000, Train Loss: 5.4976, Train RMSE: 11.8428, Train MAPE: 0.5579, Train WMAPE: 0.0305
Iter: 050, Train Loss: 5.5026, Train RMSE: 11.0539, Train MAPE: 0.6932, Train WMAPE: 0.0302
Epoch: 295, Training Time: 25.8724 secs
Epoch: 295, Inference Time: 4.3876 secs
Epoch: 295, Train Loss: 5.4769, Train RMSE: 11.7485, Train MAPE: 0.7247, Train WMAPE: 0.0306, 
Epoch: 295, Valid Loss: 10.1260, Valid RMSE: 35.4199, Valid MAPE: 2.5670, Valid WMAPE: 0.0581
No update
Iter: 000, Train Loss: 5.8516, Train RMSE: 12.2050, Train MAPE: 0.8817, Train WMAPE: 0.0325
Iter: 050, Train Loss: 5.5000, Train RMSE: 11.0649, Train MAPE: 0.4563, Train WMAPE: 0.0302
Epoch: 296, Training Time: 25.2673 secs
Epoch: 296, Inference Time: 4.2125 secs
Epoch: 296, Train Loss: 5.5535, Train RMSE: 11.8913, Train MAPE: 0.7538, Train WMAPE: 0.0310, 
Epoch: 296, Valid Loss: 10.0597, Valid RMSE: 35.8168, Valid MAPE: 1.9853, Valid WMAPE: 0.0578
No update
Iter: 000, Train Loss: 5.5941, Train RMSE: 11.7732, Train MAPE: 0.6305, Train WMAPE: 0.0311
Iter: 050, Train Loss: 5.3068, Train RMSE: 10.9258, Train MAPE: 0.4982, Train WMAPE: 0.0291
Epoch: 297, Training Time: 24.9118 secs
Epoch: 297, Inference Time: 4.2921 secs
Epoch: 297, Train Loss: 5.4534, Train RMSE: 11.7106, Train MAPE: 0.7099, Train WMAPE: 0.0305, 
Epoch: 297, Valid Loss: 10.0657, Valid RMSE: 35.6699, Valid MAPE: 2.8952, Valid WMAPE: 0.0578
No update
Iter: 000, Train Loss: 5.7019, Train RMSE: 12.0077, Train MAPE: 0.9525, Train WMAPE: 0.0317
Iter: 050, Train Loss: 5.5155, Train RMSE: 11.0676, Train MAPE: 0.8077, Train WMAPE: 0.0302
Epoch: 298, Training Time: 24.9804 secs
Epoch: 298, Inference Time: 4.2007 secs
Epoch: 298, Train Loss: 5.4415, Train RMSE: 11.6031, Train MAPE: 0.9681, Train WMAPE: 0.0304, 
Epoch: 298, Valid Loss: 10.1406, Valid RMSE: 35.6782, Valid MAPE: 3.5461, Valid WMAPE: 0.0582
No update
Iter: 000, Train Loss: 5.6864, Train RMSE: 11.7809, Train MAPE: 1.1549, Train WMAPE: 0.0316
Iter: 050, Train Loss: 5.4455, Train RMSE: 11.0093, Train MAPE: 0.5639, Train WMAPE: 0.0299
Epoch: 299, Training Time: 24.7827 secs
Epoch: 299, Inference Time: 4.1891 secs
Epoch: 299, Train Loss: 5.4372, Train RMSE: 11.5996, Train MAPE: 0.9101, Train WMAPE: 0.0304, 
Epoch: 299, Valid Loss: 10.1131, Valid RMSE: 35.6576, Valid MAPE: 3.4415, Valid WMAPE: 0.0581
No update
Iter: 000, Train Loss: 5.6659, Train RMSE: 11.8827, Train MAPE: 1.1398, Train WMAPE: 0.0315
Iter: 050, Train Loss: 5.3767, Train RMSE: 10.9458, Train MAPE: 0.3628, Train WMAPE: 0.0295
Epoch: 300, Training Time: 24.9744 secs
Epoch: 300, Inference Time: 4.0962 secs
Epoch: 300, Train Loss: 5.4443, Train RMSE: 11.6239, Train MAPE: 0.8663, Train WMAPE: 0.0304, 
Epoch: 300, Valid Loss: 9.9654, Valid RMSE: 35.3935, Valid MAPE: 1.8708, Valid WMAPE: 0.0572
No update
Average Training Time: 26.4081 secs/epoch
Average Inference Time: 4.6276 secs
Training ends
The epoch of the best result： 252
The valid loss of the best model 9.9269

[Info] Enabling gate recording for ClusterGatedFeedback...
Evaluate best model on test data for horizon 1, Test MAE: 9.0757, Test RMSE: 62.1155, Test MAPE: 7.1879, Test WMAPE: 0.0527
Evaluate best model on test data for horizon 2, Test MAE: 9.7424, Test RMSE: 52.0536, Test MAPE: 11.3614, Test WMAPE: 0.0566
Evaluate best model on test data for horizon 3, Test MAE: 9.7277, Test RMSE: 37.8912, Test MAPE: 14.5044, Test WMAPE: 0.0565
Evaluate best model on test data for horizon 4, Test MAE: 11.0156, Test RMSE: 41.2640, Test MAPE: 16.6485, Test WMAPE: 0.0640
Evaluate best model on test data for horizon 5, Test MAE: 12.1118, Test RMSE: 44.1781, Test MAPE: 17.2623, Test WMAPE: 0.0704
Evaluate best model on test data for horizon 6, Test MAE: 12.5690, Test RMSE: 41.3427, Test MAPE: 17.4754, Test WMAPE: 0.0731
Evaluate best model on test data for horizon 7, Test MAE: 13.2238, Test RMSE: 43.0387, Test MAPE: 17.9577, Test WMAPE: 0.0769
Evaluate best model on test data for horizon 8, Test MAE: 13.8895, Test RMSE: 45.4593, Test MAPE: 18.2649, Test WMAPE: 0.0808
Evaluate best model on test data for horizon 9, Test MAE: 14.1313, Test RMSE: 44.5332, Test MAPE: 18.5853, Test WMAPE: 0.0822
Evaluate best model on test data for horizon 10, Test MAE: 13.9855, Test RMSE: 41.2300, Test MAPE: 18.6061, Test WMAPE: 0.0813
Evaluate best model on test data for horizon 11, Test MAE: 14.8179, Test RMSE: 47.7643, Test MAPE: 18.6702, Test WMAPE: 0.0862
Evaluate best model on test data for horizon 12, Test MAE: 14.9357, Test RMSE: 48.0378, Test MAPE: 18.6593, Test WMAPE: 0.0869
On average over 12 horizons, Test MAE: 12.4355, Test RMSE: 45.7423, Test MAPE: 16.2653, Test WMAPE: 0.0723

================================================================================
[Info] Generating ClusterGatedFeedback Gate Analysis Report...
================================================================================
================================================================================
[GateReport] ClusterGatedFeedback Gate Analysis
================================================================================

[Overall Statistics]
  Total nodes: 68
  Channels: 64
  Average gate value (all nodes): 0.6081
  Std of gate values: 0.0061
  Min gate value: 0.5985
  Max gate value: 0.6226

[Gate Distribution]
  Low gate (< 0.3, mostly blocked): 0 nodes (0.0%)
  Mid gate (0.3-0.7, partial): 68 nodes (100.0%)
  High gate (> 0.7, mostly passed): 0 nodes (0.0%)

[Cluster-wise Statistics]

  cluster_0:
    Nodes: 41
    Gate mean: 0.6051
    Gate std:  0.0032
    Gate range: [0.6000, 0.6130]
    Tendency: PARTIAL (moderate gate)

  cluster_1:
    Nodes: 1
    Gate mean: 0.5985
    Gate std:  0.0000
    Gate range: [0.5985, 0.5985]
    Tendency: PARTIAL (moderate gate)

  cluster_2:
    Nodes: 6
    Gate mean: 0.6142
    Gate std:  0.0041
    Gate range: [0.6087, 0.6193]
    Tendency: PARTIAL (moderate gate)

  cluster_3:
    Nodes: 4
    Gate mean: 0.6029
    Gate std:  0.0020
    Gate range: [0.6010, 0.6059]
    Tendency: PARTIAL (moderate gate)

  cluster_4:
    Nodes: 16
    Gate mean: 0.6152
    Gate std:  0.0051
    Gate range: [0.6041, 0.6226]
    Tendency: PARTIAL (moderate gate)

[Node-level Gate Values]
  Node ID | Cluster | Gate Mean | Status
  --------------------------------------------------
        0 |       0 |    0.6092 | PARTIAL
        1 |       0 |    0.6018 | PARTIAL
        2 |       0 |    0.6130 | PARTIAL
        3 |       0 |    0.6038 | PARTIAL
        4 |       2 |    0.6184 | PARTIAL
        5 |       3 |    0.6010 | PARTIAL
        6 |       2 |    0.6096 | PARTIAL
        7 |       0 |    0.6075 | PARTIAL
        8 |       4 |    0.6134 | PARTIAL
        9 |       2 |    0.6193 | PARTIAL
       10 |       4 |    0.6041 | PARTIAL
       11 |       0 |    0.6077 | PARTIAL
       12 |       0 |    0.6050 | PARTIAL
       13 |       0 |    0.6010 | PARTIAL
       14 |       4 |    0.6193 | PARTIAL
       15 |       0 |    0.6039 | PARTIAL
       16 |       0 |    0.6099 | PARTIAL
       17 |       4 |    0.6089 | PARTIAL
       18 |       4 |    0.6158 | PARTIAL
       19 |       0 |    0.6086 | PARTIAL
       20 |       0 |    0.6019 | PARTIAL
       21 |       0 |    0.6029 | PARTIAL
       22 |       0 |    0.6046 | PARTIAL
       23 |       0 |    0.6070 | PARTIAL
       24 |       4 |    0.6226 | PARTIAL
       25 |       4 |    0.6144 | PARTIAL
       26 |       0 |    0.6036 | PARTIAL
       27 |       4 |    0.6196 | PARTIAL
       28 |       4 |    0.6125 | PARTIAL
       29 |       0 |    0.6032 | PARTIAL
       30 |       3 |    0.6036 | PARTIAL
       31 |       0 |    0.6110 | PARTIAL
       32 |       0 |    0.6065 | PARTIAL
       33 |       0 |    0.6037 | PARTIAL
       34 |       4 |    0.6222 | PARTIAL
       35 |       0 |    0.6043 | PARTIAL
       36 |       0 |    0.6077 | PARTIAL
       37 |       0 |    0.6031 | PARTIAL
       38 |       0 |    0.6047 | PARTIAL
       39 |       0 |    0.6090 | PARTIAL
       40 |       0 |    0.6039 | PARTIAL
       41 |       0 |    0.6007 | PARTIAL
       42 |       4 |    0.6175 | PARTIAL
       43 |       0 |    0.6026 | PARTIAL
       44 |       0 |    0.6013 | PARTIAL
       45 |       4 |    0.6210 | PARTIAL
       46 |       0 |    0.6000 | PARTIAL
       47 |       0 |    0.6054 | PARTIAL
       48 |       0 |    0.6079 | PARTIAL
       49 |       0 |    0.6046 | PARTIAL
       50 |       3 |    0.6059 | PARTIAL
       51 |       0 |    0.6128 | PARTIAL
       52 |       2 |    0.6133 | PARTIAL
       53 |       0 |    0.6034 | PARTIAL
       54 |       4 |    0.6129 | PARTIAL
       55 |       0 |    0.6019 | PARTIAL
       56 |       0 |    0.6088 | PARTIAL
       57 |       0 |    0.6044 | PARTIAL
       58 |       4 |    0.6084 | PARTIAL
       59 |       4 |    0.6180 | PARTIAL
       60 |       0 |    0.6018 | PARTIAL
       61 |       3 |    0.6011 | PARTIAL
       62 |       2 |    0.6157 | PARTIAL
       63 |       0 |    0.6034 | PARTIAL
       64 |       2 |    0.6087 | PARTIAL
       65 |       0 |    0.6026 | PARTIAL
       66 |       4 |    0.6126 | PARTIAL
       67 |       1 |    0.5985 | PARTIAL
================================================================================
[Info] Gate analysis report saved to: ./logs/AttenAgg-GatedFb-PostAgg-K5-1electricityLondon//gate_analysis.log
Total time spent: 9475.0958
