nohup: ignoring input
Perform shuffle on the dataset
Namespace(batch_size=64, data='data//electricityLondon', device='cuda:0', dropout=0.1, epochs=300, es_patience=100, expid=1, input_dim=3, learning_rate=0.001, print_every=50, save='./logs/MeanAgg-LinearFb-PostAgg-', weight_decay=0.0001)
Ranger optimizer loaded. 
Gradient Centralization usage = True
GC applied to both conv and fc layers
The number of parameters: 511925
STIDGCN(
  (Temb): TemporalEmbedding()
  (start_conv): Conv2d(3, 32, kernel_size=(1, 1), stride=(1, 1))
  (tree): IDGCN_Tree(
    (IDGCN1): IDGCN(
      (split): Splitting()
      (conv1): Sequential(
        (0): ReplicationPad2d((3, 3, 0, 0))
        (1): Conv2d(64, 64, kernel_size=(1, 5), stride=(1, 1))
        (2): LeakyReLU(negative_slope=0.01, inplace=True)
        (3): Dropout(p=0.1, inplace=False)
        (4): Conv2d(64, 64, kernel_size=(1, 3), stride=(1, 1))
        (5): Tanh()
      )
      (conv2): Sequential(
        (0): ReplicationPad2d((3, 3, 0, 0))
        (1): Conv2d(64, 64, kernel_size=(1, 5), stride=(1, 1))
        (2): LeakyReLU(negative_slope=0.01, inplace=True)
        (3): Dropout(p=0.1, inplace=False)
        (4): Conv2d(64, 64, kernel_size=(1, 3), stride=(1, 1))
        (5): Tanh()
      )
      (conv3): Sequential(
        (0): ReplicationPad2d((3, 3, 0, 0))
        (1): Conv2d(64, 64, kernel_size=(1, 5), stride=(1, 1))
        (2): LeakyReLU(negative_slope=0.01, inplace=True)
        (3): Dropout(p=0.1, inplace=False)
        (4): Conv2d(64, 64, kernel_size=(1, 3), stride=(1, 1))
        (5): Tanh()
      )
      (conv4): Sequential(
        (0): ReplicationPad2d((3, 3, 0, 0))
        (1): Conv2d(64, 64, kernel_size=(1, 5), stride=(1, 1))
        (2): LeakyReLU(negative_slope=0.01, inplace=True)
        (3): Dropout(p=0.1, inplace=False)
        (4): Conv2d(64, 64, kernel_size=(1, 3), stride=(1, 1))
        (5): Tanh()
      )
      (dgcn): DGCN(
        (conv): Conv2d(64, 64, kernel_size=(1, 1), stride=(1, 1))
        (generator): Graph_Generator(
          (fc): Linear(in_features=2, out_features=1, bias=True)
        )
        (gcn): Diffusion_GCN(
          (conv): Conv2d(64, 64, kernel_size=(1, 1), stride=(1, 1))
          (dropout): Dropout(p=0.1, inplace=False)
        )
      )
    )
    (IDGCN2): IDGCN(
      (split): Splitting()
      (conv1): Sequential(
        (0): ReplicationPad2d((3, 3, 0, 0))
        (1): Conv2d(64, 64, kernel_size=(1, 5), stride=(1, 1))
        (2): LeakyReLU(negative_slope=0.01, inplace=True)
        (3): Dropout(p=0.1, inplace=False)
        (4): Conv2d(64, 64, kernel_size=(1, 3), stride=(1, 1))
        (5): Tanh()
      )
      (conv2): Sequential(
        (0): ReplicationPad2d((3, 3, 0, 0))
        (1): Conv2d(64, 64, kernel_size=(1, 5), stride=(1, 1))
        (2): LeakyReLU(negative_slope=0.01, inplace=True)
        (3): Dropout(p=0.1, inplace=False)
        (4): Conv2d(64, 64, kernel_size=(1, 3), stride=(1, 1))
        (5): Tanh()
      )
      (conv3): Sequential(
        (0): ReplicationPad2d((3, 3, 0, 0))
        (1): Conv2d(64, 64, kernel_size=(1, 5), stride=(1, 1))
        (2): LeakyReLU(negative_slope=0.01, inplace=True)
        (3): Dropout(p=0.1, inplace=False)
        (4): Conv2d(64, 64, kernel_size=(1, 3), stride=(1, 1))
        (5): Tanh()
      )
      (conv4): Sequential(
        (0): ReplicationPad2d((3, 3, 0, 0))
        (1): Conv2d(64, 64, kernel_size=(1, 5), stride=(1, 1))
        (2): LeakyReLU(negative_slope=0.01, inplace=True)
        (3): Dropout(p=0.1, inplace=False)
        (4): Conv2d(64, 64, kernel_size=(1, 3), stride=(1, 1))
        (5): Tanh()
      )
      (dgcn): DGCN(
        (conv): Conv2d(64, 64, kernel_size=(1, 1), stride=(1, 1))
        (generator): Graph_Generator(
          (fc): Linear(in_features=2, out_features=1, bias=True)
        )
        (gcn): Diffusion_GCN(
          (conv): Conv2d(64, 64, kernel_size=(1, 1), stride=(1, 1))
          (dropout): Dropout(p=0.1, inplace=False)
        )
      )
    )
    (IDGCN3): IDGCN(
      (split): Splitting()
      (conv1): Sequential(
        (0): ReplicationPad2d((3, 3, 0, 0))
        (1): Conv2d(64, 64, kernel_size=(1, 5), stride=(1, 1))
        (2): LeakyReLU(negative_slope=0.01, inplace=True)
        (3): Dropout(p=0.1, inplace=False)
        (4): Conv2d(64, 64, kernel_size=(1, 3), stride=(1, 1))
        (5): Tanh()
      )
      (conv2): Sequential(
        (0): ReplicationPad2d((3, 3, 0, 0))
        (1): Conv2d(64, 64, kernel_size=(1, 5), stride=(1, 1))
        (2): LeakyReLU(negative_slope=0.01, inplace=True)
        (3): Dropout(p=0.1, inplace=False)
        (4): Conv2d(64, 64, kernel_size=(1, 3), stride=(1, 1))
        (5): Tanh()
      )
      (conv3): Sequential(
        (0): ReplicationPad2d((3, 3, 0, 0))
        (1): Conv2d(64, 64, kernel_size=(1, 5), stride=(1, 1))
        (2): LeakyReLU(negative_slope=0.01, inplace=True)
        (3): Dropout(p=0.1, inplace=False)
        (4): Conv2d(64, 64, kernel_size=(1, 3), stride=(1, 1))
        (5): Tanh()
      )
      (conv4): Sequential(
        (0): ReplicationPad2d((3, 3, 0, 0))
        (1): Conv2d(64, 64, kernel_size=(1, 5), stride=(1, 1))
        (2): LeakyReLU(negative_slope=0.01, inplace=True)
        (3): Dropout(p=0.1, inplace=False)
        (4): Conv2d(64, 64, kernel_size=(1, 3), stride=(1, 1))
        (5): Tanh()
      )
      (dgcn): DGCN(
        (conv): Conv2d(64, 64, kernel_size=(1, 1), stride=(1, 1))
        (generator): Graph_Generator(
          (fc): Linear(in_features=2, out_features=1, bias=True)
        )
        (gcn): Diffusion_GCN(
          (conv): Conv2d(64, 64, kernel_size=(1, 1), stride=(1, 1))
          (dropout): Dropout(p=0.1, inplace=False)
        )
      )
    )
  )
  (glu): GLU(
    (conv1): Conv2d(64, 64, kernel_size=(1, 1), stride=(1, 1))
    (conv2): Conv2d(64, 64, kernel_size=(1, 1), stride=(1, 1))
    (conv3): Conv2d(64, 64, kernel_size=(1, 1), stride=(1, 1))
    (dropout): Dropout(p=0.1, inplace=False)
  )
  (regression_layer): Conv2d(64, 12, kernel_size=(1, 12), stride=(1, 1))
  (cluster_agg): ClusterMeanAggregation()
  (cluster_feedback): ClusterLinearFeedback()
)
start training...
/dfs/data/Cluster-aware-STIDGCN/ranger21.py:131: UserWarning: This overload of addcmul_ is deprecated:
	addcmul_(Number value, Tensor tensor1, Tensor tensor2)
Consider using one of the following signatures instead:
	addcmul_(Tensor tensor1, Tensor tensor2, *, Number value) (Triggered internally at /opt/pytorch/pytorch/torch/csrc/utils/python_arg_parser.cpp:1488.)
  exp_avg_sq.mul_(beta2).addcmul_(1 - beta2, grad, grad)
Iter: 000, Train Loss: 153.4334, Train RMSE: 205.0819, Train MAPE: 166.1128, Train WMAPE: 0.8518
Iter: 050, Train Loss: 106.0156, Train RMSE: 161.6078, Train MAPE: 72.2139, Train WMAPE: 0.5813
Epoch: 001, Training Time: 16.3049 secs
Epoch: 001, Inference Time: 2.0899 secs
Epoch: 001, Train Loss: 111.5052, Train RMSE: 161.2576, Train MAPE: 98.3942, Train WMAPE: 0.6236, 
Epoch: 001, Valid Loss: 56.1429, Valid RMSE: 97.1318, Valid MAPE: 43.1723, Valid WMAPE: 0.3222
###Update tasks appear###
Updating! Valid Loss: 56.14291518075125, epoch:  1
Iter: 000, Train Loss: 53.4209, Train RMSE: 86.8319, Train MAPE: 19.3823, Train WMAPE: 0.2966
Iter: 050, Train Loss: 30.4940, Train RMSE: 51.9164, Train MAPE: 10.6532, Train WMAPE: 0.1672
Epoch: 002, Training Time: 15.4642 secs
Epoch: 002, Inference Time: 2.0837 secs
Epoch: 002, Train Loss: 35.7869, Train RMSE: 58.6099, Train MAPE: 12.9586, Train WMAPE: 0.2001, 
Epoch: 002, Valid Loss: 26.7513, Valid RMSE: 58.4656, Valid MAPE: 17.5085, Valid WMAPE: 0.1535
###Update tasks appear###
Updating! Valid Loss: 26.751313754490443, epoch:  2
Iter: 000, Train Loss: 25.4005, Train RMSE: 43.9618, Train MAPE: 7.5152, Train WMAPE: 0.1410
Iter: 050, Train Loss: 21.9744, Train RMSE: 37.1847, Train MAPE: 5.0716, Train WMAPE: 0.1205
Epoch: 003, Training Time: 15.3600 secs
Epoch: 003, Inference Time: 1.9880 secs
Epoch: 003, Train Loss: 21.7294, Train RMSE: 36.0826, Train MAPE: 5.9363, Train WMAPE: 0.1215, 
Epoch: 003, Valid Loss: 21.7041, Valid RMSE: 52.1627, Valid MAPE: 11.8685, Valid WMAPE: 0.1247
###Update tasks appear###
Updating! Valid Loss: 21.704097270965576, epoch:  3
Iter: 000, Train Loss: 19.5762, Train RMSE: 33.1606, Train MAPE: 4.9912, Train WMAPE: 0.1087
Iter: 050, Train Loss: 18.3170, Train RMSE: 32.6424, Train MAPE: 3.2193, Train WMAPE: 0.1004
Epoch: 004, Training Time: 15.2857 secs
Epoch: 004, Inference Time: 2.0847 secs
Epoch: 004, Train Loss: 17.7611, Train RMSE: 30.6658, Train MAPE: 4.4439, Train WMAPE: 0.0993, 
Epoch: 004, Valid Loss: 18.9354, Valid RMSE: 51.7487, Valid MAPE: 9.8815, Valid WMAPE: 0.1088
###Update tasks appear###
Updating! Valid Loss: 18.935436929975236, epoch:  4
Iter: 000, Train Loss: 16.7451, Train RMSE: 30.6495, Train MAPE: 4.4581, Train WMAPE: 0.0930
Iter: 050, Train Loss: 17.3292, Train RMSE: 32.3860, Train MAPE: 3.5429, Train WMAPE: 0.0950
Epoch: 005, Training Time: 15.4830 secs
Epoch: 005, Inference Time: 2.0165 secs
Epoch: 005, Train Loss: 15.7025, Train RMSE: 28.4944, Train MAPE: 3.8798, Train WMAPE: 0.0878, 
Epoch: 005, Valid Loss: 18.1989, Valid RMSE: 51.0589, Valid MAPE: 10.5386, Valid WMAPE: 0.1046
###Update tasks appear###
Updating! Valid Loss: 18.198886598859513, epoch:  5
Iter: 000, Train Loss: 15.5008, Train RMSE: 29.0448, Train MAPE: 4.4472, Train WMAPE: 0.0861
Iter: 050, Train Loss: 16.5019, Train RMSE: 31.5480, Train MAPE: 2.4466, Train WMAPE: 0.0905
Epoch: 006, Training Time: 15.2472 secs
Epoch: 006, Inference Time: 2.0464 secs
Epoch: 006, Train Loss: 14.6917, Train RMSE: 27.3950, Train MAPE: 3.3928, Train WMAPE: 0.0822, 
Epoch: 006, Valid Loss: 17.5520, Valid RMSE: 50.3996, Valid MAPE: 8.0351, Valid WMAPE: 0.1009
###Update tasks appear###
Updating! Valid Loss: 17.552015577043807, epoch:  6
Iter: 000, Train Loss: 14.5806, Train RMSE: 27.8450, Train MAPE: 3.7522, Train WMAPE: 0.0809
Iter: 050, Train Loss: 15.7020, Train RMSE: 30.5766, Train MAPE: 2.2766, Train WMAPE: 0.0861
Epoch: 007, Training Time: 15.6096 secs
Epoch: 007, Inference Time: 2.0614 secs
Epoch: 007, Train Loss: 14.0427, Train RMSE: 26.6621, Train MAPE: 3.1496, Train WMAPE: 0.0785, 
Epoch: 007, Valid Loss: 17.2058, Valid RMSE: 50.4814, Valid MAPE: 5.8115, Valid WMAPE: 0.0989
###Update tasks appear###
Updating! Valid Loss: 17.205826997756958, epoch:  7
Iter: 000, Train Loss: 14.4746, Train RMSE: 28.2579, Train MAPE: 2.7591, Train WMAPE: 0.0804
Iter: 050, Train Loss: 15.1516, Train RMSE: 29.9083, Train MAPE: 1.9780, Train WMAPE: 0.0831
Epoch: 008, Training Time: 15.9109 secs
Epoch: 008, Inference Time: 1.9692 secs
Epoch: 008, Train Loss: 13.5264, Train RMSE: 26.0381, Train MAPE: 2.9418, Train WMAPE: 0.0756, 
Epoch: 008, Valid Loss: 17.1871, Valid RMSE: 49.5148, Valid MAPE: 9.4105, Valid WMAPE: 0.0988
###Update tasks appear###
Updating! Valid Loss: 17.187068258013046, epoch:  8
Iter: 000, Train Loss: 13.8632, Train RMSE: 26.6827, Train MAPE: 3.8898, Train WMAPE: 0.0770
Iter: 050, Train Loss: 14.7953, Train RMSE: 29.4002, Train MAPE: 2.2467, Train WMAPE: 0.0811
Epoch: 009, Training Time: 15.7664 secs
Epoch: 009, Inference Time: 1.9865 secs
Epoch: 009, Train Loss: 13.1180, Train RMSE: 25.5453, Train MAPE: 2.8344, Train WMAPE: 0.0734, 
Epoch: 009, Valid Loss: 17.1428, Valid RMSE: 49.2727, Valid MAPE: 6.1659, Valid WMAPE: 0.0986
###Update tasks appear###
Updating! Valid Loss: 17.142833300999232, epoch:  9
Iter: 000, Train Loss: 13.7621, Train RMSE: 26.3957, Train MAPE: 2.9201, Train WMAPE: 0.0764
Iter: 050, Train Loss: 14.6057, Train RMSE: 28.8984, Train MAPE: 2.0861, Train WMAPE: 0.0801
Epoch: 010, Training Time: 15.3868 secs
Epoch: 010, Inference Time: 2.0113 secs
Epoch: 010, Train Loss: 12.7573, Train RMSE: 25.0552, Train MAPE: 2.7428, Train WMAPE: 0.0713, 
Epoch: 010, Valid Loss: 16.0095, Valid RMSE: 48.8923, Valid MAPE: 5.5723, Valid WMAPE: 0.0920
###Update tasks appear###
Updating! Valid Loss: 16.00953963824681, epoch:  10
Iter: 000, Train Loss: 12.7230, Train RMSE: 25.9024, Train MAPE: 2.4795, Train WMAPE: 0.0706
Iter: 050, Train Loss: 14.0550, Train RMSE: 28.3972, Train MAPE: 1.9883, Train WMAPE: 0.0771
Epoch: 011, Training Time: 15.5835 secs
Epoch: 011, Inference Time: 1.9895 secs
Epoch: 011, Train Loss: 12.4465, Train RMSE: 24.6297, Train MAPE: 2.7522, Train WMAPE: 0.0696, 
Epoch: 011, Valid Loss: 16.2428, Valid RMSE: 48.4373, Valid MAPE: 8.4106, Valid WMAPE: 0.0934
No update
Iter: 000, Train Loss: 12.6817, Train RMSE: 25.3640, Train MAPE: 3.4124, Train WMAPE: 0.0704
Iter: 050, Train Loss: 14.1512, Train RMSE: 28.5195, Train MAPE: 1.7676, Train WMAPE: 0.0776
Epoch: 012, Training Time: 15.5818 secs
Epoch: 012, Inference Time: 2.0060 secs
Epoch: 012, Train Loss: 12.1339, Train RMSE: 24.2662, Train MAPE: 2.5599, Train WMAPE: 0.0679, 
Epoch: 012, Valid Loss: 15.6790, Valid RMSE: 48.2906, Valid MAPE: 4.9007, Valid WMAPE: 0.0901
###Update tasks appear###
Updating! Valid Loss: 15.67903757095337, epoch:  12
Iter: 000, Train Loss: 12.2767, Train RMSE: 25.2021, Train MAPE: 2.1570, Train WMAPE: 0.0682
Iter: 050, Train Loss: 13.5813, Train RMSE: 27.7824, Train MAPE: 1.6119, Train WMAPE: 0.0745
Epoch: 013, Training Time: 15.9537 secs
Epoch: 013, Inference Time: 1.9092 secs
Epoch: 013, Train Loss: 12.0027, Train RMSE: 23.9036, Train MAPE: 2.7169, Train WMAPE: 0.0671, 
Epoch: 013, Valid Loss: 15.4296, Valid RMSE: 47.9588, Valid MAPE: 4.4652, Valid WMAPE: 0.0887
###Update tasks appear###
Updating! Valid Loss: 15.429554496492658, epoch:  13
Iter: 000, Train Loss: 12.0340, Train RMSE: 24.9868, Train MAPE: 2.2229, Train WMAPE: 0.0668
Iter: 050, Train Loss: 13.4647, Train RMSE: 27.4870, Train MAPE: 1.9131, Train WMAPE: 0.0738
Epoch: 014, Training Time: 15.5991 secs
Epoch: 014, Inference Time: 2.0704 secs
Epoch: 014, Train Loss: 11.7515, Train RMSE: 23.7232, Train MAPE: 2.4839, Train WMAPE: 0.0657, 
Epoch: 014, Valid Loss: 15.3455, Valid RMSE: 47.4089, Valid MAPE: 5.4729, Valid WMAPE: 0.0882
###Update tasks appear###
Updating! Valid Loss: 15.345510925565447, epoch:  14
Iter: 000, Train Loss: 11.8470, Train RMSE: 24.4688, Train MAPE: 2.2476, Train WMAPE: 0.0658
Iter: 050, Train Loss: 13.3513, Train RMSE: 27.4714, Train MAPE: 1.6763, Train WMAPE: 0.0732
Epoch: 015, Training Time: 15.5622 secs
Epoch: 015, Inference Time: 2.0892 secs
Epoch: 015, Train Loss: 11.4636, Train RMSE: 23.3845, Train MAPE: 2.2893, Train WMAPE: 0.0641, 
Epoch: 015, Valid Loss: 15.0494, Valid RMSE: 47.2090, Valid MAPE: 4.5608, Valid WMAPE: 0.0865
###Update tasks appear###
Updating! Valid Loss: 15.04941827910287, epoch:  15
Iter: 000, Train Loss: 11.5386, Train RMSE: 24.3736, Train MAPE: 2.0998, Train WMAPE: 0.0641
Iter: 050, Train Loss: 13.3131, Train RMSE: 27.2247, Train MAPE: 1.7523, Train WMAPE: 0.0730
Epoch: 016, Training Time: 15.7736 secs
Epoch: 016, Inference Time: 1.9189 secs
Epoch: 016, Train Loss: 11.2709, Train RMSE: 23.1803, Train MAPE: 2.1705, Train WMAPE: 0.0630, 
Epoch: 016, Valid Loss: 14.9190, Valid RMSE: 46.8112, Valid MAPE: 5.5380, Valid WMAPE: 0.0857
###Update tasks appear###
Updating! Valid Loss: 14.918988738741193, epoch:  16
Iter: 000, Train Loss: 11.4722, Train RMSE: 24.0868, Train MAPE: 2.2988, Train WMAPE: 0.0637
Iter: 050, Train Loss: 13.0997, Train RMSE: 26.9317, Train MAPE: 1.9994, Train WMAPE: 0.0718
Epoch: 017, Training Time: 15.6610 secs
Epoch: 017, Inference Time: 2.0214 secs
Epoch: 017, Train Loss: 11.1035, Train RMSE: 22.8960, Train MAPE: 2.0986, Train WMAPE: 0.0621, 
Epoch: 017, Valid Loss: 14.7051, Valid RMSE: 46.5515, Valid MAPE: 4.8520, Valid WMAPE: 0.0845
###Update tasks appear###
Updating! Valid Loss: 14.705055373055595, epoch:  17
Iter: 000, Train Loss: 11.3582, Train RMSE: 24.2265, Train MAPE: 2.1860, Train WMAPE: 0.0631
Iter: 050, Train Loss: 12.7509, Train RMSE: 26.7195, Train MAPE: 1.4392, Train WMAPE: 0.0699
Epoch: 018, Training Time: 15.3266 secs
Epoch: 018, Inference Time: 2.0457 secs
Epoch: 018, Train Loss: 11.0272, Train RMSE: 22.7916, Train MAPE: 2.2241, Train WMAPE: 0.0617, 
Epoch: 018, Valid Loss: 14.4254, Valid RMSE: 46.2002, Valid MAPE: 4.4483, Valid WMAPE: 0.0829
###Update tasks appear###
Updating! Valid Loss: 14.425358431679863, epoch:  18
Iter: 000, Train Loss: 11.0897, Train RMSE: 23.8541, Train MAPE: 1.7148, Train WMAPE: 0.0616
Iter: 050, Train Loss: 12.9123, Train RMSE: 26.6815, Train MAPE: 1.9582, Train WMAPE: 0.0708
Epoch: 019, Training Time: 15.6739 secs
Epoch: 019, Inference Time: 2.0021 secs
Epoch: 019, Train Loss: 10.9027, Train RMSE: 22.4960, Train MAPE: 2.3421, Train WMAPE: 0.0610, 
Epoch: 019, Valid Loss: 15.9203, Valid RMSE: 47.0808, Valid MAPE: 5.9773, Valid WMAPE: 0.0914
No update
Iter: 000, Train Loss: 12.9224, Train RMSE: 25.5428, Train MAPE: 2.2264, Train WMAPE: 0.0717
Iter: 050, Train Loss: 12.9538, Train RMSE: 26.5425, Train MAPE: 2.1599, Train WMAPE: 0.0710
Epoch: 020, Training Time: 15.5899 secs
Epoch: 020, Inference Time: 2.0965 secs
Epoch: 020, Train Loss: 10.8975, Train RMSE: 22.4437, Train MAPE: 2.2905, Train WMAPE: 0.0609, 
Epoch: 020, Valid Loss: 14.8517, Valid RMSE: 45.6178, Valid MAPE: 7.6111, Valid WMAPE: 0.0854
No update
Iter: 000, Train Loss: 11.6792, Train RMSE: 24.0513, Train MAPE: 2.9742, Train WMAPE: 0.0648
Iter: 050, Train Loss: 12.6741, Train RMSE: 26.2937, Train MAPE: 1.6856, Train WMAPE: 0.0695
Epoch: 021, Training Time: 15.2938 secs
Epoch: 021, Inference Time: 2.0035 secs
Epoch: 021, Train Loss: 10.7715, Train RMSE: 22.3172, Train MAPE: 2.2443, Train WMAPE: 0.0602, 
Epoch: 021, Valid Loss: 14.8068, Valid RMSE: 45.4024, Valid MAPE: 8.5717, Valid WMAPE: 0.0851
No update
Iter: 000, Train Loss: 11.6664, Train RMSE: 23.8407, Train MAPE: 3.5181, Train WMAPE: 0.0648
Iter: 050, Train Loss: 12.9976, Train RMSE: 26.8555, Train MAPE: 2.0091, Train WMAPE: 0.0713
Epoch: 022, Training Time: 15.5857 secs
Epoch: 022, Inference Time: 2.0953 secs
Epoch: 022, Train Loss: 10.6912, Train RMSE: 22.2695, Train MAPE: 2.0770, Train WMAPE: 0.0598, 
Epoch: 022, Valid Loss: 14.2806, Valid RMSE: 45.5369, Valid MAPE: 5.7731, Valid WMAPE: 0.0820
###Update tasks appear###
Updating! Valid Loss: 14.280601058687482, epoch:  22
Iter: 000, Train Loss: 11.0199, Train RMSE: 23.5676, Train MAPE: 2.2093, Train WMAPE: 0.0612
Iter: 050, Train Loss: 12.3421, Train RMSE: 26.3305, Train MAPE: 1.4364, Train WMAPE: 0.0677
Epoch: 023, Training Time: 15.3735 secs
Epoch: 023, Inference Time: 2.1004 secs
Epoch: 023, Train Loss: 10.5354, Train RMSE: 22.0892, Train MAPE: 1.9721, Train WMAPE: 0.0589, 
Epoch: 023, Valid Loss: 14.4504, Valid RMSE: 45.6491, Valid MAPE: 3.6462, Valid WMAPE: 0.0830
No update
Iter: 000, Train Loss: 11.2945, Train RMSE: 24.0150, Train MAPE: 1.5835, Train WMAPE: 0.0627
Iter: 050, Train Loss: 12.3157, Train RMSE: 26.1436, Train MAPE: 1.7941, Train WMAPE: 0.0675
Epoch: 024, Training Time: 15.6956 secs
Epoch: 024, Inference Time: 2.1084 secs
Epoch: 024, Train Loss: 10.4120, Train RMSE: 21.9145, Train MAPE: 1.8709, Train WMAPE: 0.0582, 
Epoch: 024, Valid Loss: 13.6685, Valid RMSE: 44.7797, Valid MAPE: 3.7932, Valid WMAPE: 0.0785
###Update tasks appear###
Updating! Valid Loss: 13.668479306357247, epoch:  24
Iter: 000, Train Loss: 10.5739, Train RMSE: 23.2456, Train MAPE: 1.5902, Train WMAPE: 0.0587
Iter: 050, Train Loss: 12.1685, Train RMSE: 26.1762, Train MAPE: 1.3203, Train WMAPE: 0.0667
Epoch: 025, Training Time: 15.3625 secs
Epoch: 025, Inference Time: 2.0757 secs
Epoch: 025, Train Loss: 10.2576, Train RMSE: 21.7138, Train MAPE: 1.8485, Train WMAPE: 0.0574, 
Epoch: 025, Valid Loss: 14.6592, Valid RMSE: 45.2735, Valid MAPE: 4.8854, Valid WMAPE: 0.0842
No update
Iter: 000, Train Loss: 11.8997, Train RMSE: 24.7880, Train MAPE: 2.1175, Train WMAPE: 0.0661
Iter: 050, Train Loss: 12.0978, Train RMSE: 25.7533, Train MAPE: 1.3145, Train WMAPE: 0.0663
Epoch: 026, Training Time: 15.3071 secs
Epoch: 026, Inference Time: 1.9954 secs
Epoch: 026, Train Loss: 10.3104, Train RMSE: 21.6522, Train MAPE: 1.9245, Train WMAPE: 0.0577, 
Epoch: 026, Valid Loss: 13.6185, Valid RMSE: 44.3140, Valid MAPE: 4.3961, Valid WMAPE: 0.0782
###Update tasks appear###
Updating! Valid Loss: 13.618503774915423, epoch:  26
Iter: 000, Train Loss: 10.6814, Train RMSE: 23.1794, Train MAPE: 1.6493, Train WMAPE: 0.0593
Iter: 050, Train Loss: 11.8227, Train RMSE: 25.4452, Train MAPE: 1.1381, Train WMAPE: 0.0648
Epoch: 027, Training Time: 15.2966 secs
Epoch: 027, Inference Time: 2.0693 secs
Epoch: 027, Train Loss: 10.2573, Train RMSE: 21.4667, Train MAPE: 2.2130, Train WMAPE: 0.0574, 
Epoch: 027, Valid Loss: 13.6324, Valid RMSE: 44.0292, Valid MAPE: 4.8950, Valid WMAPE: 0.0783
No update
Iter: 000, Train Loss: 10.5715, Train RMSE: 22.7670, Train MAPE: 1.9365, Train WMAPE: 0.0587
Iter: 050, Train Loss: 12.2129, Train RMSE: 25.5719, Train MAPE: 1.7970, Train WMAPE: 0.0670
Epoch: 028, Training Time: 15.3949 secs
Epoch: 028, Inference Time: 1.8878 secs
Epoch: 028, Train Loss: 10.1715, Train RMSE: 21.3347, Train MAPE: 2.1302, Train WMAPE: 0.0569, 
Epoch: 028, Valid Loss: 14.2411, Valid RMSE: 43.8738, Valid MAPE: 8.7174, Valid WMAPE: 0.0818
No update
Iter: 000, Train Loss: 11.2603, Train RMSE: 23.0682, Train MAPE: 3.4348, Train WMAPE: 0.0625
Iter: 050, Train Loss: 11.9925, Train RMSE: 25.7593, Train MAPE: 1.3170, Train WMAPE: 0.0658
Epoch: 029, Training Time: 15.5280 secs
Epoch: 029, Inference Time: 2.0779 secs
Epoch: 029, Train Loss: 10.2121, Train RMSE: 21.3052, Train MAPE: 2.2214, Train WMAPE: 0.0571, 
Epoch: 029, Valid Loss: 13.5868, Valid RMSE: 44.0872, Valid MAPE: 4.5169, Valid WMAPE: 0.0780
###Update tasks appear###
Updating! Valid Loss: 13.586827039718628, epoch:  29
Iter: 000, Train Loss: 10.4721, Train RMSE: 22.9489, Train MAPE: 1.8209, Train WMAPE: 0.0581
Iter: 050, Train Loss: 11.8492, Train RMSE: 25.4016, Train MAPE: 1.1605, Train WMAPE: 0.0650
Epoch: 030, Training Time: 15.8968 secs
Epoch: 030, Inference Time: 2.0556 secs
Epoch: 030, Train Loss: 10.1270, Train RMSE: 21.1991, Train MAPE: 2.2644, Train WMAPE: 0.0566, 
Epoch: 030, Valid Loss: 13.7703, Valid RMSE: 43.9870, Valid MAPE: 5.3173, Valid WMAPE: 0.0791
No update
Iter: 000, Train Loss: 10.6646, Train RMSE: 22.7343, Train MAPE: 1.9689, Train WMAPE: 0.0592
Iter: 050, Train Loss: 12.4450, Train RMSE: 25.9372, Train MAPE: 2.1842, Train WMAPE: 0.0682
Epoch: 031, Training Time: 15.3342 secs
Epoch: 031, Inference Time: 1.9777 secs
Epoch: 031, Train Loss: 10.0469, Train RMSE: 21.0901, Train MAPE: 2.1119, Train WMAPE: 0.0562, 
Epoch: 031, Valid Loss: 14.0180, Valid RMSE: 44.3200, Valid MAPE: 3.6787, Valid WMAPE: 0.0805
No update
Iter: 000, Train Loss: 11.0497, Train RMSE: 23.3647, Train MAPE: 1.7017, Train WMAPE: 0.0613
Iter: 050, Train Loss: 11.7756, Train RMSE: 25.4866, Train MAPE: 1.2343, Train WMAPE: 0.0646
Epoch: 032, Training Time: 15.8012 secs
Epoch: 032, Inference Time: 2.0744 secs
Epoch: 032, Train Loss: 10.0713, Train RMSE: 21.1578, Train MAPE: 2.0146, Train WMAPE: 0.0563, 
Epoch: 032, Valid Loss: 13.3639, Valid RMSE: 43.4758, Valid MAPE: 4.0337, Valid WMAPE: 0.0768
###Update tasks appear###
Updating! Valid Loss: 13.36391932623727, epoch:  32
Iter: 000, Train Loss: 10.4061, Train RMSE: 22.7686, Train MAPE: 1.7049, Train WMAPE: 0.0578
Iter: 050, Train Loss: 11.7471, Train RMSE: 24.7677, Train MAPE: 1.7953, Train WMAPE: 0.0644
Epoch: 033, Training Time: 15.3715 secs
Epoch: 033, Inference Time: 2.0099 secs
Epoch: 033, Train Loss: 9.8976, Train RMSE: 20.8596, Train MAPE: 2.0483, Train WMAPE: 0.0554, 
Epoch: 033, Valid Loss: 13.9290, Valid RMSE: 43.0936, Valid MAPE: 7.8859, Valid WMAPE: 0.0800
No update
Iter: 000, Train Loss: 11.0759, Train RMSE: 22.7060, Train MAPE: 3.1749, Train WMAPE: 0.0615
Iter: 050, Train Loss: 11.6764, Train RMSE: 24.8071, Train MAPE: 1.7018, Train WMAPE: 0.0640
Epoch: 034, Training Time: 15.3834 secs
Epoch: 034, Inference Time: 1.9848 secs
Epoch: 034, Train Loss: 9.9205, Train RMSE: 20.8119, Train MAPE: 2.1371, Train WMAPE: 0.0555, 
Epoch: 034, Valid Loss: 13.3815, Valid RMSE: 43.5571, Valid MAPE: 4.6958, Valid WMAPE: 0.0769
No update
Iter: 000, Train Loss: 10.4102, Train RMSE: 22.7912, Train MAPE: 2.0403, Train WMAPE: 0.0578
Iter: 050, Train Loss: 11.5267, Train RMSE: 24.5081, Train MAPE: 1.4870, Train WMAPE: 0.0632
Epoch: 035, Training Time: 15.5090 secs
Epoch: 035, Inference Time: 1.9003 secs
Epoch: 035, Train Loss: 9.8811, Train RMSE: 20.7763, Train MAPE: 2.1485, Train WMAPE: 0.0553, 
Epoch: 035, Valid Loss: 13.2740, Valid RMSE: 43.3614, Valid MAPE: 4.8721, Valid WMAPE: 0.0762
###Update tasks appear###
Updating! Valid Loss: 13.27397084236145, epoch:  35
Iter: 000, Train Loss: 10.1718, Train RMSE: 22.3519, Train MAPE: 1.9486, Train WMAPE: 0.0565
Iter: 050, Train Loss: 11.4949, Train RMSE: 24.9231, Train MAPE: 1.0611, Train WMAPE: 0.0630
Epoch: 036, Training Time: 15.6052 secs
Epoch: 036, Inference Time: 1.9573 secs
Epoch: 036, Train Loss: 9.8219, Train RMSE: 20.6727, Train MAPE: 2.1026, Train WMAPE: 0.0549, 
Epoch: 036, Valid Loss: 13.0999, Valid RMSE: 43.1589, Valid MAPE: 3.5628, Valid WMAPE: 0.0752
###Update tasks appear###
Updating! Valid Loss: 13.099861792155675, epoch:  36
Iter: 000, Train Loss: 10.0383, Train RMSE: 22.0445, Train MAPE: 1.5069, Train WMAPE: 0.0557
Iter: 050, Train Loss: 11.4267, Train RMSE: 24.1150, Train MAPE: 1.8556, Train WMAPE: 0.0627
Epoch: 037, Training Time: 15.4279 secs
Epoch: 037, Inference Time: 2.0507 secs
Epoch: 037, Train Loss: 9.7047, Train RMSE: 20.4922, Train MAPE: 2.1218, Train WMAPE: 0.0543, 
Epoch: 037, Valid Loss: 13.0853, Valid RMSE: 42.6899, Valid MAPE: 4.1780, Valid WMAPE: 0.0752
###Update tasks appear###
Updating! Valid Loss: 13.08525378363473, epoch:  37
Iter: 000, Train Loss: 10.2249, Train RMSE: 22.2025, Train MAPE: 1.6440, Train WMAPE: 0.0568
Iter: 050, Train Loss: 11.5365, Train RMSE: 24.4547, Train MAPE: 1.4933, Train WMAPE: 0.0633
Epoch: 038, Training Time: 15.5682 secs
Epoch: 038, Inference Time: 1.8847 secs
Epoch: 038, Train Loss: 9.6659, Train RMSE: 20.4844, Train MAPE: 1.8473, Train WMAPE: 0.0541, 
Epoch: 038, Valid Loss: 12.7947, Valid RMSE: 42.4903, Valid MAPE: 3.5149, Valid WMAPE: 0.0735
###Update tasks appear###
Updating! Valid Loss: 12.794723953519549, epoch:  38
Iter: 000, Train Loss: 9.9064, Train RMSE: 21.8492, Train MAPE: 1.5067, Train WMAPE: 0.0550
Iter: 050, Train Loss: 11.2097, Train RMSE: 23.9506, Train MAPE: 1.0407, Train WMAPE: 0.0615
Epoch: 039, Training Time: 15.3128 secs
Epoch: 039, Inference Time: 1.9740 secs
Epoch: 039, Train Loss: 9.6619, Train RMSE: 20.3552, Train MAPE: 2.0700, Train WMAPE: 0.0540, 
Epoch: 039, Valid Loss: 13.2264, Valid RMSE: 42.7492, Valid MAPE: 5.8832, Valid WMAPE: 0.0760
No update
Iter: 000, Train Loss: 10.2490, Train RMSE: 22.0090, Train MAPE: 2.4158, Train WMAPE: 0.0569
Iter: 050, Train Loss: 11.2835, Train RMSE: 23.8278, Train MAPE: 1.3899, Train WMAPE: 0.0619
Epoch: 040, Training Time: 15.3960 secs
Epoch: 040, Inference Time: 2.0803 secs
Epoch: 040, Train Loss: 9.5424, Train RMSE: 20.1740, Train MAPE: 1.9799, Train WMAPE: 0.0534, 
Epoch: 040, Valid Loss: 13.4244, Valid RMSE: 42.3988, Valid MAPE: 8.7818, Valid WMAPE: 0.0771
No update
Iter: 000, Train Loss: 10.4346, Train RMSE: 21.9377, Train MAPE: 3.5056, Train WMAPE: 0.0579
Iter: 050, Train Loss: 11.0659, Train RMSE: 23.9973, Train MAPE: 1.3396, Train WMAPE: 0.0607
Epoch: 041, Training Time: 15.7965 secs
Epoch: 041, Inference Time: 2.1978 secs
Epoch: 041, Train Loss: 9.5785, Train RMSE: 20.1670, Train MAPE: 2.1082, Train WMAPE: 0.0536, 
Epoch: 041, Valid Loss: 12.8385, Valid RMSE: 42.4593, Valid MAPE: 5.2097, Valid WMAPE: 0.0737
No update
Iter: 000, Train Loss: 9.8465, Train RMSE: 21.7276, Train MAPE: 2.2650, Train WMAPE: 0.0547
Iter: 050, Train Loss: 10.8862, Train RMSE: 23.5360, Train MAPE: 1.3243, Train WMAPE: 0.0597
Epoch: 042, Training Time: 15.6221 secs
Epoch: 042, Inference Time: 2.0527 secs
Epoch: 042, Train Loss: 9.5061, Train RMSE: 20.0572, Train MAPE: 2.1797, Train WMAPE: 0.0532, 
Epoch: 042, Valid Loss: 13.1623, Valid RMSE: 42.2732, Valid MAPE: 7.0324, Valid WMAPE: 0.0756
No update
Iter: 000, Train Loss: 10.1265, Train RMSE: 21.3815, Train MAPE: 2.7161, Train WMAPE: 0.0562
Iter: 050, Train Loss: 11.1497, Train RMSE: 23.9363, Train MAPE: 1.4767, Train WMAPE: 0.0611
Epoch: 043, Training Time: 15.8356 secs
Epoch: 043, Inference Time: 2.0797 secs
Epoch: 043, Train Loss: 9.4445, Train RMSE: 19.9281, Train MAPE: 1.9778, Train WMAPE: 0.0528, 
Epoch: 043, Valid Loss: 13.7802, Valid RMSE: 42.7426, Valid MAPE: 6.7756, Valid WMAPE: 0.0791
No update
Iter: 000, Train Loss: 11.0229, Train RMSE: 22.4510, Train MAPE: 2.3722, Train WMAPE: 0.0612
Iter: 050, Train Loss: 11.0233, Train RMSE: 23.3325, Train MAPE: 1.4224, Train WMAPE: 0.0604
Epoch: 044, Training Time: 15.5754 secs
Epoch: 044, Inference Time: 2.0980 secs
Epoch: 044, Train Loss: 9.4351, Train RMSE: 19.8798, Train MAPE: 1.9448, Train WMAPE: 0.0528, 
Epoch: 044, Valid Loss: 12.6423, Valid RMSE: 42.2433, Valid MAPE: 3.2896, Valid WMAPE: 0.0726
###Update tasks appear###
Updating! Valid Loss: 12.642301763807025, epoch:  44
Iter: 000, Train Loss: 9.7096, Train RMSE: 21.4541, Train MAPE: 1.3789, Train WMAPE: 0.0539
Iter: 050, Train Loss: 10.9769, Train RMSE: 23.0128, Train MAPE: 1.5447, Train WMAPE: 0.0602
Epoch: 045, Training Time: 15.6055 secs
Epoch: 045, Inference Time: 2.0507 secs
Epoch: 045, Train Loss: 9.3706, Train RMSE: 19.8232, Train MAPE: 1.9215, Train WMAPE: 0.0524, 
Epoch: 045, Valid Loss: 12.6077, Valid RMSE: 41.9586, Valid MAPE: 3.6091, Valid WMAPE: 0.0724
###Update tasks appear###
Updating! Valid Loss: 12.607660940715245, epoch:  45
Iter: 000, Train Loss: 9.6473, Train RMSE: 21.2875, Train MAPE: 1.4874, Train WMAPE: 0.0536
Iter: 050, Train Loss: 10.8527, Train RMSE: 23.3070, Train MAPE: 1.3165, Train WMAPE: 0.0595
Epoch: 046, Training Time: 15.6788 secs
Epoch: 046, Inference Time: 2.0088 secs
Epoch: 046, Train Loss: 9.3418, Train RMSE: 19.9066, Train MAPE: 1.7107, Train WMAPE: 0.0522, 
Epoch: 046, Valid Loss: 13.8726, Valid RMSE: 43.4613, Valid MAPE: 3.2628, Valid WMAPE: 0.0796
No update
Iter: 000, Train Loss: 11.0471, Train RMSE: 23.4447, Train MAPE: 1.3428, Train WMAPE: 0.0613
Iter: 050, Train Loss: 10.7749, Train RMSE: 22.9411, Train MAPE: 1.6834, Train WMAPE: 0.0591
Epoch: 047, Training Time: 15.8073 secs
Epoch: 047, Inference Time: 2.0684 secs
Epoch: 047, Train Loss: 9.3290, Train RMSE: 19.8700, Train MAPE: 1.7746, Train WMAPE: 0.0522, 
Epoch: 047, Valid Loss: 13.0037, Valid RMSE: 42.3130, Valid MAPE: 3.8218, Valid WMAPE: 0.0747
No update
Iter: 000, Train Loss: 10.1500, Train RMSE: 21.8511, Train MAPE: 1.4605, Train WMAPE: 0.0563
Iter: 050, Train Loss: 10.6346, Train RMSE: 22.9161, Train MAPE: 1.2050, Train WMAPE: 0.0583
Epoch: 048, Training Time: 15.1276 secs
Epoch: 048, Inference Time: 1.9682 secs
Epoch: 048, Train Loss: 9.2840, Train RMSE: 19.6484, Train MAPE: 1.9409, Train WMAPE: 0.0519, 
Epoch: 048, Valid Loss: 12.5177, Valid RMSE: 41.5346, Valid MAPE: 5.1406, Valid WMAPE: 0.0719
###Update tasks appear###
Updating! Valid Loss: 12.517666033336095, epoch:  48
Iter: 000, Train Loss: 9.5350, Train RMSE: 20.9257, Train MAPE: 1.8656, Train WMAPE: 0.0529
Iter: 050, Train Loss: 10.8664, Train RMSE: 22.4615, Train MAPE: 2.1286, Train WMAPE: 0.0596
Epoch: 049, Training Time: 15.3529 secs
Epoch: 049, Inference Time: 2.0033 secs
Epoch: 049, Train Loss: 9.1155, Train RMSE: 19.3821, Train MAPE: 1.9089, Train WMAPE: 0.0510, 
Epoch: 049, Valid Loss: 13.0785, Valid RMSE: 41.5168, Valid MAPE: 9.2310, Valid WMAPE: 0.0751
No update
Iter: 000, Train Loss: 10.1408, Train RMSE: 21.2273, Train MAPE: 3.3235, Train WMAPE: 0.0563
Iter: 050, Train Loss: 10.5035, Train RMSE: 22.4034, Train MAPE: 1.5621, Train WMAPE: 0.0576
Epoch: 050, Training Time: 15.3902 secs
Epoch: 050, Inference Time: 2.0944 secs
Epoch: 050, Train Loss: 9.0732, Train RMSE: 19.2595, Train MAPE: 1.9495, Train WMAPE: 0.0507, 
Epoch: 050, Valid Loss: 12.7148, Valid RMSE: 41.7617, Valid MAPE: 5.6617, Valid WMAPE: 0.0730
No update
Iter: 000, Train Loss: 9.7874, Train RMSE: 21.2672, Train MAPE: 2.3341, Train WMAPE: 0.0543
Iter: 050, Train Loss: 10.4439, Train RMSE: 22.4348, Train MAPE: 1.6669, Train WMAPE: 0.0573
Epoch: 051, Training Time: 15.4874 secs
Epoch: 051, Inference Time: 2.0087 secs
Epoch: 051, Train Loss: 9.1603, Train RMSE: 19.3481, Train MAPE: 2.1213, Train WMAPE: 0.0512, 
Epoch: 051, Valid Loss: 12.4390, Valid RMSE: 41.6834, Valid MAPE: 4.1055, Valid WMAPE: 0.0714
###Update tasks appear###
Updating! Valid Loss: 12.43900179862976, epoch:  51
Iter: 000, Train Loss: 9.4275, Train RMSE: 20.5850, Train MAPE: 1.4506, Train WMAPE: 0.0523
Iter: 050, Train Loss: 10.5801, Train RMSE: 22.0201, Train MAPE: 1.5614, Train WMAPE: 0.0580
Epoch: 052, Training Time: 15.4626 secs
Epoch: 052, Inference Time: 1.9095 secs
Epoch: 052, Train Loss: 9.0357, Train RMSE: 19.1945, Train MAPE: 1.9370, Train WMAPE: 0.0505, 
Epoch: 052, Valid Loss: 12.9768, Valid RMSE: 42.1811, Valid MAPE: 7.0402, Valid WMAPE: 0.0745
No update
Iter: 000, Train Loss: 9.9739, Train RMSE: 21.3086, Train MAPE: 2.7534, Train WMAPE: 0.0554
Iter: 050, Train Loss: 10.4565, Train RMSE: 22.1368, Train MAPE: 1.0585, Train WMAPE: 0.0573
Epoch: 053, Training Time: 14.9769 secs
Epoch: 053, Inference Time: 1.8927 secs
Epoch: 053, Train Loss: 8.9363, Train RMSE: 19.1238, Train MAPE: 1.6413, Train WMAPE: 0.0500, 
Epoch: 053, Valid Loss: 12.6980, Valid RMSE: 41.9729, Valid MAPE: 2.9354, Valid WMAPE: 0.0729
No update
Iter: 000, Train Loss: 9.9373, Train RMSE: 21.5679, Train MAPE: 1.1896, Train WMAPE: 0.0552
Iter: 050, Train Loss: 10.2124, Train RMSE: 21.9193, Train MAPE: 1.2891, Train WMAPE: 0.0560
Epoch: 054, Training Time: 14.8984 secs
Epoch: 054, Inference Time: 1.8803 secs
Epoch: 054, Train Loss: 9.0069, Train RMSE: 19.0171, Train MAPE: 2.0042, Train WMAPE: 0.0504, 
Epoch: 054, Valid Loss: 12.2063, Valid RMSE: 41.2574, Valid MAPE: 3.9881, Valid WMAPE: 0.0701
###Update tasks appear###
Updating! Valid Loss: 12.20634923662458, epoch:  54
Iter: 000, Train Loss: 9.2266, Train RMSE: 20.5344, Train MAPE: 1.3205, Train WMAPE: 0.0512
Iter: 050, Train Loss: 10.0326, Train RMSE: 21.4351, Train MAPE: 1.1457, Train WMAPE: 0.0550
Epoch: 055, Training Time: 14.6750 secs
Epoch: 055, Inference Time: 1.8047 secs
Epoch: 055, Train Loss: 8.8075, Train RMSE: 18.8703, Train MAPE: 1.6236, Train WMAPE: 0.0493, 
Epoch: 055, Valid Loss: 12.7476, Valid RMSE: 41.6150, Valid MAPE: 5.7346, Valid WMAPE: 0.0732
No update
Iter: 000, Train Loss: 9.9230, Train RMSE: 20.6260, Train MAPE: 1.9374, Train WMAPE: 0.0551
Iter: 050, Train Loss: 9.9638, Train RMSE: 20.8188, Train MAPE: 1.6400, Train WMAPE: 0.0546
Epoch: 056, Training Time: 14.5829 secs
Epoch: 056, Inference Time: 1.9017 secs
Epoch: 056, Train Loss: 8.7969, Train RMSE: 18.6284, Train MAPE: 1.9567, Train WMAPE: 0.0492, 
Epoch: 056, Valid Loss: 12.1283, Valid RMSE: 41.3704, Valid MAPE: 2.8549, Valid WMAPE: 0.0696
###Update tasks appear###
Updating! Valid Loss: 12.128297397068568, epoch:  56
Iter: 000, Train Loss: 9.1408, Train RMSE: 20.0562, Train MAPE: 1.1807, Train WMAPE: 0.0507
Iter: 050, Train Loss: 10.0108, Train RMSE: 21.2563, Train MAPE: 0.7803, Train WMAPE: 0.0549
Epoch: 057, Training Time: 15.2662 secs
Epoch: 057, Inference Time: 1.9027 secs
Epoch: 057, Train Loss: 8.8030, Train RMSE: 18.6874, Train MAPE: 1.8591, Train WMAPE: 0.0492, 
Epoch: 057, Valid Loss: 12.8207, Valid RMSE: 41.6755, Valid MAPE: 7.7411, Valid WMAPE: 0.0736
No update
Iter: 000, Train Loss: 9.5748, Train RMSE: 20.0254, Train MAPE: 2.9723, Train WMAPE: 0.0532
Iter: 050, Train Loss: 10.0835, Train RMSE: 21.1192, Train MAPE: 1.7050, Train WMAPE: 0.0553
Epoch: 058, Training Time: 15.6249 secs
Epoch: 058, Inference Time: 2.0752 secs
Epoch: 058, Train Loss: 8.8086, Train RMSE: 18.7231, Train MAPE: 1.7622, Train WMAPE: 0.0493, 
Epoch: 058, Valid Loss: 12.3420, Valid RMSE: 41.6366, Valid MAPE: 5.1179, Valid WMAPE: 0.0709
No update
Iter: 000, Train Loss: 9.2945, Train RMSE: 19.9698, Train MAPE: 2.0317, Train WMAPE: 0.0516
Iter: 050, Train Loss: 9.8787, Train RMSE: 20.7964, Train MAPE: 1.6516, Train WMAPE: 0.0542
Epoch: 059, Training Time: 15.5000 secs
Epoch: 059, Inference Time: 2.0547 secs
Epoch: 059, Train Loss: 8.6215, Train RMSE: 18.4630, Train MAPE: 1.5655, Train WMAPE: 0.0482, 
Epoch: 059, Valid Loss: 12.1072, Valid RMSE: 41.5592, Valid MAPE: 3.6291, Valid WMAPE: 0.0695
###Update tasks appear###
Updating! Valid Loss: 12.107234035219465, epoch:  59
Iter: 000, Train Loss: 9.2244, Train RMSE: 19.9818, Train MAPE: 1.3189, Train WMAPE: 0.0512
Iter: 050, Train Loss: 9.6351, Train RMSE: 20.3407, Train MAPE: 0.9686, Train WMAPE: 0.0528
Epoch: 060, Training Time: 15.5769 secs
Epoch: 060, Inference Time: 1.9878 secs
Epoch: 060, Train Loss: 8.6601, Train RMSE: 18.3715, Train MAPE: 1.7832, Train WMAPE: 0.0484, 
Epoch: 060, Valid Loss: 12.1249, Valid RMSE: 41.2344, Valid MAPE: 5.1388, Valid WMAPE: 0.0696
No update
Iter: 000, Train Loss: 8.9289, Train RMSE: 19.3587, Train MAPE: 1.8628, Train WMAPE: 0.0496
Iter: 050, Train Loss: 9.8512, Train RMSE: 20.3408, Train MAPE: 1.4568, Train WMAPE: 0.0540
Epoch: 061, Training Time: 15.3018 secs
Epoch: 061, Inference Time: 2.0887 secs
Epoch: 061, Train Loss: 8.6131, Train RMSE: 18.1942, Train MAPE: 1.7997, Train WMAPE: 0.0482, 
Epoch: 061, Valid Loss: 12.6853, Valid RMSE: 41.5395, Valid MAPE: 7.7706, Valid WMAPE: 0.0728
No update
Iter: 000, Train Loss: 9.4007, Train RMSE: 19.4717, Train MAPE: 2.8238, Train WMAPE: 0.0522
Iter: 050, Train Loss: 9.5074, Train RMSE: 19.7390, Train MAPE: 1.4052, Train WMAPE: 0.0521
Epoch: 062, Training Time: 15.2008 secs
Epoch: 062, Inference Time: 1.9993 secs
Epoch: 062, Train Loss: 8.5387, Train RMSE: 18.0037, Train MAPE: 1.8761, Train WMAPE: 0.0478, 
Epoch: 062, Valid Loss: 11.8970, Valid RMSE: 41.3762, Valid MAPE: 3.5812, Valid WMAPE: 0.0683
###Update tasks appear###
Updating! Valid Loss: 11.89701339176723, epoch:  62
Iter: 000, Train Loss: 8.7479, Train RMSE: 19.3135, Train MAPE: 1.5371, Train WMAPE: 0.0486
Iter: 050, Train Loss: 9.2852, Train RMSE: 19.5115, Train MAPE: 1.1480, Train WMAPE: 0.0509
Epoch: 063, Training Time: 15.4231 secs
Epoch: 063, Inference Time: 1.9547 secs
Epoch: 063, Train Loss: 8.5555, Train RMSE: 18.0431, Train MAPE: 1.8759, Train WMAPE: 0.0479, 
Epoch: 063, Valid Loss: 11.8605, Valid RMSE: 41.3146, Valid MAPE: 3.3019, Valid WMAPE: 0.0681
###Update tasks appear###
Updating! Valid Loss: 11.860497202192034, epoch:  63
Iter: 000, Train Loss: 8.7257, Train RMSE: 18.8144, Train MAPE: 1.1418, Train WMAPE: 0.0484
Iter: 050, Train Loss: 10.0155, Train RMSE: 20.9961, Train MAPE: 1.6491, Train WMAPE: 0.0549
Epoch: 064, Training Time: 15.2696 secs
Epoch: 064, Inference Time: 1.9867 secs
Epoch: 064, Train Loss: 8.5241, Train RMSE: 18.1156, Train MAPE: 1.4890, Train WMAPE: 0.0477, 
Epoch: 064, Valid Loss: 11.9183, Valid RMSE: 41.3980, Valid MAPE: 4.2740, Valid WMAPE: 0.0684
No update
Iter: 000, Train Loss: 8.7562, Train RMSE: 19.0410, Train MAPE: 1.7067, Train WMAPE: 0.0486
Iter: 050, Train Loss: 9.3395, Train RMSE: 19.4046, Train MAPE: 1.6391, Train WMAPE: 0.0512
Epoch: 065, Training Time: 15.8985 secs
Epoch: 065, Inference Time: 1.9159 secs
Epoch: 065, Train Loss: 8.3535, Train RMSE: 17.7467, Train MAPE: 1.5755, Train WMAPE: 0.0467, 
Epoch: 065, Valid Loss: 11.8568, Valid RMSE: 41.4478, Valid MAPE: 4.5423, Valid WMAPE: 0.0681
###Update tasks appear###
Updating! Valid Loss: 11.856794902256556, epoch:  65
Iter: 000, Train Loss: 8.6108, Train RMSE: 18.8876, Train MAPE: 1.7043, Train WMAPE: 0.0478
Iter: 050, Train Loss: 9.6847, Train RMSE: 20.0510, Train MAPE: 1.1323, Train WMAPE: 0.0531
Epoch: 066, Training Time: 15.4970 secs
Epoch: 066, Inference Time: 1.9812 secs
Epoch: 066, Train Loss: 8.3367, Train RMSE: 17.5864, Train MAPE: 1.6411, Train WMAPE: 0.0466, 
Epoch: 066, Valid Loss: 11.8607, Valid RMSE: 41.3113, Valid MAPE: 4.3933, Valid WMAPE: 0.0681
No update
Iter: 000, Train Loss: 8.3676, Train RMSE: 18.0177, Train MAPE: 1.5068, Train WMAPE: 0.0465
Iter: 050, Train Loss: 8.9451, Train RMSE: 18.1898, Train MAPE: 1.2244, Train WMAPE: 0.0491
Epoch: 067, Training Time: 15.4030 secs
Epoch: 067, Inference Time: 2.0046 secs
Epoch: 067, Train Loss: 8.2745, Train RMSE: 17.4493, Train MAPE: 1.6565, Train WMAPE: 0.0463, 
Epoch: 067, Valid Loss: 12.1886, Valid RMSE: 41.7160, Valid MAPE: 5.1121, Valid WMAPE: 0.0700
No update
Iter: 000, Train Loss: 8.8333, Train RMSE: 18.4578, Train MAPE: 1.8347, Train WMAPE: 0.0490
Iter: 050, Train Loss: 8.7423, Train RMSE: 17.8279, Train MAPE: 0.9972, Train WMAPE: 0.0479
Epoch: 068, Training Time: 15.4853 secs
Epoch: 068, Inference Time: 1.9908 secs
Epoch: 068, Train Loss: 8.1672, Train RMSE: 17.2694, Train MAPE: 1.5541, Train WMAPE: 0.0457, 
Epoch: 068, Valid Loss: 11.9483, Valid RMSE: 41.4536, Valid MAPE: 5.6902, Valid WMAPE: 0.0686
No update
Iter: 000, Train Loss: 8.6685, Train RMSE: 18.4000, Train MAPE: 2.3349, Train WMAPE: 0.0481
Iter: 050, Train Loss: 8.7879, Train RMSE: 18.0322, Train MAPE: 0.9962, Train WMAPE: 0.0482
Epoch: 069, Training Time: 15.7487 secs
Epoch: 069, Inference Time: 1.9558 secs
Epoch: 069, Train Loss: 8.2034, Train RMSE: 17.3254, Train MAPE: 1.4886, Train WMAPE: 0.0459, 
Epoch: 069, Valid Loss: 11.9231, Valid RMSE: 41.5115, Valid MAPE: 3.6499, Valid WMAPE: 0.0685
No update
Iter: 000, Train Loss: 8.5472, Train RMSE: 18.1859, Train MAPE: 1.3120, Train WMAPE: 0.0475
Iter: 050, Train Loss: 9.2365, Train RMSE: 19.0012, Train MAPE: 1.2106, Train WMAPE: 0.0506
Epoch: 070, Training Time: 15.7169 secs
Epoch: 070, Inference Time: 2.0495 secs
Epoch: 070, Train Loss: 8.1510, Train RMSE: 17.2381, Train MAPE: 1.4456, Train WMAPE: 0.0456, 
Epoch: 070, Valid Loss: 11.5887, Valid RMSE: 41.2090, Valid MAPE: 3.5568, Valid WMAPE: 0.0665
###Update tasks appear###
Updating! Valid Loss: 11.588680880410331, epoch:  70
Iter: 000, Train Loss: 8.3814, Train RMSE: 17.8999, Train MAPE: 1.3506, Train WMAPE: 0.0465
Iter: 050, Train Loss: 8.7866, Train RMSE: 18.2961, Train MAPE: 1.3343, Train WMAPE: 0.0482
Epoch: 071, Training Time: 15.7946 secs
Epoch: 071, Inference Time: 2.0615 secs
Epoch: 071, Train Loss: 7.9961, Train RMSE: 16.9269, Train MAPE: 1.3873, Train WMAPE: 0.0447, 
Epoch: 071, Valid Loss: 11.6292, Valid RMSE: 41.0081, Valid MAPE: 4.5774, Valid WMAPE: 0.0668
No update
Iter: 000, Train Loss: 8.1167, Train RMSE: 17.2212, Train MAPE: 1.5775, Train WMAPE: 0.0451
Iter: 050, Train Loss: 8.7941, Train RMSE: 18.1544, Train MAPE: 0.9078, Train WMAPE: 0.0482
Epoch: 072, Training Time: 15.4971 secs
Epoch: 072, Inference Time: 2.0979 secs
Epoch: 072, Train Loss: 8.1670, Train RMSE: 17.1948, Train MAPE: 1.5758, Train WMAPE: 0.0457, 
Epoch: 072, Valid Loss: 11.7323, Valid RMSE: 41.0987, Valid MAPE: 5.0413, Valid WMAPE: 0.0674
No update
Iter: 000, Train Loss: 8.2716, Train RMSE: 18.1050, Train MAPE: 1.8805, Train WMAPE: 0.0459
Iter: 050, Train Loss: 9.0131, Train RMSE: 18.3507, Train MAPE: 1.4038, Train WMAPE: 0.0494
Epoch: 073, Training Time: 15.4804 secs
Epoch: 073, Inference Time: 1.9151 secs
Epoch: 073, Train Loss: 8.0181, Train RMSE: 16.7765, Train MAPE: 1.7696, Train WMAPE: 0.0448, 
Epoch: 073, Valid Loss: 12.2973, Valid RMSE: 41.2744, Valid MAPE: 7.1866, Valid WMAPE: 0.0706
No update
Iter: 000, Train Loss: 8.7033, Train RMSE: 18.1325, Train MAPE: 2.3691, Train WMAPE: 0.0483
Iter: 050, Train Loss: 8.3725, Train RMSE: 17.0858, Train MAPE: 1.2945, Train WMAPE: 0.0459
Epoch: 074, Training Time: 15.2775 secs
Epoch: 074, Inference Time: 2.0736 secs
Epoch: 074, Train Loss: 7.9545, Train RMSE: 16.6225, Train MAPE: 1.7596, Train WMAPE: 0.0445, 
Epoch: 074, Valid Loss: 11.6548, Valid RMSE: 41.3299, Valid MAPE: 2.7726, Valid WMAPE: 0.0669
No update
Iter: 000, Train Loss: 8.4053, Train RMSE: 17.8999, Train MAPE: 1.0849, Train WMAPE: 0.0467
Iter: 050, Train Loss: 8.7023, Train RMSE: 17.2949, Train MAPE: 1.8783, Train WMAPE: 0.0477
Epoch: 075, Training Time: 15.4315 secs
Epoch: 075, Inference Time: 1.9626 secs
Epoch: 075, Train Loss: 7.9094, Train RMSE: 16.5551, Train MAPE: 1.7949, Train WMAPE: 0.0442, 
Epoch: 075, Valid Loss: 11.8032, Valid RMSE: 41.1049, Valid MAPE: 4.5177, Valid WMAPE: 0.0678
No update
Iter: 000, Train Loss: 8.5376, Train RMSE: 17.7650, Train MAPE: 1.7294, Train WMAPE: 0.0474
Iter: 050, Train Loss: 9.1137, Train RMSE: 18.7872, Train MAPE: 0.8608, Train WMAPE: 0.0500
Epoch: 076, Training Time: 15.5966 secs
Epoch: 076, Inference Time: 1.8927 secs
Epoch: 076, Train Loss: 7.9412, Train RMSE: 16.6798, Train MAPE: 1.6005, Train WMAPE: 0.0444, 
Epoch: 076, Valid Loss: 11.9291, Valid RMSE: 41.2175, Valid MAPE: 5.7374, Valid WMAPE: 0.0685
No update
Iter: 000, Train Loss: 8.8129, Train RMSE: 18.2995, Train MAPE: 2.0550, Train WMAPE: 0.0489
Iter: 050, Train Loss: 8.7466, Train RMSE: 18.0699, Train MAPE: 1.2036, Train WMAPE: 0.0480
Epoch: 077, Training Time: 15.2873 secs
Epoch: 077, Inference Time: 1.9121 secs
Epoch: 077, Train Loss: 7.8945, Train RMSE: 16.6042, Train MAPE: 1.5310, Train WMAPE: 0.0442, 
Epoch: 077, Valid Loss: 11.3765, Valid RMSE: 41.0579, Valid MAPE: 2.5764, Valid WMAPE: 0.0653
###Update tasks appear###
Updating! Valid Loss: 11.376454659870692, epoch:  77
Iter: 000, Train Loss: 7.9336, Train RMSE: 17.1843, Train MAPE: 0.9919, Train WMAPE: 0.0440
Iter: 050, Train Loss: 8.0557, Train RMSE: 16.2968, Train MAPE: 0.9422, Train WMAPE: 0.0442
Epoch: 078, Training Time: 15.6641 secs
Epoch: 078, Inference Time: 1.9832 secs
Epoch: 078, Train Loss: 7.8186, Train RMSE: 16.3588, Train MAPE: 1.7415, Train WMAPE: 0.0437, 
Epoch: 078, Valid Loss: 11.5101, Valid RMSE: 40.8870, Valid MAPE: 3.9810, Valid WMAPE: 0.0661
No update
Iter: 000, Train Loss: 7.9491, Train RMSE: 17.2980, Train MAPE: 1.3687, Train WMAPE: 0.0441
Iter: 050, Train Loss: 8.1864, Train RMSE: 16.2656, Train MAPE: 1.1060, Train WMAPE: 0.0449
Epoch: 079, Training Time: 15.3929 secs
Epoch: 079, Inference Time: 2.0139 secs
Epoch: 079, Train Loss: 7.7263, Train RMSE: 16.1662, Train MAPE: 1.6709, Train WMAPE: 0.0432, 
Epoch: 079, Valid Loss: 12.2006, Valid RMSE: 41.3953, Valid MAPE: 7.5865, Valid WMAPE: 0.0701
No update
Iter: 000, Train Loss: 8.4968, Train RMSE: 17.2017, Train MAPE: 2.8092, Train WMAPE: 0.0472
Iter: 050, Train Loss: 8.0842, Train RMSE: 16.2319, Train MAPE: 1.1509, Train WMAPE: 0.0443
Epoch: 080, Training Time: 15.4793 secs
Epoch: 080, Inference Time: 2.0090 secs
Epoch: 080, Train Loss: 7.6745, Train RMSE: 16.1053, Train MAPE: 1.6372, Train WMAPE: 0.0429, 
Epoch: 080, Valid Loss: 11.4317, Valid RMSE: 41.0347, Valid MAPE: 4.2258, Valid WMAPE: 0.0656
No update
Iter: 000, Train Loss: 8.0290, Train RMSE: 17.1266, Train MAPE: 1.4116, Train WMAPE: 0.0446
Iter: 050, Train Loss: 7.6858, Train RMSE: 15.4889, Train MAPE: 1.3221, Train WMAPE: 0.0421
Epoch: 081, Training Time: 15.5742 secs
Epoch: 081, Inference Time: 2.0890 secs
Epoch: 081, Train Loss: 7.7719, Train RMSE: 16.2640, Train MAPE: 1.7007, Train WMAPE: 0.0435, 
Epoch: 081, Valid Loss: 11.8573, Valid RMSE: 41.6820, Valid MAPE: 2.6325, Valid WMAPE: 0.0681
No update
Iter: 000, Train Loss: 8.6732, Train RMSE: 18.8243, Train MAPE: 1.0162, Train WMAPE: 0.0482
Iter: 050, Train Loss: 8.5920, Train RMSE: 17.6889, Train MAPE: 1.9544, Train WMAPE: 0.0471
Epoch: 082, Training Time: 15.6207 secs
Epoch: 082, Inference Time: 1.9832 secs
Epoch: 082, Train Loss: 7.7897, Train RMSE: 16.3664, Train MAPE: 1.5702, Train WMAPE: 0.0436, 
Epoch: 082, Valid Loss: 11.6345, Valid RMSE: 41.2135, Valid MAPE: 4.7698, Valid WMAPE: 0.0668
No update
Iter: 000, Train Loss: 8.1410, Train RMSE: 16.6121, Train MAPE: 1.5196, Train WMAPE: 0.0452
Iter: 050, Train Loss: 8.1069, Train RMSE: 16.5438, Train MAPE: 1.1818, Train WMAPE: 0.0445
Epoch: 083, Training Time: 15.3792 secs
Epoch: 083, Inference Time: 1.9960 secs
Epoch: 083, Train Loss: 7.6413, Train RMSE: 16.0373, Train MAPE: 1.5429, Train WMAPE: 0.0427, 
Epoch: 083, Valid Loss: 11.1937, Valid RMSE: 40.8923, Valid MAPE: 2.6433, Valid WMAPE: 0.0643
###Update tasks appear###
Updating! Valid Loss: 11.193698917116437, epoch:  83
Iter: 000, Train Loss: 7.5240, Train RMSE: 16.0925, Train MAPE: 0.9407, Train WMAPE: 0.0418
Iter: 050, Train Loss: 8.1543, Train RMSE: 16.3770, Train MAPE: 1.2474, Train WMAPE: 0.0447
Epoch: 084, Training Time: 15.4127 secs
Epoch: 084, Inference Time: 2.0450 secs
Epoch: 084, Train Loss: 7.6179, Train RMSE: 15.9593, Train MAPE: 1.6515, Train WMAPE: 0.0426, 
Epoch: 084, Valid Loss: 11.3267, Valid RMSE: 40.5727, Valid MAPE: 3.8546, Valid WMAPE: 0.0650
No update
Iter: 000, Train Loss: 7.6982, Train RMSE: 16.5905, Train MAPE: 1.4405, Train WMAPE: 0.0427
Iter: 050, Train Loss: 8.0899, Train RMSE: 16.1493, Train MAPE: 1.2042, Train WMAPE: 0.0444
Epoch: 085, Training Time: 15.3225 secs
Epoch: 085, Inference Time: 2.0854 secs
Epoch: 085, Train Loss: 7.6254, Train RMSE: 16.0158, Train MAPE: 1.4730, Train WMAPE: 0.0426, 
Epoch: 085, Valid Loss: 11.5521, Valid RMSE: 41.0005, Valid MAPE: 3.2737, Valid WMAPE: 0.0663
No update
Iter: 000, Train Loss: 8.1001, Train RMSE: 16.8126, Train MAPE: 1.2275, Train WMAPE: 0.0450
Iter: 050, Train Loss: 7.5851, Train RMSE: 15.7538, Train MAPE: 0.7598, Train WMAPE: 0.0416
Epoch: 086, Training Time: 15.8021 secs
Epoch: 086, Inference Time: 1.9848 secs
Epoch: 086, Train Loss: 7.4799, Train RMSE: 15.8326, Train MAPE: 1.3496, Train WMAPE: 0.0418, 
Epoch: 086, Valid Loss: 11.5880, Valid RMSE: 41.1320, Valid MAPE: 3.3273, Valid WMAPE: 0.0665
No update
Iter: 000, Train Loss: 8.1767, Train RMSE: 16.8040, Train MAPE: 1.2047, Train WMAPE: 0.0454
Iter: 050, Train Loss: 7.9252, Train RMSE: 16.4724, Train MAPE: 0.8650, Train WMAPE: 0.0435
Epoch: 087, Training Time: 15.4755 secs
Epoch: 087, Inference Time: 1.9050 secs
Epoch: 087, Train Loss: 7.5409, Train RMSE: 15.9403, Train MAPE: 1.3390, Train WMAPE: 0.0422, 
Epoch: 087, Valid Loss: 11.1852, Valid RMSE: 41.0153, Valid MAPE: 3.0503, Valid WMAPE: 0.0642
###Update tasks appear###
Updating! Valid Loss: 11.185193640845162, epoch:  87
Iter: 000, Train Loss: 7.6899, Train RMSE: 16.2552, Train MAPE: 1.1388, Train WMAPE: 0.0427
Iter: 050, Train Loss: 8.4048, Train RMSE: 17.5042, Train MAPE: 0.8170, Train WMAPE: 0.0461
Epoch: 088, Training Time: 15.4697 secs
Epoch: 088, Inference Time: 2.0096 secs
Epoch: 088, Train Loss: 7.5072, Train RMSE: 15.8922, Train MAPE: 1.3302, Train WMAPE: 0.0420, 
Epoch: 088, Valid Loss: 11.0430, Valid RMSE: 40.7924, Valid MAPE: 2.7937, Valid WMAPE: 0.0634
###Update tasks appear###
Updating! Valid Loss: 11.042978627341133, epoch:  88
Iter: 000, Train Loss: 7.3350, Train RMSE: 15.7280, Train MAPE: 0.9202, Train WMAPE: 0.0407
Iter: 050, Train Loss: 7.9317, Train RMSE: 15.8618, Train MAPE: 1.7166, Train WMAPE: 0.0435
Epoch: 089, Training Time: 15.6582 secs
Epoch: 089, Inference Time: 1.9978 secs
Epoch: 089, Train Loss: 7.3910, Train RMSE: 15.4812, Train MAPE: 1.6718, Train WMAPE: 0.0413, 
Epoch: 089, Valid Loss: 11.2877, Valid RMSE: 41.0839, Valid MAPE: 3.2134, Valid WMAPE: 0.0648
No update
Iter: 000, Train Loss: 7.8258, Train RMSE: 16.0806, Train MAPE: 1.0434, Train WMAPE: 0.0434
Iter: 050, Train Loss: 8.7018, Train RMSE: 17.4986, Train MAPE: 2.2613, Train WMAPE: 0.0477
Epoch: 090, Training Time: 15.4897 secs
Epoch: 090, Inference Time: 1.9878 secs
Epoch: 090, Train Loss: 7.4135, Train RMSE: 15.5012, Train MAPE: 1.6315, Train WMAPE: 0.0415, 
Epoch: 090, Valid Loss: 11.1146, Valid RMSE: 40.8935, Valid MAPE: 2.8638, Valid WMAPE: 0.0638
No update
Iter: 000, Train Loss: 7.4628, Train RMSE: 15.4845, Train MAPE: 1.1181, Train WMAPE: 0.0414
Iter: 050, Train Loss: 7.7748, Train RMSE: 15.9781, Train MAPE: 0.8972, Train WMAPE: 0.0426
Epoch: 091, Training Time: 15.2954 secs
Epoch: 091, Inference Time: 1.9892 secs
Epoch: 091, Train Loss: 7.3478, Train RMSE: 15.5798, Train MAPE: 1.2682, Train WMAPE: 0.0411, 
Epoch: 091, Valid Loss: 11.2745, Valid RMSE: 40.7621, Valid MAPE: 3.2385, Valid WMAPE: 0.0647
No update
Iter: 000, Train Loss: 7.7774, Train RMSE: 16.1522, Train MAPE: 1.2035, Train WMAPE: 0.0432
Iter: 050, Train Loss: 7.7280, Train RMSE: 15.7629, Train MAPE: 0.9101, Train WMAPE: 0.0424
Epoch: 092, Training Time: 15.4312 secs
Epoch: 092, Inference Time: 2.0599 secs
Epoch: 092, Train Loss: 7.3317, Train RMSE: 15.5895, Train MAPE: 1.1905, Train WMAPE: 0.0410, 
Epoch: 092, Valid Loss: 11.3249, Valid RMSE: 40.7302, Valid MAPE: 4.8020, Valid WMAPE: 0.0650
No update
Iter: 000, Train Loss: 7.7222, Train RMSE: 15.9427, Train MAPE: 1.5805, Train WMAPE: 0.0429
Iter: 050, Train Loss: 7.3529, Train RMSE: 15.0510, Train MAPE: 0.9852, Train WMAPE: 0.0403
Epoch: 093, Training Time: 15.3926 secs
Epoch: 093, Inference Time: 2.0843 secs
Epoch: 093, Train Loss: 7.2866, Train RMSE: 15.3100, Train MAPE: 1.5888, Train WMAPE: 0.0408, 
Epoch: 093, Valid Loss: 11.0753, Valid RMSE: 40.3721, Valid MAPE: 4.5201, Valid WMAPE: 0.0636
No update
Iter: 000, Train Loss: 7.4470, Train RMSE: 15.3324, Train MAPE: 1.5445, Train WMAPE: 0.0413
Iter: 050, Train Loss: 7.4012, Train RMSE: 14.8659, Train MAPE: 0.8892, Train WMAPE: 0.0406
Epoch: 094, Training Time: 15.1989 secs
Epoch: 094, Inference Time: 1.9877 secs
Epoch: 094, Train Loss: 7.1996, Train RMSE: 15.3062, Train MAPE: 1.2017, Train WMAPE: 0.0403, 
Epoch: 094, Valid Loss: 11.2120, Valid RMSE: 40.6657, Valid MAPE: 3.9237, Valid WMAPE: 0.0644
No update
Iter: 000, Train Loss: 7.8362, Train RMSE: 16.0535, Train MAPE: 1.3747, Train WMAPE: 0.0435
Iter: 050, Train Loss: 7.2709, Train RMSE: 15.0496, Train MAPE: 0.9244, Train WMAPE: 0.0399
Epoch: 095, Training Time: 15.0243 secs
Epoch: 095, Inference Time: 2.0765 secs
Epoch: 095, Train Loss: 7.2607, Train RMSE: 15.3548, Train MAPE: 1.2944, Train WMAPE: 0.0406, 
Epoch: 095, Valid Loss: 11.2073, Valid RMSE: 40.7097, Valid MAPE: 2.8775, Valid WMAPE: 0.0643
No update
Iter: 000, Train Loss: 7.5973, Train RMSE: 16.1808, Train MAPE: 1.0531, Train WMAPE: 0.0422
Iter: 050, Train Loss: 7.5732, Train RMSE: 15.5200, Train MAPE: 0.9019, Train WMAPE: 0.0415
Epoch: 096, Training Time: 15.2841 secs
Epoch: 096, Inference Time: 2.0995 secs
Epoch: 096, Train Loss: 7.2499, Train RMSE: 15.3453, Train MAPE: 1.3589, Train WMAPE: 0.0405, 
Epoch: 096, Valid Loss: 10.8819, Valid RMSE: 40.4069, Valid MAPE: 3.2248, Valid WMAPE: 0.0625
###Update tasks appear###
Updating! Valid Loss: 10.881861857005529, epoch:  96
Iter: 000, Train Loss: 7.1641, Train RMSE: 14.9572, Train MAPE: 1.0816, Train WMAPE: 0.0398
Iter: 050, Train Loss: 7.3777, Train RMSE: 14.8493, Train MAPE: 1.5475, Train WMAPE: 0.0405
Epoch: 097, Training Time: 15.3566 secs
Epoch: 097, Inference Time: 1.8873 secs
Epoch: 097, Train Loss: 7.1528, Train RMSE: 14.9921, Train MAPE: 1.5975, Train WMAPE: 0.0400, 
Epoch: 097, Valid Loss: 11.4822, Valid RMSE: 40.6628, Valid MAPE: 6.8418, Valid WMAPE: 0.0659
No update
Iter: 000, Train Loss: 7.8125, Train RMSE: 15.1970, Train MAPE: 2.4528, Train WMAPE: 0.0434
Iter: 050, Train Loss: 7.1394, Train RMSE: 14.4641, Train MAPE: 0.8232, Train WMAPE: 0.0391
Epoch: 098, Training Time: 14.9994 secs
Epoch: 098, Inference Time: 2.0969 secs
Epoch: 098, Train Loss: 7.1395, Train RMSE: 14.9119, Train MAPE: 1.6259, Train WMAPE: 0.0399, 
Epoch: 098, Valid Loss: 11.0684, Valid RMSE: 40.5983, Valid MAPE: 3.6389, Valid WMAPE: 0.0636
No update
Iter: 000, Train Loss: 7.4534, Train RMSE: 15.5654, Train MAPE: 1.3515, Train WMAPE: 0.0414
Iter: 050, Train Loss: 7.3875, Train RMSE: 14.7145, Train MAPE: 1.6248, Train WMAPE: 0.0405
Epoch: 099, Training Time: 14.9891 secs
Epoch: 099, Inference Time: 2.0003 secs
Epoch: 099, Train Loss: 7.1116, Train RMSE: 14.9494, Train MAPE: 1.5427, Train WMAPE: 0.0398, 
Epoch: 099, Valid Loss: 11.2103, Valid RMSE: 40.6877, Valid MAPE: 6.0081, Valid WMAPE: 0.0644
No update
Iter: 000, Train Loss: 7.4375, Train RMSE: 15.2210, Train MAPE: 2.2916, Train WMAPE: 0.0413
Iter: 050, Train Loss: 7.1554, Train RMSE: 14.3290, Train MAPE: 0.9069, Train WMAPE: 0.0392
Epoch: 100, Training Time: 14.9826 secs
Epoch: 100, Inference Time: 1.9979 secs
Epoch: 100, Train Loss: 7.0734, Train RMSE: 14.8413, Train MAPE: 1.5453, Train WMAPE: 0.0396, 
Epoch: 100, Valid Loss: 10.9041, Valid RMSE: 40.6584, Valid MAPE: 3.3947, Valid WMAPE: 0.0626
No update
Iter: 000, Train Loss: 7.1348, Train RMSE: 14.9864, Train MAPE: 1.3047, Train WMAPE: 0.0396
Iter: 050, Train Loss: 7.7221, Train RMSE: 16.1255, Train MAPE: 1.1615, Train WMAPE: 0.0423
Epoch: 101, Training Time: 15.0242 secs
Epoch: 101, Inference Time: 1.9777 secs
Epoch: 101, Train Loss: 7.1499, Train RMSE: 15.0504, Train MAPE: 1.5414, Train WMAPE: 0.0400, 
Epoch: 101, Valid Loss: 10.9108, Valid RMSE: 40.4979, Valid MAPE: 3.6945, Valid WMAPE: 0.0626
No update
Iter: 000, Train Loss: 7.1081, Train RMSE: 15.2213, Train MAPE: 1.3265, Train WMAPE: 0.0395
Iter: 050, Train Loss: 7.3463, Train RMSE: 14.5395, Train MAPE: 1.5917, Train WMAPE: 0.0403
Epoch: 102, Training Time: 15.1789 secs
Epoch: 102, Inference Time: 1.9845 secs
Epoch: 102, Train Loss: 7.1196, Train RMSE: 14.8676, Train MAPE: 1.6717, Train WMAPE: 0.0398, 
Epoch: 102, Valid Loss: 10.9932, Valid RMSE: 40.4899, Valid MAPE: 4.9255, Valid WMAPE: 0.0631
No update
Iter: 000, Train Loss: 7.1541, Train RMSE: 14.4683, Train MAPE: 1.7928, Train WMAPE: 0.0397
Iter: 050, Train Loss: 7.4966, Train RMSE: 15.3501, Train MAPE: 1.1219, Train WMAPE: 0.0411
Epoch: 103, Training Time: 15.1655 secs
Epoch: 103, Inference Time: 2.0316 secs
Epoch: 103, Train Loss: 7.0521, Train RMSE: 14.8827, Train MAPE: 1.3582, Train WMAPE: 0.0394, 
Epoch: 103, Valid Loss: 11.4357, Valid RMSE: 41.2661, Valid MAPE: 4.2188, Valid WMAPE: 0.0657
No update
Iter: 000, Train Loss: 7.6269, Train RMSE: 15.6150, Train MAPE: 1.4686, Train WMAPE: 0.0423
Iter: 050, Train Loss: 8.0711, Train RMSE: 16.7915, Train MAPE: 0.9785, Train WMAPE: 0.0443
Epoch: 104, Training Time: 15.3854 secs
Epoch: 104, Inference Time: 2.0011 secs
Epoch: 104, Train Loss: 7.0967, Train RMSE: 14.9480, Train MAPE: 1.4346, Train WMAPE: 0.0397, 
Epoch: 104, Valid Loss: 11.0109, Valid RMSE: 40.8024, Valid MAPE: 2.5954, Valid WMAPE: 0.0632
No update
Iter: 000, Train Loss: 7.1614, Train RMSE: 14.8253, Train MAPE: 0.9014, Train WMAPE: 0.0398
Iter: 050, Train Loss: 7.0354, Train RMSE: 14.3090, Train MAPE: 0.7105, Train WMAPE: 0.0386
Epoch: 105, Training Time: 15.5858 secs
Epoch: 105, Inference Time: 1.9040 secs
Epoch: 105, Train Loss: 7.0304, Train RMSE: 14.8692, Train MAPE: 1.3712, Train WMAPE: 0.0393, 
Epoch: 105, Valid Loss: 11.1015, Valid RMSE: 40.6271, Valid MAPE: 3.6712, Valid WMAPE: 0.0637
No update
Iter: 000, Train Loss: 7.5716, Train RMSE: 15.4547, Train MAPE: 1.3066, Train WMAPE: 0.0420
Iter: 050, Train Loss: 7.1450, Train RMSE: 14.5638, Train MAPE: 0.9449, Train WMAPE: 0.0392
Epoch: 106, Training Time: 14.7808 secs
Epoch: 106, Inference Time: 2.1003 secs
Epoch: 106, Train Loss: 7.0191, Train RMSE: 14.8612, Train MAPE: 1.2628, Train WMAPE: 0.0393, 
Epoch: 106, Valid Loss: 10.7481, Valid RMSE: 40.0911, Valid MAPE: 3.0227, Valid WMAPE: 0.0617
###Update tasks appear###
Evaluate best model on test data for horizon 1, Test MAE: 9.0613, Test RMSE: 58.0814, Test MAPE: 5.8049, Test WMAPE: 0.0526
Evaluate best model on test data for horizon 2, Test MAE: 10.1328, Test RMSE: 53.5986, Test MAPE: 10.9022, Test WMAPE: 0.0588
Evaluate best model on test data for horizon 3, Test MAE: 10.2952, Test RMSE: 40.2597, Test MAPE: 14.2684, Test WMAPE: 0.0598
Evaluate best model on test data for horizon 4, Test MAE: 11.8164, Test RMSE: 49.0472, Test MAPE: 16.8410, Test WMAPE: 0.0687
Evaluate best model on test data for horizon 5, Test MAE: 13.1209, Test RMSE: 55.0320, Test MAPE: 18.8044, Test WMAPE: 0.0762
Evaluate best model on test data for horizon 6, Test MAE: 13.2455, Test RMSE: 47.4809, Test MAPE: 21.0419, Test WMAPE: 0.0770
Evaluate best model on test data for horizon 7, Test MAE: 14.0650, Test RMSE: 50.1497, Test MAPE: 21.4072, Test WMAPE: 0.0818
Evaluate best model on test data for horizon 8, Test MAE: 14.7441, Test RMSE: 52.3647, Test MAPE: 21.5016, Test WMAPE: 0.0857
Evaluate best model on test data for horizon 9, Test MAE: 14.9832, Test RMSE: 50.1632, Test MAPE: 22.0846, Test WMAPE: 0.0871
Evaluate best model on test data for horizon 10, Test MAE: 15.0951, Test RMSE: 46.9519, Test MAPE: 22.4425, Test WMAPE: 0.0878
Evaluate best model on test data for horizon 11, Test MAE: 16.2386, Test RMSE: 55.9459, Test MAPE: 22.1964, Test WMAPE: 0.0945
Evaluate best model on test data for horizon 12, Test MAE: 16.2382, Test RMSE: 54.1561, Test MAPE: 21.5592, Test WMAPE: 0.0945
On average over 12 horizons, Test MAE: 13.2530, Test RMSE: 51.1026, Test MAPE: 18.2379, Test WMAPE: 0.0770
Test low! Updating! Test Loss: 13.253018140792847, Test low! Updating! Valid Loss: 10.748113087245397, epoch:  106
Iter: 000, Train Loss: 7.1799, Train RMSE: 15.4866, Train MAPE: 1.0781, Train WMAPE: 0.0399
Iter: 050, Train Loss: 7.5705, Train RMSE: 15.6725, Train MAPE: 1.0609, Train WMAPE: 0.0415
Epoch: 107, Training Time: 15.1521 secs
Epoch: 107, Inference Time: 2.0983 secs
Epoch: 107, Train Loss: 7.0330, Train RMSE: 14.8521, Train MAPE: 1.4917, Train WMAPE: 0.0393, 
Epoch: 107, Valid Loss: 10.8736, Valid RMSE: 40.1990, Valid MAPE: 3.8645, Valid WMAPE: 0.0624
No update
Iter: 000, Train Loss: 6.8388, Train RMSE: 14.1559, Train MAPE: 1.4402, Train WMAPE: 0.0380
Iter: 050, Train Loss: 7.1031, Train RMSE: 14.2236, Train MAPE: 1.2930, Train WMAPE: 0.0390
Epoch: 108, Training Time: 14.9918 secs
Epoch: 108, Inference Time: 2.0827 secs
Epoch: 108, Train Loss: 6.9305, Train RMSE: 14.5522, Train MAPE: 1.5149, Train WMAPE: 0.0388, 
Epoch: 108, Valid Loss: 10.7361, Valid RMSE: 40.3288, Valid MAPE: 2.3894, Valid WMAPE: 0.0616
###Update tasks appear###
Evaluate best model on test data for horizon 1, Test MAE: 9.1205, Test RMSE: 58.4170, Test MAPE: 6.3252, Test WMAPE: 0.0529
Evaluate best model on test data for horizon 2, Test MAE: 10.2309, Test RMSE: 54.0325, Test MAPE: 11.5346, Test WMAPE: 0.0594
Evaluate best model on test data for horizon 3, Test MAE: 10.2983, Test RMSE: 40.7702, Test MAPE: 14.7838, Test WMAPE: 0.0598
Evaluate best model on test data for horizon 4, Test MAE: 11.9277, Test RMSE: 49.5170, Test MAPE: 17.5830, Test WMAPE: 0.0693
Evaluate best model on test data for horizon 5, Test MAE: 13.2416, Test RMSE: 55.4400, Test MAPE: 19.5965, Test WMAPE: 0.0769
Evaluate best model on test data for horizon 6, Test MAE: 13.4231, Test RMSE: 48.0560, Test MAPE: 22.0022, Test WMAPE: 0.0780
Evaluate best model on test data for horizon 7, Test MAE: 14.2403, Test RMSE: 50.6423, Test MAPE: 22.2940, Test WMAPE: 0.0828
Evaluate best model on test data for horizon 8, Test MAE: 14.9122, Test RMSE: 52.6661, Test MAPE: 22.5973, Test WMAPE: 0.0867
Evaluate best model on test data for horizon 9, Test MAE: 15.1746, Test RMSE: 50.6067, Test MAPE: 23.2021, Test WMAPE: 0.0883
Evaluate best model on test data for horizon 10, Test MAE: 15.2209, Test RMSE: 47.5095, Test MAPE: 23.5492, Test WMAPE: 0.0885
Evaluate best model on test data for horizon 11, Test MAE: 16.3666, Test RMSE: 56.4880, Test MAPE: 23.3774, Test WMAPE: 0.0952
Evaluate best model on test data for horizon 12, Test MAE: 16.3482, Test RMSE: 54.5073, Test MAPE: 22.4374, Test WMAPE: 0.0951
On average over 12 horizons, Test MAE: 13.3754, Test RMSE: 51.5544, Test MAPE: 19.1069, Test WMAPE: 0.0778
No update
Iter: 000, Train Loss: 6.8391, Train RMSE: 14.4303, Train MAPE: 0.7879, Train WMAPE: 0.0380
Iter: 050, Train Loss: 7.1236, Train RMSE: 14.3020, Train MAPE: 0.8733, Train WMAPE: 0.0391
Epoch: 109, Training Time: 15.1774 secs
Epoch: 109, Inference Time: 2.0119 secs
Epoch: 109, Train Loss: 6.9558, Train RMSE: 14.8646, Train MAPE: 1.1261, Train WMAPE: 0.0389, 
Epoch: 109, Valid Loss: 11.3243, Valid RMSE: 40.8869, Valid MAPE: 4.0732, Valid WMAPE: 0.0650
No update
Iter: 000, Train Loss: 7.4302, Train RMSE: 15.1830, Train MAPE: 1.5219, Train WMAPE: 0.0413
Iter: 050, Train Loss: 6.8749, Train RMSE: 13.9254, Train MAPE: 0.8631, Train WMAPE: 0.0377
Epoch: 110, Training Time: 15.4321 secs
Epoch: 110, Inference Time: 2.0637 secs
Epoch: 110, Train Loss: 6.8874, Train RMSE: 14.6712, Train MAPE: 1.2711, Train WMAPE: 0.0385, 
Epoch: 110, Valid Loss: 10.9254, Valid RMSE: 40.4611, Valid MAPE: 3.2057, Valid WMAPE: 0.0627
No update
Iter: 000, Train Loss: 7.4348, Train RMSE: 15.6382, Train MAPE: 1.0579, Train WMAPE: 0.0413
Iter: 050, Train Loss: 7.2898, Train RMSE: 15.0185, Train MAPE: 0.8761, Train WMAPE: 0.0400
Epoch: 111, Training Time: 15.3900 secs
Epoch: 111, Inference Time: 2.0032 secs
Epoch: 111, Train Loss: 6.8932, Train RMSE: 14.6033, Train MAPE: 1.2513, Train WMAPE: 0.0386, 
Epoch: 111, Valid Loss: 10.9523, Valid RMSE: 40.5265, Valid MAPE: 4.2753, Valid WMAPE: 0.0629
No update
Iter: 000, Train Loss: 7.0651, Train RMSE: 14.5434, Train MAPE: 1.5843, Train WMAPE: 0.0392
Iter: 050, Train Loss: 7.4587, Train RMSE: 15.3047, Train MAPE: 0.9836, Train WMAPE: 0.0409
Epoch: 112, Training Time: 15.4097 secs
Epoch: 112, Inference Time: 1.9709 secs
Epoch: 112, Train Loss: 6.8897, Train RMSE: 14.6485, Train MAPE: 1.1681, Train WMAPE: 0.0385, 
Epoch: 112, Valid Loss: 10.7391, Valid RMSE: 40.0942, Valid MAPE: 3.4279, Valid WMAPE: 0.0617
###Update tasks appear###
Evaluate best model on test data for horizon 1, Test MAE: 9.2291, Test RMSE: 58.1299, Test MAPE: 6.2132, Test WMAPE: 0.0536
Evaluate best model on test data for horizon 2, Test MAE: 10.2161, Test RMSE: 53.6167, Test MAPE: 11.2675, Test WMAPE: 0.0593
Evaluate best model on test data for horizon 3, Test MAE: 10.3045, Test RMSE: 40.3550, Test MAPE: 14.5554, Test WMAPE: 0.0598
Evaluate best model on test data for horizon 4, Test MAE: 11.7869, Test RMSE: 49.3236, Test MAPE: 17.2900, Test WMAPE: 0.0685
Evaluate best model on test data for horizon 5, Test MAE: 13.0769, Test RMSE: 55.2293, Test MAPE: 19.2328, Test WMAPE: 0.0760
Evaluate best model on test data for horizon 6, Test MAE: 13.2037, Test RMSE: 47.7147, Test MAPE: 21.4162, Test WMAPE: 0.0767
Evaluate best model on test data for horizon 7, Test MAE: 14.0415, Test RMSE: 50.1980, Test MAPE: 21.8235, Test WMAPE: 0.0816
Evaluate best model on test data for horizon 8, Test MAE: 14.7382, Test RMSE: 52.2195, Test MAPE: 22.1054, Test WMAPE: 0.0857
Evaluate best model on test data for horizon 9, Test MAE: 15.0429, Test RMSE: 50.1688, Test MAPE: 22.9176, Test WMAPE: 0.0875
Evaluate best model on test data for horizon 10, Test MAE: 15.1172, Test RMSE: 47.0082, Test MAPE: 23.0705, Test WMAPE: 0.0879
Evaluate best model on test data for horizon 11, Test MAE: 16.2425, Test RMSE: 56.0253, Test MAPE: 22.9427, Test WMAPE: 0.0945
Evaluate best model on test data for horizon 12, Test MAE: 16.2401, Test RMSE: 53.8753, Test MAPE: 22.2690, Test WMAPE: 0.0945
On average over 12 horizons, Test MAE: 13.2700, Test RMSE: 51.1554, Test MAPE: 18.7586, Test WMAPE: 0.0771
No update
Iter: 000, Train Loss: 6.8966, Train RMSE: 14.4080, Train MAPE: 1.2480, Train WMAPE: 0.0383
Iter: 050, Train Loss: 7.1814, Train RMSE: 15.0185, Train MAPE: 0.7086, Train WMAPE: 0.0394
Epoch: 113, Training Time: 15.5311 secs
Epoch: 113, Inference Time: 1.9487 secs
Epoch: 113, Train Loss: 6.8255, Train RMSE: 14.5774, Train MAPE: 1.1617, Train WMAPE: 0.0382, 
Epoch: 113, Valid Loss: 10.8698, Valid RMSE: 40.3499, Valid MAPE: 2.7430, Valid WMAPE: 0.0624
No update
Iter: 000, Train Loss: 7.1472, Train RMSE: 14.8302, Train MAPE: 0.9469, Train WMAPE: 0.0397
Iter: 050, Train Loss: 7.3549, Train RMSE: 15.8733, Train MAPE: 0.6489, Train WMAPE: 0.0403
Epoch: 114, Training Time: 15.3864 secs
Epoch: 114, Inference Time: 2.0008 secs
Epoch: 114, Train Loss: 6.8356, Train RMSE: 14.5187, Train MAPE: 1.1449, Train WMAPE: 0.0382, 
Epoch: 114, Valid Loss: 10.7763, Valid RMSE: 40.4090, Valid MAPE: 2.3342, Valid WMAPE: 0.0619
No update
Iter: 000, Train Loss: 6.6846, Train RMSE: 14.1494, Train MAPE: 0.8226, Train WMAPE: 0.0371
Iter: 050, Train Loss: 6.8064, Train RMSE: 13.8514, Train MAPE: 0.8557, Train WMAPE: 0.0373
Epoch: 115, Training Time: 15.4765 secs
Epoch: 115, Inference Time: 2.0046 secs
Epoch: 115, Train Loss: 6.7871, Train RMSE: 14.4833, Train MAPE: 1.1476, Train WMAPE: 0.0380, 
Epoch: 115, Valid Loss: 10.7940, Valid RMSE: 40.4725, Valid MAPE: 2.6777, Valid WMAPE: 0.0620
No update
Iter: 000, Train Loss: 7.0872, Train RMSE: 14.8101, Train MAPE: 0.9506, Train WMAPE: 0.0393
Iter: 050, Train Loss: 6.9155, Train RMSE: 14.0326, Train MAPE: 0.7803, Train WMAPE: 0.0379
Epoch: 116, Training Time: 15.2796 secs
Epoch: 116, Inference Time: 2.0978 secs
Epoch: 116, Train Loss: 6.8371, Train RMSE: 14.5414, Train MAPE: 1.1289, Train WMAPE: 0.0382, 
Epoch: 116, Valid Loss: 11.3540, Valid RMSE: 41.4981, Valid MAPE: 2.9167, Valid WMAPE: 0.0652
No update
Iter: 000, Train Loss: 7.3804, Train RMSE: 15.9276, Train MAPE: 1.0960, Train WMAPE: 0.0410
Iter: 050, Train Loss: 6.7940, Train RMSE: 13.8638, Train MAPE: 0.7638, Train WMAPE: 0.0373
Epoch: 117, Training Time: 15.0928 secs
Epoch: 117, Inference Time: 1.9832 secs
Epoch: 117, Train Loss: 6.7803, Train RMSE: 14.4950, Train MAPE: 1.0603, Train WMAPE: 0.0379, 
Epoch: 117, Valid Loss: 10.7863, Valid RMSE: 40.3532, Valid MAPE: 2.9715, Valid WMAPE: 0.0619
No update
Iter: 000, Train Loss: 6.9067, Train RMSE: 14.3216, Train MAPE: 0.9941, Train WMAPE: 0.0383
Iter: 050, Train Loss: 7.0015, Train RMSE: 14.6844, Train MAPE: 0.9900, Train WMAPE: 0.0384
Epoch: 118, Training Time: 15.1975 secs
Epoch: 118, Inference Time: 1.9810 secs
Epoch: 118, Train Loss: 6.7646, Train RMSE: 14.3920, Train MAPE: 1.1109, Train WMAPE: 0.0378, 
Epoch: 118, Valid Loss: 10.7231, Valid RMSE: 40.2899, Valid MAPE: 2.7616, Valid WMAPE: 0.0616
###Update tasks appear###
Evaluate best model on test data for horizon 1, Test MAE: 9.1366, Test RMSE: 58.1600, Test MAPE: 5.9078, Test WMAPE: 0.0530
Evaluate best model on test data for horizon 2, Test MAE: 10.2768, Test RMSE: 54.0330, Test MAPE: 11.0859, Test WMAPE: 0.0597
Evaluate best model on test data for horizon 3, Test MAE: 10.2817, Test RMSE: 40.6577, Test MAPE: 14.5666, Test WMAPE: 0.0597
Evaluate best model on test data for horizon 4, Test MAE: 11.7951, Test RMSE: 49.2687, Test MAPE: 17.2951, Test WMAPE: 0.0685
Evaluate best model on test data for horizon 5, Test MAE: 13.2227, Test RMSE: 55.5220, Test MAPE: 19.1626, Test WMAPE: 0.0768
Evaluate best model on test data for horizon 6, Test MAE: 13.2870, Test RMSE: 47.9441, Test MAPE: 21.2271, Test WMAPE: 0.0772
Evaluate best model on test data for horizon 7, Test MAE: 14.1504, Test RMSE: 50.8829, Test MAPE: 21.7151, Test WMAPE: 0.0823
Evaluate best model on test data for horizon 8, Test MAE: 14.7991, Test RMSE: 52.6625, Test MAPE: 22.0382, Test WMAPE: 0.0861
Evaluate best model on test data for horizon 9, Test MAE: 15.0951, Test RMSE: 50.5320, Test MAPE: 22.8057, Test WMAPE: 0.0878
Evaluate best model on test data for horizon 10, Test MAE: 15.1094, Test RMSE: 47.2742, Test MAPE: 22.9838, Test WMAPE: 0.0879
Evaluate best model on test data for horizon 11, Test MAE: 16.2678, Test RMSE: 56.5387, Test MAPE: 23.1210, Test WMAPE: 0.0946
Evaluate best model on test data for horizon 12, Test MAE: 16.1406, Test RMSE: 53.7544, Test MAPE: 22.3296, Test WMAPE: 0.0939
On average over 12 horizons, Test MAE: 13.2969, Test RMSE: 51.4358, Test MAPE: 18.6865, Test WMAPE: 0.0773
No update
Iter: 000, Train Loss: 6.8256, Train RMSE: 14.2541, Train MAPE: 0.9288, Train WMAPE: 0.0379
Iter: 050, Train Loss: 6.9637, Train RMSE: 14.7893, Train MAPE: 0.9384, Train WMAPE: 0.0382
Epoch: 119, Training Time: 15.1734 secs
Epoch: 119, Inference Time: 2.0100 secs
Epoch: 119, Train Loss: 6.7559, Train RMSE: 14.3832, Train MAPE: 1.1456, Train WMAPE: 0.0378, 
Epoch: 119, Valid Loss: 10.8002, Valid RMSE: 40.5223, Valid MAPE: 2.8122, Valid WMAPE: 0.0620
No update
Iter: 000, Train Loss: 6.9861, Train RMSE: 14.4686, Train MAPE: 1.1171, Train WMAPE: 0.0388
Iter: 050, Train Loss: 6.7492, Train RMSE: 13.9140, Train MAPE: 0.7468, Train WMAPE: 0.0370
Epoch: 120, Training Time: 15.6649 secs
Epoch: 120, Inference Time: 2.0020 secs
Epoch: 120, Train Loss: 6.6654, Train RMSE: 14.2253, Train MAPE: 1.1656, Train WMAPE: 0.0373, 
Epoch: 120, Valid Loss: 10.6664, Valid RMSE: 40.1076, Valid MAPE: 2.6173, Valid WMAPE: 0.0612
###Update tasks appear###
Evaluate best model on test data for horizon 1, Test MAE: 9.0808, Test RMSE: 58.0810, Test MAPE: 5.8424, Test WMAPE: 0.0527
Evaluate best model on test data for horizon 2, Test MAE: 10.0789, Test RMSE: 53.8848, Test MAPE: 11.0271, Test WMAPE: 0.0585
Evaluate best model on test data for horizon 3, Test MAE: 10.2307, Test RMSE: 40.2211, Test MAPE: 14.5784, Test WMAPE: 0.0594
Evaluate best model on test data for horizon 4, Test MAE: 11.7684, Test RMSE: 48.9272, Test MAPE: 17.3006, Test WMAPE: 0.0684
Evaluate best model on test data for horizon 5, Test MAE: 13.1029, Test RMSE: 55.2811, Test MAPE: 19.3446, Test WMAPE: 0.0761
Evaluate best model on test data for horizon 6, Test MAE: 13.2266, Test RMSE: 47.6275, Test MAPE: 21.3877, Test WMAPE: 0.0769
Evaluate best model on test data for horizon 7, Test MAE: 14.0501, Test RMSE: 50.3801, Test MAPE: 21.6142, Test WMAPE: 0.0817
Evaluate best model on test data for horizon 8, Test MAE: 14.6918, Test RMSE: 52.1702, Test MAPE: 22.0228, Test WMAPE: 0.0854
Evaluate best model on test data for horizon 9, Test MAE: 14.9121, Test RMSE: 50.3396, Test MAPE: 22.5111, Test WMAPE: 0.0867
Evaluate best model on test data for horizon 10, Test MAE: 14.9322, Test RMSE: 47.0285, Test MAPE: 22.9436, Test WMAPE: 0.0869
Evaluate best model on test data for horizon 11, Test MAE: 16.1085, Test RMSE: 56.3506, Test MAPE: 22.9722, Test WMAPE: 0.0937
Evaluate best model on test data for horizon 12, Test MAE: 16.0333, Test RMSE: 53.8554, Test MAPE: 22.1545, Test WMAPE: 0.0933
On average over 12 horizons, Test MAE: 13.1847, Test RMSE: 51.1789, Test MAPE: 18.6416, Test WMAPE: 0.0766
Test low! Updating! Test Loss: 13.184687376022339, Test low! Updating! Valid Loss: 10.666389363152641, epoch:  120
Iter: 000, Train Loss: 6.6746, Train RMSE: 14.1755, Train MAPE: 0.9370, Train WMAPE: 0.0371
Iter: 050, Train Loss: 7.2244, Train RMSE: 14.7915, Train MAPE: 1.1963, Train WMAPE: 0.0396
Epoch: 121, Training Time: 15.3846 secs
Epoch: 121, Inference Time: 2.0882 secs
Epoch: 121, Train Loss: 6.7195, Train RMSE: 14.3862, Train MAPE: 1.0612, Train WMAPE: 0.0376, 
Epoch: 121, Valid Loss: 10.7987, Valid RMSE: 40.3538, Valid MAPE: 2.9172, Valid WMAPE: 0.0620
No update
Iter: 000, Train Loss: 7.0985, Train RMSE: 15.2400, Train MAPE: 0.9196, Train WMAPE: 0.0394
Iter: 050, Train Loss: 6.7795, Train RMSE: 13.9499, Train MAPE: 0.8664, Train WMAPE: 0.0372
Epoch: 122, Training Time: 14.7610 secs
Epoch: 122, Inference Time: 1.8921 secs
Epoch: 122, Train Loss: 6.7152, Train RMSE: 14.2396, Train MAPE: 1.3203, Train WMAPE: 0.0376, 
Epoch: 122, Valid Loss: 10.6708, Valid RMSE: 40.0809, Valid MAPE: 3.1684, Valid WMAPE: 0.0613
No update
Iter: 000, Train Loss: 6.7090, Train RMSE: 13.9489, Train MAPE: 1.1225, Train WMAPE: 0.0372
Iter: 050, Train Loss: 6.6854, Train RMSE: 13.5547, Train MAPE: 0.8686, Train WMAPE: 0.0367
Epoch: 123, Training Time: 14.7234 secs
Epoch: 123, Inference Time: 1.7843 secs
Epoch: 123, Train Loss: 6.6614, Train RMSE: 14.0037, Train MAPE: 1.5241, Train WMAPE: 0.0373, 
Epoch: 123, Valid Loss: 10.7995, Valid RMSE: 40.5046, Valid MAPE: 3.2701, Valid WMAPE: 0.0620
No update
Iter: 000, Train Loss: 6.7339, Train RMSE: 14.1222, Train MAPE: 1.1645, Train WMAPE: 0.0374
Iter: 050, Train Loss: 6.8123, Train RMSE: 13.8103, Train MAPE: 1.0856, Train WMAPE: 0.0374
Epoch: 124, Training Time: 14.2697 secs
Epoch: 124, Inference Time: 1.9056 secs
Epoch: 124, Train Loss: 6.6724, Train RMSE: 14.0628, Train MAPE: 1.4204, Train WMAPE: 0.0373, 
Epoch: 124, Valid Loss: 10.7587, Valid RMSE: 40.3137, Valid MAPE: 4.0718, Valid WMAPE: 0.0618
No update
Iter: 000, Train Loss: 6.6902, Train RMSE: 14.0564, Train MAPE: 1.5127, Train WMAPE: 0.0371
Iter: 050, Train Loss: 6.5853, Train RMSE: 13.6574, Train MAPE: 0.8199, Train WMAPE: 0.0361
Epoch: 125, Training Time: 14.8772 secs
Epoch: 125, Inference Time: 2.0141 secs
Epoch: 125, Train Loss: 6.6656, Train RMSE: 14.0522, Train MAPE: 1.4837, Train WMAPE: 0.0373, 
Epoch: 125, Valid Loss: 10.6100, Valid RMSE: 40.3904, Valid MAPE: 3.0607, Valid WMAPE: 0.0609
###Update tasks appear###
Evaluate best model on test data for horizon 1, Test MAE: 8.9397, Test RMSE: 58.0318, Test MAPE: 5.8009, Test WMAPE: 0.0519
Evaluate best model on test data for horizon 2, Test MAE: 10.0702, Test RMSE: 54.3686, Test MAPE: 10.9819, Test WMAPE: 0.0585
Evaluate best model on test data for horizon 3, Test MAE: 10.1206, Test RMSE: 40.7668, Test MAPE: 14.3761, Test WMAPE: 0.0588
Evaluate best model on test data for horizon 4, Test MAE: 11.7126, Test RMSE: 49.2844, Test MAPE: 17.0780, Test WMAPE: 0.0680
Evaluate best model on test data for horizon 5, Test MAE: 13.0880, Test RMSE: 55.6340, Test MAPE: 18.9780, Test WMAPE: 0.0761
Evaluate best model on test data for horizon 6, Test MAE: 13.1618, Test RMSE: 47.9752, Test MAPE: 20.8840, Test WMAPE: 0.0765
Evaluate best model on test data for horizon 7, Test MAE: 14.0007, Test RMSE: 50.8077, Test MAPE: 21.2437, Test WMAPE: 0.0814
Evaluate best model on test data for horizon 8, Test MAE: 14.6397, Test RMSE: 52.5049, Test MAPE: 21.6350, Test WMAPE: 0.0851
Evaluate best model on test data for horizon 9, Test MAE: 14.8394, Test RMSE: 50.8096, Test MAPE: 22.0814, Test WMAPE: 0.0863
Evaluate best model on test data for horizon 10, Test MAE: 14.8507, Test RMSE: 47.2106, Test MAPE: 22.7083, Test WMAPE: 0.0864
Evaluate best model on test data for horizon 11, Test MAE: 15.9748, Test RMSE: 56.5748, Test MAPE: 22.6599, Test WMAPE: 0.0929
Evaluate best model on test data for horizon 12, Test MAE: 15.8871, Test RMSE: 53.7633, Test MAPE: 21.9041, Test WMAPE: 0.0924
On average over 12 horizons, Test MAE: 13.1071, Test RMSE: 51.4777, Test MAPE: 18.3609, Test WMAPE: 0.0762
Test low! Updating! Test Loss: 13.107119162877401, Test low! Updating! Valid Loss: 10.610007456370763, epoch:  125
Iter: 000, Train Loss: 6.7287, Train RMSE: 14.2834, Train MAPE: 1.0606, Train WMAPE: 0.0374
Iter: 050, Train Loss: 6.9161, Train RMSE: 14.1696, Train MAPE: 1.3887, Train WMAPE: 0.0379
Epoch: 126, Training Time: 15.3426 secs
Epoch: 126, Inference Time: 2.0978 secs
Epoch: 126, Train Loss: 6.6337, Train RMSE: 13.9833, Train MAPE: 1.4435, Train WMAPE: 0.0371, 
Epoch: 126, Valid Loss: 10.7998, Valid RMSE: 40.2991, Valid MAPE: 4.1757, Valid WMAPE: 0.0620
No update
Iter: 000, Train Loss: 6.8897, Train RMSE: 14.1072, Train MAPE: 1.4366, Train WMAPE: 0.0382
Iter: 050, Train Loss: 6.5958, Train RMSE: 13.2848, Train MAPE: 1.1777, Train WMAPE: 0.0362
Epoch: 127, Training Time: 15.4314 secs
Epoch: 127, Inference Time: 2.0547 secs
Epoch: 127, Train Loss: 6.6200, Train RMSE: 13.9273, Train MAPE: 1.4112, Train WMAPE: 0.0370, 
Epoch: 127, Valid Loss: 10.8885, Valid RMSE: 40.2334, Valid MAPE: 5.1839, Valid WMAPE: 0.0625
No update
Iter: 000, Train Loss: 6.9764, Train RMSE: 14.1914, Train MAPE: 1.7767, Train WMAPE: 0.0387
Iter: 050, Train Loss: 6.6574, Train RMSE: 13.3299, Train MAPE: 1.3253, Train WMAPE: 0.0365
Epoch: 128, Training Time: 15.4077 secs
Epoch: 128, Inference Time: 1.8921 secs
Epoch: 128, Train Loss: 6.5888, Train RMSE: 13.8767, Train MAPE: 1.4371, Train WMAPE: 0.0368, 
Epoch: 128, Valid Loss: 10.6016, Valid RMSE: 40.3628, Valid MAPE: 2.4563, Valid WMAPE: 0.0609
###Update tasks appear###
Evaluate best model on test data for horizon 1, Test MAE: 8.9028, Test RMSE: 57.9732, Test MAPE: 6.0292, Test WMAPE: 0.0517
Evaluate best model on test data for horizon 2, Test MAE: 10.0499, Test RMSE: 54.2110, Test MAPE: 11.1997, Test WMAPE: 0.0584
Evaluate best model on test data for horizon 3, Test MAE: 10.0724, Test RMSE: 40.4678, Test MAPE: 14.6127, Test WMAPE: 0.0585
Evaluate best model on test data for horizon 4, Test MAE: 11.6825, Test RMSE: 48.9215, Test MAPE: 17.4550, Test WMAPE: 0.0679
Evaluate best model on test data for horizon 5, Test MAE: 13.0382, Test RMSE: 55.5775, Test MAPE: 19.0813, Test WMAPE: 0.0758
Evaluate best model on test data for horizon 6, Test MAE: 13.1270, Test RMSE: 47.8336, Test MAPE: 20.9442, Test WMAPE: 0.0763
Evaluate best model on test data for horizon 7, Test MAE: 13.9572, Test RMSE: 50.6604, Test MAPE: 21.1534, Test WMAPE: 0.0811
Evaluate best model on test data for horizon 8, Test MAE: 14.6274, Test RMSE: 52.3540, Test MAPE: 21.4689, Test WMAPE: 0.0851
Evaluate best model on test data for horizon 9, Test MAE: 14.8862, Test RMSE: 50.7575, Test MAPE: 21.9166, Test WMAPE: 0.0866
Evaluate best model on test data for horizon 10, Test MAE: 14.9120, Test RMSE: 47.2356, Test MAPE: 22.4861, Test WMAPE: 0.0867
Evaluate best model on test data for horizon 11, Test MAE: 16.0849, Test RMSE: 56.7903, Test MAPE: 22.3469, Test WMAPE: 0.0936
Evaluate best model on test data for horizon 12, Test MAE: 16.0195, Test RMSE: 53.9376, Test MAPE: 21.6985, Test WMAPE: 0.0932
On average over 12 horizons, Test MAE: 13.1133, Test RMSE: 51.3933, Test MAPE: 18.3660, Test WMAPE: 0.0762
No update
Iter: 000, Train Loss: 6.5718, Train RMSE: 13.8319, Train MAPE: 0.8547, Train WMAPE: 0.0365
Iter: 050, Train Loss: 6.9896, Train RMSE: 14.6046, Train MAPE: 0.6227, Train WMAPE: 0.0383
Epoch: 129, Training Time: 15.5739 secs
Epoch: 129, Inference Time: 2.1931 secs
Epoch: 129, Train Loss: 6.6517, Train RMSE: 14.0831, Train MAPE: 1.2306, Train WMAPE: 0.0372, 
Epoch: 129, Valid Loss: 10.7241, Valid RMSE: 40.2279, Valid MAPE: 2.8301, Valid WMAPE: 0.0616
No update
Iter: 000, Train Loss: 6.8091, Train RMSE: 14.1317, Train MAPE: 1.0290, Train WMAPE: 0.0378
Iter: 050, Train Loss: 7.0610, Train RMSE: 14.7734, Train MAPE: 0.7924, Train WMAPE: 0.0387
Epoch: 130, Training Time: 15.4884 secs
Epoch: 130, Inference Time: 1.9975 secs
Epoch: 130, Train Loss: 6.6609, Train RMSE: 14.2066, Train MAPE: 1.0865, Train WMAPE: 0.0373, 
Epoch: 130, Valid Loss: 10.8345, Valid RMSE: 40.1421, Valid MAPE: 4.4758, Valid WMAPE: 0.0622
No update
Iter: 000, Train Loss: 6.8848, Train RMSE: 14.2160, Train MAPE: 1.6464, Train WMAPE: 0.0382
Iter: 050, Train Loss: 7.0592, Train RMSE: 15.2123, Train MAPE: 0.8423, Train WMAPE: 0.0387
Epoch: 131, Training Time: 15.4904 secs
Epoch: 131, Inference Time: 2.0778 secs
Epoch: 131, Train Loss: 6.5919, Train RMSE: 14.0395, Train MAPE: 1.1481, Train WMAPE: 0.0369, 
Epoch: 131, Valid Loss: 10.7766, Valid RMSE: 40.3052, Valid MAPE: 2.4791, Valid WMAPE: 0.0619
No update
Iter: 000, Train Loss: 6.9707, Train RMSE: 14.7959, Train MAPE: 0.7630, Train WMAPE: 0.0387
Iter: 050, Train Loss: 6.7676, Train RMSE: 14.3011, Train MAPE: 0.8738, Train WMAPE: 0.0371
Epoch: 132, Training Time: 15.4026 secs
Epoch: 132, Inference Time: 1.8928 secs
Epoch: 132, Train Loss: 6.6135, Train RMSE: 14.0845, Train MAPE: 1.1148, Train WMAPE: 0.0370, 
Epoch: 132, Valid Loss: 10.7169, Valid RMSE: 40.1441, Valid MAPE: 2.4194, Valid WMAPE: 0.0615
No update
Iter: 000, Train Loss: 6.5277, Train RMSE: 13.7132, Train MAPE: 0.7655, Train WMAPE: 0.0362
Iter: 050, Train Loss: 6.6138, Train RMSE: 13.7193, Train MAPE: 0.6428, Train WMAPE: 0.0363
Epoch: 133, Training Time: 15.0874 secs
Epoch: 133, Inference Time: 1.9090 secs
Epoch: 133, Train Loss: 6.5331, Train RMSE: 13.9212, Train MAPE: 1.0570, Train WMAPE: 0.0365, 
Epoch: 133, Valid Loss: 10.9320, Valid RMSE: 40.4152, Valid MAPE: 3.9511, Valid WMAPE: 0.0628
No update
Iter: 000, Train Loss: 7.2627, Train RMSE: 15.4076, Train MAPE: 1.4422, Train WMAPE: 0.0403
Iter: 050, Train Loss: 6.4931, Train RMSE: 13.3939, Train MAPE: 0.8392, Train WMAPE: 0.0356
Epoch: 134, Training Time: 15.1763 secs
Epoch: 134, Inference Time: 2.0950 secs
Epoch: 134, Train Loss: 6.5176, Train RMSE: 13.8897, Train MAPE: 1.1921, Train WMAPE: 0.0364, 
Epoch: 134, Valid Loss: 10.7782, Valid RMSE: 39.8373, Valid MAPE: 2.5493, Valid WMAPE: 0.0619
No update
Iter: 000, Train Loss: 7.0545, Train RMSE: 14.7071, Train MAPE: 0.8514, Train WMAPE: 0.0392
Iter: 050, Train Loss: 6.4070, Train RMSE: 13.2637, Train MAPE: 0.6802, Train WMAPE: 0.0351
Epoch: 135, Training Time: 15.4928 secs
Epoch: 135, Inference Time: 1.9053 secs
Epoch: 135, Train Loss: 6.5287, Train RMSE: 13.9451, Train MAPE: 1.0956, Train WMAPE: 0.0365, 
Epoch: 135, Valid Loss: 10.7466, Valid RMSE: 39.8589, Valid MAPE: 3.3952, Valid WMAPE: 0.0617
No update
Iter: 000, Train Loss: 6.8475, Train RMSE: 14.3266, Train MAPE: 1.1224, Train WMAPE: 0.0380
Iter: 050, Train Loss: 6.6424, Train RMSE: 13.2971, Train MAPE: 0.7868, Train WMAPE: 0.0364
Epoch: 136, Training Time: 15.5712 secs
Epoch: 136, Inference Time: 2.0945 secs
Epoch: 136, Train Loss: 6.5064, Train RMSE: 13.7921, Train MAPE: 1.2305, Train WMAPE: 0.0364, 
Epoch: 136, Valid Loss: 10.7898, Valid RMSE: 39.9349, Valid MAPE: 4.2287, Valid WMAPE: 0.0620
No update
Iter: 000, Train Loss: 6.7791, Train RMSE: 13.8194, Train MAPE: 1.5358, Train WMAPE: 0.0376
Iter: 050, Train Loss: 6.7574, Train RMSE: 13.8191, Train MAPE: 1.0871, Train WMAPE: 0.0371
Epoch: 137, Training Time: 15.4232 secs
Epoch: 137, Inference Time: 1.9634 secs
Epoch: 137, Train Loss: 6.5636, Train RMSE: 13.8243, Train MAPE: 1.3114, Train WMAPE: 0.0367, 
Epoch: 137, Valid Loss: 10.7111, Valid RMSE: 40.0473, Valid MAPE: 2.7576, Valid WMAPE: 0.0615
No update
Iter: 000, Train Loss: 6.7566, Train RMSE: 14.3216, Train MAPE: 0.9905, Train WMAPE: 0.0375
Iter: 050, Train Loss: 6.5913, Train RMSE: 13.4107, Train MAPE: 1.0166, Train WMAPE: 0.0361
Epoch: 138, Training Time: 15.1969 secs
Epoch: 138, Inference Time: 1.8938 secs
Epoch: 138, Train Loss: 6.4720, Train RMSE: 13.8078, Train MAPE: 1.0561, Train WMAPE: 0.0362, 
Epoch: 138, Valid Loss: 10.5212, Valid RMSE: 39.7466, Valid MAPE: 2.6410, Valid WMAPE: 0.0604
###Update tasks appear###
Evaluate best model on test data for horizon 1, Test MAE: 8.9147, Test RMSE: 57.4009, Test MAPE: 6.3851, Test WMAPE: 0.0518
Evaluate best model on test data for horizon 2, Test MAE: 10.0955, Test RMSE: 53.9949, Test MAPE: 11.5864, Test WMAPE: 0.0586
Evaluate best model on test data for horizon 3, Test MAE: 10.0816, Test RMSE: 39.7003, Test MAPE: 15.0191, Test WMAPE: 0.0586
Evaluate best model on test data for horizon 4, Test MAE: 11.7150, Test RMSE: 47.7188, Test MAPE: 17.9021, Test WMAPE: 0.0681
Evaluate best model on test data for horizon 5, Test MAE: 13.1544, Test RMSE: 54.9755, Test MAPE: 19.7572, Test WMAPE: 0.0764
Evaluate best model on test data for horizon 6, Test MAE: 13.2245, Test RMSE: 47.2385, Test MAPE: 21.4517, Test WMAPE: 0.0769
Evaluate best model on test data for horizon 7, Test MAE: 14.0708, Test RMSE: 50.0288, Test MAPE: 21.7564, Test WMAPE: 0.0818
Evaluate best model on test data for horizon 8, Test MAE: 14.7000, Test RMSE: 51.3114, Test MAPE: 22.2839, Test WMAPE: 0.0855
Evaluate best model on test data for horizon 9, Test MAE: 14.8872, Test RMSE: 50.1387, Test MAPE: 22.3740, Test WMAPE: 0.0866
Evaluate best model on test data for horizon 10, Test MAE: 14.9860, Test RMSE: 47.0205, Test MAPE: 23.3396, Test WMAPE: 0.0872
Evaluate best model on test data for horizon 11, Test MAE: 16.2495, Test RMSE: 56.6034, Test MAPE: 23.6169, Test WMAPE: 0.0945
Evaluate best model on test data for horizon 12, Test MAE: 16.1151, Test RMSE: 53.5844, Test MAPE: 22.9584, Test WMAPE: 0.0938
On average over 12 horizons, Test MAE: 13.1829, Test RMSE: 50.8097, Test MAPE: 19.0359, Test WMAPE: 0.0766
No update
Iter: 000, Train Loss: 6.4497, Train RMSE: 13.5570, Train MAPE: 0.9160, Train WMAPE: 0.0358
Iter: 050, Train Loss: 6.6706, Train RMSE: 13.3430, Train MAPE: 0.7743, Train WMAPE: 0.0366
Epoch: 139, Training Time: 14.6873 secs
Epoch: 139, Inference Time: 1.9910 secs
Epoch: 139, Train Loss: 6.4453, Train RMSE: 13.7172, Train MAPE: 1.0865, Train WMAPE: 0.0360, 
Epoch: 139, Valid Loss: 10.6012, Valid RMSE: 39.7588, Valid MAPE: 3.4411, Valid WMAPE: 0.0609
###Update tasks appear###
Evaluate best model on test data for horizon 1, Test MAE: 9.1103, Test RMSE: 57.7152, Test MAPE: 6.2260, Test WMAPE: 0.0529
Evaluate best model on test data for horizon 2, Test MAE: 10.1660, Test RMSE: 54.2765, Test MAPE: 11.3170, Test WMAPE: 0.0590
Evaluate best model on test data for horizon 3, Test MAE: 10.1486, Test RMSE: 39.9043, Test MAPE: 14.7955, Test WMAPE: 0.0589
Evaluate best model on test data for horizon 4, Test MAE: 11.7762, Test RMSE: 47.9748, Test MAPE: 17.4056, Test WMAPE: 0.0684
Evaluate best model on test data for horizon 5, Test MAE: 13.2715, Test RMSE: 55.1692, Test MAPE: 19.2615, Test WMAPE: 0.0771
Evaluate best model on test data for horizon 6, Test MAE: 13.3279, Test RMSE: 47.4821, Test MAPE: 21.1272, Test WMAPE: 0.0775
Evaluate best model on test data for horizon 7, Test MAE: 14.1514, Test RMSE: 50.3883, Test MAPE: 21.4632, Test WMAPE: 0.0823
Evaluate best model on test data for horizon 8, Test MAE: 14.7185, Test RMSE: 51.5087, Test MAPE: 21.7989, Test WMAPE: 0.0856
Evaluate best model on test data for horizon 9, Test MAE: 15.0402, Test RMSE: 50.3437, Test MAPE: 22.2755, Test WMAPE: 0.0875
Evaluate best model on test data for horizon 10, Test MAE: 15.0495, Test RMSE: 47.0634, Test MAPE: 22.9557, Test WMAPE: 0.0875
Evaluate best model on test data for horizon 11, Test MAE: 16.1803, Test RMSE: 56.5774, Test MAPE: 22.9477, Test WMAPE: 0.0941
Evaluate best model on test data for horizon 12, Test MAE: 16.0464, Test RMSE: 53.3937, Test MAPE: 22.3986, Test WMAPE: 0.0934
On average over 12 horizons, Test MAE: 13.2489, Test RMSE: 50.9831, Test MAPE: 18.6644, Test WMAPE: 0.0770
No update
Iter: 000, Train Loss: 6.5666, Train RMSE: 13.6355, Train MAPE: 1.1819, Train WMAPE: 0.0365
Iter: 050, Train Loss: 6.6301, Train RMSE: 13.7123, Train MAPE: 1.0900, Train WMAPE: 0.0364
Epoch: 140, Training Time: 14.3860 secs
Epoch: 140, Inference Time: 1.9054 secs
Epoch: 140, Train Loss: 6.4513, Train RMSE: 13.6190, Train MAPE: 1.3469, Train WMAPE: 0.0361, 
Epoch: 140, Valid Loss: 10.5309, Valid RMSE: 39.6423, Valid MAPE: 3.0300, Valid WMAPE: 0.0605
###Update tasks appear###
Evaluate best model on test data for horizon 1, Test MAE: 9.0215, Test RMSE: 57.6441, Test MAPE: 6.7841, Test WMAPE: 0.0524
Evaluate best model on test data for horizon 2, Test MAE: 10.2051, Test RMSE: 54.0890, Test MAPE: 12.0873, Test WMAPE: 0.0593
Evaluate best model on test data for horizon 3, Test MAE: 10.1685, Test RMSE: 39.9057, Test MAPE: 15.3374, Test WMAPE: 0.0591
Evaluate best model on test data for horizon 4, Test MAE: 11.6707, Test RMSE: 47.7211, Test MAPE: 17.9762, Test WMAPE: 0.0678
Evaluate best model on test data for horizon 5, Test MAE: 13.0531, Test RMSE: 54.9383, Test MAPE: 19.4316, Test WMAPE: 0.0759
Evaluate best model on test data for horizon 6, Test MAE: 13.2027, Test RMSE: 47.2374, Test MAPE: 21.5392, Test WMAPE: 0.0767
Evaluate best model on test data for horizon 7, Test MAE: 14.0075, Test RMSE: 50.3285, Test MAPE: 21.7571, Test WMAPE: 0.0814
Evaluate best model on test data for horizon 8, Test MAE: 14.5803, Test RMSE: 51.1256, Test MAPE: 22.1564, Test WMAPE: 0.0848
Evaluate best model on test data for horizon 9, Test MAE: 14.8333, Test RMSE: 49.7333, Test MAPE: 22.6042, Test WMAPE: 0.0863
Evaluate best model on test data for horizon 10, Test MAE: 14.8332, Test RMSE: 46.6536, Test MAPE: 23.1564, Test WMAPE: 0.0863
Evaluate best model on test data for horizon 11, Test MAE: 16.0133, Test RMSE: 56.1186, Test MAPE: 23.2395, Test WMAPE: 0.0932
Evaluate best model on test data for horizon 12, Test MAE: 15.8809, Test RMSE: 52.8044, Test MAPE: 22.5329, Test WMAPE: 0.0924
On average over 12 horizons, Test MAE: 13.1225, Test RMSE: 50.6916, Test MAPE: 19.0502, Test WMAPE: 0.0763
No update
Iter: 000, Train Loss: 6.5434, Train RMSE: 13.6280, Train MAPE: 1.0514, Train WMAPE: 0.0363
Iter: 050, Train Loss: 6.3303, Train RMSE: 12.9254, Train MAPE: 0.7838, Train WMAPE: 0.0347
Epoch: 141, Training Time: 15.2678 secs
Epoch: 141, Inference Time: 1.9823 secs
Epoch: 141, Train Loss: 6.4104, Train RMSE: 13.5320, Train MAPE: 1.3763, Train WMAPE: 0.0358, 
Epoch: 141, Valid Loss: 10.8012, Valid RMSE: 40.1696, Valid MAPE: 3.1371, Valid WMAPE: 0.0620
No update
Iter: 000, Train Loss: 6.7329, Train RMSE: 13.7826, Train MAPE: 0.9976, Train WMAPE: 0.0374
Iter: 050, Train Loss: 6.5295, Train RMSE: 13.0959, Train MAPE: 1.1885, Train WMAPE: 0.0358
Epoch: 142, Training Time: 15.3537 secs
Epoch: 142, Inference Time: 1.9488 secs
Epoch: 142, Train Loss: 6.4652, Train RMSE: 13.5781, Train MAPE: 1.4443, Train WMAPE: 0.0362, 
Epoch: 142, Valid Loss: 10.5800, Valid RMSE: 40.0342, Valid MAPE: 2.2641, Valid WMAPE: 0.0607
###Update tasks appear###
Evaluate best model on test data for horizon 1, Test MAE: 8.8695, Test RMSE: 58.0424, Test MAPE: 6.0083, Test WMAPE: 0.0515
Evaluate best model on test data for horizon 2, Test MAE: 10.0302, Test RMSE: 54.2799, Test MAPE: 11.1145, Test WMAPE: 0.0582
Evaluate best model on test data for horizon 3, Test MAE: 10.0224, Test RMSE: 40.1669, Test MAPE: 14.4991, Test WMAPE: 0.0582
Evaluate best model on test data for horizon 4, Test MAE: 11.6247, Test RMSE: 48.2605, Test MAPE: 17.1102, Test WMAPE: 0.0675
Evaluate best model on test data for horizon 5, Test MAE: 13.0136, Test RMSE: 55.3230, Test MAPE: 18.9553, Test WMAPE: 0.0756
Evaluate best model on test data for horizon 6, Test MAE: 13.1157, Test RMSE: 47.5381, Test MAPE: 20.6050, Test WMAPE: 0.0762
Evaluate best model on test data for horizon 7, Test MAE: 13.9673, Test RMSE: 50.3992, Test MAPE: 20.8729, Test WMAPE: 0.0812
Evaluate best model on test data for horizon 8, Test MAE: 14.5818, Test RMSE: 51.3826, Test MAPE: 21.1825, Test WMAPE: 0.0848
Evaluate best model on test data for horizon 9, Test MAE: 14.8329, Test RMSE: 50.0385, Test MAPE: 21.5682, Test WMAPE: 0.0863
Evaluate best model on test data for horizon 10, Test MAE: 14.8621, Test RMSE: 46.8494, Test MAPE: 22.2091, Test WMAPE: 0.0864
Evaluate best model on test data for horizon 11, Test MAE: 15.9550, Test RMSE: 56.2236, Test MAPE: 22.1997, Test WMAPE: 0.0928
Evaluate best model on test data for horizon 12, Test MAE: 15.8245, Test RMSE: 53.1109, Test MAPE: 21.5582, Test WMAPE: 0.0921
On average over 12 horizons, Test MAE: 13.0583, Test RMSE: 50.9679, Test MAPE: 18.1569, Test WMAPE: 0.0759
Test low! Updating! Test Loss: 13.058310747146606, Test low! Updating! Valid Loss: 10.580024344580513, epoch:  142
Iter: 000, Train Loss: 6.5546, Train RMSE: 13.7366, Train MAPE: 0.8533, Train WMAPE: 0.0364
Iter: 050, Train Loss: 6.4730, Train RMSE: 13.3509, Train MAPE: 0.7715, Train WMAPE: 0.0355
Epoch: 143, Training Time: 15.4750 secs
Epoch: 143, Inference Time: 2.0769 secs
Epoch: 143, Train Loss: 6.4078, Train RMSE: 13.6526, Train MAPE: 1.0797, Train WMAPE: 0.0358, 
Epoch: 143, Valid Loss: 10.6332, Valid RMSE: 39.7245, Valid MAPE: 2.2208, Valid WMAPE: 0.0611
No update
Iter: 000, Train Loss: 6.8609, Train RMSE: 14.1674, Train MAPE: 0.7221, Train WMAPE: 0.0381
Iter: 050, Train Loss: 6.4384, Train RMSE: 13.0763, Train MAPE: 0.6807, Train WMAPE: 0.0353
Epoch: 144, Training Time: 15.0748 secs
Epoch: 144, Inference Time: 1.9828 secs
Epoch: 144, Train Loss: 6.4286, Train RMSE: 13.6878, Train MAPE: 1.0430, Train WMAPE: 0.0359, 
Epoch: 144, Valid Loss: 10.4833, Valid RMSE: 39.6524, Valid MAPE: 2.0679, Valid WMAPE: 0.0602
###Update tasks appear###
Evaluate best model on test data for horizon 1, Test MAE: 8.8505, Test RMSE: 57.5249, Test MAPE: 5.9214, Test WMAPE: 0.0514
Evaluate best model on test data for horizon 2, Test MAE: 10.0959, Test RMSE: 54.1878, Test MAPE: 11.5648, Test WMAPE: 0.0586
Evaluate best model on test data for horizon 3, Test MAE: 10.0600, Test RMSE: 39.7176, Test MAPE: 14.5123, Test WMAPE: 0.0584
Evaluate best model on test data for horizon 4, Test MAE: 11.6479, Test RMSE: 47.5971, Test MAPE: 17.2823, Test WMAPE: 0.0677
Evaluate best model on test data for horizon 5, Test MAE: 13.1376, Test RMSE: 55.0522, Test MAPE: 19.2575, Test WMAPE: 0.0763
Evaluate best model on test data for horizon 6, Test MAE: 13.2461, Test RMSE: 47.4756, Test MAPE: 20.7590, Test WMAPE: 0.0770
Evaluate best model on test data for horizon 7, Test MAE: 14.0834, Test RMSE: 50.2532, Test MAPE: 21.0877, Test WMAPE: 0.0819
Evaluate best model on test data for horizon 8, Test MAE: 14.7051, Test RMSE: 51.1858, Test MAPE: 21.5695, Test WMAPE: 0.0855
Evaluate best model on test data for horizon 9, Test MAE: 15.0021, Test RMSE: 50.3215, Test MAPE: 22.0742, Test WMAPE: 0.0873
Evaluate best model on test data for horizon 10, Test MAE: 15.0589, Test RMSE: 47.2219, Test MAPE: 22.9391, Test WMAPE: 0.0876
Evaluate best model on test data for horizon 11, Test MAE: 16.1854, Test RMSE: 56.4690, Test MAPE: 23.0083, Test WMAPE: 0.0942
Evaluate best model on test data for horizon 12, Test MAE: 16.0406, Test RMSE: 53.3457, Test MAPE: 22.3400, Test WMAPE: 0.0933
On average over 12 horizons, Test MAE: 13.1761, Test RMSE: 50.8627, Test MAPE: 18.5263, Test WMAPE: 0.0766
No update
Iter: 000, Train Loss: 6.3539, Train RMSE: 13.5199, Train MAPE: 0.6599, Train WMAPE: 0.0353
Iter: 050, Train Loss: 6.9062, Train RMSE: 14.9203, Train MAPE: 0.8135, Train WMAPE: 0.0379
Epoch: 145, Training Time: 15.1817 secs
Epoch: 145, Inference Time: 2.1149 secs
Epoch: 145, Train Loss: 6.4820, Train RMSE: 13.8808, Train MAPE: 1.0794, Train WMAPE: 0.0362, 
Epoch: 145, Valid Loss: 10.8873, Valid RMSE: 39.4928, Valid MAPE: 3.6076, Valid WMAPE: 0.0625
No update
Iter: 000, Train Loss: 6.8477, Train RMSE: 13.9558, Train MAPE: 1.1922, Train WMAPE: 0.0380
Iter: 050, Train Loss: 6.3529, Train RMSE: 12.9713, Train MAPE: 0.8088, Train WMAPE: 0.0348
Epoch: 146, Training Time: 15.7722 secs
Epoch: 146, Inference Time: 1.9974 secs
Epoch: 146, Train Loss: 6.3641, Train RMSE: 13.6033, Train MAPE: 1.0657, Train WMAPE: 0.0356, 
Epoch: 146, Valid Loss: 10.5214, Valid RMSE: 39.5742, Valid MAPE: 3.4052, Valid WMAPE: 0.0604
###Update tasks appear###
Evaluate best model on test data for horizon 1, Test MAE: 8.9020, Test RMSE: 57.4124, Test MAPE: 6.0634, Test WMAPE: 0.0517
Evaluate best model on test data for horizon 2, Test MAE: 10.1452, Test RMSE: 54.3183, Test MAPE: 11.3389, Test WMAPE: 0.0589
Evaluate best model on test data for horizon 3, Test MAE: 10.1450, Test RMSE: 39.3982, Test MAPE: 14.8160, Test WMAPE: 0.0589
Evaluate best model on test data for horizon 4, Test MAE: 11.6726, Test RMSE: 47.2355, Test MAPE: 17.3447, Test WMAPE: 0.0678
Evaluate best model on test data for horizon 5, Test MAE: 13.1040, Test RMSE: 54.9082, Test MAPE: 19.1042, Test WMAPE: 0.0761
Evaluate best model on test data for horizon 6, Test MAE: 13.2334, Test RMSE: 47.3204, Test MAPE: 20.7785, Test WMAPE: 0.0769
Evaluate best model on test data for horizon 7, Test MAE: 14.1310, Test RMSE: 49.9764, Test MAPE: 21.3188, Test WMAPE: 0.0822
Evaluate best model on test data for horizon 8, Test MAE: 14.6666, Test RMSE: 50.9645, Test MAPE: 21.6887, Test WMAPE: 0.0853
Evaluate best model on test data for horizon 9, Test MAE: 14.9110, Test RMSE: 50.2543, Test MAPE: 21.9808, Test WMAPE: 0.0867
Evaluate best model on test data for horizon 10, Test MAE: 14.9394, Test RMSE: 47.0539, Test MAPE: 22.5944, Test WMAPE: 0.0869
Evaluate best model on test data for horizon 11, Test MAE: 15.9936, Test RMSE: 56.4549, Test MAPE: 22.5043, Test WMAPE: 0.0930
Evaluate best model on test data for horizon 12, Test MAE: 15.8383, Test RMSE: 53.4532, Test MAPE: 21.7408, Test WMAPE: 0.0921
On average over 12 horizons, Test MAE: 13.1402, Test RMSE: 50.7292, Test MAPE: 18.4395, Test WMAPE: 0.0764
No update
Iter: 000, Train Loss: 6.5801, Train RMSE: 13.9124, Train MAPE: 1.1319, Train WMAPE: 0.0365
Iter: 050, Train Loss: 6.2943, Train RMSE: 12.8687, Train MAPE: 0.6446, Train WMAPE: 0.0345
Epoch: 147, Training Time: 15.4082 secs
Epoch: 147, Inference Time: 2.0642 secs
Epoch: 147, Train Loss: 6.3383, Train RMSE: 13.5380, Train MAPE: 1.0210, Train WMAPE: 0.0354, 
Epoch: 147, Valid Loss: 10.6150, Valid RMSE: 39.5848, Valid MAPE: 3.4052, Valid WMAPE: 0.0610
No update
Iter: 000, Train Loss: 6.5264, Train RMSE: 13.5699, Train MAPE: 0.9947, Train WMAPE: 0.0362
Iter: 050, Train Loss: 6.3699, Train RMSE: 12.9392, Train MAPE: 0.5738, Train WMAPE: 0.0349
Epoch: 148, Training Time: 15.7941 secs
Epoch: 148, Inference Time: 1.9916 secs
Epoch: 148, Train Loss: 6.3333, Train RMSE: 13.5110, Train MAPE: 0.9817, Train WMAPE: 0.0354, 
Epoch: 148, Valid Loss: 10.6270, Valid RMSE: 39.8615, Valid MAPE: 2.8117, Valid WMAPE: 0.0610
No update
Iter: 000, Train Loss: 6.6097, Train RMSE: 13.7357, Train MAPE: 0.9092, Train WMAPE: 0.0367
Iter: 050, Train Loss: 6.6452, Train RMSE: 13.9442, Train MAPE: 0.8796, Train WMAPE: 0.0364
Epoch: 149, Training Time: 15.4872 secs
Epoch: 149, Inference Time: 2.0007 secs
Epoch: 149, Train Loss: 6.3909, Train RMSE: 13.6977, Train MAPE: 1.0477, Train WMAPE: 0.0357, 
Epoch: 149, Valid Loss: 10.6383, Valid RMSE: 39.8679, Valid MAPE: 2.0823, Valid WMAPE: 0.0611
No update
Iter: 000, Train Loss: 6.5700, Train RMSE: 14.0672, Train MAPE: 0.6629, Train WMAPE: 0.0365
Iter: 050, Train Loss: 6.3492, Train RMSE: 13.1174, Train MAPE: 0.7259, Train WMAPE: 0.0348
Epoch: 150, Training Time: 15.3315 secs
Epoch: 150, Inference Time: 1.9600 secs
Epoch: 150, Train Loss: 6.4164, Train RMSE: 13.7038, Train MAPE: 1.0414, Train WMAPE: 0.0359, 
Epoch: 150, Valid Loss: 10.4374, Valid RMSE: 39.5235, Valid MAPE: 2.5326, Valid WMAPE: 0.0599
###Update tasks appear###
Evaluate best model on test data for horizon 1, Test MAE: 8.9509, Test RMSE: 57.6346, Test MAPE: 6.5427, Test WMAPE: 0.0520
Evaluate best model on test data for horizon 2, Test MAE: 10.0596, Test RMSE: 54.3016, Test MAPE: 11.4872, Test WMAPE: 0.0584
Evaluate best model on test data for horizon 3, Test MAE: 9.9867, Test RMSE: 39.3174, Test MAPE: 14.8993, Test WMAPE: 0.0580
Evaluate best model on test data for horizon 4, Test MAE: 11.5659, Test RMSE: 47.2517, Test MAPE: 17.2935, Test WMAPE: 0.0672
Evaluate best model on test data for horizon 5, Test MAE: 13.0312, Test RMSE: 54.7445, Test MAPE: 19.1060, Test WMAPE: 0.0757
Evaluate best model on test data for horizon 6, Test MAE: 13.0721, Test RMSE: 47.2157, Test MAPE: 20.7440, Test WMAPE: 0.0760
Evaluate best model on test data for horizon 7, Test MAE: 13.8548, Test RMSE: 49.9463, Test MAPE: 21.0532, Test WMAPE: 0.0806
Evaluate best model on test data for horizon 8, Test MAE: 14.4232, Test RMSE: 50.7306, Test MAPE: 21.6281, Test WMAPE: 0.0839
Evaluate best model on test data for horizon 9, Test MAE: 14.6541, Test RMSE: 49.8310, Test MAPE: 21.9938, Test WMAPE: 0.0852
Evaluate best model on test data for horizon 10, Test MAE: 14.7064, Test RMSE: 46.7433, Test MAPE: 22.9034, Test WMAPE: 0.0855
Evaluate best model on test data for horizon 11, Test MAE: 15.7850, Test RMSE: 55.9310, Test MAPE: 22.8417, Test WMAPE: 0.0918
Evaluate best model on test data for horizon 12, Test MAE: 15.6808, Test RMSE: 53.1922, Test MAPE: 22.0161, Test WMAPE: 0.0912
On average over 12 horizons, Test MAE: 12.9809, Test RMSE: 50.5700, Test MAPE: 18.5424, Test WMAPE: 0.0755
Test low! Updating! Test Loss: 12.98088256518046, Test low! Updating! Valid Loss: 10.437422718320574, epoch:  150
Iter: 000, Train Loss: 6.3160, Train RMSE: 13.4250, Train MAPE: 0.8074, Train WMAPE: 0.0351
Iter: 050, Train Loss: 6.3323, Train RMSE: 12.9595, Train MAPE: 0.8864, Train WMAPE: 0.0347
Epoch: 151, Training Time: 15.6799 secs
Epoch: 151, Inference Time: 1.9564 secs
Epoch: 151, Train Loss: 6.2878, Train RMSE: 13.4307, Train MAPE: 1.0434, Train WMAPE: 0.0352, 
Epoch: 151, Valid Loss: 10.5332, Valid RMSE: 39.5619, Valid MAPE: 2.8753, Valid WMAPE: 0.0605
No update
Iter: 000, Train Loss: 6.3109, Train RMSE: 13.1638, Train MAPE: 0.9416, Train WMAPE: 0.0350
Iter: 050, Train Loss: 6.3081, Train RMSE: 12.8738, Train MAPE: 0.7482, Train WMAPE: 0.0346
Epoch: 152, Training Time: 15.3894 secs
Epoch: 152, Inference Time: 2.0838 secs
Epoch: 152, Train Loss: 6.3006, Train RMSE: 13.5005, Train MAPE: 1.0341, Train WMAPE: 0.0352, 
Epoch: 152, Valid Loss: 10.5716, Valid RMSE: 39.6628, Valid MAPE: 2.2242, Valid WMAPE: 0.0607
No update
Iter: 000, Train Loss: 6.6824, Train RMSE: 14.4060, Train MAPE: 0.7026, Train WMAPE: 0.0371
Iter: 050, Train Loss: 6.3092, Train RMSE: 13.1004, Train MAPE: 0.5667, Train WMAPE: 0.0346
Epoch: 153, Training Time: 15.2985 secs
Epoch: 153, Inference Time: 1.8966 secs
Epoch: 153, Train Loss: 6.2665, Train RMSE: 13.4449, Train MAPE: 1.0257, Train WMAPE: 0.0350, 
Epoch: 153, Valid Loss: 11.4172, Valid RMSE: 41.0009, Valid MAPE: 2.7979, Valid WMAPE: 0.0656
No update
Iter: 000, Train Loss: 7.8624, Train RMSE: 18.0508, Train MAPE: 0.9096, Train WMAPE: 0.0436
Iter: 050, Train Loss: 6.4680, Train RMSE: 13.0266, Train MAPE: 0.8430, Train WMAPE: 0.0355
Epoch: 154, Training Time: 15.7159 secs
Epoch: 154, Inference Time: 2.0612 secs
Epoch: 154, Train Loss: 6.3694, Train RMSE: 13.6629, Train MAPE: 0.9751, Train WMAPE: 0.0356, 
Epoch: 154, Valid Loss: 10.5256, Valid RMSE: 39.4619, Valid MAPE: 2.4121, Valid WMAPE: 0.0604
No update
Iter: 000, Train Loss: 6.4136, Train RMSE: 13.3826, Train MAPE: 0.8137, Train WMAPE: 0.0356
Iter: 050, Train Loss: 6.4847, Train RMSE: 13.1933, Train MAPE: 0.6786, Train WMAPE: 0.0356
Epoch: 155, Training Time: 15.3202 secs
Epoch: 155, Inference Time: 1.9831 secs
Epoch: 155, Train Loss: 6.3565, Train RMSE: 13.4401, Train MAPE: 1.2546, Train WMAPE: 0.0355, 
Epoch: 155, Valid Loss: 10.4427, Valid RMSE: 39.6168, Valid MAPE: 1.9174, Valid WMAPE: 0.0600
No update
Iter: 000, Train Loss: 6.3139, Train RMSE: 13.2333, Train MAPE: 0.7403, Train WMAPE: 0.0351
Iter: 050, Train Loss: 6.3667, Train RMSE: 12.8063, Train MAPE: 1.3421, Train WMAPE: 0.0349
Epoch: 156, Training Time: 15.2739 secs
Epoch: 156, Inference Time: 2.0898 secs
Epoch: 156, Train Loss: 6.2779, Train RMSE: 13.2477, Train MAPE: 1.3451, Train WMAPE: 0.0351, 
Epoch: 156, Valid Loss: 10.6013, Valid RMSE: 39.4905, Valid MAPE: 4.4908, Valid WMAPE: 0.0609
No update
Iter: 000, Train Loss: 6.4893, Train RMSE: 13.2065, Train MAPE: 1.5415, Train WMAPE: 0.0360
Iter: 050, Train Loss: 6.2553, Train RMSE: 12.7309, Train MAPE: 0.8807, Train WMAPE: 0.0343
Epoch: 157, Training Time: 14.8427 secs
Epoch: 157, Inference Time: 1.9388 secs
Epoch: 157, Train Loss: 6.2500, Train RMSE: 13.1459, Train MAPE: 1.4065, Train WMAPE: 0.0350, 
Epoch: 157, Valid Loss: 10.6525, Valid RMSE: 39.5860, Valid MAPE: 3.8060, Valid WMAPE: 0.0612
No update
Iter: 000, Train Loss: 6.4397, Train RMSE: 13.4432, Train MAPE: 1.3628, Train WMAPE: 0.0358
Iter: 050, Train Loss: 6.2846, Train RMSE: 12.7472, Train MAPE: 0.8992, Train WMAPE: 0.0345
Epoch: 158, Training Time: 15.3924 secs
Epoch: 158, Inference Time: 2.1056 secs
Epoch: 158, Train Loss: 6.2345, Train RMSE: 13.1680, Train MAPE: 1.2546, Train WMAPE: 0.0349, 
Epoch: 158, Valid Loss: 10.7487, Valid RMSE: 39.6562, Valid MAPE: 4.5012, Valid WMAPE: 0.0617
No update
Iter: 000, Train Loss: 6.4849, Train RMSE: 13.2504, Train MAPE: 1.6986, Train WMAPE: 0.0360
Iter: 050, Train Loss: 6.1676, Train RMSE: 12.5499, Train MAPE: 0.5772, Train WMAPE: 0.0338
Epoch: 159, Training Time: 15.5776 secs
Epoch: 159, Inference Time: 1.8940 secs
Epoch: 159, Train Loss: 6.2346, Train RMSE: 13.1574, Train MAPE: 1.2682, Train WMAPE: 0.0349, 
Epoch: 159, Valid Loss: 10.4938, Valid RMSE: 39.9075, Valid MAPE: 2.5085, Valid WMAPE: 0.0603
No update
Iter: 000, Train Loss: 6.3620, Train RMSE: 13.5648, Train MAPE: 0.8103, Train WMAPE: 0.0353
Iter: 050, Train Loss: 6.7504, Train RMSE: 14.4105, Train MAPE: 0.6469, Train WMAPE: 0.0370
Epoch: 160, Training Time: 15.1489 secs
Epoch: 160, Inference Time: 2.0270 secs
Epoch: 160, Train Loss: 6.2477, Train RMSE: 13.2620, Train MAPE: 0.9895, Train WMAPE: 0.0349, 
Epoch: 160, Valid Loss: 10.4435, Valid RMSE: 39.7648, Valid MAPE: 2.4679, Valid WMAPE: 0.0600
No update
Iter: 000, Train Loss: 6.2176, Train RMSE: 13.0965, Train MAPE: 0.7944, Train WMAPE: 0.0345
Iter: 050, Train Loss: 6.4091, Train RMSE: 12.9618, Train MAPE: 1.1093, Train WMAPE: 0.0351
Epoch: 161, Training Time: 15.5943 secs
Epoch: 161, Inference Time: 2.1003 secs
Epoch: 161, Train Loss: 6.2746, Train RMSE: 13.3133, Train MAPE: 1.0662, Train WMAPE: 0.0351, 
Epoch: 161, Valid Loss: 10.5071, Valid RMSE: 39.5021, Valid MAPE: 2.9873, Valid WMAPE: 0.0603
No update
Iter: 000, Train Loss: 6.2823, Train RMSE: 13.0564, Train MAPE: 0.9710, Train WMAPE: 0.0349
Iter: 050, Train Loss: 6.2342, Train RMSE: 12.7189, Train MAPE: 0.8704, Train WMAPE: 0.0342
Epoch: 162, Training Time: 15.6853 secs
Epoch: 162, Inference Time: 2.1793 secs
Epoch: 162, Train Loss: 6.2021, Train RMSE: 13.1109, Train MAPE: 1.2921, Train WMAPE: 0.0347, 
Epoch: 162, Valid Loss: 10.3835, Valid RMSE: 39.4081, Valid MAPE: 2.5583, Valid WMAPE: 0.0596
###Update tasks appear###
Evaluate best model on test data for horizon 1, Test MAE: 8.8301, Test RMSE: 57.5599, Test MAPE: 6.0179, Test WMAPE: 0.0513
Evaluate best model on test data for horizon 2, Test MAE: 10.0445, Test RMSE: 54.6364, Test MAPE: 11.3050, Test WMAPE: 0.0583
Evaluate best model on test data for horizon 3, Test MAE: 9.9528, Test RMSE: 39.4600, Test MAPE: 14.5292, Test WMAPE: 0.0578
Evaluate best model on test data for horizon 4, Test MAE: 11.5171, Test RMSE: 47.0267, Test MAPE: 17.0834, Test WMAPE: 0.0669
Evaluate best model on test data for horizon 5, Test MAE: 12.9870, Test RMSE: 54.6387, Test MAPE: 18.7775, Test WMAPE: 0.0755
Evaluate best model on test data for horizon 6, Test MAE: 13.1135, Test RMSE: 47.1706, Test MAPE: 20.5872, Test WMAPE: 0.0762
Evaluate best model on test data for horizon 7, Test MAE: 13.9560, Test RMSE: 50.2578, Test MAPE: 20.8353, Test WMAPE: 0.0811
Evaluate best model on test data for horizon 8, Test MAE: 14.5044, Test RMSE: 50.7658, Test MAPE: 21.2427, Test WMAPE: 0.0843
Evaluate best model on test data for horizon 9, Test MAE: 14.7790, Test RMSE: 50.0573, Test MAPE: 21.6163, Test WMAPE: 0.0860
Evaluate best model on test data for horizon 10, Test MAE: 14.7739, Test RMSE: 46.9476, Test MAPE: 22.4385, Test WMAPE: 0.0859
Evaluate best model on test data for horizon 11, Test MAE: 15.7890, Test RMSE: 55.5806, Test MAPE: 22.5322, Test WMAPE: 0.0918
Evaluate best model on test data for horizon 12, Test MAE: 15.6830, Test RMSE: 52.5775, Test MAPE: 22.1196, Test WMAPE: 0.0912
On average over 12 horizons, Test MAE: 12.9942, Test RMSE: 50.5566, Test MAPE: 18.2571, Test WMAPE: 0.0755
No update
Iter: 000, Train Loss: 6.1480, Train RMSE: 13.0381, Train MAPE: 0.6828, Train WMAPE: 0.0341
Iter: 050, Train Loss: 6.5931, Train RMSE: 13.1190, Train MAPE: 0.6557, Train WMAPE: 0.0362
Epoch: 163, Training Time: 15.0644 secs
Epoch: 163, Inference Time: 1.7843 secs
Epoch: 163, Train Loss: 6.2268, Train RMSE: 13.1812, Train MAPE: 1.0955, Train WMAPE: 0.0348, 
Epoch: 163, Valid Loss: 10.5502, Valid RMSE: 39.1979, Valid MAPE: 3.4123, Valid WMAPE: 0.0606
No update
Iter: 000, Train Loss: 6.4873, Train RMSE: 13.4275, Train MAPE: 1.2595, Train WMAPE: 0.0360
Iter: 050, Train Loss: 6.3545, Train RMSE: 12.7189, Train MAPE: 0.9850, Train WMAPE: 0.0348
Epoch: 164, Training Time: 15.2523 secs
Epoch: 164, Inference Time: 2.0435 secs
Epoch: 164, Train Loss: 6.2114, Train RMSE: 13.1081, Train MAPE: 1.1855, Train WMAPE: 0.0347, 
Epoch: 164, Valid Loss: 10.6933, Valid RMSE: 39.6073, Valid MAPE: 5.0021, Valid WMAPE: 0.0614
No update
Iter: 000, Train Loss: 6.4661, Train RMSE: 13.1526, Train MAPE: 1.8150, Train WMAPE: 0.0359
Iter: 050, Train Loss: 6.1446, Train RMSE: 12.7140, Train MAPE: 0.4524, Train WMAPE: 0.0337
Epoch: 165, Training Time: 15.2121 secs
Epoch: 165, Inference Time: 2.0586 secs
Epoch: 165, Train Loss: 6.2015, Train RMSE: 13.1223, Train MAPE: 1.2327, Train WMAPE: 0.0347, 
Epoch: 165, Valid Loss: 10.5270, Valid RMSE: 39.8449, Valid MAPE: 2.0600, Valid WMAPE: 0.0604
No update
Iter: 000, Train Loss: 6.3054, Train RMSE: 13.3827, Train MAPE: 0.7199, Train WMAPE: 0.0350
Iter: 050, Train Loss: 6.2474, Train RMSE: 12.8273, Train MAPE: 0.6254, Train WMAPE: 0.0343
Epoch: 166, Training Time: 14.9180 secs
Epoch: 166, Inference Time: 1.8795 secs
Epoch: 166, Train Loss: 6.2128, Train RMSE: 13.2099, Train MAPE: 0.9817, Train WMAPE: 0.0347, 
Epoch: 166, Valid Loss: 10.5638, Valid RMSE: 39.6684, Valid MAPE: 2.9811, Valid WMAPE: 0.0607
No update
Iter: 000, Train Loss: 6.3292, Train RMSE: 13.2972, Train MAPE: 0.9741, Train WMAPE: 0.0351
Iter: 050, Train Loss: 6.3386, Train RMSE: 12.9233, Train MAPE: 0.6500, Train WMAPE: 0.0348
Epoch: 167, Training Time: 15.4837 secs
Epoch: 167, Inference Time: 1.8765 secs
Epoch: 167, Train Loss: 6.2148, Train RMSE: 13.2306, Train MAPE: 0.9880, Train WMAPE: 0.0348, 
Epoch: 167, Valid Loss: 10.4701, Valid RMSE: 39.2493, Valid MAPE: 2.7661, Valid WMAPE: 0.0601
No update
Iter: 000, Train Loss: 6.2265, Train RMSE: 13.0745, Train MAPE: 0.9326, Train WMAPE: 0.0346
Iter: 050, Train Loss: 6.2715, Train RMSE: 12.8049, Train MAPE: 0.8851, Train WMAPE: 0.0344
Epoch: 168, Training Time: 15.6012 secs
Epoch: 168, Inference Time: 1.8910 secs
Epoch: 168, Train Loss: 6.2192, Train RMSE: 13.2356, Train MAPE: 1.1595, Train WMAPE: 0.0348, 
Epoch: 168, Valid Loss: 10.5420, Valid RMSE: 39.2797, Valid MAPE: 3.9876, Valid WMAPE: 0.0605
No update
Iter: 000, Train Loss: 6.4057, Train RMSE: 13.2970, Train MAPE: 1.5095, Train WMAPE: 0.0356
Iter: 050, Train Loss: 6.2796, Train RMSE: 12.5934, Train MAPE: 1.0281, Train WMAPE: 0.0344
Epoch: 169, Training Time: 15.4869 secs
Epoch: 169, Inference Time: 1.9042 secs
Epoch: 169, Train Loss: 6.2048, Train RMSE: 13.1141, Train MAPE: 1.2568, Train WMAPE: 0.0347, 
Epoch: 169, Valid Loss: 10.7580, Valid RMSE: 39.3798, Valid MAPE: 5.3637, Valid WMAPE: 0.0618
No update
Iter: 000, Train Loss: 6.4244, Train RMSE: 12.9473, Train MAPE: 2.0525, Train WMAPE: 0.0357
Iter: 050, Train Loss: 6.0524, Train RMSE: 12.4774, Train MAPE: 0.8072, Train WMAPE: 0.0332
Epoch: 170, Training Time: 15.3097 secs
Epoch: 170, Inference Time: 1.9829 secs
Epoch: 170, Train Loss: 6.1639, Train RMSE: 13.0004, Train MAPE: 1.3708, Train WMAPE: 0.0345, 
Epoch: 170, Valid Loss: 10.4750, Valid RMSE: 39.4937, Valid MAPE: 2.7864, Valid WMAPE: 0.0601
No update
Iter: 000, Train Loss: 6.3499, Train RMSE: 13.2241, Train MAPE: 0.8255, Train WMAPE: 0.0353
Iter: 050, Train Loss: 6.2462, Train RMSE: 12.5795, Train MAPE: 1.2821, Train WMAPE: 0.0343
Epoch: 171, Training Time: 15.5690 secs
Epoch: 171, Inference Time: 1.9174 secs
Epoch: 171, Train Loss: 6.1526, Train RMSE: 12.9719, Train MAPE: 1.2900, Train WMAPE: 0.0344, 
Epoch: 171, Valid Loss: 10.7326, Valid RMSE: 39.6619, Valid MAPE: 4.0270, Valid WMAPE: 0.0616
No update
Iter: 000, Train Loss: 6.5429, Train RMSE: 13.3164, Train MAPE: 1.1753, Train WMAPE: 0.0363
Iter: 050, Train Loss: 6.2477, Train RMSE: 12.8295, Train MAPE: 0.5914, Train WMAPE: 0.0343
Epoch: 172, Training Time: 15.3005 secs
Epoch: 172, Inference Time: 2.0163 secs
Epoch: 172, Train Loss: 6.2569, Train RMSE: 13.2503, Train MAPE: 1.0442, Train WMAPE: 0.0350, 
Epoch: 172, Valid Loss: 10.6123, Valid RMSE: 39.2061, Valid MAPE: 2.0212, Valid WMAPE: 0.0609
No update
Iter: 000, Train Loss: 6.5235, Train RMSE: 13.4053, Train MAPE: 0.7270, Train WMAPE: 0.0362
Iter: 050, Train Loss: 6.2537, Train RMSE: 12.6750, Train MAPE: 0.8758, Train WMAPE: 0.0343
Epoch: 173, Training Time: 15.4225 secs
Epoch: 173, Inference Time: 1.9543 secs
Epoch: 173, Train Loss: 6.2219, Train RMSE: 13.2107, Train MAPE: 0.9793, Train WMAPE: 0.0348, 
Epoch: 173, Valid Loss: 10.3953, Valid RMSE: 39.0037, Valid MAPE: 2.5629, Valid WMAPE: 0.0597
###Update tasks appear###
Evaluate best model on test data for horizon 1, Test MAE: 9.0689, Test RMSE: 57.3297, Test MAPE: 6.3836, Test WMAPE: 0.0526
Evaluate best model on test data for horizon 2, Test MAE: 10.1069, Test RMSE: 54.3704, Test MAPE: 11.7802, Test WMAPE: 0.0587
Evaluate best model on test data for horizon 3, Test MAE: 9.9759, Test RMSE: 38.6289, Test MAPE: 14.8132, Test WMAPE: 0.0579
Evaluate best model on test data for horizon 4, Test MAE: 11.6018, Test RMSE: 46.0392, Test MAPE: 17.8958, Test WMAPE: 0.0674
Evaluate best model on test data for horizon 5, Test MAE: 13.1599, Test RMSE: 54.5277, Test MAPE: 19.2832, Test WMAPE: 0.0765
Evaluate best model on test data for horizon 6, Test MAE: 13.2185, Test RMSE: 47.0004, Test MAPE: 21.0013, Test WMAPE: 0.0768
Evaluate best model on test data for horizon 7, Test MAE: 14.1305, Test RMSE: 49.8627, Test MAPE: 21.4453, Test WMAPE: 0.0822
Evaluate best model on test data for horizon 8, Test MAE: 14.6158, Test RMSE: 50.2887, Test MAPE: 21.6556, Test WMAPE: 0.0850
Evaluate best model on test data for horizon 9, Test MAE: 14.9688, Test RMSE: 49.8330, Test MAPE: 22.2643, Test WMAPE: 0.0871
Evaluate best model on test data for horizon 10, Test MAE: 14.9922, Test RMSE: 46.8434, Test MAPE: 22.4831, Test WMAPE: 0.0872
Evaluate best model on test data for horizon 11, Test MAE: 16.3002, Test RMSE: 55.4080, Test MAPE: 23.6410, Test WMAPE: 0.0948
Evaluate best model on test data for horizon 12, Test MAE: 16.0211, Test RMSE: 52.9658, Test MAPE: 22.2219, Test WMAPE: 0.0932
On average over 12 horizons, Test MAE: 13.1800, Test RMSE: 50.2582, Test MAPE: 18.7391, Test WMAPE: 0.0766
No update
Iter: 000, Train Loss: 6.2066, Train RMSE: 12.9138, Train MAPE: 0.8419, Train WMAPE: 0.0345
Iter: 050, Train Loss: 6.3427, Train RMSE: 12.8360, Train MAPE: 0.8790, Train WMAPE: 0.0348
Epoch: 174, Training Time: 15.2864 secs
Epoch: 174, Inference Time: 1.9024 secs
Epoch: 174, Train Loss: 6.1635, Train RMSE: 13.1388, Train MAPE: 1.0632, Train WMAPE: 0.0345, 
Epoch: 174, Valid Loss: 10.3232, Valid RMSE: 38.9699, Valid MAPE: 2.1225, Valid WMAPE: 0.0593
###Update tasks appear###
Evaluate best model on test data for horizon 1, Test MAE: 8.8405, Test RMSE: 57.2138, Test MAPE: 6.2716, Test WMAPE: 0.0513
Evaluate best model on test data for horizon 2, Test MAE: 10.0308, Test RMSE: 54.2582, Test MAPE: 11.5230, Test WMAPE: 0.0582
Evaluate best model on test data for horizon 3, Test MAE: 9.9077, Test RMSE: 38.7132, Test MAPE: 14.6557, Test WMAPE: 0.0575
Evaluate best model on test data for horizon 4, Test MAE: 11.4676, Test RMSE: 45.9485, Test MAPE: 17.3596, Test WMAPE: 0.0666
Evaluate best model on test data for horizon 5, Test MAE: 13.0155, Test RMSE: 54.2349, Test MAPE: 18.9483, Test WMAPE: 0.0756
Evaluate best model on test data for horizon 6, Test MAE: 13.1185, Test RMSE: 46.8381, Test MAPE: 20.5865, Test WMAPE: 0.0762
Evaluate best model on test data for horizon 7, Test MAE: 13.9802, Test RMSE: 49.6852, Test MAPE: 21.0354, Test WMAPE: 0.0813
Evaluate best model on test data for horizon 8, Test MAE: 14.4719, Test RMSE: 50.0380, Test MAPE: 21.5466, Test WMAPE: 0.0842
Evaluate best model on test data for horizon 9, Test MAE: 14.7088, Test RMSE: 49.3291, Test MAPE: 21.6335, Test WMAPE: 0.0855
Evaluate best model on test data for horizon 10, Test MAE: 14.7630, Test RMSE: 46.4682, Test MAPE: 22.3172, Test WMAPE: 0.0859
Evaluate best model on test data for horizon 11, Test MAE: 15.8055, Test RMSE: 54.7594, Test MAPE: 22.4384, Test WMAPE: 0.0919
Evaluate best model on test data for horizon 12, Test MAE: 15.7236, Test RMSE: 52.2261, Test MAPE: 22.0902, Test WMAPE: 0.0915
On average over 12 horizons, Test MAE: 12.9861, Test RMSE: 49.9761, Test MAPE: 18.3671, Test WMAPE: 0.0755
No update
Iter: 000, Train Loss: 6.0334, Train RMSE: 12.8025, Train MAPE: 0.7281, Train WMAPE: 0.0335
Iter: 050, Train Loss: 6.3852, Train RMSE: 12.9440, Train MAPE: 0.8456, Train WMAPE: 0.0350
Epoch: 175, Training Time: 15.2659 secs
Epoch: 175, Inference Time: 1.9104 secs
Epoch: 175, Train Loss: 6.2032, Train RMSE: 13.2322, Train MAPE: 1.0543, Train WMAPE: 0.0347, 
Epoch: 175, Valid Loss: 10.5917, Valid RMSE: 39.2641, Valid MAPE: 2.9974, Valid WMAPE: 0.0608
No update
Iter: 000, Train Loss: 6.4616, Train RMSE: 13.4371, Train MAPE: 0.8891, Train WMAPE: 0.0359
Iter: 050, Train Loss: 6.0814, Train RMSE: 12.4426, Train MAPE: 0.6210, Train WMAPE: 0.0333
Epoch: 176, Training Time: 15.1759 secs
Epoch: 176, Inference Time: 1.8998 secs
Epoch: 176, Train Loss: 6.0808, Train RMSE: 13.0423, Train MAPE: 0.9755, Train WMAPE: 0.0340, 
Epoch: 176, Valid Loss: 10.4586, Valid RMSE: 38.8766, Valid MAPE: 2.7025, Valid WMAPE: 0.0601
No update
Iter: 000, Train Loss: 6.4060, Train RMSE: 13.4254, Train MAPE: 0.9212, Train WMAPE: 0.0356
Iter: 050, Train Loss: 6.3598, Train RMSE: 13.2103, Train MAPE: 0.5669, Train WMAPE: 0.0349
Epoch: 177, Training Time: 15.4806 secs
Epoch: 177, Inference Time: 1.8942 secs
Epoch: 177, Train Loss: 6.1303, Train RMSE: 13.0955, Train MAPE: 1.0203, Train WMAPE: 0.0343, 
Epoch: 177, Valid Loss: 10.4064, Valid RMSE: 39.3763, Valid MAPE: 2.4102, Valid WMAPE: 0.0597
###Update tasks appear###
Evaluate best model on test data for horizon 1, Test MAE: 8.8213, Test RMSE: 57.2543, Test MAPE: 6.3432, Test WMAPE: 0.0512
Evaluate best model on test data for horizon 2, Test MAE: 10.1153, Test RMSE: 54.7838, Test MAPE: 11.7377, Test WMAPE: 0.0587
Evaluate best model on test data for horizon 3, Test MAE: 10.0285, Test RMSE: 39.2121, Test MAPE: 14.6537, Test WMAPE: 0.0582
Evaluate best model on test data for horizon 4, Test MAE: 11.5366, Test RMSE: 46.1093, Test MAPE: 17.1910, Test WMAPE: 0.0670
Evaluate best model on test data for horizon 5, Test MAE: 13.0827, Test RMSE: 54.6569, Test MAPE: 18.6498, Test WMAPE: 0.0760
Evaluate best model on test data for horizon 6, Test MAE: 13.1585, Test RMSE: 47.1671, Test MAPE: 20.3635, Test WMAPE: 0.0765
Evaluate best model on test data for horizon 7, Test MAE: 14.0671, Test RMSE: 49.9852, Test MAPE: 20.8880, Test WMAPE: 0.0818
Evaluate best model on test data for horizon 8, Test MAE: 14.5708, Test RMSE: 50.4517, Test MAPE: 20.9514, Test WMAPE: 0.0847
Evaluate best model on test data for horizon 9, Test MAE: 14.8712, Test RMSE: 50.0875, Test MAPE: 21.3256, Test WMAPE: 0.0865
Evaluate best model on test data for horizon 10, Test MAE: 14.8668, Test RMSE: 46.9927, Test MAPE: 22.0063, Test WMAPE: 0.0865
Evaluate best model on test data for horizon 11, Test MAE: 15.9063, Test RMSE: 55.3720, Test MAPE: 22.0939, Test WMAPE: 0.0925
Evaluate best model on test data for horizon 12, Test MAE: 15.8785, Test RMSE: 53.1377, Test MAPE: 21.7681, Test WMAPE: 0.0924
On average over 12 horizons, Test MAE: 13.0753, Test RMSE: 50.4342, Test MAPE: 18.1644, Test WMAPE: 0.0760
No update
Iter: 000, Train Loss: 6.3692, Train RMSE: 13.3506, Train MAPE: 0.7392, Train WMAPE: 0.0354
Iter: 050, Train Loss: 6.1492, Train RMSE: 12.5575, Train MAPE: 0.6440, Train WMAPE: 0.0337
Epoch: 178, Training Time: 15.5087 secs
Epoch: 178, Inference Time: 1.8774 secs
Epoch: 178, Train Loss: 6.0995, Train RMSE: 13.0139, Train MAPE: 0.9915, Train WMAPE: 0.0341, 
Epoch: 178, Valid Loss: 10.5160, Valid RMSE: 39.4705, Valid MAPE: 3.2401, Valid WMAPE: 0.0604
No update
Iter: 000, Train Loss: 6.3884, Train RMSE: 13.4422, Train MAPE: 1.1726, Train WMAPE: 0.0355
Iter: 050, Train Loss: 6.2354, Train RMSE: 12.7534, Train MAPE: 0.7660, Train WMAPE: 0.0342
Epoch: 179, Training Time: 15.2736 secs
Epoch: 179, Inference Time: 1.9124 secs
Epoch: 179, Train Loss: 6.1033, Train RMSE: 13.0185, Train MAPE: 0.9842, Train WMAPE: 0.0341, 
Epoch: 179, Valid Loss: 10.4912, Valid RMSE: 39.4875, Valid MAPE: 3.2634, Valid WMAPE: 0.0602
No update
Iter: 000, Train Loss: 6.5266, Train RMSE: 13.7210, Train MAPE: 1.1784, Train WMAPE: 0.0362
Iter: 050, Train Loss: 6.1030, Train RMSE: 12.4545, Train MAPE: 0.6884, Train WMAPE: 0.0335
Epoch: 180, Training Time: 15.5138 secs
Epoch: 180, Inference Time: 1.8991 secs
Epoch: 180, Train Loss: 6.1571, Train RMSE: 13.1054, Train MAPE: 1.0760, Train WMAPE: 0.0344, 
Epoch: 180, Valid Loss: 10.5479, Valid RMSE: 39.3580, Valid MAPE: 3.0805, Valid WMAPE: 0.0606
No update
Iter: 000, Train Loss: 6.2588, Train RMSE: 13.3037, Train MAPE: 0.8492, Train WMAPE: 0.0347
Iter: 050, Train Loss: 6.3324, Train RMSE: 12.5291, Train MAPE: 1.3957, Train WMAPE: 0.0347
Epoch: 181, Training Time: 14.8673 secs
Epoch: 181, Inference Time: 2.0088 secs
Epoch: 181, Train Loss: 6.1500, Train RMSE: 12.9941, Train MAPE: 1.2467, Train WMAPE: 0.0344, 
Epoch: 181, Valid Loss: 10.7263, Valid RMSE: 39.3320, Valid MAPE: 4.8871, Valid WMAPE: 0.0616
No update
Iter: 000, Train Loss: 6.5685, Train RMSE: 13.1847, Train MAPE: 1.6334, Train WMAPE: 0.0365
Iter: 050, Train Loss: 6.1002, Train RMSE: 12.3738, Train MAPE: 1.0797, Train WMAPE: 0.0335
Epoch: 182, Training Time: 15.6773 secs
Epoch: 182, Inference Time: 1.9998 secs
Epoch: 182, Train Loss: 6.1064, Train RMSE: 12.8804, Train MAPE: 1.2691, Train WMAPE: 0.0341, 
Epoch: 182, Valid Loss: 10.3886, Valid RMSE: 39.3398, Valid MAPE: 3.1056, Valid WMAPE: 0.0597
###Update tasks appear###
Evaluate best model on test data for horizon 1, Test MAE: 8.8210, Test RMSE: 57.3467, Test MAPE: 6.2300, Test WMAPE: 0.0512
Evaluate best model on test data for horizon 2, Test MAE: 10.0975, Test RMSE: 54.9212, Test MAPE: 11.4940, Test WMAPE: 0.0586
Evaluate best model on test data for horizon 3, Test MAE: 9.9562, Test RMSE: 39.1510, Test MAPE: 14.5880, Test WMAPE: 0.0578
Evaluate best model on test data for horizon 4, Test MAE: 11.4801, Test RMSE: 45.9298, Test MAPE: 17.0568, Test WMAPE: 0.0667
Evaluate best model on test data for horizon 5, Test MAE: 13.1008, Test RMSE: 54.9500, Test MAPE: 18.5949, Test WMAPE: 0.0761
Evaluate best model on test data for horizon 6, Test MAE: 13.1544, Test RMSE: 47.2325, Test MAPE: 20.3383, Test WMAPE: 0.0765
Evaluate best model on test data for horizon 7, Test MAE: 13.9764, Test RMSE: 49.9397, Test MAPE: 20.6052, Test WMAPE: 0.0813
Evaluate best model on test data for horizon 8, Test MAE: 14.5162, Test RMSE: 50.2378, Test MAPE: 21.0403, Test WMAPE: 0.0844
Evaluate best model on test data for horizon 9, Test MAE: 14.8295, Test RMSE: 49.9993, Test MAPE: 21.2873, Test WMAPE: 0.0862
Evaluate best model on test data for horizon 10, Test MAE: 14.8328, Test RMSE: 46.7411, Test MAPE: 22.0467, Test WMAPE: 0.0863
Evaluate best model on test data for horizon 11, Test MAE: 15.8572, Test RMSE: 55.3105, Test MAPE: 22.2181, Test WMAPE: 0.0922
Evaluate best model on test data for horizon 12, Test MAE: 15.7897, Test RMSE: 52.8707, Test MAPE: 21.7180, Test WMAPE: 0.0919
On average over 12 horizons, Test MAE: 13.0343, Test RMSE: 50.3859, Test MAPE: 18.1015, Test WMAPE: 0.0758
No update
Iter: 000, Train Loss: 6.1257, Train RMSE: 12.9813, Train MAPE: 0.8930, Train WMAPE: 0.0340
Iter: 050, Train Loss: 6.0621, Train RMSE: 12.4503, Train MAPE: 0.6493, Train WMAPE: 0.0332
Epoch: 183, Training Time: 15.6689 secs
Epoch: 183, Inference Time: 1.9148 secs
Epoch: 183, Train Loss: 6.0541, Train RMSE: 12.7940, Train MAPE: 1.2440, Train WMAPE: 0.0339, 
Epoch: 183, Valid Loss: 10.4621, Valid RMSE: 39.4114, Valid MAPE: 2.8934, Valid WMAPE: 0.0601
No update
Iter: 000, Train Loss: 6.1359, Train RMSE: 12.8588, Train MAPE: 0.9612, Train WMAPE: 0.0341
Iter: 050, Train Loss: 6.1178, Train RMSE: 12.3939, Train MAPE: 0.9785, Train WMAPE: 0.0335
Epoch: 184, Training Time: 15.6675 secs
Epoch: 184, Inference Time: 1.9011 secs
Epoch: 184, Train Loss: 6.0590, Train RMSE: 12.8209, Train MAPE: 1.1501, Train WMAPE: 0.0339, 
Epoch: 184, Valid Loss: 10.7024, Valid RMSE: 39.5001, Valid MAPE: 3.1705, Valid WMAPE: 0.0615
No update
Iter: 000, Train Loss: 6.4907, Train RMSE: 13.2824, Train MAPE: 1.1330, Train WMAPE: 0.0360
Iter: 050, Train Loss: 6.1050, Train RMSE: 12.8125, Train MAPE: 0.6943, Train WMAPE: 0.0335
Epoch: 185, Training Time: 15.3750 secs
Epoch: 185, Inference Time: 2.0064 secs
Epoch: 185, Train Loss: 6.0792, Train RMSE: 12.9526, Train MAPE: 0.9476, Train WMAPE: 0.0340, 
Epoch: 185, Valid Loss: 10.5452, Valid RMSE: 39.5695, Valid MAPE: 2.5406, Valid WMAPE: 0.0605
No update
Iter: 000, Train Loss: 6.5596, Train RMSE: 13.9068, Train MAPE: 0.9325, Train WMAPE: 0.0364
Iter: 050, Train Loss: 6.1181, Train RMSE: 12.5704, Train MAPE: 0.7102, Train WMAPE: 0.0335
Epoch: 186, Training Time: 15.5804 secs
Epoch: 186, Inference Time: 1.9870 secs
Epoch: 186, Train Loss: 6.0766, Train RMSE: 12.9270, Train MAPE: 0.9618, Train WMAPE: 0.0340, 
Epoch: 186, Valid Loss: 10.5812, Valid RMSE: 39.4243, Valid MAPE: 2.7196, Valid WMAPE: 0.0608
No update
Iter: 000, Train Loss: 6.2443, Train RMSE: 13.1259, Train MAPE: 0.7765, Train WMAPE: 0.0347
Iter: 050, Train Loss: 6.2467, Train RMSE: 12.6726, Train MAPE: 0.5250, Train WMAPE: 0.0343
Epoch: 187, Training Time: 15.1863 secs
Epoch: 187, Inference Time: 1.9065 secs
Epoch: 187, Train Loss: 6.2212, Train RMSE: 13.2978, Train MAPE: 0.9374, Train WMAPE: 0.0348, 
Epoch: 187, Valid Loss: 10.8993, Valid RMSE: 39.4435, Valid MAPE: 2.4096, Valid WMAPE: 0.0626
No update
Iter: 000, Train Loss: 6.7304, Train RMSE: 13.6764, Train MAPE: 0.6643, Train WMAPE: 0.0374
Iter: 050, Train Loss: 5.9575, Train RMSE: 12.2094, Train MAPE: 0.7324, Train WMAPE: 0.0327
Epoch: 188, Training Time: 14.9806 secs
Epoch: 188, Inference Time: 2.0077 secs
Epoch: 188, Train Loss: 6.0519, Train RMSE: 12.8751, Train MAPE: 0.9105, Train WMAPE: 0.0338, 
Epoch: 188, Valid Loss: 10.4353, Valid RMSE: 39.0437, Valid MAPE: 2.5797, Valid WMAPE: 0.0599
###Update tasks appear###
Evaluate best model on test data for horizon 1, Test MAE: 9.0639, Test RMSE: 57.2649, Test MAPE: 6.6107, Test WMAPE: 0.0526
Evaluate best model on test data for horizon 2, Test MAE: 10.3299, Test RMSE: 54.7322, Test MAPE: 11.9451, Test WMAPE: 0.0600
Evaluate best model on test data for horizon 3, Test MAE: 10.1934, Test RMSE: 38.9607, Test MAPE: 15.0811, Test WMAPE: 0.0592
Evaluate best model on test data for horizon 4, Test MAE: 11.6071, Test RMSE: 45.7096, Test MAPE: 17.6697, Test WMAPE: 0.0674
Evaluate best model on test data for horizon 5, Test MAE: 13.1781, Test RMSE: 55.0257, Test MAPE: 18.9999, Test WMAPE: 0.0766
Evaluate best model on test data for horizon 6, Test MAE: 13.2640, Test RMSE: 47.0609, Test MAPE: 20.9398, Test WMAPE: 0.0771
Evaluate best model on test data for horizon 7, Test MAE: 14.0650, Test RMSE: 49.9864, Test MAPE: 21.0122, Test WMAPE: 0.0818
Evaluate best model on test data for horizon 8, Test MAE: 14.5254, Test RMSE: 50.2012, Test MAPE: 21.2475, Test WMAPE: 0.0845
Evaluate best model on test data for horizon 9, Test MAE: 14.8599, Test RMSE: 49.4685, Test MAPE: 21.4551, Test WMAPE: 0.0864
Evaluate best model on test data for horizon 10, Test MAE: 14.9282, Test RMSE: 46.5454, Test MAPE: 22.0938, Test WMAPE: 0.0868
Evaluate best model on test data for horizon 11, Test MAE: 16.0609, Test RMSE: 55.2668, Test MAPE: 22.2963, Test WMAPE: 0.0934
Evaluate best model on test data for horizon 12, Test MAE: 16.0660, Test RMSE: 52.8509, Test MAPE: 22.0090, Test WMAPE: 0.0935
On average over 12 horizons, Test MAE: 13.1785, Test RMSE: 50.2561, Test MAPE: 18.4467, Test WMAPE: 0.0766
No update
Iter: 000, Train Loss: 6.1882, Train RMSE: 12.9154, Train MAPE: 0.7593, Train WMAPE: 0.0344
Iter: 050, Train Loss: 5.9437, Train RMSE: 12.1940, Train MAPE: 0.4497, Train WMAPE: 0.0326
Epoch: 189, Training Time: 15.5261 secs
Epoch: 189, Inference Time: 1.8391 secs
Epoch: 189, Train Loss: 6.0345, Train RMSE: 12.9166, Train MAPE: 0.8999, Train WMAPE: 0.0337, 
Epoch: 189, Valid Loss: 10.7682, Valid RMSE: 39.6745, Valid MAPE: 2.4605, Valid WMAPE: 0.0618
No update
Iter: 000, Train Loss: 6.5133, Train RMSE: 13.8987, Train MAPE: 0.7720, Train WMAPE: 0.0362
Iter: 050, Train Loss: 6.4323, Train RMSE: 13.6182, Train MAPE: 0.4611, Train WMAPE: 0.0353
Epoch: 190, Training Time: 14.9457 secs
Epoch: 190, Inference Time: 1.9299 secs
Epoch: 190, Train Loss: 6.0819, Train RMSE: 13.0073, Train MAPE: 0.8537, Train WMAPE: 0.0340, 
Epoch: 190, Valid Loss: 10.7451, Valid RMSE: 39.1852, Valid MAPE: 2.1108, Valid WMAPE: 0.0617
No update
Iter: 000, Train Loss: 6.4456, Train RMSE: 13.2475, Train MAPE: 0.7045, Train WMAPE: 0.0358
Iter: 050, Train Loss: 6.0067, Train RMSE: 12.4192, Train MAPE: 0.6285, Train WMAPE: 0.0329
Epoch: 191, Training Time: 14.9270 secs
Epoch: 191, Inference Time: 1.9769 secs
Epoch: 191, Train Loss: 6.0352, Train RMSE: 12.8516, Train MAPE: 0.9162, Train WMAPE: 0.0337, 
Epoch: 191, Valid Loss: 10.4167, Valid RMSE: 39.4002, Valid MAPE: 2.2276, Valid WMAPE: 0.0598
###Update tasks appear###
Evaluate best model on test data for horizon 1, Test MAE: 8.8474, Test RMSE: 57.2819, Test MAPE: 6.3226, Test WMAPE: 0.0514
Evaluate best model on test data for horizon 2, Test MAE: 10.1394, Test RMSE: 54.7350, Test MAPE: 11.8098, Test WMAPE: 0.0589
Evaluate best model on test data for horizon 3, Test MAE: 10.0369, Test RMSE: 38.9700, Test MAPE: 14.8901, Test WMAPE: 0.0583
Evaluate best model on test data for horizon 4, Test MAE: 11.4743, Test RMSE: 45.8143, Test MAPE: 17.4436, Test WMAPE: 0.0667
Evaluate best model on test data for horizon 5, Test MAE: 13.1472, Test RMSE: 55.2019, Test MAPE: 18.9109, Test WMAPE: 0.0764
Evaluate best model on test data for horizon 6, Test MAE: 13.2304, Test RMSE: 47.7931, Test MAPE: 20.7907, Test WMAPE: 0.0769
Evaluate best model on test data for horizon 7, Test MAE: 14.1005, Test RMSE: 50.7458, Test MAPE: 20.9191, Test WMAPE: 0.0820
Evaluate best model on test data for horizon 8, Test MAE: 14.6538, Test RMSE: 50.9693, Test MAPE: 21.4384, Test WMAPE: 0.0852
Evaluate best model on test data for horizon 9, Test MAE: 15.0405, Test RMSE: 50.3083, Test MAPE: 21.6454, Test WMAPE: 0.0875
Evaluate best model on test data for horizon 10, Test MAE: 15.1003, Test RMSE: 47.3452, Test MAPE: 22.2496, Test WMAPE: 0.0878
Evaluate best model on test data for horizon 11, Test MAE: 16.0838, Test RMSE: 55.7726, Test MAPE: 22.1137, Test WMAPE: 0.0936
Evaluate best model on test data for horizon 12, Test MAE: 16.0645, Test RMSE: 53.5057, Test MAPE: 21.9054, Test WMAPE: 0.0935
On average over 12 horizons, Test MAE: 13.1599, Test RMSE: 50.7036, Test MAPE: 18.3699, Test WMAPE: 0.0765
No update
Iter: 000, Train Loss: 6.0074, Train RMSE: 12.7116, Train MAPE: 0.6937, Train WMAPE: 0.0334
Iter: 050, Train Loss: 6.0309, Train RMSE: 12.4118, Train MAPE: 0.5895, Train WMAPE: 0.0331
Epoch: 192, Training Time: 15.3150 secs
Epoch: 192, Inference Time: 2.0749 secs
Epoch: 192, Train Loss: 5.9513, Train RMSE: 12.7424, Train MAPE: 0.8888, Train WMAPE: 0.0333, 
Epoch: 192, Valid Loss: 10.3549, Valid RMSE: 39.1380, Valid MAPE: 2.2874, Valid WMAPE: 0.0595
###Update tasks appear###
Evaluate best model on test data for horizon 1, Test MAE: 8.7553, Test RMSE: 57.0950, Test MAPE: 6.3607, Test WMAPE: 0.0508
Evaluate best model on test data for horizon 2, Test MAE: 10.1783, Test RMSE: 54.6928, Test MAPE: 11.8759, Test WMAPE: 0.0591
Evaluate best model on test data for horizon 3, Test MAE: 9.9326, Test RMSE: 38.9954, Test MAPE: 14.9986, Test WMAPE: 0.0577
Evaluate best model on test data for horizon 4, Test MAE: 11.4787, Test RMSE: 45.7519, Test MAPE: 17.5286, Test WMAPE: 0.0667
Evaluate best model on test data for horizon 5, Test MAE: 13.2180, Test RMSE: 55.0513, Test MAPE: 18.9747, Test WMAPE: 0.0768
Evaluate best model on test data for horizon 6, Test MAE: 13.2702, Test RMSE: 47.7522, Test MAPE: 20.8895, Test WMAPE: 0.0771
Evaluate best model on test data for horizon 7, Test MAE: 14.1101, Test RMSE: 50.5900, Test MAPE: 20.6836, Test WMAPE: 0.0820
Evaluate best model on test data for horizon 8, Test MAE: 14.6487, Test RMSE: 50.7292, Test MAPE: 21.0412, Test WMAPE: 0.0852
Evaluate best model on test data for horizon 9, Test MAE: 14.9594, Test RMSE: 49.9576, Test MAPE: 21.2961, Test WMAPE: 0.0870
Evaluate best model on test data for horizon 10, Test MAE: 15.0144, Test RMSE: 47.1053, Test MAPE: 21.9421, Test WMAPE: 0.0873
Evaluate best model on test data for horizon 11, Test MAE: 15.9911, Test RMSE: 55.3317, Test MAPE: 21.9762, Test WMAPE: 0.0930
Evaluate best model on test data for horizon 12, Test MAE: 15.9193, Test RMSE: 52.7983, Test MAPE: 21.5605, Test WMAPE: 0.0926
On average over 12 horizons, Test MAE: 13.1230, Test RMSE: 50.4876, Test MAPE: 18.2607, Test WMAPE: 0.0763
No update
Iter: 000, Train Loss: 6.0274, Train RMSE: 12.8340, Train MAPE: 0.7139, Train WMAPE: 0.0335
Iter: 050, Train Loss: 6.1530, Train RMSE: 12.5877, Train MAPE: 0.7620, Train WMAPE: 0.0337
Epoch: 193, Training Time: 15.2841 secs
Epoch: 193, Inference Time: 1.9759 secs
Epoch: 193, Train Loss: 6.0414, Train RMSE: 12.8862, Train MAPE: 1.0189, Train WMAPE: 0.0338, 
Epoch: 193, Valid Loss: 10.5080, Valid RMSE: 39.2698, Valid MAPE: 2.3086, Valid WMAPE: 0.0603
No update
Iter: 000, Train Loss: 6.2288, Train RMSE: 13.0687, Train MAPE: 0.7875, Train WMAPE: 0.0346
Iter: 050, Train Loss: 6.1291, Train RMSE: 12.3271, Train MAPE: 0.8682, Train WMAPE: 0.0336
Epoch: 194, Training Time: 15.3153 secs
Epoch: 194, Inference Time: 2.0715 secs
Epoch: 194, Train Loss: 6.0607, Train RMSE: 12.8351, Train MAPE: 1.2587, Train WMAPE: 0.0339, 
Epoch: 194, Valid Loss: 10.4900, Valid RMSE: 39.2021, Valid MAPE: 3.0699, Valid WMAPE: 0.0602
No update
Iter: 000, Train Loss: 6.1077, Train RMSE: 12.7421, Train MAPE: 1.0862, Train WMAPE: 0.0339
Iter: 050, Train Loss: 6.0835, Train RMSE: 12.1363, Train MAPE: 1.0694, Train WMAPE: 0.0334
Epoch: 195, Training Time: 15.0778 secs
Epoch: 195, Inference Time: 1.8943 secs
Epoch: 195, Train Loss: 5.9313, Train RMSE: 12.5602, Train MAPE: 1.2200, Train WMAPE: 0.0332, 
Epoch: 195, Valid Loss: 10.6592, Valid RMSE: 39.3539, Valid MAPE: 4.5057, Valid WMAPE: 0.0612
No update
Iter: 000, Train Loss: 6.1505, Train RMSE: 12.3958, Train MAPE: 1.7066, Train WMAPE: 0.0341
Iter: 050, Train Loss: 6.4485, Train RMSE: 12.5391, Train MAPE: 1.6722, Train WMAPE: 0.0354
Epoch: 196, Training Time: 15.3107 secs
Epoch: 196, Inference Time: 1.9727 secs
Epoch: 196, Train Loss: 5.9702, Train RMSE: 12.5924, Train MAPE: 1.2020, Train WMAPE: 0.0334, 
Epoch: 196, Valid Loss: 10.6151, Valid RMSE: 39.5263, Valid MAPE: 4.1802, Valid WMAPE: 0.0610
No update
Iter: 000, Train Loss: 6.1282, Train RMSE: 12.5203, Train MAPE: 1.5418, Train WMAPE: 0.0340
Iter: 050, Train Loss: 6.1028, Train RMSE: 12.3783, Train MAPE: 0.7003, Train WMAPE: 0.0335
Epoch: 197, Training Time: 15.9828 secs
Epoch: 197, Inference Time: 2.0824 secs
Epoch: 197, Train Loss: 5.9879, Train RMSE: 12.6441, Train MAPE: 1.2047, Train WMAPE: 0.0335, 
Epoch: 197, Valid Loss: 10.5226, Valid RMSE: 39.6494, Valid MAPE: 3.2354, Valid WMAPE: 0.0604
No update
Iter: 000, Train Loss: 6.0531, Train RMSE: 12.6065, Train MAPE: 1.1555, Train WMAPE: 0.0336
Iter: 050, Train Loss: 6.2893, Train RMSE: 13.0297, Train MAPE: 0.6422, Train WMAPE: 0.0345
Epoch: 198, Training Time: 15.5164 secs
Epoch: 198, Inference Time: 2.0579 secs
Epoch: 198, Train Loss: 6.1342, Train RMSE: 12.8659, Train MAPE: 1.2833, Train WMAPE: 0.0343, 
Epoch: 198, Valid Loss: 10.4850, Valid RMSE: 39.2012, Valid MAPE: 4.4914, Valid WMAPE: 0.0602
No update
Iter: 000, Train Loss: 6.1021, Train RMSE: 12.5729, Train MAPE: 1.5629, Train WMAPE: 0.0339
Iter: 050, Train Loss: 6.0265, Train RMSE: 12.2231, Train MAPE: 1.0036, Train WMAPE: 0.0330
Epoch: 199, Training Time: 15.4196 secs
Epoch: 199, Inference Time: 1.8923 secs
Epoch: 199, Train Loss: 6.0262, Train RMSE: 12.7049, Train MAPE: 1.2330, Train WMAPE: 0.0337, 
Epoch: 199, Valid Loss: 10.5652, Valid RMSE: 38.8200, Valid MAPE: 4.3215, Valid WMAPE: 0.0607
No update
Iter: 000, Train Loss: 6.3202, Train RMSE: 12.7580, Train MAPE: 1.4079, Train WMAPE: 0.0351
Iter: 050, Train Loss: 5.9162, Train RMSE: 12.0974, Train MAPE: 0.8547, Train WMAPE: 0.0324
Epoch: 200, Training Time: 15.6903 secs
Epoch: 200, Inference Time: 2.0782 secs
Epoch: 200, Train Loss: 5.9991, Train RMSE: 12.7141, Train MAPE: 1.1982, Train WMAPE: 0.0335, 
Epoch: 200, Valid Loss: 10.4094, Valid RMSE: 38.8604, Valid MAPE: 2.7790, Valid WMAPE: 0.0598
###Update tasks appear###
Evaluate best model on test data for horizon 1, Test MAE: 8.9751, Test RMSE: 57.1627, Test MAPE: 6.5187, Test WMAPE: 0.0521
Evaluate best model on test data for horizon 2, Test MAE: 10.3448, Test RMSE: 54.7985, Test MAPE: 11.9442, Test WMAPE: 0.0601
Evaluate best model on test data for horizon 3, Test MAE: 10.2054, Test RMSE: 38.9383, Test MAPE: 15.0039, Test WMAPE: 0.0593
Evaluate best model on test data for horizon 4, Test MAE: 11.5644, Test RMSE: 45.6147, Test MAPE: 17.5604, Test WMAPE: 0.0672
Evaluate best model on test data for horizon 5, Test MAE: 13.2166, Test RMSE: 55.0827, Test MAPE: 18.7153, Test WMAPE: 0.0768
Evaluate best model on test data for horizon 6, Test MAE: 13.1663, Test RMSE: 47.3332, Test MAPE: 20.2606, Test WMAPE: 0.0765
Evaluate best model on test data for horizon 7, Test MAE: 13.9765, Test RMSE: 50.0426, Test MAPE: 20.2255, Test WMAPE: 0.0813
Evaluate best model on test data for horizon 8, Test MAE: 14.4521, Test RMSE: 50.0882, Test MAPE: 20.8361, Test WMAPE: 0.0840
Evaluate best model on test data for horizon 9, Test MAE: 14.7760, Test RMSE: 49.4754, Test MAPE: 21.0963, Test WMAPE: 0.0859
Evaluate best model on test data for horizon 10, Test MAE: 14.8467, Test RMSE: 46.4377, Test MAPE: 21.7689, Test WMAPE: 0.0864
Evaluate best model on test data for horizon 11, Test MAE: 15.9363, Test RMSE: 54.6347, Test MAPE: 21.8529, Test WMAPE: 0.0927
Evaluate best model on test data for horizon 12, Test MAE: 15.8947, Test RMSE: 52.1457, Test MAPE: 21.5555, Test WMAPE: 0.0925
On average over 12 horizons, Test MAE: 13.1129, Test RMSE: 50.1462, Test MAPE: 18.1115, Test WMAPE: 0.0762
No update
Iter: 000, Train Loss: 6.0751, Train RMSE: 12.6157, Train MAPE: 1.0771, Train WMAPE: 0.0337
Iter: 050, Train Loss: 5.9654, Train RMSE: 12.0964, Train MAPE: 0.5500, Train WMAPE: 0.0327
Epoch: 201, Training Time: 15.2593 secs
Epoch: 201, Inference Time: 1.8116 secs
Epoch: 201, Train Loss: 6.0641, Train RMSE: 12.8364, Train MAPE: 1.1407, Train WMAPE: 0.0339, 
Epoch: 201, Valid Loss: 10.5035, Valid RMSE: 39.3355, Valid MAPE: 3.5330, Valid WMAPE: 0.0603
No update
Iter: 000, Train Loss: 6.2355, Train RMSE: 12.9658, Train MAPE: 1.3027, Train WMAPE: 0.0346
Iter: 050, Train Loss: 6.1077, Train RMSE: 12.2593, Train MAPE: 0.9425, Train WMAPE: 0.0335
Epoch: 202, Training Time: 15.0680 secs
Epoch: 202, Inference Time: 2.0084 secs
Epoch: 202, Train Loss: 5.9907, Train RMSE: 12.7055, Train MAPE: 1.1038, Train WMAPE: 0.0335, 
Epoch: 202, Valid Loss: 10.4482, Valid RMSE: 39.1727, Valid MAPE: 1.9480, Valid WMAPE: 0.0600
No update
Iter: 000, Train Loss: 6.1098, Train RMSE: 12.7373, Train MAPE: 0.6826, Train WMAPE: 0.0339
Iter: 050, Train Loss: 5.9804, Train RMSE: 12.3372, Train MAPE: 0.5354, Train WMAPE: 0.0328
Epoch: 203, Training Time: 15.3804 secs
Epoch: 203, Inference Time: 1.9815 secs
Epoch: 203, Train Loss: 6.0438, Train RMSE: 12.8239, Train MAPE: 0.9148, Train WMAPE: 0.0338, 
Epoch: 203, Valid Loss: 10.4956, Valid RMSE: 38.9355, Valid MAPE: 1.9241, Valid WMAPE: 0.0603
No update
Iter: 000, Train Loss: 6.1231, Train RMSE: 12.7219, Train MAPE: 0.5759, Train WMAPE: 0.0340
Iter: 050, Train Loss: 6.0352, Train RMSE: 12.2042, Train MAPE: 0.7908, Train WMAPE: 0.0331
Epoch: 204, Training Time: 14.8015 secs
Epoch: 204, Inference Time: 2.0142 secs
Epoch: 204, Train Loss: 6.0000, Train RMSE: 12.7649, Train MAPE: 0.9706, Train WMAPE: 0.0335, 
Epoch: 204, Valid Loss: 10.3679, Valid RMSE: 39.1289, Valid MAPE: 2.0669, Valid WMAPE: 0.0595
###Update tasks appear###
Evaluate best model on test data for horizon 1, Test MAE: 8.8125, Test RMSE: 57.0059, Test MAPE: 6.3913, Test WMAPE: 0.0512
Evaluate best model on test data for horizon 2, Test MAE: 10.1317, Test RMSE: 55.2146, Test MAPE: 11.8117, Test WMAPE: 0.0588
Evaluate best model on test data for horizon 3, Test MAE: 10.0134, Test RMSE: 39.3199, Test MAPE: 15.0162, Test WMAPE: 0.0582
Evaluate best model on test data for horizon 4, Test MAE: 11.5026, Test RMSE: 45.5438, Test MAPE: 17.5907, Test WMAPE: 0.0668
Evaluate best model on test data for horizon 5, Test MAE: 13.0479, Test RMSE: 54.9579, Test MAPE: 18.6441, Test WMAPE: 0.0758
Evaluate best model on test data for horizon 6, Test MAE: 13.2184, Test RMSE: 47.7478, Test MAPE: 20.4138, Test WMAPE: 0.0768
Evaluate best model on test data for horizon 7, Test MAE: 14.0291, Test RMSE: 50.0797, Test MAPE: 20.3597, Test WMAPE: 0.0816
Evaluate best model on test data for horizon 8, Test MAE: 14.5247, Test RMSE: 49.8863, Test MAPE: 20.7131, Test WMAPE: 0.0845
Evaluate best model on test data for horizon 9, Test MAE: 14.9043, Test RMSE: 49.6142, Test MAPE: 21.0144, Test WMAPE: 0.0867
Evaluate best model on test data for horizon 10, Test MAE: 15.0239, Test RMSE: 46.7116, Test MAPE: 21.7071, Test WMAPE: 0.0874
Evaluate best model on test data for horizon 11, Test MAE: 16.0188, Test RMSE: 54.4786, Test MAPE: 21.9121, Test WMAPE: 0.0932
Evaluate best model on test data for horizon 12, Test MAE: 16.0075, Test RMSE: 52.1942, Test MAPE: 21.7248, Test WMAPE: 0.0931
On average over 12 horizons, Test MAE: 13.1029, Test RMSE: 50.2295, Test MAPE: 18.1083, Test WMAPE: 0.0762
No update
Iter: 000, Train Loss: 5.8739, Train RMSE: 12.4769, Train MAPE: 0.6743, Train WMAPE: 0.0326
Iter: 050, Train Loss: 6.0189, Train RMSE: 12.3379, Train MAPE: 0.6586, Train WMAPE: 0.0330
Epoch: 205, Training Time: 15.2649 secs
Epoch: 205, Inference Time: 2.0100 secs
Epoch: 205, Train Loss: 5.9988, Train RMSE: 12.8017, Train MAPE: 0.9525, Train WMAPE: 0.0335, 
Epoch: 205, Valid Loss: 10.4850, Valid RMSE: 39.1126, Valid MAPE: 2.2632, Valid WMAPE: 0.0602
No update
Iter: 000, Train Loss: 6.0202, Train RMSE: 12.7563, Train MAPE: 0.6375, Train WMAPE: 0.0334
Iter: 050, Train Loss: 6.0006, Train RMSE: 12.4967, Train MAPE: 0.5009, Train WMAPE: 0.0329
Epoch: 206, Training Time: 15.6748 secs
Epoch: 206, Inference Time: 1.9912 secs
Epoch: 206, Train Loss: 6.0151, Train RMSE: 12.8902, Train MAPE: 0.9367, Train WMAPE: 0.0336, 
Epoch: 206, Valid Loss: 10.4884, Valid RMSE: 38.9103, Valid MAPE: 2.7830, Valid WMAPE: 0.0602
No update
Iter: 000, Train Loss: 6.3509, Train RMSE: 13.1904, Train MAPE: 1.0179, Train WMAPE: 0.0353
Iter: 050, Train Loss: 5.8768, Train RMSE: 12.1921, Train MAPE: 0.5302, Train WMAPE: 0.0322
Epoch: 207, Training Time: 15.1868 secs
Epoch: 207, Inference Time: 2.0971 secs
Epoch: 207, Train Loss: 5.9760, Train RMSE: 12.7956, Train MAPE: 0.9185, Train WMAPE: 0.0334, 
Epoch: 207, Valid Loss: 10.4395, Valid RMSE: 38.7966, Valid MAPE: 3.0890, Valid WMAPE: 0.0599
No update
Iter: 000, Train Loss: 6.3240, Train RMSE: 13.0658, Train MAPE: 1.0231, Train WMAPE: 0.0351
Iter: 050, Train Loss: 6.0656, Train RMSE: 12.3827, Train MAPE: 0.6140, Train WMAPE: 0.0333
Epoch: 208, Training Time: 15.6764 secs
Epoch: 208, Inference Time: 2.0001 secs
Epoch: 208, Train Loss: 5.9676, Train RMSE: 12.7166, Train MAPE: 0.9195, Train WMAPE: 0.0334, 
Epoch: 208, Valid Loss: 10.3170, Valid RMSE: 38.8038, Valid MAPE: 2.6479, Valid WMAPE: 0.0592
###Update tasks appear###
Evaluate best model on test data for horizon 1, Test MAE: 8.8805, Test RMSE: 57.0254, Test MAPE: 6.1891, Test WMAPE: 0.0516
Evaluate best model on test data for horizon 2, Test MAE: 10.0878, Test RMSE: 54.6443, Test MAPE: 11.4095, Test WMAPE: 0.0586
Evaluate best model on test data for horizon 3, Test MAE: 10.0316, Test RMSE: 39.0229, Test MAPE: 14.6592, Test WMAPE: 0.0583
Evaluate best model on test data for horizon 4, Test MAE: 11.4447, Test RMSE: 45.4422, Test MAPE: 17.1911, Test WMAPE: 0.0665
Evaluate best model on test data for horizon 5, Test MAE: 13.0465, Test RMSE: 54.7124, Test MAPE: 18.4217, Test WMAPE: 0.0758
Evaluate best model on test data for horizon 6, Test MAE: 13.1147, Test RMSE: 47.1236, Test MAPE: 20.0189, Test WMAPE: 0.0762
Evaluate best model on test data for horizon 7, Test MAE: 13.9306, Test RMSE: 49.5249, Test MAPE: 20.0845, Test WMAPE: 0.0810
Evaluate best model on test data for horizon 8, Test MAE: 14.4772, Test RMSE: 49.5713, Test MAPE: 20.7860, Test WMAPE: 0.0842
Evaluate best model on test data for horizon 9, Test MAE: 14.8675, Test RMSE: 49.1071, Test MAPE: 21.2207, Test WMAPE: 0.0865
Evaluate best model on test data for horizon 10, Test MAE: 14.9075, Test RMSE: 46.4346, Test MAPE: 21.5091, Test WMAPE: 0.0867
Evaluate best model on test data for horizon 11, Test MAE: 15.8191, Test RMSE: 53.9693, Test MAPE: 21.4863, Test WMAPE: 0.0920
Evaluate best model on test data for horizon 12, Test MAE: 15.8281, Test RMSE: 51.8712, Test MAPE: 21.4871, Test WMAPE: 0.0921
On average over 12 horizons, Test MAE: 13.0363, Test RMSE: 49.8708, Test MAPE: 17.8719, Test WMAPE: 0.0758
No update
Iter: 000, Train Loss: 5.9748, Train RMSE: 12.5764, Train MAPE: 0.8682, Train WMAPE: 0.0332
Iter: 050, Train Loss: 6.1685, Train RMSE: 12.7566, Train MAPE: 0.9138, Train WMAPE: 0.0338
Epoch: 209, Training Time: 15.2893 secs
Epoch: 209, Inference Time: 1.9763 secs
Epoch: 209, Train Loss: 5.9557, Train RMSE: 12.6934, Train MAPE: 0.9865, Train WMAPE: 0.0333, 
Epoch: 209, Valid Loss: 10.3693, Valid RMSE: 38.9249, Valid MAPE: 2.2048, Valid WMAPE: 0.0595
###Update tasks appear###
Evaluate best model on test data for horizon 1, Test MAE: 8.7656, Test RMSE: 56.7165, Test MAPE: 5.8626, Test WMAPE: 0.0509
Evaluate best model on test data for horizon 2, Test MAE: 10.0925, Test RMSE: 54.6439, Test MAPE: 11.1028, Test WMAPE: 0.0586
Evaluate best model on test data for horizon 3, Test MAE: 9.9931, Test RMSE: 38.8843, Test MAPE: 14.1489, Test WMAPE: 0.0580
Evaluate best model on test data for horizon 4, Test MAE: 11.4524, Test RMSE: 45.2511, Test MAPE: 16.9360, Test WMAPE: 0.0665
Evaluate best model on test data for horizon 5, Test MAE: 13.1031, Test RMSE: 54.9672, Test MAPE: 18.4293, Test WMAPE: 0.0761
Evaluate best model on test data for horizon 6, Test MAE: 13.2408, Test RMSE: 47.4637, Test MAPE: 20.2820, Test WMAPE: 0.0770
Evaluate best model on test data for horizon 7, Test MAE: 14.1163, Test RMSE: 49.8012, Test MAPE: 20.3090, Test WMAPE: 0.0821
Evaluate best model on test data for horizon 8, Test MAE: 14.6375, Test RMSE: 49.7014, Test MAPE: 20.9141, Test WMAPE: 0.0851
Evaluate best model on test data for horizon 9, Test MAE: 15.0509, Test RMSE: 49.4015, Test MAPE: 21.4073, Test WMAPE: 0.0875
Evaluate best model on test data for horizon 10, Test MAE: 15.1854, Test RMSE: 46.6698, Test MAPE: 21.7555, Test WMAPE: 0.0883
Evaluate best model on test data for horizon 11, Test MAE: 16.1103, Test RMSE: 54.2883, Test MAPE: 21.6816, Test WMAPE: 0.0937
Evaluate best model on test data for horizon 12, Test MAE: 16.0639, Test RMSE: 52.0362, Test MAPE: 21.3826, Test WMAPE: 0.0935
On average over 12 horizons, Test MAE: 13.1510, Test RMSE: 49.9854, Test MAPE: 17.8510, Test WMAPE: 0.0764
No update
Iter: 000, Train Loss: 5.8898, Train RMSE: 12.4024, Train MAPE: 0.7834, Train WMAPE: 0.0327
Iter: 050, Train Loss: 5.9295, Train RMSE: 12.1986, Train MAPE: 0.6581, Train WMAPE: 0.0325
Epoch: 210, Training Time: 15.2799 secs
Epoch: 210, Inference Time: 1.9950 secs
Epoch: 210, Train Loss: 5.9624, Train RMSE: 12.7188, Train MAPE: 0.9065, Train WMAPE: 0.0333, 
Epoch: 210, Valid Loss: 10.3712, Valid RMSE: 38.7782, Valid MAPE: 1.8390, Valid WMAPE: 0.0596
###Update tasks appear###
Evaluate best model on test data for horizon 1, Test MAE: 8.8286, Test RMSE: 56.8898, Test MAPE: 6.2429, Test WMAPE: 0.0513
Evaluate best model on test data for horizon 2, Test MAE: 10.1567, Test RMSE: 54.4956, Test MAPE: 11.6557, Test WMAPE: 0.0590
Evaluate best model on test data for horizon 3, Test MAE: 10.0727, Test RMSE: 38.9194, Test MAPE: 14.8490, Test WMAPE: 0.0585
Evaluate best model on test data for horizon 4, Test MAE: 11.5571, Test RMSE: 45.3102, Test MAPE: 17.4885, Test WMAPE: 0.0671
Evaluate best model on test data for horizon 5, Test MAE: 13.1394, Test RMSE: 54.6546, Test MAPE: 18.7496, Test WMAPE: 0.0764
Evaluate best model on test data for horizon 6, Test MAE: 13.3061, Test RMSE: 47.3383, Test MAPE: 20.3656, Test WMAPE: 0.0773
Evaluate best model on test data for horizon 7, Test MAE: 14.1133, Test RMSE: 49.7646, Test MAPE: 20.4848, Test WMAPE: 0.0821
Evaluate best model on test data for horizon 8, Test MAE: 14.6292, Test RMSE: 49.6384, Test MAPE: 21.0132, Test WMAPE: 0.0851
Evaluate best model on test data for horizon 9, Test MAE: 15.0111, Test RMSE: 49.3232, Test MAPE: 21.2210, Test WMAPE: 0.0873
Evaluate best model on test data for horizon 10, Test MAE: 15.1148, Test RMSE: 46.7090, Test MAPE: 21.7814, Test WMAPE: 0.0879
Evaluate best model on test data for horizon 11, Test MAE: 16.1228, Test RMSE: 54.4400, Test MAPE: 21.9982, Test WMAPE: 0.0938
Evaluate best model on test data for horizon 12, Test MAE: 16.2150, Test RMSE: 52.6802, Test MAPE: 21.8309, Test WMAPE: 0.0943
On average over 12 horizons, Test MAE: 13.1889, Test RMSE: 50.0136, Test MAPE: 18.1401, Test WMAPE: 0.0767
No update
Iter: 000, Train Loss: 5.8127, Train RMSE: 12.3080, Train MAPE: 0.5259, Train WMAPE: 0.0323
Iter: 050, Train Loss: 5.8772, Train RMSE: 12.1472, Train MAPE: 0.5613, Train WMAPE: 0.0322
Epoch: 211, Training Time: 15.2766 secs
Epoch: 211, Inference Time: 2.0140 secs
Epoch: 211, Train Loss: 5.8947, Train RMSE: 12.6034, Train MAPE: 0.8897, Train WMAPE: 0.0330, 
Epoch: 211, Valid Loss: 10.4540, Valid RMSE: 38.8686, Valid MAPE: 2.2073, Valid WMAPE: 0.0600
No update
Iter: 000, Train Loss: 5.9145, Train RMSE: 12.4719, Train MAPE: 0.7127, Train WMAPE: 0.0328
Iter: 050, Train Loss: 5.9135, Train RMSE: 12.0697, Train MAPE: 0.7254, Train WMAPE: 0.0324
Epoch: 212, Training Time: 15.2143 secs
Epoch: 212, Inference Time: 1.8881 secs
Epoch: 212, Train Loss: 5.8725, Train RMSE: 12.5486, Train MAPE: 0.9178, Train WMAPE: 0.0328, 
Epoch: 212, Valid Loss: 10.2904, Valid RMSE: 38.6286, Valid MAPE: 2.2938, Valid WMAPE: 0.0591
###Update tasks appear###
Evaluate best model on test data for horizon 1, Test MAE: 8.7773, Test RMSE: 56.7909, Test MAPE: 6.5308, Test WMAPE: 0.0510
Evaluate best model on test data for horizon 2, Test MAE: 10.1028, Test RMSE: 54.8207, Test MAPE: 11.7624, Test WMAPE: 0.0587
Evaluate best model on test data for horizon 3, Test MAE: 9.9989, Test RMSE: 38.9189, Test MAPE: 14.8948, Test WMAPE: 0.0581
Evaluate best model on test data for horizon 4, Test MAE: 11.4412, Test RMSE: 45.2038, Test MAPE: 17.3666, Test WMAPE: 0.0665
Evaluate best model on test data for horizon 5, Test MAE: 12.9772, Test RMSE: 54.5651, Test MAPE: 18.5070, Test WMAPE: 0.0754
Evaluate best model on test data for horizon 6, Test MAE: 13.1482, Test RMSE: 47.2546, Test MAPE: 20.2194, Test WMAPE: 0.0764
Evaluate best model on test data for horizon 7, Test MAE: 13.9709, Test RMSE: 49.4346, Test MAPE: 20.2253, Test WMAPE: 0.0812
Evaluate best model on test data for horizon 8, Test MAE: 14.4168, Test RMSE: 48.9797, Test MAPE: 20.7936, Test WMAPE: 0.0838
Evaluate best model on test data for horizon 9, Test MAE: 14.8537, Test RMSE: 49.0446, Test MAPE: 21.1208, Test WMAPE: 0.0864
Evaluate best model on test data for horizon 10, Test MAE: 15.0061, Test RMSE: 46.3468, Test MAPE: 21.6355, Test WMAPE: 0.0873
Evaluate best model on test data for horizon 11, Test MAE: 16.0226, Test RMSE: 53.7182, Test MAPE: 21.8220, Test WMAPE: 0.0932
Evaluate best model on test data for horizon 12, Test MAE: 16.0241, Test RMSE: 51.7537, Test MAPE: 21.3936, Test WMAPE: 0.0932
On average over 12 horizons, Test MAE: 13.0616, Test RMSE: 49.7360, Test MAPE: 18.0227, Test WMAPE: 0.0759
No update
Iter: 000, Train Loss: 5.9865, Train RMSE: 12.5504, Train MAPE: 0.8021, Train WMAPE: 0.0332
Iter: 050, Train Loss: 5.9124, Train RMSE: 12.1858, Train MAPE: 0.5312, Train WMAPE: 0.0324
Epoch: 213, Training Time: 15.2943 secs
Epoch: 213, Inference Time: 1.9667 secs
Epoch: 213, Train Loss: 5.9287, Train RMSE: 12.7559, Train MAPE: 0.9206, Train WMAPE: 0.0331, 
Epoch: 213, Valid Loss: 10.3329, Valid RMSE: 39.0520, Valid MAPE: 2.6791, Valid WMAPE: 0.0593
###Update tasks appear###
Evaluate best model on test data for horizon 1, Test MAE: 8.7678, Test RMSE: 56.6614, Test MAPE: 6.2172, Test WMAPE: 0.0509
Evaluate best model on test data for horizon 2, Test MAE: 10.0208, Test RMSE: 54.7360, Test MAPE: 11.5835, Test WMAPE: 0.0582
Evaluate best model on test data for horizon 3, Test MAE: 9.9445, Test RMSE: 38.9880, Test MAPE: 14.6470, Test WMAPE: 0.0578
Evaluate best model on test data for horizon 4, Test MAE: 11.3929, Test RMSE: 45.2544, Test MAPE: 17.0748, Test WMAPE: 0.0662
Evaluate best model on test data for horizon 5, Test MAE: 13.0182, Test RMSE: 54.9408, Test MAPE: 18.4694, Test WMAPE: 0.0756
Evaluate best model on test data for horizon 6, Test MAE: 13.1157, Test RMSE: 47.6680, Test MAPE: 19.8582, Test WMAPE: 0.0762
Evaluate best model on test data for horizon 7, Test MAE: 13.9863, Test RMSE: 49.8589, Test MAPE: 20.1338, Test WMAPE: 0.0813
Evaluate best model on test data for horizon 8, Test MAE: 14.4192, Test RMSE: 49.7034, Test MAPE: 20.3428, Test WMAPE: 0.0838
Evaluate best model on test data for horizon 9, Test MAE: 14.7883, Test RMSE: 49.5119, Test MAPE: 20.7388, Test WMAPE: 0.0860
Evaluate best model on test data for horizon 10, Test MAE: 14.8527, Test RMSE: 46.8619, Test MAPE: 21.2473, Test WMAPE: 0.0864
Evaluate best model on test data for horizon 11, Test MAE: 15.7950, Test RMSE: 54.5454, Test MAPE: 21.3180, Test WMAPE: 0.0919
Evaluate best model on test data for horizon 12, Test MAE: 15.7006, Test RMSE: 52.5299, Test MAPE: 21.0103, Test WMAPE: 0.0913
On average over 12 horizons, Test MAE: 12.9835, Test RMSE: 50.1050, Test MAPE: 17.7201, Test WMAPE: 0.0755
No update
Iter: 000, Train Loss: 6.0381, Train RMSE: 12.6762, Train MAPE: 0.7942, Train WMAPE: 0.0335
Iter: 050, Train Loss: 5.9843, Train RMSE: 12.3644, Train MAPE: 0.6634, Train WMAPE: 0.0328
Epoch: 214, Training Time: 15.0642 secs
Epoch: 214, Inference Time: 1.9029 secs
Epoch: 214, Train Loss: 5.8828, Train RMSE: 12.5742, Train MAPE: 0.9016, Train WMAPE: 0.0329, 
Epoch: 214, Valid Loss: 10.3313, Valid RMSE: 38.9929, Valid MAPE: 1.9317, Valid WMAPE: 0.0593
###Update tasks appear###
Evaluate best model on test data for horizon 1, Test MAE: 8.8568, Test RMSE: 56.7491, Test MAPE: 6.1878, Test WMAPE: 0.0514
Evaluate best model on test data for horizon 2, Test MAE: 10.1050, Test RMSE: 54.6233, Test MAPE: 11.4776, Test WMAPE: 0.0587
Evaluate best model on test data for horizon 3, Test MAE: 9.9864, Test RMSE: 38.9046, Test MAPE: 14.4902, Test WMAPE: 0.0580
Evaluate best model on test data for horizon 4, Test MAE: 11.3943, Test RMSE: 45.2347, Test MAPE: 17.0263, Test WMAPE: 0.0662
Evaluate best model on test data for horizon 5, Test MAE: 13.0273, Test RMSE: 54.7949, Test MAPE: 18.3606, Test WMAPE: 0.0757
Evaluate best model on test data for horizon 6, Test MAE: 13.0989, Test RMSE: 47.5238, Test MAPE: 19.9705, Test WMAPE: 0.0761
Evaluate best model on test data for horizon 7, Test MAE: 13.8493, Test RMSE: 49.6534, Test MAPE: 20.0277, Test WMAPE: 0.0805
Evaluate best model on test data for horizon 8, Test MAE: 14.3152, Test RMSE: 49.3475, Test MAPE: 20.2570, Test WMAPE: 0.0832
Evaluate best model on test data for horizon 9, Test MAE: 14.6217, Test RMSE: 49.0705, Test MAPE: 20.5741, Test WMAPE: 0.0850
Evaluate best model on test data for horizon 10, Test MAE: 14.6599, Test RMSE: 46.1970, Test MAPE: 21.0163, Test WMAPE: 0.0853
Evaluate best model on test data for horizon 11, Test MAE: 15.6226, Test RMSE: 54.0152, Test MAPE: 21.2381, Test WMAPE: 0.0909
Evaluate best model on test data for horizon 12, Test MAE: 15.6086, Test RMSE: 52.0977, Test MAPE: 20.9453, Test WMAPE: 0.0908
On average over 12 horizons, Test MAE: 12.9288, Test RMSE: 49.8510, Test MAPE: 17.6310, Test WMAPE: 0.0752
Test low! Updating! Test Loss: 12.9288276831309, Test low! Updating! Valid Loss: 10.331279924937657, epoch:  214
Iter: 000, Train Loss: 5.9216, Train RMSE: 12.5192, Train MAPE: 0.5328, Train WMAPE: 0.0329
Iter: 050, Train Loss: 6.0358, Train RMSE: 12.2670, Train MAPE: 0.7664, Train WMAPE: 0.0331
Epoch: 215, Training Time: 15.2106 secs
Epoch: 215, Inference Time: 2.0215 secs
Epoch: 215, Train Loss: 5.9104, Train RMSE: 12.6601, Train MAPE: 0.8661, Train WMAPE: 0.0330, 
Epoch: 215, Valid Loss: 10.3072, Valid RMSE: 38.7505, Valid MAPE: 2.2190, Valid WMAPE: 0.0592
###Update tasks appear###
Evaluate best model on test data for horizon 1, Test MAE: 8.8081, Test RMSE: 56.9459, Test MAPE: 6.2537, Test WMAPE: 0.0511
Evaluate best model on test data for horizon 2, Test MAE: 10.1302, Test RMSE: 54.8136, Test MAPE: 11.6582, Test WMAPE: 0.0588
Evaluate best model on test data for horizon 3, Test MAE: 9.9555, Test RMSE: 39.1384, Test MAPE: 14.6386, Test WMAPE: 0.0578
Evaluate best model on test data for horizon 4, Test MAE: 11.3899, Test RMSE: 45.1158, Test MAPE: 17.1727, Test WMAPE: 0.0662
Evaluate best model on test data for horizon 5, Test MAE: 13.0026, Test RMSE: 54.6291, Test MAPE: 18.4818, Test WMAPE: 0.0756
Evaluate best model on test data for horizon 6, Test MAE: 13.1529, Test RMSE: 47.6033, Test MAPE: 20.4475, Test WMAPE: 0.0764
Evaluate best model on test data for horizon 7, Test MAE: 13.8633, Test RMSE: 49.3462, Test MAPE: 19.9815, Test WMAPE: 0.0806
Evaluate best model on test data for horizon 8, Test MAE: 14.4052, Test RMSE: 49.2109, Test MAPE: 20.5641, Test WMAPE: 0.0838
Evaluate best model on test data for horizon 9, Test MAE: 14.8273, Test RMSE: 49.2009, Test MAPE: 20.6927, Test WMAPE: 0.0862
Evaluate best model on test data for horizon 10, Test MAE: 14.9215, Test RMSE: 46.4930, Test MAPE: 21.2552, Test WMAPE: 0.0868
Evaluate best model on test data for horizon 11, Test MAE: 15.9847, Test RMSE: 54.2545, Test MAPE: 21.6439, Test WMAPE: 0.0930
Evaluate best model on test data for horizon 12, Test MAE: 16.0208, Test RMSE: 52.3066, Test MAPE: 21.5368, Test WMAPE: 0.0932
On average over 12 horizons, Test MAE: 13.0385, Test RMSE: 49.9215, Test MAPE: 17.8606, Test WMAPE: 0.0758
No update
Iter: 000, Train Loss: 5.8736, Train RMSE: 12.4217, Train MAPE: 0.7028, Train WMAPE: 0.0326
Iter: 050, Train Loss: 5.9455, Train RMSE: 12.2837, Train MAPE: 0.6339, Train WMAPE: 0.0326
Epoch: 216, Training Time: 14.9896 secs
Epoch: 216, Inference Time: 2.0673 secs
Epoch: 216, Train Loss: 5.8657, Train RMSE: 12.5799, Train MAPE: 0.9060, Train WMAPE: 0.0328, 
Epoch: 216, Valid Loss: 10.3641, Valid RMSE: 38.8888, Valid MAPE: 2.3582, Valid WMAPE: 0.0595
No update
Iter: 000, Train Loss: 5.9167, Train RMSE: 12.6743, Train MAPE: 0.8708, Train WMAPE: 0.0328
Iter: 050, Train Loss: 5.9305, Train RMSE: 12.2000, Train MAPE: 0.6996, Train WMAPE: 0.0325
Epoch: 217, Training Time: 15.0104 secs
Epoch: 217, Inference Time: 1.9658 secs
Epoch: 217, Train Loss: 5.9402, Train RMSE: 12.5175, Train MAPE: 1.2328, Train WMAPE: 0.0332, 
Epoch: 217, Valid Loss: 10.4306, Valid RMSE: 38.5828, Valid MAPE: 2.0764, Valid WMAPE: 0.0599
No update
Iter: 000, Train Loss: 6.0235, Train RMSE: 12.4624, Train MAPE: 0.7294, Train WMAPE: 0.0334
Iter: 050, Train Loss: 5.7701, Train RMSE: 11.8548, Train MAPE: 0.7663, Train WMAPE: 0.0316
Epoch: 218, Training Time: 15.2259 secs
Epoch: 218, Inference Time: 1.9652 secs
Epoch: 218, Train Loss: 5.8518, Train RMSE: 12.3837, Train MAPE: 1.2047, Train WMAPE: 0.0327, 
Epoch: 218, Valid Loss: 10.2826, Valid RMSE: 38.8174, Valid MAPE: 2.6603, Valid WMAPE: 0.0590
###Update tasks appear###
Evaluate best model on test data for horizon 1, Test MAE: 8.7642, Test RMSE: 56.8597, Test MAPE: 6.1216, Test WMAPE: 0.0509
Evaluate best model on test data for horizon 2, Test MAE: 10.0222, Test RMSE: 54.7640, Test MAPE: 11.4045, Test WMAPE: 0.0582
Evaluate best model on test data for horizon 3, Test MAE: 9.8920, Test RMSE: 39.1068, Test MAPE: 14.3821, Test WMAPE: 0.0575
Evaluate best model on test data for horizon 4, Test MAE: 11.3414, Test RMSE: 45.1685, Test MAPE: 16.8640, Test WMAPE: 0.0659
Evaluate best model on test data for horizon 5, Test MAE: 12.9546, Test RMSE: 54.7364, Test MAPE: 18.1099, Test WMAPE: 0.0753
Evaluate best model on test data for horizon 6, Test MAE: 13.0583, Test RMSE: 47.5309, Test MAPE: 19.6287, Test WMAPE: 0.0759
Evaluate best model on test data for horizon 7, Test MAE: 13.8528, Test RMSE: 49.6734, Test MAPE: 19.7307, Test WMAPE: 0.0805
Evaluate best model on test data for horizon 8, Test MAE: 14.3413, Test RMSE: 49.4201, Test MAPE: 20.0721, Test WMAPE: 0.0834
Evaluate best model on test data for horizon 9, Test MAE: 14.6750, Test RMSE: 49.2708, Test MAPE: 20.3577, Test WMAPE: 0.0853
Evaluate best model on test data for horizon 10, Test MAE: 14.6994, Test RMSE: 46.4191, Test MAPE: 20.9753, Test WMAPE: 0.0855
Evaluate best model on test data for horizon 11, Test MAE: 15.6309, Test RMSE: 54.0135, Test MAPE: 21.0119, Test WMAPE: 0.0909
Evaluate best model on test data for horizon 12, Test MAE: 15.5847, Test RMSE: 51.8752, Test MAPE: 20.8578, Test WMAPE: 0.0907
On average over 12 horizons, Test MAE: 12.9014, Test RMSE: 49.9032, Test MAPE: 17.4597, Test WMAPE: 0.0750
Test low! Updating! Test Loss: 12.901401917139689, Test low! Updating! Valid Loss: 10.2826475415911, epoch:  218
Iter: 000, Train Loss: 5.9201, Train RMSE: 12.4599, Train MAPE: 0.8122, Train WMAPE: 0.0329
Iter: 050, Train Loss: 5.8520, Train RMSE: 12.1025, Train MAPE: 0.6604, Train WMAPE: 0.0321
Epoch: 219, Training Time: 15.4766 secs
Epoch: 219, Inference Time: 2.0113 secs
Epoch: 219, Train Loss: 5.8549, Train RMSE: 12.4184, Train MAPE: 1.0125, Train WMAPE: 0.0327, 
Epoch: 219, Valid Loss: 10.3651, Valid RMSE: 38.6959, Valid MAPE: 3.2366, Valid WMAPE: 0.0595
No update
Iter: 000, Train Loss: 5.9737, Train RMSE: 12.4384, Train MAPE: 1.1417, Train WMAPE: 0.0332
Iter: 050, Train Loss: 6.0276, Train RMSE: 12.0980, Train MAPE: 0.6553, Train WMAPE: 0.0331
Epoch: 220, Training Time: 15.8952 secs
Epoch: 220, Inference Time: 1.9667 secs
Epoch: 220, Train Loss: 5.8399, Train RMSE: 12.4865, Train MAPE: 0.9517, Train WMAPE: 0.0327, 
Epoch: 220, Valid Loss: 10.4428, Valid RMSE: 38.8841, Valid MAPE: 3.4243, Valid WMAPE: 0.0600
No update
Iter: 000, Train Loss: 6.0842, Train RMSE: 12.4997, Train MAPE: 1.2222, Train WMAPE: 0.0338
Iter: 050, Train Loss: 6.0564, Train RMSE: 12.8187, Train MAPE: 0.5997, Train WMAPE: 0.0332
Epoch: 221, Training Time: 15.2140 secs
Epoch: 221, Inference Time: 1.9754 secs
Epoch: 221, Train Loss: 5.8810, Train RMSE: 12.5426, Train MAPE: 0.9665, Train WMAPE: 0.0329, 
Epoch: 221, Valid Loss: 10.4101, Valid RMSE: 38.9144, Valid MAPE: 2.2955, Valid WMAPE: 0.0598
No update
Iter: 000, Train Loss: 5.9342, Train RMSE: 12.5492, Train MAPE: 0.7576, Train WMAPE: 0.0329
Iter: 050, Train Loss: 5.8054, Train RMSE: 11.8723, Train MAPE: 0.6566, Train WMAPE: 0.0318
Epoch: 222, Training Time: 15.4824 secs
Epoch: 222, Inference Time: 1.9071 secs
Epoch: 222, Train Loss: 5.8402, Train RMSE: 12.4758, Train MAPE: 0.8555, Train WMAPE: 0.0327, 
Epoch: 222, Valid Loss: 10.3001, Valid RMSE: 38.5982, Valid MAPE: 2.2614, Valid WMAPE: 0.0591
No update
Iter: 000, Train Loss: 5.8853, Train RMSE: 12.4385, Train MAPE: 0.7269, Train WMAPE: 0.0327
Iter: 050, Train Loss: 5.7801, Train RMSE: 11.7677, Train MAPE: 0.5443, Train WMAPE: 0.0317
Epoch: 223, Training Time: 15.5948 secs
Epoch: 223, Inference Time: 2.0600 secs
Epoch: 223, Train Loss: 5.8033, Train RMSE: 12.4250, Train MAPE: 0.8493, Train WMAPE: 0.0325, 
Epoch: 223, Valid Loss: 10.4863, Valid RMSE: 38.8799, Valid MAPE: 2.4918, Valid WMAPE: 0.0602
No update
Iter: 000, Train Loss: 5.9059, Train RMSE: 12.4769, Train MAPE: 0.8586, Train WMAPE: 0.0328
Iter: 050, Train Loss: 5.8412, Train RMSE: 12.0757, Train MAPE: 0.6264, Train WMAPE: 0.0320
Epoch: 224, Training Time: 15.0168 secs
Epoch: 224, Inference Time: 1.9853 secs
Epoch: 224, Train Loss: 5.7973, Train RMSE: 12.4193, Train MAPE: 0.8613, Train WMAPE: 0.0324, 
Epoch: 224, Valid Loss: 10.3763, Valid RMSE: 38.4795, Valid MAPE: 2.4259, Valid WMAPE: 0.0596
No update
Iter: 000, Train Loss: 5.9737, Train RMSE: 12.5987, Train MAPE: 0.8063, Train WMAPE: 0.0332
Iter: 050, Train Loss: 5.8120, Train RMSE: 11.9321, Train MAPE: 0.6974, Train WMAPE: 0.0319
Epoch: 225, Training Time: 15.5726 secs
Epoch: 225, Inference Time: 1.9096 secs
Epoch: 225, Train Loss: 5.8850, Train RMSE: 12.7030, Train MAPE: 0.8693, Train WMAPE: 0.0329, 
Epoch: 225, Valid Loss: 10.2315, Valid RMSE: 38.6056, Valid MAPE: 2.3276, Valid WMAPE: 0.0587
###Update tasks appear###
Evaluate best model on test data for horizon 1, Test MAE: 8.8701, Test RMSE: 56.6255, Test MAPE: 6.3905, Test WMAPE: 0.0515
Evaluate best model on test data for horizon 2, Test MAE: 10.1599, Test RMSE: 54.7472, Test MAPE: 11.7810, Test WMAPE: 0.0590
Evaluate best model on test data for horizon 3, Test MAE: 9.9385, Test RMSE: 38.8920, Test MAPE: 14.8034, Test WMAPE: 0.0577
Evaluate best model on test data for horizon 4, Test MAE: 11.3494, Test RMSE: 44.9045, Test MAPE: 17.3529, Test WMAPE: 0.0659
Evaluate best model on test data for horizon 5, Test MAE: 12.9765, Test RMSE: 54.1124, Test MAPE: 18.2315, Test WMAPE: 0.0754
Evaluate best model on test data for horizon 6, Test MAE: 13.0442, Test RMSE: 47.1936, Test MAPE: 20.1511, Test WMAPE: 0.0758
Evaluate best model on test data for horizon 7, Test MAE: 13.9063, Test RMSE: 49.6028, Test MAPE: 20.3920, Test WMAPE: 0.0809
Evaluate best model on test data for horizon 8, Test MAE: 14.3164, Test RMSE: 48.8594, Test MAPE: 20.6569, Test WMAPE: 0.0833
Evaluate best model on test data for horizon 9, Test MAE: 14.6756, Test RMSE: 48.7345, Test MAPE: 20.9543, Test WMAPE: 0.0854
Evaluate best model on test data for horizon 10, Test MAE: 14.7203, Test RMSE: 46.1118, Test MAPE: 21.4242, Test WMAPE: 0.0856
Evaluate best model on test data for horizon 11, Test MAE: 15.6233, Test RMSE: 53.7145, Test MAPE: 21.2883, Test WMAPE: 0.0909
Evaluate best model on test data for horizon 12, Test MAE: 15.5662, Test RMSE: 51.7429, Test MAPE: 21.2420, Test WMAPE: 0.0906
On average over 12 horizons, Test MAE: 12.9289, Test RMSE: 49.6034, Test MAPE: 17.8890, Test WMAPE: 0.0752
No update
Iter: 000, Train Loss: 5.8840, Train RMSE: 12.3206, Train MAPE: 0.8059, Train WMAPE: 0.0327
Iter: 050, Train Loss: 5.9184, Train RMSE: 12.0545, Train MAPE: 0.7092, Train WMAPE: 0.0325
Epoch: 226, Training Time: 14.9290 secs
Epoch: 226, Inference Time: 1.9297 secs
Epoch: 226, Train Loss: 5.7978, Train RMSE: 12.4032, Train MAPE: 0.8876, Train WMAPE: 0.0324, 
Epoch: 226, Valid Loss: 10.3767, Valid RMSE: 38.8420, Valid MAPE: 2.9094, Valid WMAPE: 0.0596
No update
Iter: 000, Train Loss: 5.9111, Train RMSE: 12.3350, Train MAPE: 1.0542, Train WMAPE: 0.0328
Iter: 050, Train Loss: 6.0153, Train RMSE: 12.3854, Train MAPE: 0.7231, Train WMAPE: 0.0330
Epoch: 227, Training Time: 15.2844 secs
Epoch: 227, Inference Time: 1.9930 secs
Epoch: 227, Train Loss: 5.7983, Train RMSE: 12.3794, Train MAPE: 0.8841, Train WMAPE: 0.0324, 
Epoch: 227, Valid Loss: 10.2586, Valid RMSE: 38.6299, Valid MAPE: 1.9706, Valid WMAPE: 0.0589
###Update tasks appear###
Evaluate best model on test data for horizon 1, Test MAE: 8.7807, Test RMSE: 56.5645, Test MAPE: 6.4605, Test WMAPE: 0.0510
Evaluate best model on test data for horizon 2, Test MAE: 10.1594, Test RMSE: 54.9458, Test MAPE: 11.8489, Test WMAPE: 0.0590
Evaluate best model on test data for horizon 3, Test MAE: 10.0420, Test RMSE: 39.1211, Test MAPE: 14.9394, Test WMAPE: 0.0583
Evaluate best model on test data for horizon 4, Test MAE: 11.4614, Test RMSE: 45.0269, Test MAPE: 17.2801, Test WMAPE: 0.0666
Evaluate best model on test data for horizon 5, Test MAE: 13.0422, Test RMSE: 54.2615, Test MAPE: 18.2686, Test WMAPE: 0.0758
Evaluate best model on test data for horizon 6, Test MAE: 13.2049, Test RMSE: 47.3658, Test MAPE: 20.0327, Test WMAPE: 0.0768
Evaluate best model on test data for horizon 7, Test MAE: 14.0202, Test RMSE: 49.5126, Test MAPE: 20.0314, Test WMAPE: 0.0815
Evaluate best model on test data for horizon 8, Test MAE: 14.4468, Test RMSE: 48.8326, Test MAPE: 20.3425, Test WMAPE: 0.0840
Evaluate best model on test data for horizon 9, Test MAE: 14.8074, Test RMSE: 48.6802, Test MAPE: 20.5053, Test WMAPE: 0.0861
Evaluate best model on test data for horizon 10, Test MAE: 14.8764, Test RMSE: 46.0669, Test MAPE: 20.9365, Test WMAPE: 0.0865
Evaluate best model on test data for horizon 11, Test MAE: 15.8121, Test RMSE: 53.7032, Test MAPE: 21.1290, Test WMAPE: 0.0920
Evaluate best model on test data for horizon 12, Test MAE: 15.7694, Test RMSE: 51.7386, Test MAPE: 20.8738, Test WMAPE: 0.0917
On average over 12 horizons, Test MAE: 13.0352, Test RMSE: 49.6516, Test MAPE: 17.7207, Test WMAPE: 0.0758
No update
Iter: 000, Train Loss: 5.7467, Train RMSE: 12.2293, Train MAPE: 0.7113, Train WMAPE: 0.0319
Iter: 050, Train Loss: 6.1047, Train RMSE: 12.3375, Train MAPE: 0.9938, Train WMAPE: 0.0335
Epoch: 228, Training Time: 15.0962 secs
Epoch: 228, Inference Time: 1.9966 secs
Epoch: 228, Train Loss: 5.8152, Train RMSE: 12.3747, Train MAPE: 1.0198, Train WMAPE: 0.0325, 
Epoch: 228, Valid Loss: 10.5461, Valid RMSE: 38.6439, Valid MAPE: 5.0935, Valid WMAPE: 0.0606
No update
Iter: 000, Train Loss: 5.9686, Train RMSE: 12.1684, Train MAPE: 1.9412, Train WMAPE: 0.0331
Iter: 050, Train Loss: 5.8232, Train RMSE: 11.8690, Train MAPE: 0.8938, Train WMAPE: 0.0319
Epoch: 229, Training Time: 15.5360 secs
Epoch: 229, Inference Time: 2.0279 secs
Epoch: 229, Train Loss: 5.7795, Train RMSE: 12.2370, Train MAPE: 1.1666, Train WMAPE: 0.0323, 
Epoch: 229, Valid Loss: 10.3765, Valid RMSE: 38.8033, Valid MAPE: 3.3585, Valid WMAPE: 0.0596
No update
Iter: 000, Train Loss: 5.8261, Train RMSE: 12.2310, Train MAPE: 1.3310, Train WMAPE: 0.0323
Iter: 050, Train Loss: 5.7003, Train RMSE: 11.7746, Train MAPE: 0.6425, Train WMAPE: 0.0313
Epoch: 230, Training Time: 15.3540 secs
Epoch: 230, Inference Time: 2.0270 secs
Epoch: 230, Train Loss: 5.7642, Train RMSE: 12.2212, Train MAPE: 1.1900, Train WMAPE: 0.0322, 
Epoch: 230, Valid Loss: 10.2318, Valid RMSE: 38.9779, Valid MAPE: 2.3260, Valid WMAPE: 0.0587
###Update tasks appear###
Evaluate best model on test data for horizon 1, Test MAE: 8.7439, Test RMSE: 56.7985, Test MAPE: 6.2897, Test WMAPE: 0.0508
Evaluate best model on test data for horizon 2, Test MAE: 10.0396, Test RMSE: 54.9568, Test MAPE: 11.6425, Test WMAPE: 0.0583
Evaluate best model on test data for horizon 3, Test MAE: 9.8992, Test RMSE: 39.2057, Test MAPE: 14.6475, Test WMAPE: 0.0575
Evaluate best model on test data for horizon 4, Test MAE: 11.3443, Test RMSE: 45.2895, Test MAPE: 17.0572, Test WMAPE: 0.0659
Evaluate best model on test data for horizon 5, Test MAE: 12.9233, Test RMSE: 54.5643, Test MAPE: 18.0407, Test WMAPE: 0.0751
Evaluate best model on test data for horizon 6, Test MAE: 13.0925, Test RMSE: 47.8497, Test MAPE: 19.6929, Test WMAPE: 0.0761
Evaluate best model on test data for horizon 7, Test MAE: 13.9151, Test RMSE: 50.0688, Test MAPE: 19.6931, Test WMAPE: 0.0809
Evaluate best model on test data for horizon 8, Test MAE: 14.3963, Test RMSE: 49.4596, Test MAPE: 20.0477, Test WMAPE: 0.0837
Evaluate best model on test data for horizon 9, Test MAE: 14.7515, Test RMSE: 49.3196, Test MAPE: 20.2889, Test WMAPE: 0.0858
Evaluate best model on test data for horizon 10, Test MAE: 14.7688, Test RMSE: 46.4340, Test MAPE: 20.8772, Test WMAPE: 0.0859
Evaluate best model on test data for horizon 11, Test MAE: 15.6934, Test RMSE: 53.9981, Test MAPE: 21.0644, Test WMAPE: 0.0913
Evaluate best model on test data for horizon 12, Test MAE: 15.7603, Test RMSE: 52.4520, Test MAPE: 20.9174, Test WMAPE: 0.0917
On average over 12 horizons, Test MAE: 12.9440, Test RMSE: 50.0330, Test MAPE: 17.5216, Test WMAPE: 0.0752
No update
Iter: 000, Train Loss: 5.7911, Train RMSE: 12.1986, Train MAPE: 0.5859, Train WMAPE: 0.0322
Iter: 050, Train Loss: 5.7556, Train RMSE: 11.7076, Train MAPE: 0.4733, Train WMAPE: 0.0316
Epoch: 231, Training Time: 15.0317 secs
Epoch: 231, Inference Time: 1.9310 secs
Epoch: 231, Train Loss: 5.7525, Train RMSE: 12.2441, Train MAPE: 0.9663, Train WMAPE: 0.0322, 
Epoch: 231, Valid Loss: 10.3386, Valid RMSE: 39.0851, Valid MAPE: 2.8879, Valid WMAPE: 0.0594
No update
Iter: 000, Train Loss: 5.9365, Train RMSE: 12.3467, Train MAPE: 0.9463, Train WMAPE: 0.0330
Iter: 050, Train Loss: 5.8376, Train RMSE: 11.9809, Train MAPE: 0.4922, Train WMAPE: 0.0320
Epoch: 232, Training Time: 15.4767 secs
Epoch: 232, Inference Time: 1.9900 secs
Epoch: 232, Train Loss: 5.7962, Train RMSE: 12.4161, Train MAPE: 0.8534, Train WMAPE: 0.0324, 
Epoch: 232, Valid Loss: 10.4364, Valid RMSE: 38.9525, Valid MAPE: 2.4273, Valid WMAPE: 0.0599
No update
Iter: 000, Train Loss: 6.3022, Train RMSE: 13.1716, Train MAPE: 0.9497, Train WMAPE: 0.0350
Iter: 050, Train Loss: 5.8863, Train RMSE: 11.9324, Train MAPE: 0.4588, Train WMAPE: 0.0323
Epoch: 233, Training Time: 15.1916 secs
Epoch: 233, Inference Time: 2.0937 secs
Epoch: 233, Train Loss: 5.8875, Train RMSE: 12.5531, Train MAPE: 0.8489, Train WMAPE: 0.0329, 
Epoch: 233, Valid Loss: 10.3333, Valid RMSE: 38.8041, Valid MAPE: 2.5129, Valid WMAPE: 0.0593
No update
Iter: 000, Train Loss: 5.8918, Train RMSE: 12.3712, Train MAPE: 0.8551, Train WMAPE: 0.0327
Iter: 050, Train Loss: 5.7320, Train RMSE: 11.7032, Train MAPE: 0.6856, Train WMAPE: 0.0314
Epoch: 234, Training Time: 15.2879 secs
Epoch: 234, Inference Time: 2.1026 secs
Epoch: 234, Train Loss: 5.7707, Train RMSE: 12.3149, Train MAPE: 0.8507, Train WMAPE: 0.0323, 
Epoch: 234, Valid Loss: 10.3503, Valid RMSE: 38.6625, Valid MAPE: 2.3268, Valid WMAPE: 0.0594
No update
Iter: 000, Train Loss: 5.6796, Train RMSE: 12.0101, Train MAPE: 0.7643, Train WMAPE: 0.0315
Iter: 050, Train Loss: 5.7620, Train RMSE: 11.8144, Train MAPE: 0.6346, Train WMAPE: 0.0316
Epoch: 235, Training Time: 15.2707 secs
Epoch: 235, Inference Time: 1.9907 secs
Epoch: 235, Train Loss: 5.7758, Train RMSE: 12.3860, Train MAPE: 0.8732, Train WMAPE: 0.0323, 
Epoch: 235, Valid Loss: 10.4991, Valid RMSE: 38.9205, Valid MAPE: 2.1148, Valid WMAPE: 0.0603
No update
Iter: 000, Train Loss: 6.0056, Train RMSE: 12.6900, Train MAPE: 0.7405, Train WMAPE: 0.0333
Iter: 050, Train Loss: 5.8384, Train RMSE: 11.8303, Train MAPE: 0.7821, Train WMAPE: 0.0320
Epoch: 236, Training Time: 15.1207 secs
Epoch: 236, Inference Time: 2.0598 secs
Epoch: 236, Train Loss: 5.8835, Train RMSE: 12.6568, Train MAPE: 0.8561, Train WMAPE: 0.0329, 
Epoch: 236, Valid Loss: 10.4316, Valid RMSE: 38.5317, Valid MAPE: 3.0339, Valid WMAPE: 0.0599
No update
Iter: 000, Train Loss: 6.0398, Train RMSE: 12.5134, Train MAPE: 1.0393, Train WMAPE: 0.0335
Iter: 050, Train Loss: 5.9887, Train RMSE: 13.0319, Train MAPE: 0.5711, Train WMAPE: 0.0328
Epoch: 237, Training Time: 15.1862 secs
Epoch: 237, Inference Time: 2.0006 secs
Epoch: 237, Train Loss: 5.8104, Train RMSE: 12.4849, Train MAPE: 0.8682, Train WMAPE: 0.0325, 
Epoch: 237, Valid Loss: 10.3469, Valid RMSE: 38.4670, Valid MAPE: 2.6268, Valid WMAPE: 0.0594
No update
Iter: 000, Train Loss: 6.1674, Train RMSE: 12.8032, Train MAPE: 0.8820, Train WMAPE: 0.0342
Iter: 050, Train Loss: 5.7503, Train RMSE: 11.6858, Train MAPE: 0.5129, Train WMAPE: 0.0315
Epoch: 238, Training Time: 15.1810 secs
Epoch: 238, Inference Time: 1.9871 secs
Epoch: 238, Train Loss: 5.7817, Train RMSE: 12.3998, Train MAPE: 0.8055, Train WMAPE: 0.0323, 
Epoch: 238, Valid Loss: 10.4322, Valid RMSE: 39.0367, Valid MAPE: 1.9823, Valid WMAPE: 0.0599
No update
Iter: 000, Train Loss: 5.8539, Train RMSE: 12.3187, Train MAPE: 0.6767, Train WMAPE: 0.0325
Iter: 050, Train Loss: 5.7701, Train RMSE: 12.0476, Train MAPE: 0.5605, Train WMAPE: 0.0316
Epoch: 239, Training Time: 15.3857 secs
Epoch: 239, Inference Time: 2.1126 secs
Epoch: 239, Train Loss: 5.7415, Train RMSE: 12.3074, Train MAPE: 0.8503, Train WMAPE: 0.0321, 
Epoch: 239, Valid Loss: 10.2605, Valid RMSE: 38.8091, Valid MAPE: 2.2365, Valid WMAPE: 0.0589
###Update tasks appear###
Evaluate best model on test data for horizon 1, Test MAE: 8.6984, Test RMSE: 56.6125, Test MAPE: 6.0965, Test WMAPE: 0.0505
Evaluate best model on test data for horizon 2, Test MAE: 10.0163, Test RMSE: 54.7301, Test MAPE: 11.4416, Test WMAPE: 0.0582
Evaluate best model on test data for horizon 3, Test MAE: 9.8509, Test RMSE: 39.2392, Test MAPE: 14.4515, Test WMAPE: 0.0572
Evaluate best model on test data for horizon 4, Test MAE: 11.2585, Test RMSE: 45.0203, Test MAPE: 16.9743, Test WMAPE: 0.0654
Evaluate best model on test data for horizon 5, Test MAE: 12.7883, Test RMSE: 53.7661, Test MAPE: 18.0840, Test WMAPE: 0.0743
Evaluate best model on test data for horizon 6, Test MAE: 12.9144, Test RMSE: 47.6621, Test MAPE: 19.5878, Test WMAPE: 0.0751
Evaluate best model on test data for horizon 7, Test MAE: 13.6777, Test RMSE: 49.4650, Test MAPE: 19.6510, Test WMAPE: 0.0795
Evaluate best model on test data for horizon 8, Test MAE: 14.0601, Test RMSE: 48.4513, Test MAPE: 19.9000, Test WMAPE: 0.0818
Evaluate best model on test data for horizon 9, Test MAE: 14.4922, Test RMSE: 48.9572, Test MAPE: 20.1281, Test WMAPE: 0.0843
Evaluate best model on test data for horizon 10, Test MAE: 14.4927, Test RMSE: 46.0435, Test MAPE: 20.6822, Test WMAPE: 0.0843
Evaluate best model on test data for horizon 11, Test MAE: 15.3329, Test RMSE: 53.1220, Test MAPE: 20.7763, Test WMAPE: 0.0892
Evaluate best model on test data for horizon 12, Test MAE: 15.2849, Test RMSE: 51.4013, Test MAPE: 20.5662, Test WMAPE: 0.0889
On average over 12 horizons, Test MAE: 12.7390, Test RMSE: 49.5392, Test MAPE: 17.3616, Test WMAPE: 0.0741
Test low! Updating! Test Loss: 12.738959709803263, Test low! Updating! Valid Loss: 10.260451078414917, epoch:  239
Iter: 000, Train Loss: 5.7734, Train RMSE: 12.1632, Train MAPE: 0.6642, Train WMAPE: 0.0321
Iter: 050, Train Loss: 5.7020, Train RMSE: 11.8883, Train MAPE: 0.4752, Train WMAPE: 0.0313
Epoch: 240, Training Time: 15.1799 secs
Epoch: 240, Inference Time: 1.9569 secs
Epoch: 240, Train Loss: 5.7528, Train RMSE: 12.2985, Train MAPE: 0.8610, Train WMAPE: 0.0322, 
Epoch: 240, Valid Loss: 10.3502, Valid RMSE: 38.4300, Valid MAPE: 2.4173, Valid WMAPE: 0.0594
No update
Iter: 000, Train Loss: 5.7247, Train RMSE: 12.2097, Train MAPE: 0.7066, Train WMAPE: 0.0318
Iter: 050, Train Loss: 5.7234, Train RMSE: 11.7243, Train MAPE: 0.5118, Train WMAPE: 0.0314
Epoch: 241, Training Time: 15.1901 secs
Epoch: 241, Inference Time: 2.0084 secs
Epoch: 241, Train Loss: 5.7223, Train RMSE: 12.2720, Train MAPE: 0.8393, Train WMAPE: 0.0320, 
Epoch: 241, Valid Loss: 10.4041, Valid RMSE: 38.9774, Valid MAPE: 2.1026, Valid WMAPE: 0.0597
No update
Iter: 000, Train Loss: 5.7030, Train RMSE: 12.0985, Train MAPE: 0.7678, Train WMAPE: 0.0317
Iter: 050, Train Loss: 5.6934, Train RMSE: 11.5858, Train MAPE: 0.7769, Train WMAPE: 0.0312
Epoch: 242, Training Time: 15.3634 secs
Epoch: 242, Inference Time: 2.0015 secs
Epoch: 242, Train Loss: 5.7500, Train RMSE: 12.1670, Train MAPE: 1.1432, Train WMAPE: 0.0322, 
Epoch: 242, Valid Loss: 10.3611, Valid RMSE: 38.6096, Valid MAPE: 2.9878, Valid WMAPE: 0.0595
No update
Iter: 000, Train Loss: 5.7240, Train RMSE: 12.0302, Train MAPE: 1.0684, Train WMAPE: 0.0318
Iter: 050, Train Loss: 5.8018, Train RMSE: 11.7222, Train MAPE: 0.8546, Train WMAPE: 0.0318
Epoch: 243, Training Time: 15.3818 secs
Epoch: 243, Inference Time: 2.0005 secs
Epoch: 243, Train Loss: 5.7128, Train RMSE: 12.1202, Train MAPE: 1.1148, Train WMAPE: 0.0319, 
Epoch: 243, Valid Loss: 10.5419, Valid RMSE: 39.0342, Valid MAPE: 3.9010, Valid WMAPE: 0.0605
No update
Iter: 000, Train Loss: 5.9731, Train RMSE: 12.1455, Train MAPE: 1.4356, Train WMAPE: 0.0332
Iter: 050, Train Loss: 5.9194, Train RMSE: 11.9140, Train MAPE: 0.8156, Train WMAPE: 0.0325
Epoch: 244, Training Time: 15.3703 secs
Epoch: 244, Inference Time: 2.0936 secs
Epoch: 244, Train Loss: 5.7650, Train RMSE: 12.2075, Train MAPE: 1.0182, Train WMAPE: 0.0322, 
Epoch: 244, Valid Loss: 10.5113, Valid RMSE: 38.9125, Valid MAPE: 3.6145, Valid WMAPE: 0.0604
No update
Iter: 000, Train Loss: 5.8634, Train RMSE: 11.9986, Train MAPE: 1.3754, Train WMAPE: 0.0326
Iter: 050, Train Loss: 5.9721, Train RMSE: 12.1888, Train MAPE: 0.6298, Train WMAPE: 0.0327
Epoch: 245, Training Time: 15.6107 secs
Epoch: 245, Inference Time: 1.9833 secs
Epoch: 245, Train Loss: 5.7912, Train RMSE: 12.2723, Train MAPE: 0.8944, Train WMAPE: 0.0324, 
Epoch: 245, Valid Loss: 10.3971, Valid RMSE: 38.9954, Valid MAPE: 2.7478, Valid WMAPE: 0.0597
No update
Iter: 000, Train Loss: 5.7057, Train RMSE: 11.9697, Train MAPE: 1.0984, Train WMAPE: 0.0317
Iter: 050, Train Loss: 5.8590, Train RMSE: 11.9036, Train MAPE: 1.1037, Train WMAPE: 0.0321
Epoch: 246, Training Time: 15.6743 secs
Epoch: 246, Inference Time: 1.9951 secs
Epoch: 246, Train Loss: 5.7503, Train RMSE: 12.1448, Train MAPE: 1.1617, Train WMAPE: 0.0322, 
Epoch: 246, Valid Loss: 10.4234, Valid RMSE: 38.8295, Valid MAPE: 4.1758, Valid WMAPE: 0.0598
No update
Iter: 000, Train Loss: 5.7978, Train RMSE: 11.9576, Train MAPE: 1.4257, Train WMAPE: 0.0322
Iter: 050, Train Loss: 5.9558, Train RMSE: 11.9151, Train MAPE: 0.4894, Train WMAPE: 0.0327
Epoch: 247, Training Time: 15.1776 secs
Epoch: 247, Inference Time: 1.8934 secs
Epoch: 247, Train Loss: 5.7626, Train RMSE: 12.2098, Train MAPE: 0.9504, Train WMAPE: 0.0322, 
Epoch: 247, Valid Loss: 10.5091, Valid RMSE: 38.7306, Valid MAPE: 3.8086, Valid WMAPE: 0.0603
No update
Iter: 000, Train Loss: 6.0434, Train RMSE: 12.5166, Train MAPE: 1.2958, Train WMAPE: 0.0336
Iter: 050, Train Loss: 5.7771, Train RMSE: 11.8761, Train MAPE: 0.5955, Train WMAPE: 0.0317
Epoch: 248, Training Time: 14.8813 secs
Epoch: 248, Inference Time: 1.8088 secs
Epoch: 248, Train Loss: 5.7258, Train RMSE: 12.2043, Train MAPE: 0.8086, Train WMAPE: 0.0320, 
Epoch: 248, Valid Loss: 10.3698, Valid RMSE: 38.9307, Valid MAPE: 2.4490, Valid WMAPE: 0.0595
No update
Iter: 000, Train Loss: 5.8016, Train RMSE: 12.1037, Train MAPE: 0.7368, Train WMAPE: 0.0322
Iter: 050, Train Loss: 5.6311, Train RMSE: 11.6867, Train MAPE: 0.5523, Train WMAPE: 0.0309
Epoch: 249, Training Time: 15.3746 secs
Epoch: 249, Inference Time: 2.0870 secs
Epoch: 249, Train Loss: 5.6913, Train RMSE: 12.1591, Train MAPE: 0.8355, Train WMAPE: 0.0318, 
Epoch: 249, Valid Loss: 10.3326, Valid RMSE: 38.6972, Valid MAPE: 2.3069, Valid WMAPE: 0.0593
No update
Iter: 000, Train Loss: 5.8084, Train RMSE: 12.0987, Train MAPE: 0.8057, Train WMAPE: 0.0322
Iter: 050, Train Loss: 5.6697, Train RMSE: 11.8238, Train MAPE: 0.6045, Train WMAPE: 0.0311
Epoch: 250, Training Time: 15.6179 secs
Epoch: 250, Inference Time: 2.0747 secs
Epoch: 250, Train Loss: 5.6798, Train RMSE: 12.1159, Train MAPE: 0.8386, Train WMAPE: 0.0318, 
Epoch: 250, Valid Loss: 10.2711, Valid RMSE: 38.7239, Valid MAPE: 2.1859, Valid WMAPE: 0.0590
No update
Iter: 000, Train Loss: 5.7454, Train RMSE: 12.1848, Train MAPE: 0.6886, Train WMAPE: 0.0319
Iter: 050, Train Loss: 5.7317, Train RMSE: 11.5438, Train MAPE: 0.8846, Train WMAPE: 0.0314
Epoch: 251, Training Time: 15.3658 secs
Epoch: 251, Inference Time: 2.0045 secs
Epoch: 251, Train Loss: 5.6933, Train RMSE: 12.1093, Train MAPE: 0.9329, Train WMAPE: 0.0318, 
Epoch: 251, Valid Loss: 10.3198, Valid RMSE: 38.9080, Valid MAPE: 2.0634, Valid WMAPE: 0.0593
No update
Iter: 000, Train Loss: 5.6712, Train RMSE: 11.9060, Train MAPE: 0.6443, Train WMAPE: 0.0315
Iter: 050, Train Loss: 5.7327, Train RMSE: 11.6819, Train MAPE: 0.7395, Train WMAPE: 0.0314
Epoch: 252, Training Time: 15.4041 secs
Epoch: 252, Inference Time: 2.0693 secs
Epoch: 252, Train Loss: 5.7315, Train RMSE: 12.3089, Train MAPE: 0.8528, Train WMAPE: 0.0320, 
Epoch: 252, Valid Loss: 10.2821, Valid RMSE: 38.7751, Valid MAPE: 2.1072, Valid WMAPE: 0.0590
No update
Iter: 000, Train Loss: 5.6836, Train RMSE: 12.0367, Train MAPE: 0.6538, Train WMAPE: 0.0316
Iter: 050, Train Loss: 5.7195, Train RMSE: 11.8386, Train MAPE: 0.4698, Train WMAPE: 0.0314
Epoch: 253, Training Time: 15.2789 secs
Epoch: 253, Inference Time: 1.9846 secs
Epoch: 253, Train Loss: 5.8111, Train RMSE: 12.4127, Train MAPE: 1.0339, Train WMAPE: 0.0325, 
Epoch: 253, Valid Loss: 10.3811, Valid RMSE: 38.4478, Valid MAPE: 2.4707, Valid WMAPE: 0.0596
No update
Iter: 000, Train Loss: 5.7684, Train RMSE: 12.2516, Train MAPE: 0.7017, Train WMAPE: 0.0320
Iter: 050, Train Loss: 5.7028, Train RMSE: 11.5435, Train MAPE: 1.0841, Train WMAPE: 0.0313
Epoch: 254, Training Time: 15.4807 secs
Epoch: 254, Inference Time: 1.9150 secs
Epoch: 254, Train Loss: 5.7379, Train RMSE: 12.1306, Train MAPE: 1.1539, Train WMAPE: 0.0321, 
Epoch: 254, Valid Loss: 10.6236, Valid RMSE: 38.7547, Valid MAPE: 5.7461, Valid WMAPE: 0.0610
No update
Iter: 000, Train Loss: 6.0448, Train RMSE: 12.2091, Train MAPE: 1.9307, Train WMAPE: 0.0336
Iter: 050, Train Loss: 5.5170, Train RMSE: 11.3861, Train MAPE: 0.4773, Train WMAPE: 0.0303
Epoch: 255, Training Time: 15.6633 secs
Epoch: 255, Inference Time: 2.0152 secs
Epoch: 255, Train Loss: 5.6686, Train RMSE: 12.0667, Train MAPE: 0.9384, Train WMAPE: 0.0317, 
Epoch: 255, Valid Loss: 10.4371, Valid RMSE: 38.8218, Valid MAPE: 3.5560, Valid WMAPE: 0.0599
No update
Iter: 000, Train Loss: 5.8438, Train RMSE: 12.1587, Train MAPE: 1.1159, Train WMAPE: 0.0324
Iter: 050, Train Loss: 5.7230, Train RMSE: 11.8759, Train MAPE: 0.5434, Train WMAPE: 0.0314
Epoch: 256, Training Time: 15.7655 secs
Epoch: 256, Inference Time: 2.0866 secs
Epoch: 256, Train Loss: 5.6850, Train RMSE: 12.1204, Train MAPE: 0.8862, Train WMAPE: 0.0318, 
Epoch: 256, Valid Loss: 10.4297, Valid RMSE: 38.8088, Valid MAPE: 2.3285, Valid WMAPE: 0.0599
No update
Iter: 000, Train Loss: 5.8297, Train RMSE: 12.2441, Train MAPE: 0.6941, Train WMAPE: 0.0324
Iter: 050, Train Loss: 5.6126, Train RMSE: 11.6725, Train MAPE: 0.5164, Train WMAPE: 0.0308
Epoch: 257, Training Time: 14.9822 secs
Epoch: 257, Inference Time: 1.8926 secs
Epoch: 257, Train Loss: 5.6899, Train RMSE: 12.1343, Train MAPE: 0.7905, Train WMAPE: 0.0318, 
Epoch: 257, Valid Loss: 10.2767, Valid RMSE: 38.7766, Valid MAPE: 1.7947, Valid WMAPE: 0.0590
No update
Iter: 000, Train Loss: 5.6005, Train RMSE: 11.9718, Train MAPE: 0.5060, Train WMAPE: 0.0311
Iter: 050, Train Loss: 5.5716, Train RMSE: 11.3287, Train MAPE: 0.5938, Train WMAPE: 0.0306
Epoch: 258, Training Time: 14.7902 secs
Epoch: 258, Inference Time: 1.9078 secs
Epoch: 258, Train Loss: 5.6542, Train RMSE: 12.0954, Train MAPE: 0.8171, Train WMAPE: 0.0316, 
Epoch: 258, Valid Loss: 10.3589, Valid RMSE: 38.7467, Valid MAPE: 2.1965, Valid WMAPE: 0.0595
No update
Iter: 000, Train Loss: 5.6119, Train RMSE: 11.9474, Train MAPE: 0.6816, Train WMAPE: 0.0312
Iter: 050, Train Loss: 5.6277, Train RMSE: 11.6587, Train MAPE: 0.4694, Train WMAPE: 0.0309
Epoch: 259, Training Time: 14.9919 secs
Epoch: 259, Inference Time: 1.8593 secs
Epoch: 259, Train Loss: 5.6403, Train RMSE: 12.0826, Train MAPE: 0.8299, Train WMAPE: 0.0315, 
Epoch: 259, Valid Loss: 10.4395, Valid RMSE: 38.7932, Valid MAPE: 2.6299, Valid WMAPE: 0.0599
No update
Iter: 000, Train Loss: 5.8278, Train RMSE: 12.2915, Train MAPE: 0.9206, Train WMAPE: 0.0324
Iter: 050, Train Loss: 5.6295, Train RMSE: 11.5022, Train MAPE: 0.6490, Train WMAPE: 0.0309
Epoch: 260, Training Time: 14.6897 secs
Epoch: 260, Inference Time: 1.8134 secs
Epoch: 260, Train Loss: 5.6584, Train RMSE: 12.0474, Train MAPE: 0.9696, Train WMAPE: 0.0316, 
Epoch: 260, Valid Loss: 10.3272, Valid RMSE: 38.8278, Valid MAPE: 2.3250, Valid WMAPE: 0.0593
No update
Iter: 000, Train Loss: 5.6773, Train RMSE: 12.0267, Train MAPE: 0.6471, Train WMAPE: 0.0315
Iter: 050, Train Loss: 5.6138, Train RMSE: 11.6611, Train MAPE: 0.6120, Train WMAPE: 0.0308
Epoch: 261, Training Time: 15.0518 secs
Epoch: 261, Inference Time: 1.9401 secs
Epoch: 261, Train Loss: 5.6360, Train RMSE: 11.9660, Train MAPE: 1.1400, Train WMAPE: 0.0315, 
Epoch: 261, Valid Loss: 10.3449, Valid RMSE: 38.8547, Valid MAPE: 3.1775, Valid WMAPE: 0.0594
No update
Iter: 000, Train Loss: 5.7012, Train RMSE: 12.0420, Train MAPE: 1.1022, Train WMAPE: 0.0317
Iter: 050, Train Loss: 5.7565, Train RMSE: 11.5041, Train MAPE: 1.1397, Train WMAPE: 0.0316
Epoch: 262, Training Time: 15.1759 secs
Epoch: 262, Inference Time: 2.1076 secs
Epoch: 262, Train Loss: 5.6393, Train RMSE: 11.9696, Train MAPE: 1.0456, Train WMAPE: 0.0315, 
Epoch: 262, Valid Loss: 10.5284, Valid RMSE: 38.8404, Valid MAPE: 3.5617, Valid WMAPE: 0.0604
No update
Iter: 000, Train Loss: 5.9091, Train RMSE: 12.0726, Train MAPE: 1.2164, Train WMAPE: 0.0328
Iter: 050, Train Loss: 5.6205, Train RMSE: 11.5740, Train MAPE: 0.5612, Train WMAPE: 0.0308
Epoch: 263, Training Time: 15.3640 secs
Epoch: 263, Inference Time: 2.0900 secs
Epoch: 263, Train Loss: 5.6675, Train RMSE: 12.0026, Train MAPE: 1.0421, Train WMAPE: 0.0317, 
Epoch: 263, Valid Loss: 10.4177, Valid RMSE: 38.9885, Valid MAPE: 4.0150, Valid WMAPE: 0.0598
No update
Iter: 000, Train Loss: 5.8214, Train RMSE: 12.1032, Train MAPE: 1.5033, Train WMAPE: 0.0323
Iter: 050, Train Loss: 5.8046, Train RMSE: 11.8686, Train MAPE: 1.2411, Train WMAPE: 0.0318
Epoch: 264, Training Time: 15.0943 secs
Epoch: 264, Inference Time: 1.9881 secs
Epoch: 264, Train Loss: 5.6953, Train RMSE: 12.0208, Train MAPE: 1.1908, Train WMAPE: 0.0318, 
Epoch: 264, Valid Loss: 10.4852, Valid RMSE: 38.7821, Valid MAPE: 5.0001, Valid WMAPE: 0.0602
No update
Iter: 000, Train Loss: 5.8911, Train RMSE: 12.0076, Train MAPE: 1.9190, Train WMAPE: 0.0327
Iter: 050, Train Loss: 5.6839, Train RMSE: 11.5639, Train MAPE: 1.1160, Train WMAPE: 0.0312
Epoch: 265, Training Time: 15.3790 secs
Epoch: 265, Inference Time: 2.0934 secs
Epoch: 265, Train Loss: 5.6583, Train RMSE: 11.9625, Train MAPE: 1.1407, Train WMAPE: 0.0316, 
Epoch: 265, Valid Loss: 10.5528, Valid RMSE: 38.9330, Valid MAPE: 4.7742, Valid WMAPE: 0.0606
No update
Iter: 000, Train Loss: 6.0785, Train RMSE: 12.1946, Train MAPE: 1.6403, Train WMAPE: 0.0337
Iter: 050, Train Loss: 5.5927, Train RMSE: 11.4695, Train MAPE: 0.8823, Train WMAPE: 0.0307
Epoch: 266, Training Time: 15.7793 secs
Epoch: 266, Inference Time: 2.0168 secs
Epoch: 266, Train Loss: 5.6345, Train RMSE: 11.9241, Train MAPE: 1.0694, Train WMAPE: 0.0315, 
Epoch: 266, Valid Loss: 10.2247, Valid RMSE: 38.7474, Valid MAPE: 2.4550, Valid WMAPE: 0.0587
###Update tasks appear###
Evaluate best model on test data for horizon 1, Test MAE: 8.7185, Test RMSE: 56.5529, Test MAPE: 6.5373, Test WMAPE: 0.0506
Evaluate best model on test data for horizon 2, Test MAE: 9.9951, Test RMSE: 54.3062, Test MAPE: 11.9046, Test WMAPE: 0.0580
Evaluate best model on test data for horizon 3, Test MAE: 9.9627, Test RMSE: 39.4974, Test MAPE: 15.0556, Test WMAPE: 0.0579
Evaluate best model on test data for horizon 4, Test MAE: 11.4171, Test RMSE: 45.3401, Test MAPE: 17.4557, Test WMAPE: 0.0663
Evaluate best model on test data for horizon 5, Test MAE: 12.8876, Test RMSE: 53.7807, Test MAPE: 18.1502, Test WMAPE: 0.0749
Evaluate best model on test data for horizon 6, Test MAE: 13.1557, Test RMSE: 48.1703, Test MAPE: 19.6751, Test WMAPE: 0.0765
Evaluate best model on test data for horizon 7, Test MAE: 13.9298, Test RMSE: 50.0025, Test MAPE: 19.7581, Test WMAPE: 0.0810
Evaluate best model on test data for horizon 8, Test MAE: 14.3959, Test RMSE: 49.0674, Test MAPE: 20.1149, Test WMAPE: 0.0837
Evaluate best model on test data for horizon 9, Test MAE: 14.8916, Test RMSE: 49.8237, Test MAPE: 20.3129, Test WMAPE: 0.0866
Evaluate best model on test data for horizon 10, Test MAE: 14.9338, Test RMSE: 46.6379, Test MAPE: 20.8633, Test WMAPE: 0.0869
Evaluate best model on test data for horizon 11, Test MAE: 15.8359, Test RMSE: 53.6072, Test MAPE: 21.1513, Test WMAPE: 0.0921
Evaluate best model on test data for horizon 12, Test MAE: 15.9154, Test RMSE: 52.0350, Test MAPE: 21.0202, Test WMAPE: 0.0926
On average over 12 horizons, Test MAE: 13.0033, Test RMSE: 49.9018, Test MAPE: 17.6666, Test WMAPE: 0.0756
No update
Iter: 000, Train Loss: 5.5910, Train RMSE: 11.8929, Train MAPE: 0.7205, Train WMAPE: 0.0310
Iter: 050, Train Loss: 5.6840, Train RMSE: 11.6493, Train MAPE: 0.6304, Train WMAPE: 0.0312
Epoch: 267, Training Time: 15.3744 secs
Epoch: 267, Inference Time: 2.1026 secs
Epoch: 267, Train Loss: 5.6750, Train RMSE: 12.0687, Train MAPE: 0.8321, Train WMAPE: 0.0317, 
Epoch: 267, Valid Loss: 10.3420, Valid RMSE: 39.0645, Valid MAPE: 2.2142, Valid WMAPE: 0.0594
No update
Iter: 000, Train Loss: 5.7300, Train RMSE: 12.0327, Train MAPE: 0.7315, Train WMAPE: 0.0318
Iter: 050, Train Loss: 7.1372, Train RMSE: 17.0547, Train MAPE: 0.5895, Train WMAPE: 0.0391
Epoch: 268, Training Time: 15.4148 secs
Epoch: 268, Inference Time: 2.0517 secs
Epoch: 268, Train Loss: 5.8091, Train RMSE: 12.4431, Train MAPE: 0.8541, Train WMAPE: 0.0325, 
Epoch: 268, Valid Loss: 10.4297, Valid RMSE: 38.6856, Valid MAPE: 3.2655, Valid WMAPE: 0.0599
No update
Iter: 000, Train Loss: 6.0332, Train RMSE: 12.4447, Train MAPE: 1.1777, Train WMAPE: 0.0335
Iter: 050, Train Loss: 5.7566, Train RMSE: 11.7767, Train MAPE: 0.5706, Train WMAPE: 0.0316
Epoch: 269, Training Time: 15.0896 secs
Epoch: 269, Inference Time: 2.0975 secs
Epoch: 269, Train Loss: 5.7509, Train RMSE: 12.2646, Train MAPE: 0.8901, Train WMAPE: 0.0322, 
Epoch: 269, Valid Loss: 10.2360, Valid RMSE: 38.8985, Valid MAPE: 2.1416, Valid WMAPE: 0.0588
###Update tasks appear###
Evaluate best model on test data for horizon 1, Test MAE: 8.7013, Test RMSE: 56.3526, Test MAPE: 6.3717, Test WMAPE: 0.0505
Evaluate best model on test data for horizon 2, Test MAE: 10.0123, Test RMSE: 54.3583, Test MAPE: 11.7511, Test WMAPE: 0.0581
Evaluate best model on test data for horizon 3, Test MAE: 9.9493, Test RMSE: 39.4196, Test MAPE: 14.5683, Test WMAPE: 0.0578
Evaluate best model on test data for horizon 4, Test MAE: 11.3344, Test RMSE: 45.4486, Test MAPE: 16.9543, Test WMAPE: 0.0659
Evaluate best model on test data for horizon 5, Test MAE: 12.8809, Test RMSE: 53.8110, Test MAPE: 17.7789, Test WMAPE: 0.0749
Evaluate best model on test data for horizon 6, Test MAE: 13.0812, Test RMSE: 48.1784, Test MAPE: 19.2603, Test WMAPE: 0.0760
Evaluate best model on test data for horizon 7, Test MAE: 13.8430, Test RMSE: 50.2790, Test MAPE: 19.2542, Test WMAPE: 0.0805
Evaluate best model on test data for horizon 8, Test MAE: 14.2716, Test RMSE: 49.2351, Test MAPE: 19.5731, Test WMAPE: 0.0830
Evaluate best model on test data for horizon 9, Test MAE: 14.7028, Test RMSE: 49.6116, Test MAPE: 19.7933, Test WMAPE: 0.0855
Evaluate best model on test data for horizon 10, Test MAE: 14.7740, Test RMSE: 46.5900, Test MAPE: 20.3999, Test WMAPE: 0.0859
Evaluate best model on test data for horizon 11, Test MAE: 15.7143, Test RMSE: 53.7327, Test MAPE: 20.6670, Test WMAPE: 0.0914
Evaluate best model on test data for horizon 12, Test MAE: 15.8167, Test RMSE: 52.3352, Test MAPE: 20.4696, Test WMAPE: 0.0920
On average over 12 horizons, Test MAE: 12.9235, Test RMSE: 49.9460, Test MAPE: 17.2368, Test WMAPE: 0.0751
No update
Iter: 000, Train Loss: 5.6475, Train RMSE: 11.8588, Train MAPE: 0.6852, Train WMAPE: 0.0314
Iter: 050, Train Loss: 5.7368, Train RMSE: 11.8877, Train MAPE: 0.7559, Train WMAPE: 0.0315
Epoch: 270, Training Time: 15.9669 secs
Epoch: 270, Inference Time: 1.9830 secs
Epoch: 270, Train Loss: 5.6678, Train RMSE: 12.1393, Train MAPE: 0.8452, Train WMAPE: 0.0317, 
Epoch: 270, Valid Loss: 10.3038, Valid RMSE: 38.7324, Valid MAPE: 2.2980, Valid WMAPE: 0.0592
No update
Iter: 000, Train Loss: 5.6541, Train RMSE: 12.0030, Train MAPE: 0.7192, Train WMAPE: 0.0314
Iter: 050, Train Loss: 5.6352, Train RMSE: 11.6560, Train MAPE: 0.5124, Train WMAPE: 0.0309
Epoch: 271, Training Time: 15.5614 secs
Epoch: 271, Inference Time: 2.0236 secs
Epoch: 271, Train Loss: 5.6317, Train RMSE: 12.0226, Train MAPE: 0.8468, Train WMAPE: 0.0315, 
Epoch: 271, Valid Loss: 10.2465, Valid RMSE: 38.8366, Valid MAPE: 1.9269, Valid WMAPE: 0.0588
###Update tasks appear###
Evaluate best model on test data for horizon 1, Test MAE: 8.7244, Test RMSE: 56.6692, Test MAPE: 6.5083, Test WMAPE: 0.0506
Evaluate best model on test data for horizon 2, Test MAE: 10.0390, Test RMSE: 54.2757, Test MAPE: 12.0065, Test WMAPE: 0.0583
Evaluate best model on test data for horizon 3, Test MAE: 10.0198, Test RMSE: 39.4044, Test MAPE: 14.9431, Test WMAPE: 0.0582
Evaluate best model on test data for horizon 4, Test MAE: 11.4317, Test RMSE: 44.9526, Test MAPE: 17.0909, Test WMAPE: 0.0664
Evaluate best model on test data for horizon 5, Test MAE: 13.0284, Test RMSE: 53.7063, Test MAPE: 18.0382, Test WMAPE: 0.0757
Evaluate best model on test data for horizon 6, Test MAE: 13.2573, Test RMSE: 48.1539, Test MAPE: 19.6751, Test WMAPE: 0.0771
Evaluate best model on test data for horizon 7, Test MAE: 14.1013, Test RMSE: 50.1827, Test MAPE: 19.5485, Test WMAPE: 0.0820
Evaluate best model on test data for horizon 8, Test MAE: 14.4981, Test RMSE: 49.0196, Test MAPE: 19.6856, Test WMAPE: 0.0843
Evaluate best model on test data for horizon 9, Test MAE: 14.9408, Test RMSE: 49.7080, Test MAPE: 19.9606, Test WMAPE: 0.0869
Evaluate best model on test data for horizon 10, Test MAE: 14.9221, Test RMSE: 46.6814, Test MAPE: 20.3931, Test WMAPE: 0.0868
Evaluate best model on test data for horizon 11, Test MAE: 15.8198, Test RMSE: 53.8029, Test MAPE: 20.6901, Test WMAPE: 0.0920
Evaluate best model on test data for horizon 12, Test MAE: 15.8727, Test RMSE: 52.4286, Test MAPE: 20.5161, Test WMAPE: 0.0923
On average over 12 horizons, Test MAE: 13.0546, Test RMSE: 49.9154, Test MAPE: 17.4213, Test WMAPE: 0.0759
No update
Iter: 000, Train Loss: 5.7732, Train RMSE: 12.1388, Train MAPE: 0.5709, Train WMAPE: 0.0321
Iter: 050, Train Loss: 5.6312, Train RMSE: 11.6620, Train MAPE: 0.4365, Train WMAPE: 0.0309
Epoch: 272, Training Time: 15.6746 secs
Epoch: 272, Inference Time: 1.9147 secs
Epoch: 272, Train Loss: 5.6221, Train RMSE: 12.0111, Train MAPE: 0.8123, Train WMAPE: 0.0314, 
Epoch: 272, Valid Loss: 10.3433, Valid RMSE: 38.8685, Valid MAPE: 2.0798, Valid WMAPE: 0.0594
No update
Iter: 000, Train Loss: 5.7282, Train RMSE: 12.0865, Train MAPE: 0.6789, Train WMAPE: 0.0318
Iter: 050, Train Loss: 5.5832, Train RMSE: 11.5804, Train MAPE: 0.5270, Train WMAPE: 0.0306
Epoch: 273, Training Time: 15.4570 secs
Epoch: 273, Inference Time: 2.0812 secs
Epoch: 273, Train Loss: 5.6162, Train RMSE: 12.0261, Train MAPE: 0.8526, Train WMAPE: 0.0314, 
Epoch: 273, Valid Loss: 10.3182, Valid RMSE: 39.1013, Valid MAPE: 2.2616, Valid WMAPE: 0.0592
No update
Iter: 000, Train Loss: 5.8180, Train RMSE: 12.3149, Train MAPE: 0.7106, Train WMAPE: 0.0323
Iter: 050, Train Loss: 5.7558, Train RMSE: 11.8739, Train MAPE: 0.6256, Train WMAPE: 0.0316
Epoch: 274, Training Time: 15.8170 secs
Epoch: 274, Inference Time: 2.0703 secs
Epoch: 274, Train Loss: 5.6556, Train RMSE: 12.1230, Train MAPE: 0.8199, Train WMAPE: 0.0316, 
Epoch: 274, Valid Loss: 10.4446, Valid RMSE: 38.8904, Valid MAPE: 2.8023, Valid WMAPE: 0.0600
No update
Iter: 000, Train Loss: 5.9691, Train RMSE: 12.4945, Train MAPE: 1.0301, Train WMAPE: 0.0331
Iter: 050, Train Loss: 5.7166, Train RMSE: 11.8682, Train MAPE: 0.4804, Train WMAPE: 0.0313
Epoch: 275, Training Time: 15.4031 secs
Epoch: 275, Inference Time: 1.9614 secs
Epoch: 275, Train Loss: 5.6187, Train RMSE: 12.0096, Train MAPE: 0.8061, Train WMAPE: 0.0314, 
Epoch: 275, Valid Loss: 10.3443, Valid RMSE: 38.9432, Valid MAPE: 2.0915, Valid WMAPE: 0.0594
No update
Iter: 000, Train Loss: 5.6184, Train RMSE: 11.9319, Train MAPE: 0.6442, Train WMAPE: 0.0312
Iter: 050, Train Loss: 6.7759, Train RMSE: 15.7070, Train MAPE: 0.7090, Train WMAPE: 0.0372
Epoch: 276, Training Time: 15.4084 secs
Epoch: 276, Inference Time: 2.0613 secs
Epoch: 276, Train Loss: 5.6858, Train RMSE: 12.1335, Train MAPE: 0.9244, Train WMAPE: 0.0318, 
Epoch: 276, Valid Loss: 10.4380, Valid RMSE: 38.7599, Valid MAPE: 2.5247, Valid WMAPE: 0.0599
No update
Iter: 000, Train Loss: 5.6339, Train RMSE: 11.9646, Train MAPE: 0.7933, Train WMAPE: 0.0313
Iter: 050, Train Loss: 5.7990, Train RMSE: 11.5831, Train MAPE: 1.0717, Train WMAPE: 0.0318
Epoch: 277, Training Time: 15.4420 secs
Epoch: 277, Inference Time: 2.0353 secs
Epoch: 277, Train Loss: 5.6363, Train RMSE: 11.9323, Train MAPE: 1.0663, Train WMAPE: 0.0315, 
Epoch: 277, Valid Loss: 10.5592, Valid RMSE: 38.9469, Valid MAPE: 3.4815, Valid WMAPE: 0.0606
No update
Iter: 000, Train Loss: 5.8225, Train RMSE: 11.9285, Train MAPE: 1.3133, Train WMAPE: 0.0323
Iter: 050, Train Loss: 5.6755, Train RMSE: 11.4192, Train MAPE: 0.8695, Train WMAPE: 0.0311
Epoch: 278, Training Time: 15.2887 secs
Epoch: 278, Inference Time: 2.0110 secs
Epoch: 278, Train Loss: 5.5828, Train RMSE: 11.8747, Train MAPE: 1.0348, Train WMAPE: 0.0312, 
Epoch: 278, Valid Loss: 10.4746, Valid RMSE: 39.0636, Valid MAPE: 3.3818, Valid WMAPE: 0.0601
No update
Iter: 000, Train Loss: 5.7781, Train RMSE: 11.9980, Train MAPE: 1.1782, Train WMAPE: 0.0321
Iter: 050, Train Loss: 5.5431, Train RMSE: 11.5529, Train MAPE: 0.6109, Train WMAPE: 0.0304
Epoch: 279, Training Time: 15.6625 secs
Epoch: 279, Inference Time: 1.9133 secs
Epoch: 279, Train Loss: 5.6331, Train RMSE: 11.9944, Train MAPE: 0.9556, Train WMAPE: 0.0315, 
Epoch: 279, Valid Loss: 10.4053, Valid RMSE: 39.0765, Valid MAPE: 1.8798, Valid WMAPE: 0.0597
No update
Iter: 000, Train Loss: 5.8081, Train RMSE: 12.3885, Train MAPE: 0.6505, Train WMAPE: 0.0322
Iter: 050, Train Loss: 5.8932, Train RMSE: 11.9902, Train MAPE: 0.5406, Train WMAPE: 0.0323
Epoch: 280, Training Time: 15.3616 secs
Epoch: 280, Inference Time: 1.9977 secs
Epoch: 280, Train Loss: 5.6779, Train RMSE: 12.1279, Train MAPE: 0.7409, Train WMAPE: 0.0317, 
Epoch: 280, Valid Loss: 10.3811, Valid RMSE: 38.8848, Valid MAPE: 2.2889, Valid WMAPE: 0.0596
No update
Iter: 000, Train Loss: 5.6847, Train RMSE: 11.9462, Train MAPE: 0.7643, Train WMAPE: 0.0316
Iter: 050, Train Loss: 5.7869, Train RMSE: 11.6054, Train MAPE: 0.7434, Train WMAPE: 0.0317
Epoch: 281, Training Time: 15.3173 secs
Epoch: 281, Inference Time: 2.0618 secs
Epoch: 281, Train Loss: 5.6234, Train RMSE: 11.9470, Train MAPE: 0.8469, Train WMAPE: 0.0314, 
Epoch: 281, Valid Loss: 10.2719, Valid RMSE: 38.9370, Valid MAPE: 1.6078, Valid WMAPE: 0.0590
No update
Iter: 000, Train Loss: 5.6443, Train RMSE: 11.9184, Train MAPE: 0.4662, Train WMAPE: 0.0313
Iter: 050, Train Loss: 5.8033, Train RMSE: 11.8911, Train MAPE: 1.0636, Train WMAPE: 0.0318
Epoch: 282, Training Time: 15.4073 secs
Epoch: 282, Inference Time: 2.0804 secs
Epoch: 282, Train Loss: 5.6003, Train RMSE: 11.8325, Train MAPE: 1.1059, Train WMAPE: 0.0313, 
Epoch: 282, Valid Loss: 10.4884, Valid RMSE: 38.7958, Valid MAPE: 4.8099, Valid WMAPE: 0.0602
No update
Iter: 000, Train Loss: 5.8318, Train RMSE: 11.7989, Train MAPE: 1.8084, Train WMAPE: 0.0324
Iter: 050, Train Loss: 5.5434, Train RMSE: 11.3442, Train MAPE: 0.6119, Train WMAPE: 0.0304
Epoch: 283, Training Time: 15.5862 secs
Epoch: 283, Inference Time: 1.9704 secs
Epoch: 283, Train Loss: 5.5900, Train RMSE: 11.8992, Train MAPE: 0.8984, Train WMAPE: 0.0313, 
Epoch: 283, Valid Loss: 10.3399, Valid RMSE: 38.8517, Valid MAPE: 2.8229, Valid WMAPE: 0.0594
No update
Iter: 000, Train Loss: 5.8402, Train RMSE: 12.1189, Train MAPE: 0.9603, Train WMAPE: 0.0324
Iter: 050, Train Loss: 5.5220, Train RMSE: 11.2916, Train MAPE: 0.5909, Train WMAPE: 0.0303
Epoch: 284, Training Time: 15.7048 secs
Epoch: 284, Inference Time: 1.9806 secs
Epoch: 284, Train Loss: 5.5586, Train RMSE: 11.8570, Train MAPE: 0.7900, Train WMAPE: 0.0311, 
Epoch: 284, Valid Loss: 10.3926, Valid RMSE: 38.8480, Valid MAPE: 2.4638, Valid WMAPE: 0.0597
No update
Iter: 000, Train Loss: 5.7348, Train RMSE: 12.0624, Train MAPE: 0.8410, Train WMAPE: 0.0318
Iter: 050, Train Loss: 5.4633, Train RMSE: 11.3968, Train MAPE: 0.4500, Train WMAPE: 0.0300
Epoch: 285, Training Time: 15.4622 secs
Epoch: 285, Inference Time: 1.9828 secs
Epoch: 285, Train Loss: 5.5549, Train RMSE: 11.8792, Train MAPE: 0.8419, Train WMAPE: 0.0311, 
Epoch: 285, Valid Loss: 10.3122, Valid RMSE: 38.7503, Valid MAPE: 2.2744, Valid WMAPE: 0.0592
No update
Iter: 000, Train Loss: 5.6235, Train RMSE: 11.9137, Train MAPE: 0.7263, Train WMAPE: 0.0312
Iter: 050, Train Loss: 5.6652, Train RMSE: 11.4349, Train MAPE: 0.7332, Train WMAPE: 0.0311
Epoch: 286, Training Time: 15.5836 secs
Epoch: 286, Inference Time: 2.0993 secs
Epoch: 286, Train Loss: 5.5557, Train RMSE: 11.8682, Train MAPE: 0.7976, Train WMAPE: 0.0311, 
Epoch: 286, Valid Loss: 10.3324, Valid RMSE: 38.5566, Valid MAPE: 2.1635, Valid WMAPE: 0.0593
No update
Iter: 000, Train Loss: 5.7644, Train RMSE: 12.0598, Train MAPE: 0.5431, Train WMAPE: 0.0320
Iter: 050, Train Loss: 5.6118, Train RMSE: 11.4136, Train MAPE: 0.7333, Train WMAPE: 0.0308
Epoch: 287, Training Time: 15.9096 secs
Epoch: 287, Inference Time: 2.0822 secs
Epoch: 287, Train Loss: 5.5843, Train RMSE: 11.8789, Train MAPE: 0.7618, Train WMAPE: 0.0312, 
Epoch: 287, Valid Loss: 10.3531, Valid RMSE: 38.8317, Valid MAPE: 1.6768, Valid WMAPE: 0.0594
No update
Iter: 000, Train Loss: 5.6689, Train RMSE: 12.1704, Train MAPE: 0.4892, Train WMAPE: 0.0315
Iter: 050, Train Loss: 5.5529, Train RMSE: 11.3851, Train MAPE: 0.5782, Train WMAPE: 0.0304
Epoch: 288, Training Time: 15.6975 secs
Epoch: 288, Inference Time: 2.0471 secs
Epoch: 288, Train Loss: 5.5452, Train RMSE: 11.8805, Train MAPE: 0.7936, Train WMAPE: 0.0310, 
Epoch: 288, Valid Loss: 10.2656, Valid RMSE: 38.5622, Valid MAPE: 1.8195, Valid WMAPE: 0.0589
No update
Iter: 000, Train Loss: 5.5535, Train RMSE: 11.9156, Train MAPE: 0.5063, Train WMAPE: 0.0308
Iter: 050, Train Loss: 5.5776, Train RMSE: 11.4553, Train MAPE: 0.5601, Train WMAPE: 0.0306
Epoch: 289, Training Time: 15.6144 secs
Epoch: 289, Inference Time: 1.9847 secs
Epoch: 289, Train Loss: 5.5602, Train RMSE: 11.8712, Train MAPE: 0.8067, Train WMAPE: 0.0311, 
Epoch: 289, Valid Loss: 10.3208, Valid RMSE: 38.9379, Valid MAPE: 2.1189, Valid WMAPE: 0.0593
No update
Iter: 000, Train Loss: 5.7581, Train RMSE: 12.1141, Train MAPE: 0.6388, Train WMAPE: 0.0320
Iter: 050, Train Loss: 5.4183, Train RMSE: 11.0987, Train MAPE: 0.6986, Train WMAPE: 0.0297
Epoch: 290, Training Time: 15.9689 secs
Epoch: 290, Inference Time: 2.0966 secs
Epoch: 290, Train Loss: 5.5631, Train RMSE: 11.7581, Train MAPE: 1.1296, Train WMAPE: 0.0311, 
Epoch: 290, Valid Loss: 10.2210, Valid RMSE: 38.7954, Valid MAPE: 2.1976, Valid WMAPE: 0.0587
###Update tasks appear###
Evaluate best model on test data for horizon 1, Test MAE: 8.6979, Test RMSE: 56.1786, Test MAPE: 6.5814, Test WMAPE: 0.0505
Evaluate best model on test data for horizon 2, Test MAE: 9.9494, Test RMSE: 53.9138, Test MAPE: 11.7569, Test WMAPE: 0.0578
Evaluate best model on test data for horizon 3, Test MAE: 9.9040, Test RMSE: 39.6354, Test MAPE: 14.6428, Test WMAPE: 0.0575
Evaluate best model on test data for horizon 4, Test MAE: 11.3038, Test RMSE: 44.9524, Test MAPE: 16.7894, Test WMAPE: 0.0657
Evaluate best model on test data for horizon 5, Test MAE: 12.7776, Test RMSE: 53.0290, Test MAPE: 17.5738, Test WMAPE: 0.0743
Evaluate best model on test data for horizon 6, Test MAE: 13.0739, Test RMSE: 48.0364, Test MAPE: 19.0230, Test WMAPE: 0.0760
Evaluate best model on test data for horizon 7, Test MAE: 13.8551, Test RMSE: 49.6984, Test MAPE: 19.0826, Test WMAPE: 0.0806
Evaluate best model on test data for horizon 8, Test MAE: 14.3065, Test RMSE: 48.5922, Test MAPE: 19.4641, Test WMAPE: 0.0832
Evaluate best model on test data for horizon 9, Test MAE: 14.8149, Test RMSE: 49.8372, Test MAPE: 19.7505, Test WMAPE: 0.0862
Evaluate best model on test data for horizon 10, Test MAE: 14.7837, Test RMSE: 46.3786, Test MAPE: 20.2061, Test WMAPE: 0.0860
Evaluate best model on test data for horizon 11, Test MAE: 15.6813, Test RMSE: 53.2818, Test MAPE: 20.4741, Test WMAPE: 0.0912
Evaluate best model on test data for horizon 12, Test MAE: 15.7754, Test RMSE: 52.2176, Test MAPE: 20.3043, Test WMAPE: 0.0918
On average over 12 horizons, Test MAE: 12.9103, Test RMSE: 49.6459, Test MAPE: 17.1374, Test WMAPE: 0.0751
No update
Iter: 000, Train Loss: 5.6743, Train RMSE: 12.0034, Train MAPE: 0.6165, Train WMAPE: 0.0315
Iter: 050, Train Loss: 5.5394, Train RMSE: 11.2677, Train MAPE: 1.0581, Train WMAPE: 0.0304
Epoch: 291, Training Time: 15.1499 secs
Epoch: 291, Inference Time: 1.9844 secs
Epoch: 291, Train Loss: 5.5281, Train RMSE: 11.7087, Train MAPE: 1.1002, Train WMAPE: 0.0309, 
Epoch: 291, Valid Loss: 10.5507, Valid RMSE: 38.9142, Valid MAPE: 5.0118, Valid WMAPE: 0.0606
No update
Iter: 000, Train Loss: 5.9381, Train RMSE: 11.8968, Train MAPE: 1.7127, Train WMAPE: 0.0330
Iter: 050, Train Loss: 5.5517, Train RMSE: 11.4309, Train MAPE: 0.4989, Train WMAPE: 0.0304
Epoch: 292, Training Time: 15.6619 secs
Epoch: 292, Inference Time: 2.0893 secs
Epoch: 292, Train Loss: 5.5398, Train RMSE: 11.7796, Train MAPE: 0.8918, Train WMAPE: 0.0310, 
Epoch: 292, Valid Loss: 10.2751, Valid RMSE: 39.0018, Valid MAPE: 1.9487, Valid WMAPE: 0.0590
No update
Iter: 000, Train Loss: 5.6735, Train RMSE: 11.9876, Train MAPE: 0.5943, Train WMAPE: 0.0315
Iter: 050, Train Loss: 5.6668, Train RMSE: 11.5258, Train MAPE: 0.4898, Train WMAPE: 0.0311
Epoch: 293, Training Time: 15.4846 secs
Epoch: 293, Inference Time: 2.0908 secs
Epoch: 293, Train Loss: 5.6165, Train RMSE: 11.9746, Train MAPE: 0.8398, Train WMAPE: 0.0314, 
Epoch: 293, Valid Loss: 10.3880, Valid RMSE: 38.9822, Valid MAPE: 2.8144, Valid WMAPE: 0.0596
No update
Iter: 000, Train Loss: 5.6737, Train RMSE: 12.0020, Train MAPE: 0.9012, Train WMAPE: 0.0315
Iter: 050, Train Loss: 5.6130, Train RMSE: 11.3358, Train MAPE: 0.6025, Train WMAPE: 0.0308
Epoch: 294, Training Time: 15.4182 secs
Epoch: 294, Inference Time: 1.9756 secs
Epoch: 294, Train Loss: 5.5609, Train RMSE: 11.8879, Train MAPE: 0.8450, Train WMAPE: 0.0311, 
Epoch: 294, Valid Loss: 10.2779, Valid RMSE: 38.7774, Valid MAPE: 2.1692, Valid WMAPE: 0.0590
No update
Iter: 000, Train Loss: 5.7033, Train RMSE: 12.3644, Train MAPE: 0.7621, Train WMAPE: 0.0317
Iter: 050, Train Loss: 5.7441, Train RMSE: 11.4014, Train MAPE: 1.0233, Train WMAPE: 0.0315
Epoch: 295, Training Time: 15.5017 secs
Epoch: 295, Inference Time: 1.9475 secs
Epoch: 295, Train Loss: 5.5793, Train RMSE: 11.8320, Train MAPE: 1.0346, Train WMAPE: 0.0312, 
Epoch: 295, Valid Loss: 10.5706, Valid RMSE: 38.9526, Valid MAPE: 4.2848, Valid WMAPE: 0.0607
No update
Iter: 000, Train Loss: 5.8225, Train RMSE: 12.0446, Train MAPE: 1.5471, Train WMAPE: 0.0323
Iter: 050, Train Loss: 5.5627, Train RMSE: 11.2890, Train MAPE: 0.6563, Train WMAPE: 0.0305
Epoch: 296, Training Time: 15.3791 secs
Epoch: 296, Inference Time: 2.0953 secs
Epoch: 296, Train Loss: 5.5171, Train RMSE: 11.7166, Train MAPE: 1.0100, Train WMAPE: 0.0308, 
Epoch: 296, Valid Loss: 10.2730, Valid RMSE: 38.9969, Valid MAPE: 2.5033, Valid WMAPE: 0.0590
No update
Iter: 000, Train Loss: 5.6102, Train RMSE: 12.0142, Train MAPE: 0.8894, Train WMAPE: 0.0311
Iter: 050, Train Loss: 5.4612, Train RMSE: 11.3609, Train MAPE: 0.3964, Train WMAPE: 0.0299
Epoch: 297, Training Time: 15.0770 secs
Epoch: 297, Inference Time: 1.9157 secs
Epoch: 297, Train Loss: 5.5327, Train RMSE: 11.8225, Train MAPE: 0.7922, Train WMAPE: 0.0309, 
Epoch: 297, Valid Loss: 10.2402, Valid RMSE: 38.7688, Valid MAPE: 1.7484, Valid WMAPE: 0.0588
###Update tasks appear###
Evaluate best model on test data for horizon 1, Test MAE: 8.7832, Test RMSE: 56.3739, Test MAPE: 6.4626, Test WMAPE: 0.0510
Evaluate best model on test data for horizon 2, Test MAE: 9.9962, Test RMSE: 53.7735, Test MAPE: 11.6427, Test WMAPE: 0.0580
Evaluate best model on test data for horizon 3, Test MAE: 10.0189, Test RMSE: 39.3469, Test MAPE: 14.5672, Test WMAPE: 0.0582
Evaluate best model on test data for horizon 4, Test MAE: 11.4522, Test RMSE: 44.9720, Test MAPE: 16.9636, Test WMAPE: 0.0665
Evaluate best model on test data for horizon 5, Test MAE: 12.9327, Test RMSE: 53.1060, Test MAPE: 17.5294, Test WMAPE: 0.0752
Evaluate best model on test data for horizon 6, Test MAE: 13.1949, Test RMSE: 48.0778, Test MAPE: 19.3225, Test WMAPE: 0.0767
Evaluate best model on test data for horizon 7, Test MAE: 13.9353, Test RMSE: 49.9371, Test MAPE: 19.1391, Test WMAPE: 0.0810
Evaluate best model on test data for horizon 8, Test MAE: 14.3646, Test RMSE: 48.3069, Test MAPE: 19.4969, Test WMAPE: 0.0835
Evaluate best model on test data for horizon 9, Test MAE: 14.8312, Test RMSE: 49.3710, Test MAPE: 19.8125, Test WMAPE: 0.0863
Evaluate best model on test data for horizon 10, Test MAE: 14.8337, Test RMSE: 46.1647, Test MAPE: 20.3416, Test WMAPE: 0.0863
Evaluate best model on test data for horizon 11, Test MAE: 15.6570, Test RMSE: 52.8259, Test MAPE: 20.6371, Test WMAPE: 0.0911
Evaluate best model on test data for horizon 12, Test MAE: 15.7783, Test RMSE: 51.6021, Test MAPE: 20.5892, Test WMAPE: 0.0918
On average over 12 horizons, Test MAE: 12.9815, Test RMSE: 49.4882, Test MAPE: 17.2087, Test WMAPE: 0.0755
No update
Iter: 000, Train Loss: 5.6060, Train RMSE: 12.0208, Train MAPE: 0.5221, Train WMAPE: 0.0311
Iter: 050, Train Loss: 5.6810, Train RMSE: 11.6985, Train MAPE: 0.4299, Train WMAPE: 0.0312
Epoch: 298, Training Time: 15.2619 secs
Epoch: 298, Inference Time: 1.9892 secs
Epoch: 298, Train Loss: 5.5833, Train RMSE: 11.8794, Train MAPE: 0.7427, Train WMAPE: 0.0312, 
Epoch: 298, Valid Loss: 10.3963, Valid RMSE: 38.7723, Valid MAPE: 1.6975, Valid WMAPE: 0.0597
No update
Iter: 000, Train Loss: 5.7980, Train RMSE: 12.1164, Train MAPE: 0.5402, Train WMAPE: 0.0322
Iter: 050, Train Loss: 5.7670, Train RMSE: 11.4823, Train MAPE: 0.5645, Train WMAPE: 0.0316
Epoch: 299, Training Time: 15.2904 secs
Epoch: 299, Inference Time: 2.0920 secs
Epoch: 299, Train Loss: 5.5651, Train RMSE: 11.8321, Train MAPE: 0.7368, Train WMAPE: 0.0311, 
Epoch: 299, Valid Loss: 10.4488, Valid RMSE: 38.8856, Valid MAPE: 1.9474, Valid WMAPE: 0.0600
No update
Iter: 000, Train Loss: 5.6312, Train RMSE: 11.8957, Train MAPE: 0.6133, Train WMAPE: 0.0313
Iter: 050, Train Loss: 5.5681, Train RMSE: 11.3685, Train MAPE: 0.5696, Train WMAPE: 0.0305
Epoch: 300, Training Time: 15.4825 secs
Epoch: 300, Inference Time: 1.9770 secs
Epoch: 300, Train Loss: 5.5481, Train RMSE: 11.8498, Train MAPE: 0.7630, Train WMAPE: 0.0310, 
Epoch: 300, Valid Loss: 10.2976, Valid RMSE: 38.7574, Valid MAPE: 2.2130, Valid WMAPE: 0.0591
No update
Average Training Time: 15.3776 secs/epoch
Average Inference Time: 1.9996 secs
Training ends
The epoch of the best result： 239
The valid loss of the best model 10.2605
Evaluate best model on test data for horizon 1, Test MAE: 8.6984, Test RMSE: 56.6125, Test MAPE: 6.0965, Test WMAPE: 0.0505
Evaluate best model on test data for horizon 2, Test MAE: 10.0163, Test RMSE: 54.7301, Test MAPE: 11.4416, Test WMAPE: 0.0582
Evaluate best model on test data for horizon 3, Test MAE: 9.8509, Test RMSE: 39.2392, Test MAPE: 14.4515, Test WMAPE: 0.0572
Evaluate best model on test data for horizon 4, Test MAE: 11.2585, Test RMSE: 45.0203, Test MAPE: 16.9743, Test WMAPE: 0.0654
Evaluate best model on test data for horizon 5, Test MAE: 12.7883, Test RMSE: 53.7661, Test MAPE: 18.0840, Test WMAPE: 0.0743
Evaluate best model on test data for horizon 6, Test MAE: 12.9144, Test RMSE: 47.6621, Test MAPE: 19.5878, Test WMAPE: 0.0751
Evaluate best model on test data for horizon 7, Test MAE: 13.6777, Test RMSE: 49.4650, Test MAPE: 19.6510, Test WMAPE: 0.0795
Evaluate best model on test data for horizon 8, Test MAE: 14.0601, Test RMSE: 48.4513, Test MAPE: 19.9000, Test WMAPE: 0.0818
Evaluate best model on test data for horizon 9, Test MAE: 14.4922, Test RMSE: 48.9572, Test MAPE: 20.1281, Test WMAPE: 0.0843
Evaluate best model on test data for horizon 10, Test MAE: 14.4927, Test RMSE: 46.0435, Test MAPE: 20.6822, Test WMAPE: 0.0843
Evaluate best model on test data for horizon 11, Test MAE: 15.3329, Test RMSE: 53.1220, Test MAPE: 20.7763, Test WMAPE: 0.0892
Evaluate best model on test data for horizon 12, Test MAE: 15.2849, Test RMSE: 51.4013, Test MAPE: 20.5662, Test WMAPE: 0.0889
On average over 12 horizons, Test MAE: 12.7390, Test RMSE: 49.5392, Test MAPE: 17.3616, Test WMAPE: 0.0741
Total time spent: 5298.1890
