nohup: ignoring input
Perform shuffle on the dataset
Namespace(batch_size=64, data='data//electricityLondon', device='cuda:0', dropout=0.1, epochs=300, es_patience=100, expid=1, input_dim=3, learning_rate=0.001, print_every=50, save='./logs/AttenAgg-MLPFb-PostAgg', weight_decay=0.0001)
Ranger optimizer loaded. 
Gradient Centralization usage = True
GC applied to both conv and fc layers
The number of parameters: 511990
STIDGCN(
  (Temb): TemporalEmbedding()
  (start_conv): Conv2d(3, 32, kernel_size=(1, 1), stride=(1, 1))
  (tree): IDGCN_Tree(
    (IDGCN1): IDGCN(
      (split): Splitting()
      (conv1): Sequential(
        (0): ReplicationPad2d((3, 3, 0, 0))
        (1): Conv2d(64, 64, kernel_size=(1, 5), stride=(1, 1))
        (2): LeakyReLU(negative_slope=0.01, inplace=True)
        (3): Dropout(p=0.1, inplace=False)
        (4): Conv2d(64, 64, kernel_size=(1, 3), stride=(1, 1))
        (5): Tanh()
      )
      (conv2): Sequential(
        (0): ReplicationPad2d((3, 3, 0, 0))
        (1): Conv2d(64, 64, kernel_size=(1, 5), stride=(1, 1))
        (2): LeakyReLU(negative_slope=0.01, inplace=True)
        (3): Dropout(p=0.1, inplace=False)
        (4): Conv2d(64, 64, kernel_size=(1, 3), stride=(1, 1))
        (5): Tanh()
      )
      (conv3): Sequential(
        (0): ReplicationPad2d((3, 3, 0, 0))
        (1): Conv2d(64, 64, kernel_size=(1, 5), stride=(1, 1))
        (2): LeakyReLU(negative_slope=0.01, inplace=True)
        (3): Dropout(p=0.1, inplace=False)
        (4): Conv2d(64, 64, kernel_size=(1, 3), stride=(1, 1))
        (5): Tanh()
      )
      (conv4): Sequential(
        (0): ReplicationPad2d((3, 3, 0, 0))
        (1): Conv2d(64, 64, kernel_size=(1, 5), stride=(1, 1))
        (2): LeakyReLU(negative_slope=0.01, inplace=True)
        (3): Dropout(p=0.1, inplace=False)
        (4): Conv2d(64, 64, kernel_size=(1, 3), stride=(1, 1))
        (5): Tanh()
      )
      (dgcn): DGCN(
        (conv): Conv2d(64, 64, kernel_size=(1, 1), stride=(1, 1))
        (generator): Graph_Generator(
          (fc): Linear(in_features=2, out_features=1, bias=True)
        )
        (gcn): Diffusion_GCN(
          (conv): Conv2d(64, 64, kernel_size=(1, 1), stride=(1, 1))
          (dropout): Dropout(p=0.1, inplace=False)
        )
      )
    )
    (IDGCN2): IDGCN(
      (split): Splitting()
      (conv1): Sequential(
        (0): ReplicationPad2d((3, 3, 0, 0))
        (1): Conv2d(64, 64, kernel_size=(1, 5), stride=(1, 1))
        (2): LeakyReLU(negative_slope=0.01, inplace=True)
        (3): Dropout(p=0.1, inplace=False)
        (4): Conv2d(64, 64, kernel_size=(1, 3), stride=(1, 1))
        (5): Tanh()
      )
      (conv2): Sequential(
        (0): ReplicationPad2d((3, 3, 0, 0))
        (1): Conv2d(64, 64, kernel_size=(1, 5), stride=(1, 1))
        (2): LeakyReLU(negative_slope=0.01, inplace=True)
        (3): Dropout(p=0.1, inplace=False)
        (4): Conv2d(64, 64, kernel_size=(1, 3), stride=(1, 1))
        (5): Tanh()
      )
      (conv3): Sequential(
        (0): ReplicationPad2d((3, 3, 0, 0))
        (1): Conv2d(64, 64, kernel_size=(1, 5), stride=(1, 1))
        (2): LeakyReLU(negative_slope=0.01, inplace=True)
        (3): Dropout(p=0.1, inplace=False)
        (4): Conv2d(64, 64, kernel_size=(1, 3), stride=(1, 1))
        (5): Tanh()
      )
      (conv4): Sequential(
        (0): ReplicationPad2d((3, 3, 0, 0))
        (1): Conv2d(64, 64, kernel_size=(1, 5), stride=(1, 1))
        (2): LeakyReLU(negative_slope=0.01, inplace=True)
        (3): Dropout(p=0.1, inplace=False)
        (4): Conv2d(64, 64, kernel_size=(1, 3), stride=(1, 1))
        (5): Tanh()
      )
      (dgcn): DGCN(
        (conv): Conv2d(64, 64, kernel_size=(1, 1), stride=(1, 1))
        (generator): Graph_Generator(
          (fc): Linear(in_features=2, out_features=1, bias=True)
        )
        (gcn): Diffusion_GCN(
          (conv): Conv2d(64, 64, kernel_size=(1, 1), stride=(1, 1))
          (dropout): Dropout(p=0.1, inplace=False)
        )
      )
    )
    (IDGCN3): IDGCN(
      (split): Splitting()
      (conv1): Sequential(
        (0): ReplicationPad2d((3, 3, 0, 0))
        (1): Conv2d(64, 64, kernel_size=(1, 5), stride=(1, 1))
        (2): LeakyReLU(negative_slope=0.01, inplace=True)
        (3): Dropout(p=0.1, inplace=False)
        (4): Conv2d(64, 64, kernel_size=(1, 3), stride=(1, 1))
        (5): Tanh()
      )
      (conv2): Sequential(
        (0): ReplicationPad2d((3, 3, 0, 0))
        (1): Conv2d(64, 64, kernel_size=(1, 5), stride=(1, 1))
        (2): LeakyReLU(negative_slope=0.01, inplace=True)
        (3): Dropout(p=0.1, inplace=False)
        (4): Conv2d(64, 64, kernel_size=(1, 3), stride=(1, 1))
        (5): Tanh()
      )
      (conv3): Sequential(
        (0): ReplicationPad2d((3, 3, 0, 0))
        (1): Conv2d(64, 64, kernel_size=(1, 5), stride=(1, 1))
        (2): LeakyReLU(negative_slope=0.01, inplace=True)
        (3): Dropout(p=0.1, inplace=False)
        (4): Conv2d(64, 64, kernel_size=(1, 3), stride=(1, 1))
        (5): Tanh()
      )
      (conv4): Sequential(
        (0): ReplicationPad2d((3, 3, 0, 0))
        (1): Conv2d(64, 64, kernel_size=(1, 5), stride=(1, 1))
        (2): LeakyReLU(negative_slope=0.01, inplace=True)
        (3): Dropout(p=0.1, inplace=False)
        (4): Conv2d(64, 64, kernel_size=(1, 3), stride=(1, 1))
        (5): Tanh()
      )
      (dgcn): DGCN(
        (conv): Conv2d(64, 64, kernel_size=(1, 1), stride=(1, 1))
        (generator): Graph_Generator(
          (fc): Linear(in_features=2, out_features=1, bias=True)
        )
        (gcn): Diffusion_GCN(
          (conv): Conv2d(64, 64, kernel_size=(1, 1), stride=(1, 1))
          (dropout): Dropout(p=0.1, inplace=False)
        )
      )
    )
  )
  (glu): GLU(
    (conv1): Conv2d(64, 64, kernel_size=(1, 1), stride=(1, 1))
    (conv2): Conv2d(64, 64, kernel_size=(1, 1), stride=(1, 1))
    (conv3): Conv2d(64, 64, kernel_size=(1, 1), stride=(1, 1))
    (dropout): Dropout(p=0.1, inplace=False)
  )
  (regression_layer): Conv2d(64, 12, kernel_size=(1, 12), stride=(1, 1))
  (cluster_agg): ClusterAttentionAggregation(
    (score_layer): Linear(in_features=64, out_features=1, bias=True)
  )
  (cluster_feedback): ClusterMLPFeedback(
    (activation): ReLU()
  )
)
start training...
/dfs/data/Cluster-aware-STIDGCN/ranger21.py:131: UserWarning: This overload of addcmul_ is deprecated:
	addcmul_(Number value, Tensor tensor1, Tensor tensor2)
Consider using one of the following signatures instead:
	addcmul_(Tensor tensor1, Tensor tensor2, *, Number value) (Triggered internally at /opt/pytorch/pytorch/torch/csrc/utils/python_arg_parser.cpp:1488.)
  exp_avg_sq.mul_(beta2).addcmul_(1 - beta2, grad, grad)
Iter: 000, Train Loss: 155.3312, Train RMSE: 209.5400, Train MAPE: 165.5533, Train WMAPE: 0.8623
Iter: 050, Train Loss: 120.8165, Train RMSE: 182.4470, Train MAPE: 81.4109, Train WMAPE: 0.6625
Epoch: 001, Training Time: 36.7072 secs
Epoch: 001, Inference Time: 4.9785 secs
Epoch: 001, Train Loss: 122.9510, Train RMSE: 179.0885, Train MAPE: 108.4224, Train WMAPE: 0.6876, 
Epoch: 001, Valid Loss: 68.1018, Valid RMSE: 122.2367, Valid MAPE: 79.3495, Valid WMAPE: 0.3909
###Update tasks appear###
Updating! Valid Loss: 68.10178361620221, epoch:  1
Iter: 000, Train Loss: 68.9663, Train RMSE: 117.0431, Train MAPE: 34.0852, Train WMAPE: 0.3829
Iter: 050, Train Loss: 30.7744, Train RMSE: 53.9622, Train MAPE: 10.6608, Train WMAPE: 0.1688
Epoch: 002, Training Time: 37.2959 secs
Epoch: 002, Inference Time: 4.9836 secs
Epoch: 002, Train Loss: 36.6294, Train RMSE: 62.1580, Train MAPE: 14.5631, Train WMAPE: 0.2048, 
Epoch: 002, Valid Loss: 27.6872, Valid RMSE: 61.7460, Valid MAPE: 16.0822, Valid WMAPE: 0.1589
###Update tasks appear###
Updating! Valid Loss: 27.687212126595632, epoch:  2
Iter: 000, Train Loss: 26.0292, Train RMSE: 46.3000, Train MAPE: 7.6228, Train WMAPE: 0.1445
Iter: 050, Train Loss: 22.2237, Train RMSE: 38.1393, Train MAPE: 4.2158, Train WMAPE: 0.1219
Epoch: 003, Training Time: 35.4953 secs
Epoch: 003, Inference Time: 4.8044 secs
Epoch: 003, Train Loss: 22.1266, Train RMSE: 37.7187, Train MAPE: 5.3352, Train WMAPE: 0.1237, 
Epoch: 003, Valid Loss: 21.4952, Valid RMSE: 53.6229, Valid MAPE: 8.1272, Valid WMAPE: 0.1235
###Update tasks appear###
Updating! Valid Loss: 21.495232309613908, epoch:  3
Iter: 000, Train Loss: 19.7644, Train RMSE: 34.0766, Train MAPE: 4.2143, Train WMAPE: 0.1097
Iter: 050, Train Loss: 18.3322, Train RMSE: 32.8112, Train MAPE: 2.6198, Train WMAPE: 0.1005
Epoch: 004, Training Time: 35.0647 secs
Epoch: 004, Inference Time: 5.4940 secs
Epoch: 004, Train Loss: 17.8046, Train RMSE: 30.9465, Train MAPE: 3.8883, Train WMAPE: 0.0996, 
Epoch: 004, Valid Loss: 19.2034, Valid RMSE: 52.6957, Valid MAPE: 6.5905, Valid WMAPE: 0.1103
###Update tasks appear###
Updating! Valid Loss: 19.203366824558803, epoch:  4
Iter: 000, Train Loss: 16.4348, Train RMSE: 30.1232, Train MAPE: 3.4973, Train WMAPE: 0.0912
Iter: 050, Train Loss: 16.9341, Train RMSE: 31.7250, Train MAPE: 2.3945, Train WMAPE: 0.0929
Epoch: 005, Training Time: 36.8814 secs
Epoch: 005, Inference Time: 6.0848 secs
Epoch: 005, Train Loss: 15.6168, Train RMSE: 28.4465, Train MAPE: 3.3308, Train WMAPE: 0.0873, 
Epoch: 005, Valid Loss: 18.1138, Valid RMSE: 52.3515, Valid MAPE: 5.4587, Valid WMAPE: 0.1041
###Update tasks appear###
Updating! Valid Loss: 18.113840920584543, epoch:  5
Iter: 000, Train Loss: 15.4989, Train RMSE: 29.0797, Train MAPE: 3.0009, Train WMAPE: 0.0860
Iter: 050, Train Loss: 16.0544, Train RMSE: 30.9653, Train MAPE: 2.1088, Train WMAPE: 0.0880
Epoch: 006, Training Time: 38.9972 secs
Epoch: 006, Inference Time: 5.5958 secs
Epoch: 006, Train Loss: 14.5996, Train RMSE: 27.3399, Train MAPE: 3.0047, Train WMAPE: 0.0816, 
Epoch: 006, Valid Loss: 17.4487, Valid RMSE: 51.7762, Valid MAPE: 4.6196, Valid WMAPE: 0.1003
###Update tasks appear###
Updating! Valid Loss: 17.448668309620448, epoch:  6
Iter: 000, Train Loss: 14.6974, Train RMSE: 28.4108, Train MAPE: 2.5963, Train WMAPE: 0.0816
Iter: 050, Train Loss: 16.1166, Train RMSE: 30.7934, Train MAPE: 2.0123, Train WMAPE: 0.0884
Epoch: 007, Training Time: 38.8031 secs
Epoch: 007, Inference Time: 5.7857 secs
Epoch: 007, Train Loss: 13.9143, Train RMSE: 26.5964, Train MAPE: 2.8313, Train WMAPE: 0.0778, 
Epoch: 007, Valid Loss: 17.4501, Valid RMSE: 51.0946, Valid MAPE: 8.3772, Valid WMAPE: 0.1003
No update
Iter: 000, Train Loss: 14.0657, Train RMSE: 27.5007, Train MAPE: 3.9215, Train WMAPE: 0.0781
Iter: 050, Train Loss: 15.0238, Train RMSE: 29.9135, Train MAPE: 1.9108, Train WMAPE: 0.0824
Epoch: 008, Training Time: 35.8144 secs
Epoch: 008, Inference Time: 5.4117 secs
Epoch: 008, Train Loss: 13.3797, Train RMSE: 25.9781, Train MAPE: 2.7490, Train WMAPE: 0.0748, 
Epoch: 008, Valid Loss: 17.0585, Valid RMSE: 50.5417, Valid MAPE: 8.0988, Valid WMAPE: 0.0981
###Update tasks appear###
Updating! Valid Loss: 17.058518614087784, epoch:  8
Iter: 000, Train Loss: 13.5383, Train RMSE: 26.8151, Train MAPE: 3.6051, Train WMAPE: 0.0752
Iter: 050, Train Loss: 14.5811, Train RMSE: 29.3459, Train MAPE: 1.8993, Train WMAPE: 0.0800
Epoch: 009, Training Time: 36.5708 secs
Epoch: 009, Inference Time: 7.1184 secs
Epoch: 009, Train Loss: 12.9289, Train RMSE: 25.4763, Train MAPE: 2.6709, Train WMAPE: 0.0723, 
Epoch: 009, Valid Loss: 16.5607, Valid RMSE: 50.3697, Valid MAPE: 8.0294, Valid WMAPE: 0.0952
###Update tasks appear###
Updating! Valid Loss: 16.5607419695173, epoch:  9
Iter: 000, Train Loss: 13.1497, Train RMSE: 26.5881, Train MAPE: 3.4354, Train WMAPE: 0.0730
Iter: 050, Train Loss: 14.2374, Train RMSE: 28.8723, Train MAPE: 2.1236, Train WMAPE: 0.0781
Epoch: 010, Training Time: 36.8680 secs
Epoch: 010, Inference Time: 5.0913 secs
Epoch: 010, Train Loss: 12.4996, Train RMSE: 24.9702, Train MAPE: 2.5746, Train WMAPE: 0.0699, 
Epoch: 010, Valid Loss: 16.6195, Valid RMSE: 50.3289, Valid MAPE: 5.3060, Valid WMAPE: 0.0955
No update
Iter: 000, Train Loss: 13.3902, Train RMSE: 26.5216, Train MAPE: 2.3730, Train WMAPE: 0.0743
Iter: 050, Train Loss: 14.0538, Train RMSE: 28.7420, Train MAPE: 1.8792, Train WMAPE: 0.0771
Epoch: 011, Training Time: 39.3971 secs
Epoch: 011, Inference Time: 5.1975 secs
Epoch: 011, Train Loss: 12.2803, Train RMSE: 24.6709, Train MAPE: 2.5758, Train WMAPE: 0.0687, 
Epoch: 011, Valid Loss: 15.6209, Valid RMSE: 49.4993, Valid MAPE: 4.1238, Valid WMAPE: 0.0898
###Update tasks appear###
Updating! Valid Loss: 15.62086125782558, epoch:  11
Iter: 000, Train Loss: 12.1007, Train RMSE: 25.3479, Train MAPE: 2.2638, Train WMAPE: 0.0672
Iter: 050, Train Loss: 13.8380, Train RMSE: 28.4110, Train MAPE: 1.7257, Train WMAPE: 0.0759
Epoch: 012, Training Time: 37.4978 secs
Epoch: 012, Inference Time: 4.8717 secs
Epoch: 012, Train Loss: 12.0059, Train RMSE: 24.2720, Train MAPE: 2.5078, Train WMAPE: 0.0671, 
Epoch: 012, Valid Loss: 15.5971, Valid RMSE: 49.1971, Valid MAPE: 5.8941, Valid WMAPE: 0.0897
###Update tasks appear###
Updating! Valid Loss: 15.597134249550956, epoch:  12
Iter: 000, Train Loss: 11.8729, Train RMSE: 24.8876, Train MAPE: 2.8549, Train WMAPE: 0.0659
Iter: 050, Train Loss: 13.4479, Train RMSE: 27.9195, Train MAPE: 1.5694, Train WMAPE: 0.0737
Epoch: 013, Training Time: 37.6706 secs
Epoch: 013, Inference Time: 5.1063 secs
Epoch: 013, Train Loss: 11.7725, Train RMSE: 23.9281, Train MAPE: 2.4507, Train WMAPE: 0.0658, 
Epoch: 013, Valid Loss: 15.7985, Valid RMSE: 49.0965, Valid MAPE: 8.4519, Valid WMAPE: 0.0909
No update
Iter: 000, Train Loss: 12.2443, Train RMSE: 25.2715, Train MAPE: 3.5383, Train WMAPE: 0.0680
Iter: 050, Train Loss: 13.7482, Train RMSE: 28.1269, Train MAPE: 1.5445, Train WMAPE: 0.0754
Epoch: 014, Training Time: 39.2199 secs
Epoch: 014, Inference Time: 5.3864 secs
Epoch: 014, Train Loss: 11.5385, Train RMSE: 23.6966, Train MAPE: 2.2849, Train WMAPE: 0.0645, 
Epoch: 014, Valid Loss: 15.1853, Valid RMSE: 48.6995, Valid MAPE: 3.9368, Valid WMAPE: 0.0873
###Update tasks appear###
Updating! Valid Loss: 15.185344764164515, epoch:  14
Iter: 000, Train Loss: 11.7162, Train RMSE: 24.7838, Train MAPE: 2.0204, Train WMAPE: 0.0650
Iter: 050, Train Loss: 13.3778, Train RMSE: 27.7675, Train MAPE: 1.6234, Train WMAPE: 0.0734
Epoch: 015, Training Time: 36.7767 secs
Epoch: 015, Inference Time: 5.7987 secs
Epoch: 015, Train Loss: 11.3669, Train RMSE: 23.4636, Train MAPE: 2.3353, Train WMAPE: 0.0636, 
Epoch: 015, Valid Loss: 15.0256, Valid RMSE: 48.4634, Valid MAPE: 5.6441, Valid WMAPE: 0.0864
###Update tasks appear###
Updating! Valid Loss: 15.025586775371007, epoch:  15
Iter: 000, Train Loss: 11.4505, Train RMSE: 24.4143, Train MAPE: 2.7407, Train WMAPE: 0.0636
Iter: 050, Train Loss: 12.9234, Train RMSE: 27.3020, Train MAPE: 1.3502, Train WMAPE: 0.0709
Epoch: 016, Training Time: 37.4049 secs
Epoch: 016, Inference Time: 5.2231 secs
Epoch: 016, Train Loss: 11.1673, Train RMSE: 23.1920, Train MAPE: 2.2836, Train WMAPE: 0.0625, 
Epoch: 016, Valid Loss: 15.1688, Valid RMSE: 48.2253, Valid MAPE: 7.6269, Valid WMAPE: 0.0872
No update
Iter: 000, Train Loss: 11.4992, Train RMSE: 24.2331, Train MAPE: 3.3739, Train WMAPE: 0.0638
Iter: 050, Train Loss: 13.0072, Train RMSE: 27.1635, Train MAPE: 1.5306, Train WMAPE: 0.0713
Epoch: 017, Training Time: 39.5843 secs
Epoch: 017, Inference Time: 5.4020 secs
Epoch: 017, Train Loss: 11.0739, Train RMSE: 23.0460, Train MAPE: 2.1615, Train WMAPE: 0.0619, 
Epoch: 017, Valid Loss: 14.8106, Valid RMSE: 48.2821, Valid MAPE: 3.4383, Valid WMAPE: 0.0851
###Update tasks appear###
Updating! Valid Loss: 14.810644286019462, epoch:  17
Iter: 000, Train Loss: 11.3657, Train RMSE: 24.3475, Train MAPE: 1.9103, Train WMAPE: 0.0631
Iter: 050, Train Loss: 12.8700, Train RMSE: 27.0032, Train MAPE: 1.6240, Train WMAPE: 0.0706
Epoch: 018, Training Time: 36.1998 secs
Epoch: 018, Inference Time: 5.8911 secs
Epoch: 018, Train Loss: 10.9712, Train RMSE: 22.9210, Train MAPE: 2.2202, Train WMAPE: 0.0614, 
Epoch: 018, Valid Loss: 14.4971, Valid RMSE: 47.7154, Valid MAPE: 5.3311, Valid WMAPE: 0.0833
###Update tasks appear###
Updating! Valid Loss: 14.49713931764875, epoch:  18
Iter: 000, Train Loss: 10.8735, Train RMSE: 23.6329, Train MAPE: 2.4841, Train WMAPE: 0.0604
Iter: 050, Train Loss: 12.5752, Train RMSE: 26.7469, Train MAPE: 1.3855, Train WMAPE: 0.0690
Epoch: 019, Training Time: 37.4894 secs
Epoch: 019, Inference Time: 4.9809 secs
Epoch: 019, Train Loss: 10.8246, Train RMSE: 22.6867, Train MAPE: 2.1461, Train WMAPE: 0.0605, 
Epoch: 019, Valid Loss: 14.6887, Valid RMSE: 48.0155, Valid MAPE: 5.6655, Valid WMAPE: 0.0844
No update
Iter: 000, Train Loss: 11.3641, Train RMSE: 24.5014, Train MAPE: 2.6337, Train WMAPE: 0.0631
Iter: 050, Train Loss: 12.6876, Train RMSE: 26.8454, Train MAPE: 1.2311, Train WMAPE: 0.0696
Epoch: 020, Training Time: 38.8024 secs
Epoch: 020, Inference Time: 5.7243 secs
Epoch: 020, Train Loss: 10.7249, Train RMSE: 22.5588, Train MAPE: 2.1390, Train WMAPE: 0.0600, 
Epoch: 020, Valid Loss: 14.3893, Valid RMSE: 47.5395, Valid MAPE: 5.7561, Valid WMAPE: 0.0827
###Update tasks appear###
Updating! Valid Loss: 14.38925392287118, epoch:  20
Iter: 000, Train Loss: 11.0173, Train RMSE: 23.7470, Train MAPE: 2.4063, Train WMAPE: 0.0612
Iter: 050, Train Loss: 12.4015, Train RMSE: 26.0651, Train MAPE: 1.7656, Train WMAPE: 0.0680
Epoch: 021, Training Time: 37.3918 secs
Epoch: 021, Inference Time: 4.6192 secs
Epoch: 021, Train Loss: 10.6110, Train RMSE: 22.3471, Train MAPE: 2.1764, Train WMAPE: 0.0593, 
Epoch: 021, Valid Loss: 14.5182, Valid RMSE: 47.2501, Valid MAPE: 8.4729, Valid WMAPE: 0.0834
No update
Iter: 000, Train Loss: 10.9872, Train RMSE: 23.3579, Train MAPE: 3.4113, Train WMAPE: 0.0610
Iter: 050, Train Loss: 12.3454, Train RMSE: 26.4200, Train MAPE: 1.2634, Train WMAPE: 0.0677
Epoch: 022, Training Time: 38.6849 secs
Epoch: 022, Inference Time: 6.4277 secs
Epoch: 022, Train Loss: 10.4684, Train RMSE: 22.1398, Train MAPE: 2.1004, Train WMAPE: 0.0585, 
Epoch: 022, Valid Loss: 14.4382, Valid RMSE: 47.1715, Valid MAPE: 8.4021, Valid WMAPE: 0.0830
No update
Iter: 000, Train Loss: 10.9572, Train RMSE: 23.4703, Train MAPE: 3.8694, Train WMAPE: 0.0608
Iter: 050, Train Loss: 12.3515, Train RMSE: 26.3438, Train MAPE: 1.1553, Train WMAPE: 0.0677
Epoch: 023, Training Time: 37.4399 secs
Epoch: 023, Inference Time: 5.5268 secs
Epoch: 023, Train Loss: 10.4709, Train RMSE: 22.0974, Train MAPE: 2.1479, Train WMAPE: 0.0586, 
Epoch: 023, Valid Loss: 14.0707, Valid RMSE: 47.2508, Valid MAPE: 3.3436, Valid WMAPE: 0.0808
###Update tasks appear###
Updating! Valid Loss: 14.070656844547816, epoch:  23
Iter: 000, Train Loss: 10.9012, Train RMSE: 23.7984, Train MAPE: 1.4369, Train WMAPE: 0.0605
Iter: 050, Train Loss: 12.2414, Train RMSE: 26.1360, Train MAPE: 1.4344, Train WMAPE: 0.0671
Epoch: 024, Training Time: 36.2253 secs
Epoch: 024, Inference Time: 5.7673 secs
Epoch: 024, Train Loss: 10.3496, Train RMSE: 21.9125, Train MAPE: 2.0458, Train WMAPE: 0.0579, 
Epoch: 024, Valid Loss: 14.0982, Valid RMSE: 46.8042, Valid MAPE: 7.4376, Valid WMAPE: 0.0810
No update
Iter: 000, Train Loss: 10.6963, Train RMSE: 23.2352, Train MAPE: 2.8634, Train WMAPE: 0.0594
Iter: 050, Train Loss: 12.7149, Train RMSE: 26.7109, Train MAPE: 1.5558, Train WMAPE: 0.0697
Epoch: 025, Training Time: 38.0823 secs
Epoch: 025, Inference Time: 5.7038 secs
Epoch: 025, Train Loss: 10.3132, Train RMSE: 21.8534, Train MAPE: 2.1284, Train WMAPE: 0.0577, 
Epoch: 025, Valid Loss: 14.3359, Valid RMSE: 46.9738, Valid MAPE: 8.6004, Valid WMAPE: 0.0823
No update
Iter: 000, Train Loss: 11.1482, Train RMSE: 23.8006, Train MAPE: 3.4135, Train WMAPE: 0.0619
Iter: 050, Train Loss: 12.1771, Train RMSE: 26.0514, Train MAPE: 1.2572, Train WMAPE: 0.0668
Epoch: 026, Training Time: 38.6023 secs
Epoch: 026, Inference Time: 5.3092 secs
Epoch: 026, Train Loss: 10.2383, Train RMSE: 21.7625, Train MAPE: 1.8686, Train WMAPE: 0.0573, 
Epoch: 026, Valid Loss: 13.6954, Valid RMSE: 46.6440, Valid MAPE: 3.9163, Valid WMAPE: 0.0787
###Update tasks appear###
Updating! Valid Loss: 13.695428950445992, epoch:  26
Iter: 000, Train Loss: 10.4326, Train RMSE: 23.1300, Train MAPE: 1.7557, Train WMAPE: 0.0579
Iter: 050, Train Loss: 11.9572, Train RMSE: 25.6099, Train MAPE: 1.5288, Train WMAPE: 0.0656
Epoch: 027, Training Time: 37.5869 secs
Epoch: 027, Inference Time: 5.3780 secs
Epoch: 027, Train Loss: 10.1038, Train RMSE: 21.4723, Train MAPE: 1.9602, Train WMAPE: 0.0565, 
Epoch: 027, Valid Loss: 13.5459, Valid RMSE: 46.4277, Valid MAPE: 3.9546, Valid WMAPE: 0.0778
###Update tasks appear###
Updating! Valid Loss: 13.54588178225926, epoch:  27
Iter: 000, Train Loss: 10.3801, Train RMSE: 22.9861, Train MAPE: 1.8021, Train WMAPE: 0.0576
Iter: 050, Train Loss: 11.7716, Train RMSE: 25.5007, Train MAPE: 1.4049, Train WMAPE: 0.0646
Epoch: 028, Training Time: 37.3739 secs
Epoch: 028, Inference Time: 6.6030 secs
Epoch: 028, Train Loss: 9.9526, Train RMSE: 21.1846, Train MAPE: 2.0353, Train WMAPE: 0.0557, 
Epoch: 028, Valid Loss: 13.9218, Valid RMSE: 46.3450, Valid MAPE: 8.6869, Valid WMAPE: 0.0800
No update
Iter: 000, Train Loss: 10.6479, Train RMSE: 22.8958, Train MAPE: 3.4939, Train WMAPE: 0.0591
Iter: 050, Train Loss: 11.6122, Train RMSE: 25.0248, Train MAPE: 1.2045, Train WMAPE: 0.0637
Epoch: 029, Training Time: 38.6040 secs
Epoch: 029, Inference Time: 6.0841 secs
Epoch: 029, Train Loss: 9.9113, Train RMSE: 21.1100, Train MAPE: 1.9371, Train WMAPE: 0.0554, 
Epoch: 029, Valid Loss: 13.6749, Valid RMSE: 46.5430, Valid MAPE: 3.6617, Valid WMAPE: 0.0785
No update
Iter: 000, Train Loss: 10.4340, Train RMSE: 22.8973, Train MAPE: 1.5245, Train WMAPE: 0.0579
Iter: 050, Train Loss: 11.2692, Train RMSE: 24.2023, Train MAPE: 1.5730, Train WMAPE: 0.0618
Epoch: 030, Training Time: 38.7054 secs
Epoch: 030, Inference Time: 7.0954 secs
Epoch: 030, Train Loss: 9.8601, Train RMSE: 20.9124, Train MAPE: 2.0606, Train WMAPE: 0.0551, 
Epoch: 030, Valid Loss: 13.3873, Valid RMSE: 46.0266, Valid MAPE: 4.7026, Valid WMAPE: 0.0769
###Update tasks appear###
Updating! Valid Loss: 13.387346608298165, epoch:  30
Iter: 000, Train Loss: 10.2110, Train RMSE: 22.4122, Train MAPE: 1.7271, Train WMAPE: 0.0567
Iter: 050, Train Loss: 11.5512, Train RMSE: 24.4774, Train MAPE: 1.9123, Train WMAPE: 0.0633
Epoch: 031, Training Time: 37.4803 secs
Epoch: 031, Inference Time: 5.5816 secs
Epoch: 031, Train Loss: 9.7295, Train RMSE: 20.6750, Train MAPE: 2.0173, Train WMAPE: 0.0544, 
Epoch: 031, Valid Loss: 13.2244, Valid RMSE: 45.9306, Valid MAPE: 3.8112, Valid WMAPE: 0.0760
###Update tasks appear###
Updating! Valid Loss: 13.224376303809029, epoch:  31
Iter: 000, Train Loss: 9.9565, Train RMSE: 21.8364, Train MAPE: 1.6204, Train WMAPE: 0.0553
Iter: 050, Train Loss: 11.5966, Train RMSE: 24.4647, Train MAPE: 1.2167, Train WMAPE: 0.0636
Epoch: 032, Training Time: 37.1140 secs
Epoch: 032, Inference Time: 5.1002 secs
Epoch: 032, Train Loss: 9.6476, Train RMSE: 20.4879, Train MAPE: 1.8814, Train WMAPE: 0.0540, 
Epoch: 032, Valid Loss: 13.1152, Valid RMSE: 45.7984, Valid MAPE: 3.2204, Valid WMAPE: 0.0753
###Update tasks appear###
Updating! Valid Loss: 13.115209341049194, epoch:  32
Iter: 000, Train Loss: 9.8955, Train RMSE: 22.0069, Train MAPE: 1.3837, Train WMAPE: 0.0549
Iter: 050, Train Loss: 11.0491, Train RMSE: 23.3273, Train MAPE: 1.1136, Train WMAPE: 0.0606
Epoch: 033, Training Time: 36.5665 secs
Epoch: 033, Inference Time: 5.0831 secs
Epoch: 033, Train Loss: 9.5997, Train RMSE: 20.3359, Train MAPE: 1.8690, Train WMAPE: 0.0537, 
Epoch: 033, Valid Loss: 13.4833, Valid RMSE: 46.1840, Valid MAPE: 4.6747, Valid WMAPE: 0.0774
No update
Iter: 000, Train Loss: 10.4194, Train RMSE: 22.5781, Train MAPE: 1.7582, Train WMAPE: 0.0578
Iter: 050, Train Loss: 10.9551, Train RMSE: 22.9835, Train MAPE: 1.3543, Train WMAPE: 0.0601
Epoch: 034, Training Time: 39.8285 secs
Epoch: 034, Inference Time: 5.2802 secs
Epoch: 034, Train Loss: 9.5207, Train RMSE: 20.2463, Train MAPE: 1.8089, Train WMAPE: 0.0532, 
Epoch: 034, Valid Loss: 13.4615, Valid RMSE: 45.8159, Valid MAPE: 8.1460, Valid WMAPE: 0.0773
No update
Iter: 000, Train Loss: 10.1489, Train RMSE: 21.6936, Train MAPE: 3.1307, Train WMAPE: 0.0563
Iter: 050, Train Loss: 10.8215, Train RMSE: 22.8952, Train MAPE: 0.9719, Train WMAPE: 0.0593
Epoch: 035, Training Time: 37.4171 secs
Epoch: 035, Inference Time: 5.8000 secs
Epoch: 035, Train Loss: 9.4454, Train RMSE: 20.0274, Train MAPE: 1.8462, Train WMAPE: 0.0528, 
Epoch: 035, Valid Loss: 13.4866, Valid RMSE: 46.3497, Valid MAPE: 4.0268, Valid WMAPE: 0.0774
No update
Iter: 000, Train Loss: 9.9525, Train RMSE: 21.8652, Train MAPE: 1.5500, Train WMAPE: 0.0553
Iter: 050, Train Loss: 10.5828, Train RMSE: 21.9717, Train MAPE: 1.7857, Train WMAPE: 0.0580
Epoch: 036, Training Time: 38.3774 secs
Epoch: 036, Inference Time: 5.6972 secs
Epoch: 036, Train Loss: 9.3882, Train RMSE: 19.8715, Train MAPE: 1.9565, Train WMAPE: 0.0525, 
Epoch: 036, Valid Loss: 12.8391, Valid RMSE: 45.5732, Valid MAPE: 3.6527, Valid WMAPE: 0.0737
###Update tasks appear###
Updating! Valid Loss: 12.839139563696724, epoch:  36
Iter: 000, Train Loss: 9.5594, Train RMSE: 21.0781, Train MAPE: 1.4450, Train WMAPE: 0.0531
Iter: 050, Train Loss: 10.8282, Train RMSE: 22.2056, Train MAPE: 1.5461, Train WMAPE: 0.0594
Epoch: 037, Training Time: 36.9925 secs
Epoch: 037, Inference Time: 5.8937 secs
Epoch: 037, Train Loss: 9.2651, Train RMSE: 19.6258, Train MAPE: 1.8829, Train WMAPE: 0.0518, 
Epoch: 037, Valid Loss: 13.2983, Valid RMSE: 45.7227, Valid MAPE: 5.7630, Valid WMAPE: 0.0764
No update
Iter: 000, Train Loss: 10.0178, Train RMSE: 21.1903, Train MAPE: 2.2164, Train WMAPE: 0.0556
Iter: 050, Train Loss: 10.5027, Train RMSE: 21.9025, Train MAPE: 0.9511, Train WMAPE: 0.0576
Epoch: 038, Training Time: 39.5790 secs
Epoch: 038, Inference Time: 5.7002 secs
Epoch: 038, Train Loss: 9.2413, Train RMSE: 19.6196, Train MAPE: 1.8187, Train WMAPE: 0.0517, 
Epoch: 038, Valid Loss: 13.2553, Valid RMSE: 45.9302, Valid MAPE: 3.8226, Valid WMAPE: 0.0761
No update
Iter: 000, Train Loss: 10.0268, Train RMSE: 21.5062, Train MAPE: 1.4703, Train WMAPE: 0.0557
Iter: 050, Train Loss: 10.1752, Train RMSE: 21.3568, Train MAPE: 1.3646, Train WMAPE: 0.0558
Epoch: 039, Training Time: 37.2152 secs
Epoch: 039, Inference Time: 6.5019 secs
Epoch: 039, Train Loss: 9.1484, Train RMSE: 19.4921, Train MAPE: 1.6712, Train WMAPE: 0.0512, 
Epoch: 039, Valid Loss: 12.7649, Valid RMSE: 45.3055, Valid MAPE: 4.9017, Valid WMAPE: 0.0733
###Update tasks appear###
Updating! Valid Loss: 12.764891590390887, epoch:  39
Iter: 000, Train Loss: 9.5310, Train RMSE: 20.6708, Train MAPE: 1.8407, Train WMAPE: 0.0529
Iter: 050, Train Loss: 10.2201, Train RMSE: 21.4571, Train MAPE: 1.1503, Train WMAPE: 0.0560
Epoch: 040, Training Time: 37.6389 secs
Epoch: 040, Inference Time: 5.3617 secs
Epoch: 040, Train Loss: 8.9973, Train RMSE: 19.1307, Train MAPE: 1.7390, Train WMAPE: 0.0503, 
Epoch: 040, Valid Loss: 12.9351, Valid RMSE: 45.2695, Valid MAPE: 7.3260, Valid WMAPE: 0.0743
No update
Iter: 000, Train Loss: 9.5152, Train RMSE: 20.2159, Train MAPE: 2.9822, Train WMAPE: 0.0528
Iter: 050, Train Loss: 10.4362, Train RMSE: 21.7430, Train MAPE: 1.4082, Train WMAPE: 0.0572
Epoch: 041, Training Time: 37.9053 secs
Epoch: 041, Inference Time: 5.1196 secs
Epoch: 041, Train Loss: 8.9938, Train RMSE: 19.0668, Train MAPE: 1.7819, Train WMAPE: 0.0503, 
Epoch: 041, Valid Loss: 12.6691, Valid RMSE: 45.4293, Valid MAPE: 4.2116, Valid WMAPE: 0.0728
###Update tasks appear###
Updating! Valid Loss: 12.669117246355329, epoch:  41
Iter: 000, Train Loss: 9.3201, Train RMSE: 20.4540, Train MAPE: 1.6458, Train WMAPE: 0.0517
Iter: 050, Train Loss: 10.3005, Train RMSE: 21.3662, Train MAPE: 0.9347, Train WMAPE: 0.0565
Epoch: 042, Training Time: 39.5149 secs
Epoch: 042, Inference Time: 5.4821 secs
Epoch: 042, Train Loss: 9.0106, Train RMSE: 19.1217, Train MAPE: 1.7322, Train WMAPE: 0.0504, 
Epoch: 042, Valid Loss: 12.4242, Valid RMSE: 45.3302, Valid MAPE: 3.9150, Valid WMAPE: 0.0713
###Update tasks appear###
Updating! Valid Loss: 12.424231972013201, epoch:  42
Iter: 000, Train Loss: 9.0514, Train RMSE: 19.9627, Train MAPE: 1.4385, Train WMAPE: 0.0503
Iter: 050, Train Loss: 10.0790, Train RMSE: 20.8100, Train MAPE: 1.2971, Train WMAPE: 0.0553
Epoch: 043, Training Time: 38.8881 secs
Epoch: 043, Inference Time: 5.2016 secs
Epoch: 043, Train Loss: 8.8090, Train RMSE: 18.8539, Train MAPE: 1.6069, Train WMAPE: 0.0493, 
Epoch: 043, Valid Loss: 13.4261, Valid RMSE: 46.1614, Valid MAPE: 5.3867, Valid WMAPE: 0.0771
No update
Iter: 000, Train Loss: 10.3576, Train RMSE: 21.6080, Train MAPE: 2.1320, Train WMAPE: 0.0575
Iter: 050, Train Loss: 10.0565, Train RMSE: 20.4183, Train MAPE: 1.2301, Train WMAPE: 0.0551
Epoch: 044, Training Time: 38.9731 secs
Epoch: 044, Inference Time: 6.1112 secs
Epoch: 044, Train Loss: 8.8780, Train RMSE: 18.8405, Train MAPE: 1.6171, Train WMAPE: 0.0497, 
Epoch: 044, Valid Loss: 12.9499, Valid RMSE: 45.7177, Valid MAPE: 4.1120, Valid WMAPE: 0.0744
No update
Iter: 000, Train Loss: 9.5084, Train RMSE: 20.0607, Train MAPE: 1.4200, Train WMAPE: 0.0528
Iter: 050, Train Loss: 9.8644, Train RMSE: 20.2638, Train MAPE: 1.2264, Train WMAPE: 0.0541
Epoch: 045, Training Time: 36.7105 secs
Epoch: 045, Inference Time: 5.2630 secs
Epoch: 045, Train Loss: 8.7509, Train RMSE: 18.6125, Train MAPE: 1.5115, Train WMAPE: 0.0489, 
Epoch: 045, Valid Loss: 12.5563, Valid RMSE: 45.2964, Valid MAPE: 3.1766, Valid WMAPE: 0.0721
No update
Iter: 000, Train Loss: 9.2268, Train RMSE: 19.5270, Train MAPE: 1.2632, Train WMAPE: 0.0512
Iter: 050, Train Loss: 10.2076, Train RMSE: 21.1216, Train MAPE: 1.3928, Train WMAPE: 0.0560
Epoch: 046, Training Time: 38.2955 secs
Epoch: 046, Inference Time: 6.2989 secs
Epoch: 046, Train Loss: 8.6860, Train RMSE: 18.5155, Train MAPE: 1.4315, Train WMAPE: 0.0486, 
Epoch: 046, Valid Loss: 12.4916, Valid RMSE: 45.4773, Valid MAPE: 3.5743, Valid WMAPE: 0.0717
No update
Iter: 000, Train Loss: 8.9920, Train RMSE: 19.2724, Train MAPE: 1.2590, Train WMAPE: 0.0499
Iter: 050, Train Loss: 9.4375, Train RMSE: 19.8762, Train MAPE: 1.1545, Train WMAPE: 0.0518
Epoch: 047, Training Time: 37.4828 secs
Epoch: 047, Inference Time: 5.1391 secs
Epoch: 047, Train Loss: 8.5345, Train RMSE: 18.2237, Train MAPE: 1.4606, Train WMAPE: 0.0477, 
Epoch: 047, Valid Loss: 12.6160, Valid RMSE: 45.7133, Valid MAPE: 2.7797, Valid WMAPE: 0.0724
No update
Iter: 000, Train Loss: 9.3785, Train RMSE: 20.2366, Train MAPE: 1.0329, Train WMAPE: 0.0521
Iter: 050, Train Loss: 10.2181, Train RMSE: 21.2387, Train MAPE: 1.8316, Train WMAPE: 0.0560
Epoch: 048, Training Time: 39.3333 secs
Epoch: 048, Inference Time: 5.5868 secs
Epoch: 048, Train Loss: 8.6229, Train RMSE: 18.2584, Train MAPE: 1.6047, Train WMAPE: 0.0482, 
Epoch: 048, Valid Loss: 12.1988, Valid RMSE: 45.1729, Valid MAPE: 3.4760, Valid WMAPE: 0.0701
###Update tasks appear###
Updating! Valid Loss: 12.19881967135838, epoch:  48
Iter: 000, Train Loss: 8.7794, Train RMSE: 19.0781, Train MAPE: 1.1743, Train WMAPE: 0.0487
Iter: 050, Train Loss: 9.2608, Train RMSE: 19.2062, Train MAPE: 0.9920, Train WMAPE: 0.0508
Epoch: 049, Training Time: 37.4712 secs
Epoch: 049, Inference Time: 4.7289 secs
Epoch: 049, Train Loss: 8.4854, Train RMSE: 17.9395, Train MAPE: 1.6411, Train WMAPE: 0.0475, 
Epoch: 049, Valid Loss: 12.2759, Valid RMSE: 45.4095, Valid MAPE: 3.2498, Valid WMAPE: 0.0705
No update
Iter: 000, Train Loss: 8.7365, Train RMSE: 18.7302, Train MAPE: 1.0459, Train WMAPE: 0.0485
Iter: 050, Train Loss: 9.4072, Train RMSE: 19.1630, Train MAPE: 1.2814, Train WMAPE: 0.0516
Epoch: 050, Training Time: 37.5985 secs
Epoch: 050, Inference Time: 5.8918 secs
Epoch: 050, Train Loss: 8.4282, Train RMSE: 17.9226, Train MAPE: 1.5653, Train WMAPE: 0.0471, 
Epoch: 050, Valid Loss: 12.0999, Valid RMSE: 45.3139, Valid MAPE: 3.2452, Valid WMAPE: 0.0695
###Update tasks appear###
Updating! Valid Loss: 12.099891458238874, epoch:  50
Iter: 000, Train Loss: 8.6072, Train RMSE: 18.8692, Train MAPE: 1.2985, Train WMAPE: 0.0478
Iter: 050, Train Loss: 9.1036, Train RMSE: 18.6277, Train MAPE: 0.8055, Train WMAPE: 0.0499
Epoch: 051, Training Time: 37.0842 secs
Epoch: 051, Inference Time: 5.8979 secs
Epoch: 051, Train Loss: 8.3546, Train RMSE: 17.7550, Train MAPE: 1.6075, Train WMAPE: 0.0467, 
Epoch: 051, Valid Loss: 12.2176, Valid RMSE: 45.1784, Valid MAPE: 6.4159, Valid WMAPE: 0.0702
No update
Iter: 000, Train Loss: 8.8439, Train RMSE: 18.9074, Train MAPE: 2.4181, Train WMAPE: 0.0491
Iter: 050, Train Loss: 9.5652, Train RMSE: 20.0325, Train MAPE: 0.8369, Train WMAPE: 0.0525
Epoch: 052, Training Time: 37.3857 secs
Epoch: 052, Inference Time: 5.4175 secs
Epoch: 052, Train Loss: 8.2700, Train RMSE: 17.5884, Train MAPE: 1.6538, Train WMAPE: 0.0463, 
Epoch: 052, Valid Loss: 11.9934, Valid RMSE: 45.2961, Valid MAPE: 3.3240, Valid WMAPE: 0.0689
###Update tasks appear###
Updating! Valid Loss: 11.993420941489083, epoch:  52
Iter: 000, Train Loss: 8.3291, Train RMSE: 18.1028, Train MAPE: 1.2481, Train WMAPE: 0.0462
Iter: 050, Train Loss: 9.2825, Train RMSE: 19.3852, Train MAPE: 1.1382, Train WMAPE: 0.0509
Epoch: 053, Training Time: 37.5848 secs
Epoch: 053, Inference Time: 5.4242 secs
Epoch: 053, Train Loss: 8.2441, Train RMSE: 17.4992, Train MAPE: 1.6137, Train WMAPE: 0.0461, 
Epoch: 053, Valid Loss: 12.0342, Valid RMSE: 45.1976, Valid MAPE: 3.3033, Valid WMAPE: 0.0691
No update
Iter: 000, Train Loss: 8.4165, Train RMSE: 18.2506, Train MAPE: 1.2210, Train WMAPE: 0.0467
Iter: 050, Train Loss: 9.3000, Train RMSE: 20.1118, Train MAPE: 0.9261, Train WMAPE: 0.0510
Epoch: 054, Training Time: 39.4168 secs
Epoch: 054, Inference Time: 5.0108 secs
Epoch: 054, Train Loss: 8.2929, Train RMSE: 17.5792, Train MAPE: 1.6791, Train WMAPE: 0.0464, 
Epoch: 054, Valid Loss: 11.9200, Valid RMSE: 45.0350, Valid MAPE: 2.7304, Valid WMAPE: 0.0685
###Update tasks appear###
Updating! Valid Loss: 11.920002698898315, epoch:  54
Iter: 000, Train Loss: 8.4214, Train RMSE: 18.5922, Train MAPE: 0.9556, Train WMAPE: 0.0468
Iter: 050, Train Loss: 9.0432, Train RMSE: 19.0412, Train MAPE: 1.1401, Train WMAPE: 0.0496
Epoch: 055, Training Time: 38.4637 secs
Epoch: 055, Inference Time: 5.3275 secs
Epoch: 055, Train Loss: 8.1294, Train RMSE: 17.4049, Train MAPE: 1.4461, Train WMAPE: 0.0455, 
Epoch: 055, Valid Loss: 12.4208, Valid RMSE: 45.3759, Valid MAPE: 5.1723, Valid WMAPE: 0.0713
No update
Iter: 000, Train Loss: 8.9806, Train RMSE: 18.7830, Train MAPE: 1.6682, Train WMAPE: 0.0499
Iter: 050, Train Loss: 8.9136, Train RMSE: 18.4058, Train MAPE: 1.6671, Train WMAPE: 0.0489
Epoch: 056, Training Time: 38.2925 secs
Epoch: 056, Inference Time: 5.5057 secs
Epoch: 056, Train Loss: 8.1156, Train RMSE: 17.2708, Train MAPE: 1.6070, Train WMAPE: 0.0454, 
Epoch: 056, Valid Loss: 12.2780, Valid RMSE: 45.2824, Valid MAPE: 4.8849, Valid WMAPE: 0.0705
No update
Iter: 000, Train Loss: 8.6714, Train RMSE: 18.3434, Train MAPE: 1.6346, Train WMAPE: 0.0481
Iter: 050, Train Loss: 9.3212, Train RMSE: 19.0803, Train MAPE: 0.7808, Train WMAPE: 0.0511
Epoch: 057, Training Time: 36.7922 secs
Epoch: 057, Inference Time: 5.7916 secs
Epoch: 057, Train Loss: 8.1599, Train RMSE: 17.3921, Train MAPE: 1.4974, Train WMAPE: 0.0456, 
Epoch: 057, Valid Loss: 12.0365, Valid RMSE: 45.4375, Valid MAPE: 4.4769, Valid WMAPE: 0.0691
No update
Iter: 000, Train Loss: 8.1790, Train RMSE: 17.5456, Train MAPE: 1.6121, Train WMAPE: 0.0454
Iter: 050, Train Loss: 8.8716, Train RMSE: 18.5374, Train MAPE: 1.0379, Train WMAPE: 0.0486
Epoch: 058, Training Time: 37.2958 secs
Epoch: 058, Inference Time: 4.9983 secs
Epoch: 058, Train Loss: 7.9835, Train RMSE: 17.0680, Train MAPE: 1.5462, Train WMAPE: 0.0447, 
Epoch: 058, Valid Loss: 12.1250, Valid RMSE: 45.3382, Valid MAPE: 6.3918, Valid WMAPE: 0.0696
No update
Iter: 000, Train Loss: 8.2636, Train RMSE: 17.8191, Train MAPE: 2.3518, Train WMAPE: 0.0459
Iter: 050, Train Loss: 8.6974, Train RMSE: 18.0120, Train MAPE: 0.9048, Train WMAPE: 0.0477
Epoch: 059, Training Time: 35.4682 secs
Epoch: 059, Inference Time: 5.8186 secs
Epoch: 059, Train Loss: 7.9992, Train RMSE: 17.0696, Train MAPE: 1.5273, Train WMAPE: 0.0447, 
Epoch: 059, Valid Loss: 11.9855, Valid RMSE: 45.3956, Valid MAPE: 4.1591, Valid WMAPE: 0.0688
No update
Iter: 000, Train Loss: 8.4343, Train RMSE: 18.2486, Train MAPE: 1.5737, Train WMAPE: 0.0468
Iter: 050, Train Loss: 8.9511, Train RMSE: 18.4595, Train MAPE: 1.1992, Train WMAPE: 0.0491
Epoch: 060, Training Time: 35.9952 secs
Epoch: 060, Inference Time: 6.6148 secs
Epoch: 060, Train Loss: 7.9716, Train RMSE: 17.0785, Train MAPE: 1.3348, Train WMAPE: 0.0446, 
Epoch: 060, Valid Loss: 11.8210, Valid RMSE: 45.0336, Valid MAPE: 3.0147, Valid WMAPE: 0.0679
###Update tasks appear###
Updating! Valid Loss: 11.820958239691597, epoch:  60
Iter: 000, Train Loss: 7.9889, Train RMSE: 17.5133, Train MAPE: 1.0670, Train WMAPE: 0.0444
Iter: 050, Train Loss: 8.8215, Train RMSE: 18.8772, Train MAPE: 1.0811, Train WMAPE: 0.0484
Epoch: 061, Training Time: 37.9914 secs
Epoch: 061, Inference Time: 6.5268 secs
Epoch: 061, Train Loss: 7.9446, Train RMSE: 17.0623, Train MAPE: 1.4166, Train WMAPE: 0.0444, 
Epoch: 061, Valid Loss: 12.2376, Valid RMSE: 44.9469, Valid MAPE: 6.7040, Valid WMAPE: 0.0703
No update
Iter: 000, Train Loss: 8.5302, Train RMSE: 18.0219, Train MAPE: 2.1699, Train WMAPE: 0.0474
Iter: 050, Train Loss: 8.6115, Train RMSE: 17.6130, Train MAPE: 1.6087, Train WMAPE: 0.0472
Epoch: 062, Training Time: 37.5746 secs
Epoch: 062, Inference Time: 6.8191 secs
Epoch: 062, Train Loss: 7.9225, Train RMSE: 16.9195, Train MAPE: 1.5616, Train WMAPE: 0.0443, 
Epoch: 062, Valid Loss: 12.0953, Valid RMSE: 45.1267, Valid MAPE: 3.3850, Valid WMAPE: 0.0695
No update
Iter: 000, Train Loss: 8.5416, Train RMSE: 18.7405, Train MAPE: 1.0940, Train WMAPE: 0.0474
Iter: 050, Train Loss: 8.1015, Train RMSE: 16.5017, Train MAPE: 0.9485, Train WMAPE: 0.0444
Epoch: 063, Training Time: 38.0077 secs
Epoch: 063, Inference Time: 6.6983 secs
Epoch: 063, Train Loss: 7.8551, Train RMSE: 16.7729, Train MAPE: 1.4336, Train WMAPE: 0.0439, 
Epoch: 063, Valid Loss: 11.9573, Valid RMSE: 45.2587, Valid MAPE: 4.3842, Valid WMAPE: 0.0687
No update
Iter: 000, Train Loss: 7.9867, Train RMSE: 17.4077, Train MAPE: 1.6104, Train WMAPE: 0.0443
Iter: 050, Train Loss: 8.3022, Train RMSE: 17.0867, Train MAPE: 0.9395, Train WMAPE: 0.0455
Epoch: 064, Training Time: 38.2047 secs
Epoch: 064, Inference Time: 6.8046 secs
Epoch: 064, Train Loss: 7.8285, Train RMSE: 16.7118, Train MAPE: 1.5245, Train WMAPE: 0.0438, 
Epoch: 064, Valid Loss: 12.1561, Valid RMSE: 45.3316, Valid MAPE: 6.3619, Valid WMAPE: 0.0698
No update
Iter: 000, Train Loss: 7.9752, Train RMSE: 17.1610, Train MAPE: 2.4041, Train WMAPE: 0.0443
Iter: 050, Train Loss: 8.2465, Train RMSE: 16.7162, Train MAPE: 1.1537, Train WMAPE: 0.0452
Epoch: 065, Training Time: 37.1015 secs
Epoch: 065, Inference Time: 5.5913 secs
Epoch: 065, Train Loss: 7.7625, Train RMSE: 16.5954, Train MAPE: 1.5358, Train WMAPE: 0.0434, 
Epoch: 065, Valid Loss: 11.7904, Valid RMSE: 45.0754, Valid MAPE: 3.4776, Valid WMAPE: 0.0677
###Update tasks appear###
Updating! Valid Loss: 11.790358679635185, epoch:  65
Iter: 000, Train Loss: 7.9313, Train RMSE: 17.4663, Train MAPE: 1.2765, Train WMAPE: 0.0440
Iter: 050, Train Loss: 8.4777, Train RMSE: 17.0378, Train MAPE: 1.1208, Train WMAPE: 0.0465
Epoch: 066, Training Time: 37.1186 secs
Epoch: 066, Inference Time: 5.1675 secs
Epoch: 066, Train Loss: 7.8082, Train RMSE: 16.6751, Train MAPE: 1.5345, Train WMAPE: 0.0437, 
Epoch: 066, Valid Loss: 11.7391, Valid RMSE: 45.0045, Valid MAPE: 3.8007, Valid WMAPE: 0.0674
###Update tasks appear###
Updating! Valid Loss: 11.739064386912755, epoch:  66
Iter: 000, Train Loss: 8.0041, Train RMSE: 17.5781, Train MAPE: 1.3823, Train WMAPE: 0.0444
Iter: 050, Train Loss: 8.3424, Train RMSE: 17.0029, Train MAPE: 0.9777, Train WMAPE: 0.0457
Epoch: 067, Training Time: 37.7227 secs
Epoch: 067, Inference Time: 5.8800 secs
Epoch: 067, Train Loss: 7.7542, Train RMSE: 16.5398, Train MAPE: 1.4636, Train WMAPE: 0.0434, 
Epoch: 067, Valid Loss: 11.7792, Valid RMSE: 44.9445, Valid MAPE: 4.3321, Valid WMAPE: 0.0676
No update
Iter: 000, Train Loss: 8.1590, Train RMSE: 17.8670, Train MAPE: 1.5535, Train WMAPE: 0.0453
Iter: 050, Train Loss: 8.4910, Train RMSE: 17.5443, Train MAPE: 0.8965, Train WMAPE: 0.0466
Epoch: 068, Training Time: 37.1206 secs
Epoch: 068, Inference Time: 4.9802 secs
Epoch: 068, Train Loss: 7.7267, Train RMSE: 16.5399, Train MAPE: 1.4700, Train WMAPE: 0.0432, 
Epoch: 068, Valid Loss: 11.9077, Valid RMSE: 45.1480, Valid MAPE: 3.6467, Valid WMAPE: 0.0684
No update
Iter: 000, Train Loss: 8.4240, Train RMSE: 18.3655, Train MAPE: 1.3588, Train WMAPE: 0.0468
Iter: 050, Train Loss: 8.2430, Train RMSE: 17.1907, Train MAPE: 0.7655, Train WMAPE: 0.0452
Epoch: 069, Training Time: 37.2317 secs
Epoch: 069, Inference Time: 5.6683 secs
Epoch: 069, Train Loss: 7.7332, Train RMSE: 16.5513, Train MAPE: 1.4377, Train WMAPE: 0.0433, 
Epoch: 069, Valid Loss: 11.7361, Valid RMSE: 44.8883, Valid MAPE: 5.4661, Valid WMAPE: 0.0674
###Update tasks appear###
Updating! Valid Loss: 11.736130680356707, epoch:  69
Iter: 000, Train Loss: 7.9473, Train RMSE: 17.2870, Train MAPE: 2.0139, Train WMAPE: 0.0441
Iter: 050, Train Loss: 7.9957, Train RMSE: 16.2967, Train MAPE: 1.0612, Train WMAPE: 0.0438
Epoch: 070, Training Time: 36.6859 secs
Epoch: 070, Inference Time: 6.2175 secs
Epoch: 070, Train Loss: 7.6334, Train RMSE: 16.3396, Train MAPE: 1.4428, Train WMAPE: 0.0427, 
Epoch: 070, Valid Loss: 11.8416, Valid RMSE: 45.0803, Valid MAPE: 3.9014, Valid WMAPE: 0.0680
No update
Iter: 000, Train Loss: 7.9943, Train RMSE: 17.4730, Train MAPE: 1.5447, Train WMAPE: 0.0444
Iter: 050, Train Loss: 8.2923, Train RMSE: 17.3418, Train MAPE: 0.7828, Train WMAPE: 0.0455
Epoch: 071, Training Time: 35.6173 secs
Epoch: 071, Inference Time: 6.0087 secs
Epoch: 071, Train Loss: 7.5715, Train RMSE: 16.1895, Train MAPE: 1.4792, Train WMAPE: 0.0423, 
Epoch: 071, Valid Loss: 11.5036, Valid RMSE: 44.6917, Valid MAPE: 3.1906, Valid WMAPE: 0.0661
###Update tasks appear###
Updating! Valid Loss: 11.503609248570033, epoch:  71
Iter: 000, Train Loss: 7.8320, Train RMSE: 17.7756, Train MAPE: 1.1339, Train WMAPE: 0.0435
Iter: 050, Train Loss: 7.8282, Train RMSE: 15.7901, Train MAPE: 1.0068, Train WMAPE: 0.0429
Epoch: 072, Training Time: 38.6273 secs
Epoch: 072, Inference Time: 6.0595 secs
Epoch: 072, Train Loss: 7.6016, Train RMSE: 16.2478, Train MAPE: 1.4812, Train WMAPE: 0.0425, 
Epoch: 072, Valid Loss: 11.7253, Valid RMSE: 44.8653, Valid MAPE: 2.8865, Valid WMAPE: 0.0673
No update
Iter: 000, Train Loss: 7.8376, Train RMSE: 17.2064, Train MAPE: 0.8993, Train WMAPE: 0.0435
Iter: 050, Train Loss: 7.9169, Train RMSE: 16.4480, Train MAPE: 0.8519, Train WMAPE: 0.0434
Epoch: 073, Training Time: 38.8804 secs
Epoch: 073, Inference Time: 6.2163 secs
Epoch: 073, Train Loss: 7.6103, Train RMSE: 16.3589, Train MAPE: 1.2669, Train WMAPE: 0.0426, 
Epoch: 073, Valid Loss: 11.9050, Valid RMSE: 44.9594, Valid MAPE: 3.4649, Valid WMAPE: 0.0684
No update
Iter: 000, Train Loss: 8.3205, Train RMSE: 18.2943, Train MAPE: 1.0694, Train WMAPE: 0.0462
Iter: 050, Train Loss: 7.8766, Train RMSE: 15.9770, Train MAPE: 1.4207, Train WMAPE: 0.0432
Epoch: 074, Training Time: 37.8131 secs
Epoch: 074, Inference Time: 5.3857 secs
Epoch: 074, Train Loss: 7.5338, Train RMSE: 16.3295, Train MAPE: 1.2289, Train WMAPE: 0.0421, 
Epoch: 074, Valid Loss: 11.5952, Valid RMSE: 44.4638, Valid MAPE: 3.7436, Valid WMAPE: 0.0666
No update
Iter: 000, Train Loss: 7.9841, Train RMSE: 17.4603, Train MAPE: 1.3277, Train WMAPE: 0.0443
Iter: 050, Train Loss: 7.8170, Train RMSE: 16.0136, Train MAPE: 0.9287, Train WMAPE: 0.0429
Epoch: 075, Training Time: 37.2065 secs
Epoch: 075, Inference Time: 5.1998 secs
Epoch: 075, Train Loss: 7.4689, Train RMSE: 16.0627, Train MAPE: 1.3136, Train WMAPE: 0.0418, 
Epoch: 075, Valid Loss: 11.4494, Valid RMSE: 44.5984, Valid MAPE: 3.2095, Valid WMAPE: 0.0657
###Update tasks appear###
Updating! Valid Loss: 11.449422189167567, epoch:  75
Iter: 000, Train Loss: 7.7624, Train RMSE: 17.3044, Train MAPE: 1.0098, Train WMAPE: 0.0431
Iter: 050, Train Loss: 7.8542, Train RMSE: 16.1263, Train MAPE: 1.4202, Train WMAPE: 0.0431
Epoch: 076, Training Time: 38.4693 secs
Epoch: 076, Inference Time: 7.0165 secs
Epoch: 076, Train Loss: 7.3710, Train RMSE: 15.8538, Train MAPE: 1.3950, Train WMAPE: 0.0412, 
Epoch: 076, Valid Loss: 11.6061, Valid RMSE: 44.6111, Valid MAPE: 4.0262, Valid WMAPE: 0.0666
No update
Iter: 000, Train Loss: 8.0880, Train RMSE: 17.7536, Train MAPE: 1.4370, Train WMAPE: 0.0449
Iter: 050, Train Loss: 7.9128, Train RMSE: 16.0744, Train MAPE: 1.0126, Train WMAPE: 0.0434
Epoch: 077, Training Time: 38.2880 secs
Epoch: 077, Inference Time: 6.0881 secs
Epoch: 077, Train Loss: 7.4071, Train RMSE: 15.9844, Train MAPE: 1.2342, Train WMAPE: 0.0414, 
Epoch: 077, Valid Loss: 11.7561, Valid RMSE: 44.9128, Valid MAPE: 4.0248, Valid WMAPE: 0.0675
No update
Iter: 000, Train Loss: 8.0594, Train RMSE: 17.4916, Train MAPE: 1.3922, Train WMAPE: 0.0447
Iter: 050, Train Loss: 7.6170, Train RMSE: 15.2852, Train MAPE: 0.9500, Train WMAPE: 0.0418
Epoch: 078, Training Time: 36.2864 secs
Epoch: 078, Inference Time: 5.9067 secs
Epoch: 078, Train Loss: 7.5441, Train RMSE: 16.1094, Train MAPE: 1.4340, Train WMAPE: 0.0422, 
Epoch: 078, Valid Loss: 11.5116, Valid RMSE: 44.4890, Valid MAPE: 3.6942, Valid WMAPE: 0.0661
No update
Iter: 000, Train Loss: 7.6468, Train RMSE: 16.9043, Train MAPE: 1.1203, Train WMAPE: 0.0425
Iter: 050, Train Loss: 8.3288, Train RMSE: 17.9442, Train MAPE: 0.9197, Train WMAPE: 0.0457
Epoch: 079, Training Time: 37.3826 secs
Epoch: 079, Inference Time: 6.0808 secs
Epoch: 079, Train Loss: 7.3719, Train RMSE: 15.9306, Train MAPE: 1.2171, Train WMAPE: 0.0412, 
Epoch: 079, Valid Loss: 11.4297, Valid RMSE: 44.5077, Valid MAPE: 2.8229, Valid WMAPE: 0.0656
###Update tasks appear###
Updating! Valid Loss: 11.429742744990758, epoch:  79
Iter: 000, Train Loss: 7.5370, Train RMSE: 16.7582, Train MAPE: 0.8876, Train WMAPE: 0.0418
Iter: 050, Train Loss: 7.7473, Train RMSE: 16.4374, Train MAPE: 0.7785, Train WMAPE: 0.0425
Epoch: 080, Training Time: 36.3911 secs
Epoch: 080, Inference Time: 5.5740 secs
Epoch: 080, Train Loss: 7.3276, Train RMSE: 15.8119, Train MAPE: 1.3418, Train WMAPE: 0.0410, 
Epoch: 080, Valid Loss: 11.3670, Valid RMSE: 44.4659, Valid MAPE: 3.0316, Valid WMAPE: 0.0653
###Update tasks appear###
Updating! Valid Loss: 11.367023399897985, epoch:  80
Iter: 000, Train Loss: 7.6755, Train RMSE: 17.2592, Train MAPE: 0.9161, Train WMAPE: 0.0426
Iter: 050, Train Loss: 7.4571, Train RMSE: 15.2150, Train MAPE: 0.7630, Train WMAPE: 0.0409
Epoch: 081, Training Time: 35.4775 secs
Epoch: 081, Inference Time: 5.1261 secs
Epoch: 081, Train Loss: 7.3387, Train RMSE: 15.7949, Train MAPE: 1.4541, Train WMAPE: 0.0410, 
Epoch: 081, Valid Loss: 11.5249, Valid RMSE: 44.5671, Valid MAPE: 4.7828, Valid WMAPE: 0.0662
No update
Iter: 000, Train Loss: 7.5330, Train RMSE: 16.4829, Train MAPE: 1.6819, Train WMAPE: 0.0418
Iter: 050, Train Loss: 7.3641, Train RMSE: 15.1167, Train MAPE: 0.7187, Train WMAPE: 0.0404
Epoch: 082, Training Time: 38.3006 secs
Epoch: 082, Inference Time: 6.4020 secs
Epoch: 082, Train Loss: 7.2399, Train RMSE: 15.6484, Train MAPE: 1.3023, Train WMAPE: 0.0405, 
Epoch: 082, Valid Loss: 11.3143, Valid RMSE: 44.3734, Valid MAPE: 3.2758, Valid WMAPE: 0.0650
###Update tasks appear###
Updating! Valid Loss: 11.314267430986677, epoch:  82
Iter: 000, Train Loss: 7.5292, Train RMSE: 16.7707, Train MAPE: 0.9668, Train WMAPE: 0.0418
Iter: 050, Train Loss: 7.8367, Train RMSE: 16.0989, Train MAPE: 1.3121, Train WMAPE: 0.0430
Epoch: 083, Training Time: 41.6038 secs
Epoch: 083, Inference Time: 5.1779 secs
Epoch: 083, Train Loss: 7.2981, Train RMSE: 15.7275, Train MAPE: 1.3814, Train WMAPE: 0.0408, 
Epoch: 083, Valid Loss: 11.4223, Valid RMSE: 44.5904, Valid MAPE: 4.0976, Valid WMAPE: 0.0656
No update
Iter: 000, Train Loss: 7.5777, Train RMSE: 16.8397, Train MAPE: 1.5168, Train WMAPE: 0.0421
Iter: 050, Train Loss: 7.6025, Train RMSE: 15.7738, Train MAPE: 0.7089, Train WMAPE: 0.0417
Epoch: 084, Training Time: 40.3098 secs
Epoch: 084, Inference Time: 4.9936 secs
Epoch: 084, Train Loss: 7.2070, Train RMSE: 15.5072, Train MAPE: 1.3550, Train WMAPE: 0.0403, 
Epoch: 084, Valid Loss: 11.4124, Valid RMSE: 44.3383, Valid MAPE: 3.8795, Valid WMAPE: 0.0655
No update
Iter: 000, Train Loss: 7.5272, Train RMSE: 16.8227, Train MAPE: 1.3313, Train WMAPE: 0.0418
Iter: 050, Train Loss: 7.7740, Train RMSE: 16.1613, Train MAPE: 0.8590, Train WMAPE: 0.0426
Epoch: 085, Training Time: 38.6924 secs
Epoch: 085, Inference Time: 5.7778 secs
Epoch: 085, Train Loss: 7.2184, Train RMSE: 15.6400, Train MAPE: 1.2593, Train WMAPE: 0.0404, 
Epoch: 085, Valid Loss: 11.4539, Valid RMSE: 44.4860, Valid MAPE: 3.2890, Valid WMAPE: 0.0658
No update
Iter: 000, Train Loss: 7.4721, Train RMSE: 16.3871, Train MAPE: 1.0120, Train WMAPE: 0.0415
Iter: 050, Train Loss: 7.4922, Train RMSE: 15.3348, Train MAPE: 0.9737, Train WMAPE: 0.0411
Epoch: 086, Training Time: 40.6953 secs
Epoch: 086, Inference Time: 5.2333 secs
Epoch: 086, Train Loss: 7.1733, Train RMSE: 15.4907, Train MAPE: 1.1761, Train WMAPE: 0.0401, 
Epoch: 086, Valid Loss: 11.4448, Valid RMSE: 44.6101, Valid MAPE: 2.9519, Valid WMAPE: 0.0657
No update
Iter: 000, Train Loss: 7.6683, Train RMSE: 16.8769, Train MAPE: 0.9548, Train WMAPE: 0.0426
Iter: 050, Train Loss: 7.3163, Train RMSE: 15.3359, Train MAPE: 0.6795, Train WMAPE: 0.0401
Epoch: 087, Training Time: 40.5583 secs
Epoch: 087, Inference Time: 5.8959 secs
Epoch: 087, Train Loss: 7.2129, Train RMSE: 15.5960, Train MAPE: 1.3553, Train WMAPE: 0.0403, 
Epoch: 087, Valid Loss: 11.7001, Valid RMSE: 44.4139, Valid MAPE: 4.5767, Valid WMAPE: 0.0672
No update
Iter: 000, Train Loss: 7.5177, Train RMSE: 16.2995, Train MAPE: 1.3585, Train WMAPE: 0.0417
Iter: 050, Train Loss: 7.3017, Train RMSE: 15.1232, Train MAPE: 0.7773, Train WMAPE: 0.0400
Epoch: 088, Training Time: 41.5000 secs
Epoch: 088, Inference Time: 6.3866 secs
Epoch: 088, Train Loss: 7.1572, Train RMSE: 15.4795, Train MAPE: 1.2225, Train WMAPE: 0.0400, 
Epoch: 088, Valid Loss: 11.2545, Valid RMSE: 43.9492, Valid MAPE: 2.7070, Valid WMAPE: 0.0646
###Update tasks appear###
Updating! Valid Loss: 11.254508427211217, epoch:  88
Iter: 000, Train Loss: 7.4759, Train RMSE: 16.7627, Train MAPE: 0.8660, Train WMAPE: 0.0415
Iter: 050, Train Loss: 7.5780, Train RMSE: 15.7315, Train MAPE: 1.0760, Train WMAPE: 0.0416
Epoch: 089, Training Time: 40.1843 secs
Epoch: 089, Inference Time: 5.1175 secs
Epoch: 089, Train Loss: 7.1528, Train RMSE: 15.4906, Train MAPE: 1.1738, Train WMAPE: 0.0400, 
Epoch: 089, Valid Loss: 11.2076, Valid RMSE: 44.0826, Valid MAPE: 3.0381, Valid WMAPE: 0.0644
###Update tasks appear###
Updating! Valid Loss: 11.207586901528495, epoch:  89
Iter: 000, Train Loss: 7.3197, Train RMSE: 16.3236, Train MAPE: 0.9762, Train WMAPE: 0.0406
Iter: 050, Train Loss: 8.7406, Train RMSE: 19.2038, Train MAPE: 0.7313, Train WMAPE: 0.0479
Epoch: 090, Training Time: 37.8118 secs
Epoch: 090, Inference Time: 5.4841 secs
Epoch: 090, Train Loss: 7.1538, Train RMSE: 15.5225, Train MAPE: 1.1971, Train WMAPE: 0.0400, 
Epoch: 090, Valid Loss: 11.2252, Valid RMSE: 44.0204, Valid MAPE: 2.6393, Valid WMAPE: 0.0645
No update
Iter: 000, Train Loss: 7.3277, Train RMSE: 16.3868, Train MAPE: 0.8116, Train WMAPE: 0.0407
Iter: 050, Train Loss: 7.2242, Train RMSE: 14.6270, Train MAPE: 1.5155, Train WMAPE: 0.0396
Epoch: 091, Training Time: 40.2985 secs
Epoch: 091, Inference Time: 6.1172 secs
Epoch: 091, Train Loss: 7.0950, Train RMSE: 15.3052, Train MAPE: 1.2448, Train WMAPE: 0.0397, 
Epoch: 091, Valid Loss: 11.1975, Valid RMSE: 43.7861, Valid MAPE: 3.5538, Valid WMAPE: 0.0643
###Update tasks appear###
Updating! Valid Loss: 11.197534424918038, epoch:  91
Iter: 000, Train Loss: 7.3448, Train RMSE: 16.4146, Train MAPE: 1.1786, Train WMAPE: 0.0408
Iter: 050, Train Loss: 7.1168, Train RMSE: 14.5972, Train MAPE: 0.7668, Train WMAPE: 0.0390
Epoch: 092, Training Time: 39.6445 secs
Epoch: 092, Inference Time: 5.4032 secs
Epoch: 092, Train Loss: 7.0210, Train RMSE: 15.2142, Train MAPE: 1.2353, Train WMAPE: 0.0393, 
Epoch: 092, Valid Loss: 11.1729, Valid RMSE: 43.9282, Valid MAPE: 2.4666, Valid WMAPE: 0.0642
###Update tasks appear###
Updating! Valid Loss: 11.172905104500908, epoch:  92
Iter: 000, Train Loss: 7.2115, Train RMSE: 16.0109, Train MAPE: 0.7131, Train WMAPE: 0.0400
Iter: 050, Train Loss: 7.0074, Train RMSE: 14.3847, Train MAPE: 0.7910, Train WMAPE: 0.0384
Epoch: 093, Training Time: 41.0005 secs
Epoch: 093, Inference Time: 5.3080 secs
Epoch: 093, Train Loss: 7.0434, Train RMSE: 15.1263, Train MAPE: 1.3487, Train WMAPE: 0.0394, 
Epoch: 093, Valid Loss: 11.2648, Valid RMSE: 44.1823, Valid MAPE: 4.2651, Valid WMAPE: 0.0647
No update
Iter: 000, Train Loss: 7.2861, Train RMSE: 16.3030, Train MAPE: 1.3696, Train WMAPE: 0.0405
Iter: 050, Train Loss: 7.5024, Train RMSE: 15.3842, Train MAPE: 1.2601, Train WMAPE: 0.0411
Epoch: 094, Training Time: 38.1115 secs
Epoch: 094, Inference Time: 6.2121 secs
Epoch: 094, Train Loss: 6.9575, Train RMSE: 14.9984, Train MAPE: 1.3128, Train WMAPE: 0.0389, 
Epoch: 094, Valid Loss: 11.4462, Valid RMSE: 44.1345, Valid MAPE: 5.6631, Valid WMAPE: 0.0657
No update
Iter: 000, Train Loss: 7.3515, Train RMSE: 15.8688, Train MAPE: 1.8799, Train WMAPE: 0.0408
Iter: 050, Train Loss: 7.0796, Train RMSE: 14.3156, Train MAPE: 1.0147, Train WMAPE: 0.0388
Epoch: 095, Training Time: 40.0772 secs
Epoch: 095, Inference Time: 5.8961 secs
Epoch: 095, Train Loss: 6.9380, Train RMSE: 14.9480, Train MAPE: 1.3612, Train WMAPE: 0.0388, 
Epoch: 095, Valid Loss: 11.1449, Valid RMSE: 44.1083, Valid MAPE: 3.3471, Valid WMAPE: 0.0640
###Update tasks appear###
Updating! Valid Loss: 11.14486823763166, epoch:  95
Iter: 000, Train Loss: 7.1189, Train RMSE: 15.9437, Train MAPE: 1.1128, Train WMAPE: 0.0395
Iter: 050, Train Loss: 7.1394, Train RMSE: 14.7356, Train MAPE: 0.7899, Train WMAPE: 0.0391
Epoch: 096, Training Time: 38.7733 secs
Epoch: 096, Inference Time: 5.4823 secs
Epoch: 096, Train Loss: 6.9595, Train RMSE: 14.9588, Train MAPE: 1.2992, Train WMAPE: 0.0389, 
Epoch: 096, Valid Loss: 11.2379, Valid RMSE: 44.0658, Valid MAPE: 4.1127, Valid WMAPE: 0.0645
No update
Iter: 000, Train Loss: 7.2206, Train RMSE: 16.0710, Train MAPE: 1.3831, Train WMAPE: 0.0401
Iter: 050, Train Loss: 6.9738, Train RMSE: 14.0467, Train MAPE: 0.9315, Train WMAPE: 0.0382
Epoch: 097, Training Time: 37.8018 secs
Epoch: 097, Inference Time: 5.3131 secs
Epoch: 097, Train Loss: 6.9605, Train RMSE: 14.9431, Train MAPE: 1.3502, Train WMAPE: 0.0389, 
Epoch: 097, Valid Loss: 11.1792, Valid RMSE: 44.0531, Valid MAPE: 3.0997, Valid WMAPE: 0.0642
No update
Iter: 000, Train Loss: 7.2186, Train RMSE: 16.0044, Train MAPE: 1.0831, Train WMAPE: 0.0401
Iter: 050, Train Loss: 7.2073, Train RMSE: 14.5174, Train MAPE: 1.8617, Train WMAPE: 0.0395
Epoch: 098, Training Time: 40.1757 secs
Epoch: 098, Inference Time: 5.7145 secs
Epoch: 098, Train Loss: 6.9436, Train RMSE: 14.9644, Train MAPE: 1.3123, Train WMAPE: 0.0388, 
Epoch: 098, Valid Loss: 11.4214, Valid RMSE: 44.1352, Valid MAPE: 3.0822, Valid WMAPE: 0.0656
No update
Iter: 000, Train Loss: 7.7157, Train RMSE: 16.7078, Train MAPE: 1.0765, Train WMAPE: 0.0428
Iter: 050, Train Loss: 7.2004, Train RMSE: 14.9156, Train MAPE: 0.6602, Train WMAPE: 0.0395
Epoch: 099, Training Time: 40.4429 secs
Epoch: 099, Inference Time: 4.9794 secs
Epoch: 099, Train Loss: 6.9640, Train RMSE: 15.1117, Train MAPE: 1.1077, Train WMAPE: 0.0389, 
Epoch: 099, Valid Loss: 11.0945, Valid RMSE: 43.9603, Valid MAPE: 2.3070, Valid WMAPE: 0.0637
###Update tasks appear###
Updating! Valid Loss: 11.094473940985543, epoch:  99
Iter: 000, Train Loss: 7.0884, Train RMSE: 15.4131, Train MAPE: 0.7626, Train WMAPE: 0.0394
Iter: 050, Train Loss: 7.0296, Train RMSE: 14.2736, Train MAPE: 0.7980, Train WMAPE: 0.0385
Epoch: 100, Training Time: 37.1680 secs
Epoch: 100, Inference Time: 6.3154 secs
Epoch: 100, Train Loss: 6.8691, Train RMSE: 14.8649, Train MAPE: 1.0473, Train WMAPE: 0.0384, 
Epoch: 100, Valid Loss: 11.0951, Valid RMSE: 43.9678, Valid MAPE: 2.8849, Valid WMAPE: 0.0637
No update
Iter: 000, Train Loss: 7.0223, Train RMSE: 15.3177, Train MAPE: 0.8523, Train WMAPE: 0.0390
Iter: 050, Train Loss: 7.0034, Train RMSE: 14.0680, Train MAPE: 0.7982, Train WMAPE: 0.0384
Epoch: 101, Training Time: 38.6981 secs
Epoch: 101, Inference Time: 5.7066 secs
Epoch: 101, Train Loss: 6.8505, Train RMSE: 14.7885, Train MAPE: 1.0776, Train WMAPE: 0.0383, 
Epoch: 101, Valid Loss: 11.1675, Valid RMSE: 43.8119, Valid MAPE: 3.4377, Valid WMAPE: 0.0641
No update
Iter: 000, Train Loss: 7.1006, Train RMSE: 15.8524, Train MAPE: 1.1631, Train WMAPE: 0.0394
Iter: 050, Train Loss: 6.9362, Train RMSE: 14.2035, Train MAPE: 0.6575, Train WMAPE: 0.0380
Epoch: 102, Training Time: 40.1829 secs
Epoch: 102, Inference Time: 6.0875 secs
Epoch: 102, Train Loss: 6.8522, Train RMSE: 14.8282, Train MAPE: 1.0600, Train WMAPE: 0.0383, 
Epoch: 102, Valid Loss: 10.9739, Valid RMSE: 43.6191, Valid MAPE: 2.3626, Valid WMAPE: 0.0630
###Update tasks appear###
Evaluate best model on test data for horizon 1, Test MAE: 9.2551, Test RMSE: 61.1834, Test MAPE: 5.4723, Test WMAPE: 0.0537
Evaluate best model on test data for horizon 2, Test MAE: 10.4289, Test RMSE: 57.0093, Test MAPE: 10.4414, Test WMAPE: 0.0606
Evaluate best model on test data for horizon 3, Test MAE: 10.7818, Test RMSE: 47.2978, Test MAPE: 13.8039, Test WMAPE: 0.0626
Evaluate best model on test data for horizon 4, Test MAE: 12.1858, Test RMSE: 54.0957, Test MAPE: 16.2676, Test WMAPE: 0.0708
Evaluate best model on test data for horizon 5, Test MAE: 13.4334, Test RMSE: 58.6603, Test MAPE: 18.0264, Test WMAPE: 0.0781
Evaluate best model on test data for horizon 6, Test MAE: 13.5961, Test RMSE: 51.8483, Test MAPE: 19.9700, Test WMAPE: 0.0790
Evaluate best model on test data for horizon 7, Test MAE: 14.4021, Test RMSE: 53.7828, Test MAPE: 20.1890, Test WMAPE: 0.0837
Evaluate best model on test data for horizon 8, Test MAE: 15.2248, Test RMSE: 57.3745, Test MAPE: 20.4193, Test WMAPE: 0.0885
Evaluate best model on test data for horizon 9, Test MAE: 15.5996, Test RMSE: 57.0037, Test MAPE: 20.9355, Test WMAPE: 0.0907
Evaluate best model on test data for horizon 10, Test MAE: 15.6208, Test RMSE: 53.4087, Test MAPE: 21.0604, Test WMAPE: 0.0909
Evaluate best model on test data for horizon 11, Test MAE: 16.3225, Test RMSE: 57.8489, Test MAPE: 20.7432, Test WMAPE: 0.0950
Evaluate best model on test data for horizon 12, Test MAE: 16.5476, Test RMSE: 58.4981, Test MAPE: 20.3380, Test WMAPE: 0.0963
On average over 12 horizons, Test MAE: 13.6165, Test RMSE: 55.6676, Test MAPE: 17.3056, Test WMAPE: 0.0792
Test low! Updating! Test Loss: 13.616538604100546, Test low! Updating! Valid Loss: 10.973914282662529, epoch:  102
Iter: 000, Train Loss: 6.9053, Train RMSE: 15.7122, Train MAPE: 0.6144, Train WMAPE: 0.0383
Iter: 050, Train Loss: 7.0307, Train RMSE: 14.5738, Train MAPE: 0.7009, Train WMAPE: 0.0386
Epoch: 103, Training Time: 40.6003 secs
Epoch: 103, Inference Time: 6.0043 secs
Epoch: 103, Train Loss: 6.7683, Train RMSE: 14.6583, Train MAPE: 1.0416, Train WMAPE: 0.0379, 
Epoch: 103, Valid Loss: 11.1483, Valid RMSE: 43.6626, Valid MAPE: 2.7229, Valid WMAPE: 0.0640
No update
Iter: 000, Train Loss: 7.0525, Train RMSE: 15.0499, Train MAPE: 0.8788, Train WMAPE: 0.0392
Iter: 050, Train Loss: 7.1101, Train RMSE: 15.0490, Train MAPE: 0.6852, Train WMAPE: 0.0390
Epoch: 104, Training Time: 38.9687 secs
Epoch: 104, Inference Time: 6.0166 secs
Epoch: 104, Train Loss: 6.7601, Train RMSE: 14.6223, Train MAPE: 1.0593, Train WMAPE: 0.0378, 
Epoch: 104, Valid Loss: 11.0623, Valid RMSE: 43.5504, Valid MAPE: 3.6799, Valid WMAPE: 0.0635
No update
Iter: 000, Train Loss: 7.0350, Train RMSE: 15.1364, Train MAPE: 1.1250, Train WMAPE: 0.0391
Iter: 050, Train Loss: 6.8487, Train RMSE: 13.9990, Train MAPE: 0.7121, Train WMAPE: 0.0376
Epoch: 105, Training Time: 39.0936 secs
Epoch: 105, Inference Time: 5.3866 secs
Epoch: 105, Train Loss: 6.7863, Train RMSE: 14.5938, Train MAPE: 1.1428, Train WMAPE: 0.0380, 
Epoch: 105, Valid Loss: 11.1885, Valid RMSE: 43.8978, Valid MAPE: 4.0571, Valid WMAPE: 0.0643
No update
Iter: 000, Train Loss: 7.0265, Train RMSE: 14.8269, Train MAPE: 1.3601, Train WMAPE: 0.0390
Iter: 050, Train Loss: 6.7034, Train RMSE: 13.6000, Train MAPE: 0.8555, Train WMAPE: 0.0368
Epoch: 106, Training Time: 38.8046 secs
Epoch: 106, Inference Time: 5.5110 secs
Epoch: 106, Train Loss: 6.6982, Train RMSE: 14.3637, Train MAPE: 1.3439, Train WMAPE: 0.0375, 
Epoch: 106, Valid Loss: 10.9998, Valid RMSE: 43.9584, Valid MAPE: 2.5408, Valid WMAPE: 0.0632
No update
Iter: 000, Train Loss: 6.7350, Train RMSE: 14.4948, Train MAPE: 0.7471, Train WMAPE: 0.0374
Iter: 050, Train Loss: 6.8601, Train RMSE: 13.9844, Train MAPE: 1.1092, Train WMAPE: 0.0376
Epoch: 107, Training Time: 37.7930 secs
Epoch: 107, Inference Time: 5.8824 secs
Epoch: 107, Train Loss: 6.6857, Train RMSE: 14.3378, Train MAPE: 1.3042, Train WMAPE: 0.0374, 
Epoch: 107, Valid Loss: 11.1588, Valid RMSE: 43.8521, Valid MAPE: 4.5964, Valid WMAPE: 0.0641
No update
Iter: 000, Train Loss: 6.9076, Train RMSE: 14.3680, Train MAPE: 1.4323, Train WMAPE: 0.0383
Iter: 050, Train Loss: 6.9455, Train RMSE: 14.0961, Train MAPE: 0.7040, Train WMAPE: 0.0381
Epoch: 108, Training Time: 38.8854 secs
Epoch: 108, Inference Time: 5.4201 secs
Epoch: 108, Train Loss: 6.6961, Train RMSE: 14.3762, Train MAPE: 1.1692, Train WMAPE: 0.0374, 
Epoch: 108, Valid Loss: 10.9394, Valid RMSE: 43.7521, Valid MAPE: 2.4630, Valid WMAPE: 0.0628
###Update tasks appear###
Evaluate best model on test data for horizon 1, Test MAE: 9.2407, Test RMSE: 61.4048, Test MAPE: 5.4915, Test WMAPE: 0.0536
Evaluate best model on test data for horizon 2, Test MAE: 10.4401, Test RMSE: 57.52Epoch: 110, Training Time: 39.2986 secs
Epoch: 110, Inference Time: 5.5815 secs
Epoch: 110, Train Loss: 6.7155, Train RMSE: 14.4403, Train MAPE: 1.2271, Train WMAPE: 0.0376, 
Epoch: 110, Valid Loss: 11.0014, Valid RMSE: 44.3843, Valid MAPE: 2.4428, Valid WMAPE: 0.0632
###Update tasks appear###
Evaluate best model on test data for horizon 1, Test MAE: 9.2012, Test RMSE: 61.2068, Test MAPE: 5.5205, Test WMAPE: 0.0534
Evaluate best model on test data for horizon 2, Test MAE: 10.4460, Test RMSE: 58.0702, Test MAPE: 10.2444, Test WMAPE: 0.0607
Evaluate best model on test data for horizon 3, Test MAE: 10.7641, Test RMSE: 47.7121, Test MAPE: 13.5978, Test WMAPE: 0.0625
Evaluate best model on test data for horizon 4, Test MAE: 12.1441, Test RMSE: 54.1917, Test MAPE: 16.1792, Test WMAPE: 0.0706
Evaluate best model on test data for horizon 5, Test MAE: 13.3926, Test RMSE: 59.1640, Test MAPE: 17.7799, Test WMAPE: 0.0778
Evaluate best model on test data for horizon 6, Test MAE: 13.5189, Test RMSE: 52.3945, Test MAPE: 19.8034, Test WMAPE: 0.0786
Evaluate best model on test data for horizon 7, Test MAE: 14.2266, Test RMSE: 53.2883, Test MAPE: 20.0523, Test WMAPE: 0.0827
Evaluate best model on test data for horizon 8, Test MAE: 15.0647, Test RMSE: 56.8480, Test MAPE: 20.5023, Test WMAPE: 0.0876
Evaluate best model on test data for horizon 9, Test MAE: 15.4627, Test RMSE: 57.0855, Test MAPE: 21.1910, Test WMAPE: 0.0899
Evaluate best model on test data for horizon 10, Test MAE: 15.3992, Test RMSE: 53.2009, Test MAPE: 21.0958, Test WMAPE: 0.0896
Evaluate best model on test data for horizon 11, Test MAE: 16.0903Iter: 050, Train Loss: 6.7422, Train RMSE: 13.8450, Train MAPE: 0.7361, Train WMAPE: 0.0370
Epoch: 109, Training Time: 40.1884 secs
Epoch: 109, Inference Time: 5.6136 secs
Epoch: 109, Train Loss: 6.7023, Train RMSE: 14.4294, Train MAPE: 1.0319, Train WMAPE: 0.0375, 
Epoch: 109, Valid Loss: 11.1098, Valid RMSE: 43.5049, Valid MAPE: 3.3439, Valid WMAPE: 0.0638
No update
Iter: 000, Train Loss: 6.9626, Train RMSE: 14.5847, Train MAPE: 1.1528, Train WMAPE: 0.0387
Iter: 050, Train Loss: 6.6475, Train RMSE: 13.5941, Train MAPE: 0.8072, Train WMAPE: 0.0365
Epoch: 110, Training Time: 40.0746 secs
Epoch: 110, Inference Time: 7.1866 secs
Epoch: 110, Train Loss: 6.6630, Train RMSE: 14.3987, Train MAPE: 1.1736, Train WMAPE: 0.0373, 
Epoch: 110, Valid Loss: 10.8827, Valid RMSE: 43.4945, Valid MAPE: 2.3081, Valid WMAPE: 0.0625
###Update tasks appear###
Evaluate best model on test data for horizon 1, Test MAE: 9.1923, Test RMSE: 61.3779, Test MAPE: 5.5994, Test WMAPE: 0.0534
Evaluate best model on test data for horizon 2, Test MAE: 10.3716, Test RMSE: 57.14Epoch: 112, Training Time: 41.2481 secs
Epoch: 112, Inference Time: 5.7970 secs
Epoch: 112, Train Loss: 6.5746, Train RMSE: 14.1169, Train MAPE: 1.1954, Train WMAPE: 0.0368, 
Epoch: 112, Valid Loss: 11.0580, Valid RMSE: 44.4988, Valid MAPE: 3.1998, Valid WMAPE: 0.0635
No update
Iter: 000, Train Loss: 6.6755, Train RMSE: 13.9733, Train MAPE: 1.0085, Train WMAPE: 0.0371
Iter: 050, Train Loss: 7.5123, Train RMSE: 16.1692, Train MAPE: 0.7899, Train WMAPE: 0.0412
Epoch: 113, Training Time: 38.9234 secs
Epoch: 113, Inference Time: 5.3602 secs
Epoch: 113, Train Loss: 6.6798, Train RMSE: 14.3715, Train MAPE: 1.1342, Train WMAPE: 0.0373, 
Epoch: 113, Valid Loss: 11.0771, Valid RMSE: 44.5958, Valid MAPE: 2.7113, Valid WMAPE: 0.0636
No update
Iter: 000, Train Loss: 6.8046, Train RMSE: 14.1827, Train MAPE: 0.7711, Train WMAPE: 0.0378
Iter: 050, Train Loss: 6.6619, Train RMSE: 13.5201, Train MAPE: 0.8629, Train WMAPE: 0.0365
Epoch: 114, Training Time: 40.5881 secs
Epoch: 114, Inference Time: 6.7938 secs
Epoch: 114, Train Loss: 6.5849, Train RMSE: 14.1609, Train MAPE: 1.1853, Train WMAPE: 0.0368, 
Epoch: 114, Valid Loss: 11.0689, Valid RMSE: 44.5620, Valid MAPE: 3.4614, Valid WMAPE: 0.0636
No update
Iter: 000, Train Loss: 6.6250, Train RMSE: 14.0248, Train MAPE: 0.9988, Train WMAPE: 0.0368
Iter: 050, Train Loss: 6.6189, Train RMSE: 13.6118, Train MAPE: 0.8532, Train WMAPE: 0.0363
Epoch: 115, Training Time: 38.8929 secs
Epoch: 115, Inference Time: 6.5005 secs
Epoch: 115, Train Loss: 6.5649, Train RMSE: 14.1883, Train MAPE: 1.1023, Train WMAPE: 0.0367, 
Epoch: 115, Valid Loss: 11.0437, Valid RMSE: 44.4465, Valid MAPE: 2.8817, Valid WMAPE: 0.0634
No update
Iter: 000, Train Loss: 6.8663, Train RMSE: 14.2988, Train MAPE: 0.9553, Train WMAPE: 0.0381
Iter: 050, Train Loss: 6.6086, Train RMSE: 13.3456, Train MAPE: 0.9418, Train WMAPE: 0.0362
Epoch: 116, Training Time: 40.3937 secs
Epoch: 116, Inference Time: 5.8958 secs
Epoch: 116, Train Loss: 6.5827, Train RMSE: 14.1820, Train MAPE: 1.0824, Train WMAPE: 0.0368, 
Epoch: 116, Valid Loss: 11.0818, Valid RMSE: 44.4233, Valid MAPE: 3.2950, Valid WMAPE: 0.0636
No update
Iter: 000, Train Loss: 7.0395, Train RMSE: 14.7370, Train MAPE: 1.1861, Train WMAPE: 0.0391
Iter: 050, Train Loss: 6.5011, Train RMSE: 13.1269, Train MAPE: 0.8480, Train WMAPE: 0.0356
Epoch: 117, Training Time: 36.7068 secs
Epoch: 117, Inference Time: 5.5818 secs
Epoch: 117, Train Loss: 6.5281, Train RMSE: 14.0641, Train MAPE: 1.0449, Train WMAPE: 0.0365, 
Epoch: 117, Valid Loss: 10.9808, Valid RMSE: 44.3033, Valid MAPE: 2.5881, Valid WMAPE: 0.0631
###Update tasks appear###
Evaluate best model on test data for horizon 1, Test MAE: 9.2439, Test RMSE: 61.0168, Test MAPE: 5.9547, Test WMAPE: 0.0537
Evaluate best model on test data for horizon 2, Test MAE: 10.3830, Test RMSE: 57.7317, Test MAPE: 10.5046, Test WMAPE: 0.0603
Evaluate best model on test data for horizon 3, Test MAE: 10.5930, Test RMSE: 47.3935, Test MAPE: 13.8047, Test WMAPE: 0.0615
Evaluate best model on test data for horizon 4, Test MAE: 11.9426, Test RMSE: 54.3211, Test MAPE: 16.1633, Test WMAPE: 0.0694
Evaluate best model on test data for horizon 5, Test MAE: 13.1184, Test RMSE: 59.0785, Test MAPE: 17.7313, Test WMAPE: 0.0762
Evaluate best model on test data for horizon 6, Test MAE: 13.3254, Test RMSE: 52.2708, Test MAPE: 19.5267, Test WMAPE: 0.0775
Evaluate best model on test data for horizon 7, Test MAE: 14.0496, Test RMSE: 53.1124, Test MAPE: 19.6047, Test WMAPE: 0.0817
Evaluate best model on test data for horizon 8, Test MAE: 14.9741, Test RMSE: 56.6537, Test MAPE: 20.0283, Test WMAPE: 0.0871
Evaluate best model on test data for horizon 9, Test MAE: 15.3473, Test RMSE: 56.9928, Test MAPE: 20.5275, Test WMAPE: 0.0893
Evaluate best model on test data for horizon 10, Test MAE: 15.3753, Test RMSE: 53.0442, Test MAPE: 20.3286, Test WMAPE: 0.0894
Evaluate best model on test data for horizon 11, Test MAE: 16.0168, Test RMSE: 57.8720, Test MAPE: 19.9799, Test WMAPE: 0.0932
Evaluate best model on test data for horizon 12, Test MAE: 16.3152, Test RMSE: 58.5934, Test MAPE: 19.6268, Test WMAPE: 0.0949
On average over 12 horizons, Test MAE: 13.3904, Test RMSE: 55.6734, Test MAPE: 16.9818, Test WMAPE: 0.0778
Test low! Updating! Test Loss: 13.390385866165161, Test low! Updating! Valid Loss: 10.98084555353437, epoch:  117
Iter: 000, Train Loss: 6.8460, Train RMSE: 14.7248, Train MAPE: 0.7607, Train WMAPE: 0.0380
Iter: 050, Train Loss: 6.6743, Train RMSE: 13.4362, Train MAPE: 0.7096, Train WMAPE: 0.0366
Epoch: 118, Training Time: 40.0846 secs
Epoch: 118, Inference Time: 5.9879 secs
Epoch: 118, Train Loss: 6.5262, Train RMSE: 14.1058, Train MAPE: 0.9932, Train WMAPE: 0.0365, 
Epoch: 118, Valid Loss: 11.5009, Valid RMSE: 44.9909, Valid MAPE: 2.6361, Valid WMAPE: 0.0660
No update
Iter: 000, Train Loss: 7.3166, Train RMSE: 15.6362, Train MAPE: 0.8329, Train WMAPE: 0.0406
Iter: 050, Train Loss: 6.5811, Train RMSE: 13.7802, Train MAPE: 0.5807, Train WMAPE: 0.0361
Epoch: 119, Training Time: 38.1033 secs
Epoch: 119, Inference Time: 5.5933 secs
Epoch: 119, Train Loss: 6.5455, Train RMSE: 14.1613, Train MAPE: 0.9742, Train WMAPE: 0.0366, 
Epoch: 119, Valid Loss: 11.0326, Valid RMSE: 44.6274, Valid MAPE: 2.6738, Valid WMAPE: 0.0634
No update
Iter: 000, Train Loss: 6.6008, Train RMSE: 13.8599, Train MAPE: 0.8083, Train WMAPE: 0.0366
Iter: 050, Train Loss: 6.6442, Train RMSE: 13.8775, Train MAPE: 0.6079, Train WMAPE: 0.0364
Epoch: 120, Training Time: 40.1381 secs
Epoch: 120, Inference Time: 6.5643 secs
Epoch: 120, Train Loss: 6.4909, Train RMSE: 14.0031, Train MAPE: 1.0234, Train WMAPE: 0.0363, 
Epoch: 120, Valid Loss: 10.9270, Valid RMSE: 44.2911, Valid MAPE: 2.5483, Valid WMAPE: 0.0628
###Update tasks appear###
Evaluate best model on test data for horizon 1, Test MAE: 9.1849, Test RMSE: 61.2469, Test MAPE: 5.7742, Test WMAPE: 0.0533
Evaluate best model on test data for horizon 2, Test MAE: 10.3984, Test RMSE: 57.9072, Test MAPE: 10.2885, Test WMAPE: 0.0604
Evaluate best model on test data for horizon 3, Test MAE: 10.6885, Test RMSE: 47.4619, Test MAPE: 13.6819, Test WMAPE: 0.0621
Evaluate best model on test data for horizon 4, Test MAE: 12.1338, Test RMSE: 54.4512, Test MAPE: 16.3778, Test WMAPE: 0.0705
Evaluate best model on test data for horizon 5, Test MAE: 13.3365, Test RMSE: 59.2717, Test MAPE: 17.8205, Test WMAPE: 0.0775
Evaluate best model on test data for horizon 6, Test MAE: 13.5044, Test RMSE: 52.3898, Test MAPE: 19.9408, Test WMAPE: 0.0785
Evaluate best model on test data for horizon 7, Test MAE: 14.1972, Test RMSE: 53.1818, Test MAPE: 20.1729, Test WMAPE: 0.0825
Evaluate best model on test data for horizon 8, Test MAE: 15.0273, Test RMSE: 56.7630, Test MAPE: 20.7218, Test WMAPE: 0.0874
Evaluate best model on test data for horizon 9, Test MAE: 15.4782, Test RMSE: 57.0196, Test MAPE: 21.4335, Test WMAPE: 0.0900
Evaluate best model on test data for horizon 10, Test MAE: 15.4356, Test RMSE: 53.0912, Test MAPE: 21.5134, Test WMAPE: 0.0898
Evaluate best model on test data for horizon 11, Test MAE: 16.0817, Test RMSE: 57.9210, Test MAPE: 21.0969, Test WMAPE: 0.0936
Evaluate best model on test data for horizon 12, Test MAE: 16.3663, Test RMSE: 58.4316, Test MAPE: 20.8427, Test WMAPE: 0.0952
On average over 12 horizons, Test MAE: 13.4861, Test RMSE: 55.7614, Test MAPE: 17.4721, Test WMAPE: 0.0784
No update
Iter: 000, Train Loss: 6.4073, Train RMSE: 13.6102, Train MAPE: 0.7699, Train WMAPE: 0.0356
Iter: 050, Train Loss: 6.4341, Train RMSE: 13.1454, Train MAPE: 0.6976, Train WMAPE: 0.0353
Epoch: 121, Training Time: 39.3724 secs
Epoch: 121, Inference Time: 7.0805 secs
Epoch: 121, Train Loss: 6.4570, Train RMSE: 13.9027, Train MAPE: 1.0455, Train WMAPE: 0.0361, 
Epoch: 121, Valid Loss: 11.0615, Valid RMSE: 44.4091, Valid MAPE: 3.5138, Valid WMAPE: 0.0635
No update
Iter: 000, Train Loss: 6.7998, Train RMSE: 14.4522, Train MAPE: 1.0866, Train WMAPE: 0.0378
Iter: 050, Train Loss: 6.4570, Train RMSE: 13.3261, Train MAPE: 0.5155, Train WMAPE: 0.0354
Epoch: 122, Training Time: 41.2013 secs
Epoch: 122, Inference Time: 4.7975 secs
Epoch: 122, Train Loss: 6.4740, Train RMSE: 13.9217, Train MAPE: 1.0984, Train WMAPE: 0.0362, 
Epoch: 122, Valid Loss: 10.9844, Valid RMSE: 44.2693, Valid MAPE: 2.7705, Valid WMAPE: 0.0631
No update
Iter: 000, Train Loss: 6.7572, Train RMSE: 14.4286, Train MAPE: 0.7752, Train WMAPE: 0.0375
Iter: 050, Train Loss: 6.4102, Train RMSE: 13.1257, Train MAPE: 0.8200, Train WMAPE: 0.0352
Epoch: 123, Training Time: 37.6648 secs
Epoch: 123, Inference Time: 5.6170 secs
Epoch: 123, Train Loss: 6.3958, Train RMSE: 13.8034, Train MAPE: 1.0266, Train WMAPE: 0.0358, 
Epoch: 123, Valid Loss: 11.0422, Valid RMSE: 44.4918, Valid MAPE: 3.2409, Valid WMAPE: 0.0634
No update
Iter: 000, Train Loss: 6.6181, Train RMSE: 13.6736, Train MAPE: 1.0509, Train WMAPE: 0.0367
Iter: 050, Train Loss: 6.3633, Train RMSE: 12.9530, Train MAPE: 0.9423, Train WMAPE: 0.0349
Epoch: 124, Training Time: 38.4166 secs
Epoch: 124, Inference Time: 6.2910 secs
Epoch: 124, Train Loss: 6.3556, Train RMSE: 13.7000, Train MAPE: 0.9845, Train WMAPE: 0.0355, 
Epoch: 124, Valid Loss: 11.0708, Valid RMSE: 44.6664, Valid MAPE: 3.4892, Valid WMAPE: 0.0636
No update
Iter: 000, Train Loss: 6.7474, Train RMSE: 13.9182, Train MAPE: 1.1864, Train WMAPE: 0.0375
Iter: 050, Train Loss: 6.5916, Train RMSE: 13.7541, Train MAPE: 0.7193, Train WMAPE: 0.0361
Epoch: 125, Training Time: 39.9653 secs
Epoch: 125, Inference Time: 5.1055 secs
Epoch: 125, Train Loss: 6.4165, Train RMSE: 13.8013, Train MAPE: 0.9822, Train WMAPE: 0.0359, 
Epoch: 125, Valid Loss: 11.0259, Valid RMSE: 44.6937, Valid MAPE: 2.7455, Valid WMAPE: 0.0633
No update
Iter: 000, Train Loss: 6.5372, Train RMSE: 13.7440, Train MAPE: 0.8320, Train WMAPE: 0.0363
Iter: 050, Train Loss: 6.5276, Train RMSE: 13.2387, Train MAPE: 0.6693, Train WMAPE: 0.0358
Epoch: 126, Training Time: 37.8878 secs
Epoch: 126, Inference Time: 5.4385 secs
Epoch: 126, Train Loss: 6.4670, Train RMSE: 13.9245, Train MAPE: 0.9430, Train WMAPE: 0.0362, 
Epoch: 126, Valid Loss: 10.9414, Valid RMSE: 44.4756, Valid MAPE: 2.3858, Valid WMAPE: 0.0628
###Update tasks appear###
Evaluate best model on test data for horizon 1, Test MAE: 9.1198, Test RMSE: 60.8634, Test MAPE: 5.8565, Test WMAPE: 0.0529
Evaluate best model on test data for horizon 2, Test MAE: 10.3474, Test RMSE: 57.9746, Test MAPE: 10.2852, Test WMAPE: 0.0601
Evaluate best model on test data for horizon 3, Test MAE: 10.6654, Test RMSE: 47.5282, Test MAPE: 13.7643, Test WMAPE: 0.0619
Evaluate best model on test data for horizon 4, Test MAE: 12.1407, Test RMSE: 54.8515, Test MAPE: 16.4632, Test WMAPE: 0.0705
Evaluate best model on test data for horizon 5, Test MAE: 13.3838, Test RMSE: 59.4208, Test MAPE: 18.0692, Test WMAPE: 0.0778
Evaluate best model on test data for horizon 6, Test MAE: 13.5383, Test RMSE: 52.8572, Test MAPE: 19.9479, Test WMAPE: 0.0787
Evaluate best model on test data for horizon 7, Test MAE: 14.2607, Test RMSE: 53.6891, Test MAPE: 20.3090, Test WMAPE: 0.0829
Evaluate best model on test data for horizon 8, Test MAE: 15.1482, Test RMSE: 57.3350, Test MAPE: 20.8421, Test WMAPE: 0.0881
Evaluate best model on test data for horizon 9, Test MAE: 15.6644, Test RMSE: 58.0331, Test MAPE: 21.4071, Test WMAPE: 0.0911
Evaluate best model on test data for horizon 10, Test MAE: 15.7022, Test RMSE: 53.7879, Test MAPE: 21.6196, Test WMAPE: 0.0913
Evaluate best model on test data for horizon 11, Test MAE: 16.3993, Test RMSE: 58.4616, Test MAPE: 21.0546, Test WMAPE: 0.0954
Evaluate best model on test data for horizon 12, Test MAE: 16.7086, Test RMSE: 58.9728, Test MAPE: 20.8621, Test WMAPE: 0.0972
On average over 12 horizons, Test MAE: 13.5899, Test RMSE: 56.1479, Test MAPE: 17.5401, Test WMAPE: 0.0790
No update
Iter: 000, Train Loss: 6.4862, Train RMSE: 13.9090, Train MAPE: 0.6782, Train WMAPE: 0.0360
Iter: 050, Train Loss: 6.5535, Train RMSE: 13.2965, Train MAPE: 0.8830, Train WMAPE: 0.0359
Epoch: 127, Training Time: 39.1185 secs
Epoch: 127, Inference Time: 6.4621 secs
Epoch: 127, Train Loss: 6.4225, Train RMSE: 13.9147, Train MAPE: 0.9849, Train WMAPE: 0.0359, 
Epoch: 127, Valid Loss: 11.1357, Valid RMSE: 44.1417, Valid MAPE: 2.9682, Valid WMAPE: 0.0640
No update
Iter: 000, Train Loss: 6.8668, Train RMSE: 14.2153, Train MAPE: 0.9115, Train WMAPE: 0.0381
Iter: 050, Train Loss: 6.3017, Train RMSE: 13.0006, Train MAPE: 0.5890, Train WMAPE: 0.0346
Epoch: 128, Training Time: 38.7013 secs
Epoch: 128, Inference Time: 5.2752 secs
Epoch: 128, Train Loss: 6.3648, Train RMSE: 13.6882, Train MAPE: 0.9605, Train WMAPE: 0.0356, 
Epoch: 128, Valid Loss: 11.0068, Valid RMSE: 44.3579, Valid MAPE: 2.5591, Valid WMAPE: 0.0632
No update
Iter: 000, Train Loss: 6.6066, Train RMSE: 13.7894, Train MAPE: 0.8288, Train WMAPE: 0.0367
Iter: 050, Train Loss: 6.4138, Train RMSE: 13.5748, Train MAPE: 0.6678, Train WMAPE: 0.0352
Epoch: 129, Training Time: 42.9957 secs
Epoch: 129, Inference Time: 6.1350 secs
Epoch: 129, Train Loss: 6.3698, Train RMSE: 13.6796, Train MAPE: 0.9628, Train WMAPE: 0.0356, 
Epoch: 129, Valid Loss: 10.9281, Valid RMSE: 44.3004, Valid MAPE: 3.0391, Valid WMAPE: 0.0628
###Update tasks appear###
Evaluate best model on test data for horizon 1, Test MAE: 9.1502, Test RMSE: 60.5216, Test MAPE: 6.0333, Test WMAPE: 0.0531
Evaluate best model on test data for horizon 2, Test MAE: 10.4538, Test RMSE: 57.9263, Test MAPE: 10.5749, Test WMAPE: 0.0607
Evaluate best model on test data for horizon 3, Test MAE: 10.6597, Test RMSE: 47.2825, Test MAPE: 13.8591, Test WMAPE: 0.0619
Evaluate best model on test data for horizon 4, Test MAE: 12.2249, Test RMSE: 54.5839, Test MAPE: 16.5743, Test WMAPE: 0.0710
Evaluate best model on test data for horizon 5, Test MAE: 13.4496, Test RMSE: 59.0437, Test MAPE: 17.9015, Test WMAPE: 0.0782
Evaluate best model on test data for horizon 6, Test MAE: 13.5760, Test RMSE: 52.6707, Test MAPE: 19.7615, Test WMAPE: 0.0789
Evaluate best model on test data for horizon 7, Test MAE: 14.2763, Test RMSE: 53.5012, Test MAPE: 20.3323, Test WMAPE: 0.0830
Evaluate best model on test data for horizon 8, Test MAE: 15.1021, Test RMSE: 57.2647, Test MAPE: 20.9126, Test WMAPE: 0.0878
Evaluate best model on test data for horizon 9, Test MAE: 15.6469, Test RMSE: 58.1135, Test MAPE: 21.5755, Test WMAPE: 0.0910
Evaluate best model on test data for horizon 10, Test MAE: 15.5195, Test RMSE: 53.7134, Test MAPE: 21.0972, Test WMAPE: 0.0903
Evaluate best model on test data for horizon 11, Test MAE: 16.0754, Test RMSE: 58.4173, Test MAPE: 20.2854, Test WMAPE: 0.0935
Evaluate best model on test data for horizon 12, Test MAE: 16.2852, Test RMSE: 58.9128, Test MAPE: 19.9532, Test WMAPE: 0.0947
On average over 12 horizons, Test MAE: 13.5350, Test RMSE: 55.9960, Test MAPE: 17.4051, Test WMAPE: 0.0787
No update
Iter: 000, Train Loss: 6.4458, Train RMSE: 13.6119, Train MAPE: 0.9397, Train WMAPE: 0.0358
Iter: 050, Train Loss: 6.5926, Train RMSE: 13.4594, Train MAPE: 0.8306, Train WMAPE: 0.0362
Epoch: 130, Training Time: 40.3997 secs
Epoch: 130, Inference Time: 6.1030 secs
Epoch: 130, Train Loss: 6.3453, Train RMSE: 13.6462, Train MAPE: 1.0497, Train WMAPE: 0.0355, 
Epoch: 130, Valid Loss: 10.9119, Valid RMSE: 44.1804, Valid MAPE: 2.5908, Valid WMAPE: 0.0627
###Update tasks appear###
Evaluate best model on test data for horizon 1, Test MAE: 9.2843, Test RMSE: 60.5031, Test MAPE: 6.0808, Test WMAPE: 0.0539
Evaluate best model on test data for horizon 2, Test MAE: 10.5273, Test RMSE: 58.1036, Test MAPE: 10.4246, Test WMAPE: 0.0611
Evaluate best model on test data for horizon 3, Test MAE: 10.7834, Test RMSE: 47.3594, Test MAPE: 13.8020, Test WMAPE: 0.0626
Evaluate best model on test data for horizon 4, Test MAE: 12.2254, Test RMSE: 54.6873, Test MAPE: 16.5211, Test WMAPE: 0.0710
Evaluate best model on test data for horizon 5, Test MAE: 13.5266, Test RMSE: 58.9029, Test MAPE: 17.7303, Test WMAPE: 0.0786
Evaluate best model on test data for horizon 6, Test MAE: 13.5658, Test RMSE: 52.5865, Test MAPE: 19.7261, Test WMAPE: 0.0788
Evaluate best model on test data for horizon 7, Test MAE: 14.2372, Test RMSE: 53.2902, Test MAPE: 19.7252, Test WMAPE: 0.0828
Evaluate best model on test data for horizon 8, Test MAE: 15.0145, Test RMSE: 56.8381, Test MAPE: 20.2942, Test WMAPE: 0.0873
Evaluate best model on test data for horizon 9, Test MAE: 15.5402, Test RMSE: 57.7885, Test MAPE: 21.0330, Test WMAPE: 0.0904
Evaluate best model on test data for horizon 10, Test MAE: 15.4478, Test RMSE: 53.3680, Test MAPE: 21.3065, Test WMAPE: 0.0899
Evaluate best model on test data for horizon 11, Test MAE: 16.0610, Test RMSE: 58.0335, Test MAPE: 20.8011, Test WMAPE: 0.0934
Evaluate best model on test data for horizon 12, Test MAE: 16.2647, Test RMSE: 58.5695, Test MAPE: 20.6929, Test WMAPE: 0.0946
On average over 12 horizons, Test MAE: 13.5398, Test RMSE: 55.8359, Test MAPE: 17.3448, Test WMAPE: 0.0787
No update
Iter: 000, Train Loss: 6.4604, Train RMSE: 13.6570, Train MAPE: 0.7915, Train WMAPE: 0.0359
Iter: 050, Train Loss: 6.4374, Train RMSE: 13.2042, Train MAPE: 0.6816, Train WMAPE: 0.0353
Epoch: 131, Training Time: 42.0715 secs
Epoch: 131, Inference Time: 5.0237 secs
Epoch: 131, Train Loss: 6.3404, Train RMSE: 13.6329, Train MAPE: 1.0216, Train WMAPE: 0.0355, 
Epoch: 131, Valid Loss: 10.9050, Valid RMSE: 44.5070, Valid MAPE: 2.2613, Valid WMAPE: 0.0626
###Update tasks appear###
Evaluate best model on test data for horizon 1, Test MAE: 9.1848, Test RMSE: 60.7031, Test MAPE: 6.0184, Test WMAPE: 0.0533
Evaluate best model on test data for horizon 2, Test MAE: 10.4682, Test RMSE: 58.3020, Test MAPE: 10.5072, Test WMAPE: 0.0608
Evaluate best model on test data for horizon 3, Test MAE: 10.6786, Test RMSE: 47.5281, Test MAPE: 13.7428, Test WMAPE: 0.0620
Evaluate best model on test data for horizon 4, Test MAE: 12.1355, Test RMSE: 54.8034, Test MAPE: 16.3712, Test WMAPE: 0.0705
Evaluate best model on test data for horizon 5, Test MAE: 13.3353, Test RMSE: 59.2059, Test MAPE: 17.7965, Test WMAPE: 0.0775
Evaluate best model on test data for horizon 6, Test MAE: 13.4719, Test RMSE: 52.6622, Test MAPE: 19.6533, Test WMAPE: 0.0783
Evaluate best model on test data for horizon 7, Test MAE: 14.1454, Test RMSE: 53.5584, Test MAPE: 19.9603, Test WMAPE: 0.0822
Evaluate best model on test data for horizon 8, Test MAE: 14.9543, Test RMSE: 57.1883, Test MAPE: 20.2506, Test WMAPE: 0.0870
Evaluate best model on test data for horizon 9, Test MAE: 15.4054, Test RMSE: 57.8335, Test MAPE: 20.7806, Test WMAPE: 0.0896
Evaluate best model on test data for horizon 10, Test MAE: 15.3053, Test RMSE: 53.4232, Test MAPE: 20.8755, Test WMAPE: 0.0890
Evaluate best model on test data for horizon 11, Test MAE: 15.9089, Test RMSE: 58.1119, Test MAPE: 20.4348, Test WMAPE: 0.0925
Evaluate best model on test dataEpoch: 130, Training Time: 42.2159 secs
Epoch: 130, Inference Time: 5.7649 secs
Epoch: 130, Train Loss: 6.4460, Train RMSE: 13.8475, Train MAPE: 1.0891, Train WMAPE: 0.0360, 
Epoch: 130, Valid Loss: 10.9391, Valid RMSE: 42.9042, Valid MAPE: 3.2557, Valid WMAPE: 0.0628
No update
Iter: 000, Train Loss: 6.Iter: 050, Train Loss: 7.3408, Train RMSE: 16.0995, Train MAPE: 0.7Iter: 050, Train Loss: 6.Epoch: 132, Training Time: 39.7357 secs
Epoch: 132, Inference Time:Epoch: 131, Training Time: 41.4253 secs
Epoch: 131, Inference Time: 5.3930 secs
Epoch: 131, Train Loss: 6.4671, Train RMSE: 13.8871, Train MAPE: 1.1226, Train WMAPE: 0.0362, 
Epoch: 131, Valid Loss: 10.9003, Valid RMSE: 43.1069, Valid MAPE: 2.9295, Valid WMAPE: 0.0626
No update
Iter: 000, Train Loss: 6.5114, Train RMSE: 13.7223, Train MAPE: 1.0309, Train WMAPE: 0.0361
Iter: 050, Train Loss: 6.9181, Train RMSE: 14.4282, Train MAPE: 0.7632, Train WMAPE: 0.0379
Epoch: 132, Training Time: 38.6707 secs
Epoch: 132, Inference Time: 6.1129 secs
Epoch: 132, Train Loss: 6.4042, Train RMSE: 13.7427, Train MAPE: 1.0752, Train WMAPE: 0.0358, 
Epoch: 132, Valid Loss: 10.8063, Valid RMSE: 42.8369, Valid MAPE: 2.7030, Valid WMAPE: 0.0621
No update
Iter: 000, Train Loss: 6.5473, Train RMSE: 13.7407, Train MAPE: 0.8374, Train WMAPE: 0.0363
Iter: 050, Train Loss: 6.6258, Train RMSE: 13.4141, Train MAPE: 0.9217, Train WMAPE: 0.0363
Epoch: 133, Training Time: 38.5133 secs
Epoch: 133, Inference Time: 5.5769 secs
Epoch: 133, Train Loss: 6.3881, Train RMSE: 13.6912, Train MAPE: 1.0594, Train WMAPE: 0.0357, 
Epoch: 133, Valid Loss: 10.9168, Valid RMSE: 43.0108, Valid MAPE: 2.7555, Valid WMAPE: 0.0627
No update
Iter: 000, Train Loss: 6.8200, Train RMSE: 14.5307, Train MAPE: 1.0266, Train WMAPE: 0.0379
Iter: 050, Train Loss: 6.3201, Train RMSE: 12.8562, Train MAPE: 0.6320, Train WMAPE: 0.0347
Epoch: 134, Training Time: 38.4078 secs
Epoch: 134, Inference Time: 4.8199 secs
Epoch: 134, Train Loss: 6.3343, Train RMSE: 13.6301, Train MAPE: 1.0267, Train WMAPE: 0.0354, 
Epoch: 134, Valid Loss: 10.9534, Valid RMSE: 42.8614, Valid MAPE: 3.0594, Valid WMAPE: 0.0629
No update
Iter: 000, Train Loss: 6.6366, Train RMSE: 14.3421, Train MAPE: 1.0727, Train WMAPE: 0.0368
Iter: 050, Train Loss: 6.3652, Train RMSE: 13.2535, Train MAPE: 0.6923, Train WMAPE: 0.0349
Epoch: 135, Training Time: 37.9867 secs
Epoch: 135, Inference Time: 5.9913 secs
Epoch: 135, Train Loss: 6.3054, Train RMSE: 13.5741, Train MAPE: 0.9827, Train WMAPE: 0.0353, 
Epoch: 135, Valid Loss: 11.0013, Valid RMSE: 42.9125, Valid MAPE: 3.5743, Valid WMAPE: 0.0632
No update
Iter: 000, Train Loss: 6.6504, Train RMSE: 13.8144, Train MAPE: 1.2291, Train WMAPE: 0.0369
Iter: 050, Train Loss: 6.5328, Train RMSE: 13.0406, Train MAPE: 0.9956, Train WMAPE: 0.0358
Epoch: 136, Training Time: 39.6861 secs
Epoch: 136, Inference Time: 6.2794 secs
Epoch: 136, Train Loss: 6.3399, Train RMSE: 13.6472, Train MAPE: 0.9772, Train WMAPE: 0.0355, 
Epoch: 136, Valid Loss: 10.8588, Valid RMSE: 42.6896, Valid MAPE: 3.2616, Valid WMAPE: 0.0624
No update
Iter: 000, Train Loss: 6.5467, Train RMSE: 13.8126, Train MAPE: 1.2058, Train WMAPE: 0.0363
Iter: 050, Train Loss: 6.3997, Train RMSE: 13.1080, Train MAPE: 0.7630, Train WMAPE: 0.0351
Epoch: 137, Training Time: 38.7008 secs
Epoch: 137, Inference Time: 8.2923 secs
Epoch: 137, Train Loss: 6.3067, Train RMSE: 13.5502, Train MAPE: 1.0685, Train WMAPE: 0.0353, 
Epoch: 137, Valid Loss: 10.8473, Valid RMSE: 42.7898, Valid MAPE: 3.7623, Valid WMAPE: 0.0623
No update
Iter: 000, Train Loss: 6.3557, Train RMSE: 13.3665, Train MAPE: 1.2833, Train WMAPE: 0.0353
Iter: 050, Train Loss: 6.8515, Train RMSE: 13.5532, Train MAPE: 0.5534, Train WMAPE: 0.0376
Epoch: 138, Training Time: 39.2978 secs
Epoch: 138, Inference Time: 6.4138 secs
Epoch: 138, Train Loss: 6.3084, Train RMSE: 13.5289, Train MAPE: 1.0682, Train WMAPE: 0.0353, 
Epoch: 138, Valid Loss: 10.7369, Valid RMSE: 42.7155, Valid MAPE: 2.7448, Valid WMAPE: 0.0617
###Update tasks appear###
Evaluate best model on test data for horizon 1, Test MAE: 9.2040, Test RMSE: 61.5242, Test MAPE: 6.2520, Test WMAPE: 0.0534
Evaluate best model on test data for horizon 2, Test MAE: 10.4390, Test RMSE: 56.8461, Test MAPE: 11.0397, Test WMAPE: 0.0606
Evaluate best model on test data for horizon 3, Test MAE: 10.7225, Test RMSE: 46.2608, Test MAPE: 14.4970, Test WMAPE: 0.0623
Evaluate best model on test data for horizon 4, Test MAE: 12.1851, Test RMSE: 54.4205, Test MAPE: 16.7089, Test WMAPE: 0.0708
Evaluate best model on test data for horizon 5, Test MAE: 13.2770, Test RMSE: 57.7716, Test MAPE: 18.4120, Test WMAPE: 0.0772
Evaluate best model on test data for horizon 6, Test MAE: 13.3378, Test RMSE: 50.9397, Test MAPE: 19.9968, Test WMAPE: 0.0775
Evaluate best model on test data for horizon 7, Test MAE: 14.0670, Test RMSE: 52.4705, Test MAPE: 20.4337, Test WMAPE: 0.0818
Evaluate best model on test data for horizon 8, Test MAE: 14.9307, Test RMSE: 56.5217, Test MAPE: 20.7696, Test WMAPE: 0.0868
Evaluate best model on test data for horizon 9, Test MAE: 15.3366, Test RMSE: 56.2324, Test MAPE: 21.3500, Test WMAPE: 0.0892
Evaluate best model on test data for horizon 10, Test MAE: 15.2417, Test RMSE: 52.1986, Test MAPE: 20.9240, Test WMAPE: 0.0887
Evaluate best model on test data for horizon 11, Test MAE: 15.8793, Test RMSE: 57.1696, Test MAPE: 20.6241, Test WMAPE: 0.0924
Evaluate best model on test data for horizon 12, Test MAE: 16.0461, Test RMSE: 57.3145, Test MAPE: 20.3081, Test WMAPE: 0.0934
On average over 12 horizons, Test MAE: 13.3889, Test RMSE: 54.9725, Test MAPE: 17.6096, Test WMAPE: 0.0778
No update
Iter: 000, Train Loss: 6.3780, Train RMSE: 13.3513, Train MAPE: 0.9016, Train WMAPE: 0.0354
Iter: 050, Train Loss: 6.3795, Train RMSE: 12.9269, Train MAPE: 0.7123, Train WMAPE: 0.0350
Epoch: 139, Training Time: 38.9777 secs
Epoch: 139, Inference Time: 7.0161 secs
Epoch: 139, Train Loss: 6.2775, Train RMSE: 13.5693, Train MAPE: 0.9131, Train WMAPE: 0.0351, 
Epoch: 139, Valid Loss: 10.8717, Valid RMSE: 42.7989, Valid MAPE: 3.9226, Valid WMAPE: 0.0624
No update
Iter: 000, Train Loss: 6.6287, Train RMSE: 14.2326, Train MAPE: 1.3007, Train WMAPE: 0.0368
Iter: 050, Train Loss: 6.2645, Train RMSE: 12.7386, Train MAPE: 0.8403, Train WMAPE: 0.0344
Epoch: 140, Training Time: 38.4019 secs
Epoch: 140, Inference Time: 6.0011 secs
Epoch: 140, Train Loss: 6.2822, Train RMSE: 13.5376, Train MAPE: 1.0233, Train WMAPE: 0.0351, 
Epoch: 140, Valid Loss: 10.7721, Valid RMSE: 42.5868, Valid MAPE: 3.1880, Valid WMAPE: 0.0619
###Update tasks appear###
Evaluate best model on test data for horizon 1, Test MAE: 9.2969, Test RMSE: 61.5495, Test MAPE: 6.5573, Test WMAPE: 0.0540
Evaluate best model on test data for horizon 2, Test MAE: 10.4248, Test RMSE: 56.9978, Test MAPE: 11.2283, Test WMAPE: 0.0605
Evaluate best model on test data for horizon 3, Test MAE: 10.7258, Test RMSE: 46.2837, Test MAPE: 14.6929, Test WMAPE: 0.0623
Evaluate best model on test data for horizon 4, Test MAE: 12.2306, Test RMSE: 54.4057, Test MAPE: 17.0691, Test WMAPE: 0.0711
Evaluate best model on test data for horizon 5, Test MAE: 13.3422, Test RMSE: 57.8822, Test MAPE: 18.6877, Test WMAPE: 0.0775
Evaluate best model on test data for horizon 6, Test MAE: 13.4068, Test RMSE: 50.8513, Test MAPE: 20.1355, Test WMAPE: 0.0779
Evaluate best model on test data for horizon 7, Test MAE: 14.1268, Test RMSE: 52.3881, Test MAPE: 20.3848, Test WMAPE: 0.0821
Evaluate best model on test data for horizon 8, Test MAE: 14.9800, Test RMSE: 56.4430, Test MAPE: 20.8089, Test WMAPE: 0.0871
Evaluate best model on test data for horizon 9, Test MAE: 15.4017, Test RMSE: 55.8741, Test MAPE: 21.0629, Test WMAPE: 0.0896
Evaluate best model on test data for horizon 10, Test MAE: 15.3367, Test RMSE: 51.7116, Test MAPE: 20.9546, Test WMAPE: 0.0892
Evaluate best model on test data for horizon 11, Test MAE: 15.7998, Test RMSE: 56.8177, Test MAPE: 20.3218, Test WMAPE: 0.0919
Evaluate best model on test data for horizon 12, Test MAE: 15.9867, Test RMSE: 56.9452, Test MAPE: 20.3378, Test WMAPE: 0.0930
On average over 12 horizons, Test MAE: 13.4216, Test RMSE: 54.8458, Test MAPE: 17.6868, Test WMAPE: 0.0780
No update
Iter: 000, Train Loss: 6.4223, Train RMSE: 13.6906, Train MAPE: 1.1170, Train WMAPE: 0.0357
Iter: 050, Train Loss: 6.2832, Train RMSE: 13.0543, Train MAPE: 0.6203, Train WMAPE: 0.0345
Epoch: 141, Training Time: 37.9272 secs
Epoch: 141, Inference Time: 6.1909 secs
Epoch: 141, Train Loss: 6.2023, Train RMSE: 13.3832, Train MAPE: 0.9828, Train WMAPE: 0.0347, 
Epoch: 141, Valid Loss: 10.7505, Valid RMSE: 42.6001, Valid MAPE: 2.4184, Valid WMAPE: 0.0617
###Update tasks appear###
Evaluate best model on test data for horizon 1, Test MAE: 9.2732, Test RMSE: 61.6016, Test MAPE: 6.6553, Test WMAPE: 0.0538
Evaluate best model on test data for horizon 2, Test MAE: 10.4153, Test RMSE: 56.9402, Test MAPE: 11.3041, Test WMAPE: 0.0605
Evaluate best model on test data for horizon 3, Test MAE: 10.7128, Test RMSE: 46.3947, Test MAPE: 14.5748, Test WMAPE: 0.0622
Evaluate best model on test data for horizon 4, Test MAE: 12.2673, Test RMSE: 54.2633, Test MAPE: 16.7910, Test WMAPE: 0.0713
Evaluate best model on test data for horizon 5, Test MAE: 13.4118, Test RMSE: 57.7741, Test MAPE: 18.3912, Test WMAPE: 0.0779
Evaluate best model on test data for horizon 6, Test MAE: 13.4600, Test RMSE: 50.8878, Test MAPE: 19.7247, Test WMAPE: 0.0782
Evaluate best model on test data for horizon 7, Test MAE: 14.0744, Test RMSE: 52.2671, Test MAPE: 19.9430, Test WMAPE: 0.0818
Evaluate best model on test data for horizon 8, Test MAE: 14.8925, Test RMSE: 56.3177, Test MAPE: 20.5794, Test WMAPE: 0.0866
Evaluate best model on test data for horizon 9, Test MAE: 15.2498, Test RMSE: 55.6956, Test MAPE: 20.5194, Test WMAPE: 0.0887
Evaluate best model on test data for horizon 10, Test MAE: 15.0918, Test RMSE: 51.5886, Test MAPE: 20.2745, Test WMAPE: 0.0878
Evaluate best model on test data for horizon 11, Test MAE: 15.6494, Test RMSE: 56.5606, Test MAPE: 20.0401, Test WMAPE: 0.0910
Evaluate best model on test data for horizon 12, Test MAE: 15.7969, Test RMSE: 56.5995, Test MAPE: 19.8448, Test WMAPE: 0.0919
On average over 12 horizons, Test MAE: 13.3579, Test RMSE: 54.7409, Test MAPE: 17.3869, Test WMAPE: 0.0777
No update
Iter: 000, Train Loss: 6.4495, Train RMSE: 13.6774, Train MAPE: 0.7524, Train WMAPE: 0.0358
Iter: 050, Train Loss: 6.3626, Train RMSE: 13.0305, Train MAPE: 0.7256, Train WMAPE: 0.0349
Epoch: 142, Training Time: 39.0008 secs
Epoch: 142, Inference Time: 6.5949 secs
Epoch: 142, Train Loss: 6.1802, Train RMSE: 13.3301, Train MAPE: 0.9744, Train WMAPE: 0.0346, 
Epoch: 142, Valid Loss: 10.8118, Valid RMSE: 42.6870, Valid MAPE: 3.2585, Valid WMAPE: 0.0621
No update
Iter: 000, Train Loss: 6.4819, Train RMSE: 13.5038, Train MAPE: 1.1141, Train WMAPE: 0.0360
Iter: 050, Train Loss: 6.3275, Train RMSE: 12.9691, Train MAPE: 0.6748, Train WMAPE: 0.0347
Epoch: 143, Training Time: 41.5036 secs
Epoch: 143, Inference Time: 6.2784 secs
Epoch: 143, Train Loss: 6.1992, Train RMSE: 13.3318, Train MAPE: 1.0143, Train WMAPE: 0.0347, 
Epoch: 143, Valid Loss: 10.8303, Valid RMSE: 42.8178, Valid MAPE: 2.1737, Valid WMAPE: 0.0622
No update
Iter: 000, Train Loss: 6.3124, Train RMSE: 13.4357, Train MAPE: 0.6168, Train WMAPE: 0.0350
Iter: 050, Train Loss: 6.2299, Train RMSE: 12.6706, Train MAPE: 0.6264, Train WMAPE: 0.0342
Epoch: 144, Training Time: 39.7088 secs
Epoch: 144, Inference Time: 5.6995 secs
Epoch: 144, Train Loss: 6.1967, Train RMSE: 13.3558, Train MAPE: 0.9625, Train WMAPE: 0.0347, 
Epoch: 144, Valid Loss: 10.7064, Valid RMSE: 42.6887, Valid MAPE: 1.9001, Valid WMAPE: 0.0615
###Update tasks appear###
Evaluate best model on test data for horizon 1, Test MAE: 9.2213, Test RMSE: 61.6686, Test MAPE: 6.3814, Test WMAIter: 050, Train Loss: 6.1877, Train RMSE: 12.5737, Train MAPE: 1.1111, Train WMAPE: 0.0339
Epoch: 146, Training Time: 39.4036 secs
Epoch: 146, Inference Time: 5.5199 secs
Epoch: 146, Train Loss: 6.1339, Train RMSE: 13.1407, Train MAPE: 1.1954, Train WMAPE: 0.0343, 
Epoch: 146, Valid Loss: 10.8813, Valid RMSE: 44.1413, Valid MAPE: 3.9411, Valid WMAPE: 0.0625
No update
Iter: 000, Train Loss: 6.2776, Train RMSE: 13.1359, Train MAPE: 1.2524, Train WMAPE: 0.0349
Iter: 050, Train Loss: 6.1192, Train RMSE: 12.4456, Train MAPE: 0.7613, Train WMAPE: 0.0336
Epoch: 147, Training Time: 39.6448 secs
Epoch: 147, Inference Time: 5.6266 secs
Epoch: 147, Train Loss: 6.1074, Train RMSE: 13.0755, Train MAPE: 1.2352, Train WMAPE: 0.0342, 
Epoch: 147, Valid Loss: 10.7826, Valid RMSE: 44.1073, Valid MAPE: 2.2314, Valid WMAPE: 0.0619
###Update tasks appear###
Evaluate best model on test data for horizon 1, Test MAE: 9.0875, Test RMSE: 60.4928, Test MAPE: 6.4106, Test WMAPE: 0.0528
Evaluate best model on test data for horizon 2, Test MAE: 10.3299, Test RMSE: 58.0152, Test MAPE: 10.7535, Test WMAPE: 0.0600
Evaluate best model on test data for horizon 3, Test MAE: 10.5671, Test RMSE: 46.9071, Test MAPE: 14.2438, Test WMAPE: 0.0614
Evaluate best model on test data for horizon 4, Test MAE: 12.0688, Test RMSE: 54.4497, Test MAPE: 16.8074, Test WMAPE: 0.0701
Evaluate best model on test data for horizon 5, Test MAE: 13.2225, Test RMSE: 58.4792, Test MAPE: 18.2719, Test WMAPE: 0.0768
Evaluate best model on test data for horizon 6, Test MAE: 13.3956, Test RMSE: 51.9886, Test MAPE: 19.6138, Test WMAPE: 0.0779
Evaluate best model on test data for horizon 7, Test MAE: 14.0258, Test RMSE: 52.7839, Test MAPE: 19.9247, Test WMAPE: 0.0815
Evaluate best model on test data for horizon 8, Test MAE: 14.8874, Test RMSE: 56.9861, Test MAPE: 20.4023, Test WMAPE: 0.0866
Evaluate best model on test data for horizon 9, Test MAE: 15.3222, Test RMSE: 57.5189, Test MAPE: 20.8682, Test WMAPE: 0.0891
Evaluate best model on test data for horizon 10, Test MAE: 15.2035, Test RMSE: 52.9111, Test MAPE: 20.7120, Test WMAPE: 0.0884
Evaluate best model on test data for horizon 11, Test MAE: 15.8545, Test RMSE: 57.9258, Test MAEpoch: 146, Inference Time: 6.3825 secs
Epoch: 146, Train Loss: 6.1845, Train RMSE: 13.3318, Train MAPE: 0.9401, Train WMAPE: 0.0346, 
Epoch: 146, Valid Loss: 10.7399, Valid RMSE: 42.7457, Valid MAPE: 2.4584, Valid WMAPE: 0.0617
###Update tasks appear###
Evaluate best model on test data for horizon 1, Test MAE: 9.2215, Test RMSE: 61.7394, Test MAPE: 6.4394, Test WMAIter: 050, Train Loss: 6.7358, Train RMSE: 14.3635, Train MAPE: 0.5446, Train WMAPE: 0.0369
Epoch: 148, Training Time: 39.8401 secs
Epoch: 148, Inference Time: 6.7666 secs
Epoch: 148, Train Loss: 6.1631, Train RMSE: 13.3198, Train MAPE: 0.9177, Train WMAPE: 0.0345, 
Epoch: 148, Valid Loss: 10.9481, Valid RMSE: 44.1913, Valid MAPE: 3.0367, Valid WMAPE: 0.0629
No update
Iter: 000, Train Loss: 6.2873, Train RMSE: 13.3504, Train MAPE: 0.9604, Train WMAPE: 0.0349
Iter: 050, Train Loss: 6.1314, Train RMSE: 12.6708, Train MAPE: 0.7238, Train WMAPE: 0.0336
Epoch: 149, Training Time: 41.2965 secs
Epoch: 149, Inference Time: 5.2094 secs
Epoch: 149, Train Loss: 6.1113, Train RMSE: 13.1990, Train MAPE: 0.9367, Train WMAPE: 0.0342, 
Epoch: 149, Valid Loss: 10.8289, Valid RMSE: 44.1901, Valid MAPE: 2.0141, Valid WMAPE: 0.0622
###Update tasks appear###
Evaluate best model on test data for horizon 1, Test MAE: 9.0491, Test RMSE: 60.3096, Test MAPE: 6.4053, Test WMAPE: 0.0525
Evaluate best model on test data for horizon 2, Test MAE: 10.3132, Test RMSE: 57.9479, Test MAPE: 10.6788, Test WMAPE: 0.0599
Evaluate best model on test data for horizon 3, Test MAE: 10.5382, Test RMSE: 46.8772, Test MAPE: 14.1814, Test WMAPE: 0.0612
Evaluate best model on test data for horizon 4, Test MAE: 12.0278, Test RMSE: 54.4025, Test MAPE: 16.7469, Test WMAPE: 0.0699
Evaluate best model on test data for horizon 5, Test MAE: 13.1866, Test RMSE: 58.4157, Test MAPE: 18.0585, Test WMAPE: 0.0766
Evaluate best model on test data for horizon 6, Test MAE: 13.3764, Test RMSE: 52.0195, Test MAPE: 19.5141, Test WMAPE: 0.0777
Evaluate best model on test data for horizon 7, Test MAE: 14.0502, Test RMSE: 53.0631, Test MAPE: 19.7376, Test WMAPE: 0.0817
Evaluate best model on test data for horizon 8, Test MAE: 14.9641, Test RMSE: 57.2296, Test MAPE: 20.2975, Test WMAPE: 0.0870
Evaluate best model on test data for horizon 9, Test MAE: 15.4499, Test RMSE: 57.7142, Test MAPE: 20.9173, Test WMAPE: 0.0899
Evaluate best model on test data for horizon 10, Test MAE: 15.3702, Test RMSE: 53.0565, Test MAPE: 20.9393, Test WMAPE: 0.0894
Evaluate best model on test data for horizon 11, Test MAE: 16.0838, Test RMSE: 58.2436, Test MAPE: 20.4978, Test WMAPE: 0.0936
Evaluate best model on test data for horizon 12, Test MAE: 16.3021, Test RMSE: 58.7148, Test MAPE: 20.6397, Test WMAPE: 0.0948
On average over 12 horizons, Test MAE: 13.3926, Test RMSE: 55.6662, Test MAPE: 17.3845, Test WMAPE: 0.0779
No update
Iter: 000, Train Loss: 6.1312, Train RMSE: 13.0993, Train MAPE: 0.5700, Train WMAPE: 0.0340
Iter: 050, Train Loss: 6.2115, Train RMSE: 12.7639, Train MAPE: 0.6326, Train WMAPE: 0.0341
Epoch: 150, Training Time: 39.9201 secs
Epoch: 150, Inference Time: 5.3808 secs
Epoch: 150, Train Loss: 6.1221, Train RMSE: 13.1874, Train MAPE: 0.9423, Train WMAPE: 0.0342, 
Epoch: 150, Valid Loss: 10.7786, Valid RMSE: 44.0203, Valid MAPE: 2.6187, Valid WMAPE: 0.0619
###Update tasks appear###
Evaluate best model on test data for horizon 1, Test MAE: 9.0609, Test RMSE: 60.1768, Test MAPE: 6.4551, Test WMAPE: 0.0526
Evaluate best model on test data for horizon 2, Test MAE: 10.2985, Test RMSE: 58.1363, Test MAPE: 10.6992, Test WMAPE: 0.0598
Evaluate best model on test data for horizon 3, Test MAE: 10.5558, Test RMSE: 47.0576, Test MAPE: 14.1713, Test WMAPE: 0.0613
Evaluate best model on test data for horizon 4, Test MAE: 12.0041, Test RMSE: 54.3774, Test MAPE: 16.6256, Test WMAPE: 0.0697
Evaluate best model on test data for horizon 5, Test MAE: 13.1868, Test RMSE: 58.4809, Test MAPE: 18.1734, Test WMAPE: 0.0766
Evaluate best model on test data for horizon 6, Test MAE: 13.3046, Test RMSE: 52.1234, Test MAPE: 19.4312, Test WMAPE: 0.0773
Evaluate best model on test data for horizon 7, Test MAE: 13.9815, Test RMSE: 52.9892, Test MAPE: 19.5104, Test WMAPE: 0.0813
Evaluate best model on test data for horizon 8, Test MAE: 14.8692, Test RMSE: 56.9258, Test MAPE: 19.9775, Test WMAPE: 0.0865
Evaluate best model on test data for horizon 9, Test MAE: 15.2576, Test RMSE: 57.5106, Test MAPE: 20.4218, Test WMAPE: 0.0887
Evaluate best model on test data for horizon 10, Test MAE: 15.0689, Test RMSE: 52.7146, Test MAPE: 20.7519, Test WMAPE: 0.0877
Evaluate best model on test data for horizon 11, Test MAE: 15.6910, Test RMSE: 57.7197, Test MAPE: 20.5004, Test WMAPE: 0.0913
Evaluate best model on test data for horizon 12, Test MAE: 15.9227, Test Epoch: 149, Inference Time: 6.0481 secs
Epoch: 149, Train Loss: 6.1724, Train RMSE: 13.3043, Train MAPE: 0.9087, Train WMAPE: 0.0345, 
Epoch: 149, Valid Loss: 10.6700, Valid RMSE: 42.5160, Valid MAPE: 2.8059, Valid WMAPE: 0.0613
###Update tasks appear###
Evaluate best model on test data for horizon 1, Test MAE: 9.2700, Test RMSE: 61.8982, Test MAPE: 6.4544, Test WMAIter: 050, Train Loss: 6.0839, Train RMSE: 12.4712, Train MAPE: 0.5510, Train WMAPE: 0.0334
Epoch: 151, Training Time: 40.8851 secs
Epoch: 151, Inference Time: 6.0985 secs
Epoch: 151, Train Loss: 6.0815, Train RMSE: 13.1344, Train MAPE: 0.9520, Train WMAPE: 0.0340, 
Epoch: 151, Valid Loss: 10.8302, Valid RMSE: 43.7575, Valid MAPE: 2.8217, Valid WMAPE: 0.0622
No update
Iter: 000, Train Loss: 6.3700, Train RMSE: 13.6012, Train MAPE: 0.9038, Train WMAPE: 0.0354
Iter: 050, Train Loss: 6.0318, Train RMSE: 12.3936, Train MAPE: 0.5977, Train WMAPE: 0.0331
Epoch: 152, Training Time: 39.9974 secs
Epoch: 152, Inference Time: 4.7127 secs
Epoch: 152, Train Loss: 6.0767, Train RMSE: 13.1577, Train MAPE: 0.9349, Train WMAPE: 0.0340, 
Epoch: 152, Valid Loss: 10.8266, Valid RMSE: 44.1309, Valid MAPE: 2.1053, Valid WMAPE: 0.0622
No update
Iter: 000, Train Loss: 6.2002, Train RMSE: 13.1952, Train MAPE: 0.5887, Train WMAPE: 0.0344
Iter: 050, Train Loss: 6.0243, Train RMSE: 12.4667, Train MAPE: 0.7195, Train WMAPE: 0.0330
Epoch: 153, Training Time: 37.1187 secs
Epoch: 153, Inference Time: 5.9964 secs
Epoch: 153, Train Loss: 6.0809, Train RMSE: 13.1193, Train MAPE: 0.9561, Train WMAPE: 0.0340, 
Epoch: 153, Valid Loss: 10.8940, Valid RMSE: 44.1276, Valid MAPE: 2.9507, Valid WMAPE: 0.0626
No update
Iter: 000, Train Loss: 6.2185, Train RMSE: 13.1448, Train MAPE: 0.8441, Train WMAPE: 0.0345
Iter: 050, Train Loss: 6.0744, Train RMSE: 12.5156, Train MAPE: 0.7140, Train WMAPE: 0.0333
Epoch: 154, Training Time: 39.7328 secs
Epoch: 154, Inference Time: 5.9648 secs
Epoch: 154, Train Loss: 6.0698, Train RMSE: 13.0634, Train MAPE: 0.9970, Train WMAPE: 0.0339, 
Epoch: 154, Valid Loss: 10.8516, Valid RMSE: 44.0983, Valid MAPE: 3.6321, Valid WMAPE: 0.0623
No update
Iter: 000, Train Loss: 6.1250, Train RMSE: 12.9428, Train MAPE: 1.1707, Train WMAPE: 0.0340
Iter: 050, Train Loss: 6.0428, Train RMSE: 12.4305, Train MAPE: 0.8599, Train WMAPE: 0.0331
Epoch: 155, Training Time: 41.8072 secs
Epoch: 155, Inference Time: 6.1020 secs
Epoch: 155, Train Loss: 6.0888, Train RMSE: 13.0197, Train MAPE: 1.1849, Train WMAPE: 0.0340, 
Epoch: 155, Valid Loss: 11.0943, Valid RMSE: 43.9404, Valid MAPE: 3.9382, Valid WMAPE: 0.0637
No update
Iter: 000, Train Loss: 6.3606, Train RMSE: 13.1611, Train MAPE: 1.1900, Train WMAPE: 0.0353
Iter: 050, Train Loss: 6.2824, Train RMSE: 12.4068, Train MAPE: 1.1729, Train WMAPE: 0.0344
Epoch: 156, Training Time: 39.0211 secs
Epoch: 156, Inference Time: 5.7725 secs
Epoch: 156, Train Loss: 6.1112, Train RMSE: 13.0477, Train MAPE: 1.1699, Train WMAPE: 0.0342, 
Epoch: 156, Valid Loss: 10.8741, Valid RMSE: 44.0585, Valid MAPE: 3.7072, Valid WMAPE: 0.0624
No update
Iter: 000, Train Loss: 6.2545, Train RMSE: 13.4567, Train MAPE: 1.0910, Train WMAPE: 0.0347
Iter: 050, Train Loss: 6.1925, Train RMSE: 12.1514, Train MAPE: 1.1996, Train WMAPE: 0.0340
Epoch: 157, Training Time: 42.1049 secs
Epoch: 157, Inference Time: 5.2715 secs
Epoch: 157, Train Loss: 6.0604, Train RMSE: 13.0156, Train MAPE: 1.1373, Train WMAPE: 0.0339, 
Epoch: 157, Valid Loss: 10.8684, Valid RMSE: 43.9545, Valid MAPE: 4.3110, Valid WMAPE: 0.0624
No update
Iter: 000, Train Loss: 6.2666, Train RMSE: 13.0866, Train MAPE: 1.3262, Train WMAPE: 0.0348
Iter: 050, Train Loss: 5.9848, Train RMSE: 12.2413, Train MAPE: 0.5820, Train WMAPE: 0.0328
Epoch: 158, Training Time: 38.5963 secs
Epoch: 158, Inference Time: 5.4177 secs
Epoch: 158, Train Loss: 6.0373, Train RMSE: 12.9851, Train MAPE: 0.9591, Train WMAPE: 0.0338, 
Epoch: 158, Valid Loss: 10.7977, Valid RMSE: 44.0310, Valid MAPE: 2.1111, Valid WMAPE: 0.0620
No update
Iter: 000, Train Loss: 6.1387, Train RMSE: 13.0658, Train MAPE: 0.6566, Train WMAPE: 0.0341
Iter: 050, Train Loss: 6.0165, Train RMSE: 12.4340, Train MAPE: 0.5953, Train WMAPE: 0.0330
Epoch: 159, Training Time: 38.0633 secs
Epoch: 159, Inference Time: 5.7843 secs
Epoch: 159, Train Loss: 6.0411, Train RMSE: 13.0312, Train MAPE: 0.9163, Train WMAPE: 0.0338, 
Epoch: 159, Valid Loss: 10.9240, Valid RMSE: 44.3826, Valid MAPE: 2.8158, Valid WMAPE: 0.0627
No update
Iter: 000, Train Loss: 6.2315, Train RMSE: 13.0453, Train MAPE: 0.9059, Train WMAPE: 0.0346
Iter: 050, Train Loss: 7.0123, Train RMSE: 15.6886, Train MAPE: 0.5894, Train WMAPE: 0.0385
Epoch: 160, Training Time: 37.7008 secs
Epoch: 160, Inference Time: 4.7834 secs
Epoch: 160, Train Loss: 6.0837, Train RMSE: 13.1789, Train MAPE: 0.8490, Train WMAPE: 0.0340, 
Epoch: 160, Valid Loss: 10.9044, Valid RMSE: 44.0377, Valid MAPE: 2.9970, Valid WMAPE: 0.0626
No update
Iter: 000, Train Loss: 6.2184, Train RMSE: 13.0296, Train MAPE: 0.9389, Train WMAPE: 0.0345
Iter: 050, Train Loss: 5.9946, Train RMSE: 12.3060, Train MAPE: 0.5490, Train WMAPE: 0.0329
Epoch: 161, Training Time: 39.2816 secs
Epoch: 161, Inference Time: 6.0955 secs
Epoch: 161, Train Loss: 6.0185, Train RMSE: 12.9968, Train MAPE: 0.8975, Train WMAPE: 0.0337, 
Epoch: 161, Valid Loss: 10.7580, Valid RMSE: 44.1239, Valid MAPE: 2.1230, Valid WMAPE: 0.0618
###Update tasks appear###
Evaluate best model on test data for horizon 1, Test MAE: 9.0111, Test RMSE: 60.2290, Test MAPE: 6.4694, Test WMAPE: 0.0523
Evaluate best model on test data for horizon 2, Test MAE: 10.3300, Test RMSE: 58.0407, Test MAPE: 10.7738, Test WMAPE: 0.0600
Evaluate best model on test data for horizon 3, Test MAE: 10.5534, Test RMSE: 46.7256, Test MAPE: 14.2161, Test WMAPE: 0.0613
Evaluate best model on test data for horizon 4, Test MAE: 12.0040, Test RMSE: 54.2582, Test MAPE: 16.6514, Test WMAPE: 0.0697
Evaluate best model on test data for horizon 5, Test MAE: 13.2403, Test RMSE: 58.4468, Test MAPE: 18.2503, Test WMAPE: 0.0769
Evaluate best model on test data for horizon 6, Test MAE: 13.3540, Test RMSE: 52.1477, Test MAPE: 19.2354, Test WMAPE: 0.0776
Evaluate best model on test data for horizon 7, Test MAE: 14.0250, Test RMSE: 53.1485, Test MAPE: 19.4163, Test WMAPE: 0.0815
Evaluate best model on test data for horizon 8, Test MAE: 14.9146, Test RMSE: 57.1361, Test MAPE: 19.9733, Test WMAPE: 0.0867
Evaluate best model on test data for horizon 9, Test MAE: 15.3726, Test RMSE: 57.6177, Test MAPE: 20.7025, Test WMAPE: 0.0894
Evaluate best model on test data for horizon 10, Test MAE: 15.3175, Test RMSE: 52.7716, Test MAPE: 20.6748, Test WMAPE: 0.0891
Evaluate best model on test data for horizon 11, Test MAE: 16.0985, Test RMSE: 58.1081, Test MAPE: 20.6119, Test WMAPE: 0.0936
Evaluate best model on test data for horizon 12, Test MAE: 16.3235, Test RMSE: 58.3940, Test MAPE: 20.6788, Test WMAPE: 0.0950
On average over 12 horizons, Test MAE: 13.3787, Test RMSE: 55.5853, Test MAPE: 17.3045, Test WMAPE: 0.0778
No update
Iter: 000, Train Loss: 6.0417, Train RMSE: 12.8906, Train MAPE: 0.6904, Train WMAPE: 0.0335
Iter: 050, Train Loss: 6.2077, Train RMSE: 12.3215, Train MAPE: 0.8024, Train WMAPE: 0.0340
Epoch: 162, Training Time: 38.6221 secs
Epoch: 162, Inference Time: 6.1707 secs
Epoch: 162, Train Loss: 6.0537, Train RMSE: 13.0404, Train MAPE: 0.9630, Train WMAPE: 0.0338, 
Epoch: 162, Valid Loss: 10.8427, Valid RMSE: 44.0945, Valid MAPE: 1.9051, Valid WMAPE: 0.0623
No update
Iter: 000, Train Loss: 6.0127, Train RMSE: 12.9315, Train MAPE: 0.6033, Train WMAPE: 0.0334
Iter: 050, Train Loss: 6.2165, Train RMSE: 12.5242, Train MAPE: 0.8815, Train WMAPE: 0.0341
Epoch: 163, Training Time: 37.9147 secs
Epoch: 163, Inference Time: 5.8975 secs
Epoch: 163, Train Loss: 6.0295, Train RMSE: 12.9912, Train MAPE: 0.9165, Train WMAPE: 0.0337, 
Epoch: 163, Valid Loss: 10.9484, Valid RMSE: 43.9528, Valid MAPE: 2.4549, Valid WMAPE: 0.0629
No update
Iter: 000, Train Loss: 6.4775, Train RMSE: 13.8240, Train MAPE: 0.7671, Train WMAPE: 0.0360
Iter: 050, Train Loss: 5.9873, Train RMSE: 12.3208, Train MAPE: 0.7724, Train WMAPE: 0.0328
Epoch: 164, Training Time: 37.5070 secs
Epoch: 164, Inference Time: 7.2147 secs
Epoch: 164, Train Loss: 6.0171, Train RMSE: 12.9798, Train MAPE: 0.8925, Train WMAPE: 0.0336, 
Epoch: 164, Valid Loss: 10.8291, Valid RMSE: 44.0942, Valid MAPE: 2.6464, Valid WMAPE: 0.0622
No update
Iter: 000, Train Loss: 6.1979, Train RMSE: 13.0501, Train MAPE: 0.9089, Train WMAPE: 0.0344
Iter: 050, Train Loss: 5.9222, Train RMSE: 12.2879, Train MAPE: 0.6122, Train WMAPE: 0.0325
Epoch: 165, Training Time: 38.9615 secs
Epoch: 165, Inference Time: 6.2065 secs
Epoch: 165, Train Loss: 5.9885, Train RMSE: 12.9384, Train MAPE: 0.8910, Train WMAPE: 0.0335, 
Epoch: 165, Valid Loss: 11.0988, Valid RMSE: 44.2556, Valid MAPE: 3.1973, Valid WMAPE: 0.0637
No update
Iter: 000, Train Loss: 6.2955, Train RMSE: 13.1452, Train MAPE: 1.0290, Train WMAPE: 0.0350
Iter: 050, Train Loss: 5.9360, Train RMSE: 12.1419, Train MAPE: 0.5565, Train WMAPE: 0.0326
Epoch: 166, Training Time: 37.3025 secs
Epoch: 166, Inference Time: 4.8260 secs
Epoch: 166, Train Loss: 5.9693, Train RMSE: 12.9127, Train MAPE: 0.8983, Train WMAPE: 0.0334, 
Epoch: 166, Valid Loss: 10.8008, Valid RMSE: 44.1117, Valid MAPE: 2.8245, Valid WMAPE: 0.0620
No update
Iter: 000, Train Loss: 6.1062, Train RMSE: 12.8524, Train MAPE: 0.9007, Train WMAPE: 0.0339
Iter: 050, Train Loss: 5.9463, Train RMSE: 12.1950, Train MAPE: 0.5974, Train WMAPE: 0.0326
Epoch: 167, Training Time: 37.8158 secs
Epoch: 167, Inference Time: 5.9887 secs
Epoch: 167, Train Loss: 5.9460, Train RMSE: 12.8354, Train MAPE: 0.9197, Train WMAPE: 0.0332, 
Epoch: 167, Valid Loss: 10.8829, Valid RMSE: 44.2728, Valid MAPE: 2.4435, Valid WMAPE: 0.0625
No update
Iter: 000, Train Loss: 6.0695, Train RMSE: 12.8200, Train MAPE: 0.7912, Train WMAPE: 0.0337
Iter: 050, Train Loss: 5.9574, Train RMSE: 12.3243, Train MAPE: 0.5639, Train WMAPE: 0.0327
Epoch: 168, Training Time: 40.6808 secs
Epoch: 168, Inference Time: 5.6290 secs
Epoch: 168, Train Loss: 5.9675, Train RMSE: 12.8809, Train MAPE: 0.8604, Train WMAPE: 0.0334, 
Epoch: 168, Valid Loss: 10.7452, Valid RMSE: 43.8710, Valid MAPE: 1.9519, Valid WMAPE: 0.0617
###Update tasks appear###
Evaluate best model on test data for horizon 1, Test MAE: 9.0849, Test RMSE: 60.1095, Test MAPE: 6.6249, Test WMAPE: 0.0527
Evaluate best model on test data for horizon 2, Test MAE: 10.3499, Test RMSE: 57.8246, Test MAPE: 10.8535, Test WMAPE: 0.0601
Evaluate best model on test data for horizon 3, Test MAE: 10.5751, Test RMSE: 46.5308, Test MAPE: 14.4758, Test WMAPE: 0.0614
Evaluate best model on test data for horizon 4, Test MAE: 12.0942, Test RMSE: 54.0888, Test MAPE: 16.9583, Test WMAPE: 0.0703
Evaluate best model on test data for horizon 5, Test MAE: 13.2354, Test RMSE: 58.3967, Test MAPE: 18.3518, Test WMAPE: 0.0769
Evaluate best model on test data for horizon 6, Test MAE: 13.4875, Test RMSE: 52.1883, Test MAPE: 19.2738, Test WMAPE: 0.0784
Evaluate best model on test data for horizon 7, Test MAE: 14.1319, Test RMSE: 53.0396, Test MAPE: 19.5800, Test WMAPE: 0.0822
Evaluate best model on test data for horizon 8, Test MAE: 14.9993, Test RMSE: 57.0158, Test MAPE: 20.1095, Test WMAPE: 0.0872
Evaluate best model on test data for horizon 9, Test MAE: 15.4982, Test RMSE: 57.4331, Test MAPE: 20.5620, Test WMAPE: 0.0901
Evaluate best model on test data for horizon 10, Test MAE: 15.4165, Test RMSE: 52.7459, Test MAPE: 20.5941, Test WMAPE: 0.0897
Evaluate best model on test data for horizon 11, Test MAE: 16.1912, Test RMSE: 58.0111, Test MAPE: 20.5221, Test WMAPE: 0.0942
Evaluate best model on test data for horizon 12, Test MAE: 16.4315, Test RMSE: 58.4260, Test MAPE: 20.6745, Test WMAPE: 0.0956
On average over 12 horizons, Test MAE: 13.4580, Test RMSE: 55.4842, Test MAPE: 17.3817, Test WMAPE: 0.0782
No update
Iter: 000, Train Loss: 5.9575, Train RMSE: 12.7706, Train MAPE: 0.6339, Train WMAPE: 0.0331
Iter: 050, Train Loss: 6.0890, Train RMSE: 12.2410, Train MAPE: 1.0164, Train WMAPE: 0.0334
Epoch: 169, Training Time: 40.3139 secs
Epoch: 169, Inference Time: 5.6834 secs
Epoch: 169, Train Loss: 5.9520, Train RMSE: 12.7953, Train MAPE: 1.0446, Train WMAPE: 0.0333, 
Epoch: 169, Valid Loss: 10.8719, Valid RMSE: 43.8024, Valid MAPE: 3.8660, Valid WMAPE: 0.0624
No update
Iter: 000, Train Loss: 6.1218, Train RMSE: 12.8680, Train MAPE: 1.1785, Train WMAPE: 0.0340
Iter: 050, Train Loss: 6.0218, Train RMSE: 12.3425, Train MAPE: 0.8602, Train WMAPE: 0.0330
Epoch: 170, Training Time: 38.6975 secs
Epoch: 170, Inference Time: 6.0972 secs
Epoch: 170, Train Loss: 5.9274, Train RMSE: 12.7298, Train MAPE: 1.1216, Train WMAPE: 0.0331, 
Epoch: 170, Valid Loss: 10.8785, Valid RMSE: 44.0992, Valid MAPE: 2.2019, Valid WMAPE: 0.0625
No update
Iter: 000, Train Loss: 6.0722, Train RMSE: 12.8178, Train MAPE: 0.6672, Train WMAPE: 0.0337
Iter: 050, Train Loss: 5.8879, Train RMSE: 12.1580, Train MAPE: 0.6801, Train WMAPE: 0.0323
Epoch: 171, Training Time: 38.8108 secs
Epoch: 171, Inference Time: 6.9814 secs
Epoch: 171, Train Loss: 5.9367, Train RMSE: 12.7246, Train MAPE: 1.1236, Train WMAPE: 0.0332, 
Epoch: 171, Valid Loss: 10.7816, Valid RMSE: 43.8004, Valid MAPE: 2.9920, Valid WMAPE: 0.0619
No update
Iter: 000, Train Loss: 6.0185, Train RMSE: 12.7302, Train MAPE: 0.8651, Train WMAPE: 0.0334
Iter: 050, Train Loss: 6.0305, Train RMSE: 12.1029, Train MAPE: 1.0090, Train WMAPE: 0.0331
Epoch: 172, Training Time: 41.5603 secs
Epoch: 172, Inference Time: 5.6014 secs
Epoch: 172, Train Loss: 5.9479, Train RMSE: 12.7810, Train MAPE: 1.1005, Train WMAPE: 0.0333, 
Epoch: 172, Valid Loss: 11.0982, Valid RMSE: 43.7662, Valid MAPE: 5.8253, Valid WMAPE: 0.0637
No update
Iter: 000, Train Loss: 6.3799, Train RMSE: 12.7461, Train MAPE: 2.2740, Train WMAPE: 0.0354
Iter: 050, Train Loss: 6.0608, Train RMSE: 12.2469, Train MAPE: 0.7539, Train WMAPE: 0.0332
Epoch: 173, Training Time: 39.8983 secs
Epoch: 173, Inference Time: 5.7986 secs
Epoch: 173, Train Loss: 5.9613, Train RMSE: 12.7627, Train MAPE: 1.0931, Train WMAPE: 0.0333, 
Epoch: 173, Valid Loss: 10.8732, Valid RMSE: 43.9730, Valid MAPE: 3.1393, Valid WMAPE: 0.0624
No update
Iter: 000, Train Loss: 6.0910, Train RMSE: 12.8577, Train MAPE: 0.9835, Train WMAPE: 0.0338
Iter: 050, Train Loss: 6.0421, Train RMSE: 12.1546, Train MAPE: 0.7736, Train WMAPE: 0.0331
Epoch: 174, Training Time: 38.2032 secs
Epoch: 174, Inference Time: 5.1344 secs
Epoch: 174, Train Loss: 5.9264, Train RMSE: 12.7165, Train MAPE: 1.1239, Train WMAPE: 0.0331, 
Epoch: 174, Valid Loss: 10.7683, Valid RMSE: 43.8615, Valid MAPE: 3.3468, Valid WMAPE: 0.0618
###Update tasks appear###
Evaluate best model on test data for horizon 1, Test MAE: 9.0461, Test RMSE: 60.0651, Test MAPE: 6.7789, Test WMAPE: 0.0525
Evaluate best modelIter: 050, Train Loss: 6.0121, Train RMSE: 12.2468, Train MAPE: 0.5600, Train WMAPE: 0.0330
Epoch: 174, Training Time: 39.6868 secs
Epoch: 174, Inference Time: 6.1133 secs
Epoch: 174, Train Loss: 5.9533, Train RMSE: 12.8549, Train MAPE: 0.9542, Train WMAPE: 0.0333, 
Epoch: 174, Valid Loss: 10.6474, Valid RMSE: 42.2757, Valid MAPE: 1.7715, Valid WMAPE: 0.0611
No update
Iter: 000, Train Loss: 5.9454, Train RMSE: 12.8032, Train MAPE: 0.5402, Train WMAPE: 0.0330
Iter: 050, Train Loss: 5.9942, Train RMSE: 12.2203, Train MAPE: 0.6115, Train WMAPE: 0.0329
Epoch: 175, Training Time: 38.0852 secs
Epoch: 175, Inference Time: 5.9813 secs
Epoch: 175, Train Loss: 5.9690, Train RMSE: 12.7872, Train MAPE: 1.1891, Train WMAPE: 0.0334, 
Epoch: 175, Valid Loss: 10.6862, Valid RMSE: 42.1708, Valid MAPE: 2.8315, Valid WMAPE: 0.0614
No update
Iter: 000, Train Loss: 6.1377, Train RMSE: 13.2884, Train MAPE: 1.0407, Train WMAPE: 0.0341
Iter: 050, Train Loss: 5.8756, Train RMSE: 12.2208, Train MAPE: 0.4702, Train WMAPE: 0.0322
Epoch: 176, Training Time: 41.3677 secs
Epoch: 176, Inference Time: 6.0064 secs
Epoch: 176, Train Loss: 5.9299, Train RMSE: 12.8762, Train MAPE: 0.8447, Train WMAPE: 0.0332, 
Epoch: 176, Valid Loss: 10.7010, Valid RMSE: 42.2503, Valid MAPE: 2.2139, Valid WMAPE: 0.0615
No update
Iter: 000, Train Loss: 6.1033, Train RMSE: 12.9817, Train MAPE: 0.7412, Train WMAPE: 0.0339
Iter: 050, Train Loss: 5.8848, Train RMSE: 12.0956, Train MAPE: 0.6466, Train WMAPE: 0.0323
Epoch: 177, Training Time: 39.6893 secs
Epoch: 177, Inference Time: 5.5006 secs
Epoch: 177, Train Loss: 5.9678, Train RMSE: 12.8996, Train MAPE: 0.8605, Train WMAPE: 0.0334, 
Epoch: 177, Valid Loss: 10.6638, Valid RMSE: 42.3036, Valid MAPE: 2.5450, Valid WMAPE: 0.0612
No update
Iter: 000, Train Loss: 6.0654, Train RMSE: 12.8419, Train MAPE: 0.8301, Train WMAPE: 0.0337
Iter: 050, Train Loss: 5.9288, Train RMSE: 12.0094, Train MAPE: 0.5615, Train WMAPE: 0.0325
Epoch: 178, Training Time: 39.0857 secs
Epoch: 178, Inference Time: 5.9017 secs
Epoch: 178, Train Loss: 5.9113, Train RMSE: 12.7502, Train MAPE: 0.8814, Train WMAPE: 0.0331, 
Epoch: 178, Valid Loss: 10.7378, Valid RMSE: 42.4056, Valid MAPE: 1.8916, Valid WMAPE: 0.0617
No update
Iter: 000, Train Loss: 6.1292, Train RMSE: 12.8881, Train MAPE: 0.6826, Train WMAPE: 0.0340
Iter: 050, Train Loss: 5.9894, Train RMSE: 12.2381, Train MAPE: 0.6815, Train WMAPE: 0.0328
Epoch: 179, Training Time: 35.4766 secs
Epoch: 179, Inference Time: 5.7817 secs
Epoch: 179, Train Loss: 5.9408, Train RMSE: 12.7824, Train MAPE: 0.9215, Train WMAPE: 0.0332, 
Epoch: 179, Valid Loss: 10.6849, Valid RMSE: 42.2339, Valid MAPE: 2.0618, Valid WMAPE: 0.0614
No update
Iter: 000, Train Loss: 5.9118, Train RMSE: 12.6359, Train MAPE: 0.7127, Train WMAPE: 0.0328
Iter: 050, Train Loss: 5.9037, Train RMSE: 12.1184, Train MAPE: 0.4346, Train WMAPE: 0.0324
Epoch: 180, Training Time: 40.0090 secs
Epoch: 180, Inference Time: 5.9082 secs
Epoch: 180, Train Loss: 5.8822, Train RMSE: 12.7345, Train MAPE: 0.8369, Train WMAPE: 0.0329, 
Epoch: 180, Valid Loss: 10.6885, Valid RMSE: 41.9766, Valid MAPE: 2.2221, Valid WMAPE: 0.0614
No update
Iter: 000, Train Loss: 5.9379, Train RMSE: 12.5749, Train MAPE: 0.7458, Train WMAPE: 0.0330
Iter: 050, Train Loss: 5.8905, Train RMSE: 12.0633, Train MAPE: 0.5265, Train WMAPE: 0.0323
Epoch: 181, Training Time: 37.4600 secs
Epoch: 181, Inference Time: 4.7989 secs
Epoch: 181, Train Loss: 5.8872, Train RMSE: 12.7350, Train MAPE: 0.8638, Train WMAPE: 0.0329, 
Epoch: 181, Valid Loss: 10.7568, Valid RMSE: 42.0997, Valid MAPE: 2.9321, Valid WMAPE: 0.0618
No update
Iter: 000, Train Loss: 6.0650, Train RMSE: 12.7163, Train MAPE: 0.9735, Train WMAPE: 0.0337
Iter: 050, Train Loss: 5.8243, Train RMSE: 11.9947, Train MAPE: 0.5102, Train WMAPE: 0.0319
Epoch: 182, Training Time: 37.2781 secs
Epoch: 182, Inference Time: 5.9109 secs
Epoch: 182, Train Loss: 5.8492, Train RMSE: 12.6603, Train MAPE: 0.8658, Train WMAPE: 0.0327, 
Epoch: 182, Valid Loss: 10.9958, Valid RMSE: 42.3911, Valid MAPE: 2.3869, Valid WMAPE: 0.0631
No update
Iter: 000, Train Loss: 6.1335, Train RMSE: 12.9946, Train MAPE: 0.7127, Train WMAPE: 0.0341
Iter: 050, Train Loss: 5.7945, Train RMSE: 11.7908, Train MAPE: 0.5374, Train WMAPE: 0.0318
Epoch: 183, Training Time: 38.1636 secs
Epoch: 183, Inference Time: 5.6074 secs
Epoch: 183, Train Loss: 5.8779, Train RMSE: 12.6899, Train MAPE: 0.8763, Train WMAPE: 0.0329, 
Epoch: 183, Valid Loss: 10.6962, Valid RMSE: 42.0501, Valid MAPE: 2.9880, Valid WMAPE: 0.0614
No update
Iter: 000, Train Loss: 6.0051, Train RMSE: 12.7223, Train MAPE: 0.9159, Train WMAPE: 0.0333
Iter: 050, Train Loss: 5.9755, Train RMSE: 12.2939, Train MAPE: 0.6412, Train WMAPE: 0.0328
Epoch: 184, Training Time: 39.7024 secs
Epoch: 184, Inference Time: 5.5838 secs
Epoch: 184, Train Loss: 5.8775, Train RMSE: 12.7413, Train MAPE: 0.8474, Train WMAPE: 0.0329, 
Epoch: 184, Valid Loss: 10.6189, Valid RMSE: 42.1411, Valid MAPE: 2.4655, Valid WMAPE: 0.0610
No update
Iter: 000, Train Loss: 5.9977, Train RMSE: 12.6283, Train MAPE: 0.8679, Train WMAPE: 0.0333
Iter: 050, Train Loss: 5.8889, Train RMSE: 12.1716, Train MAPE: 0.5658, Train WMAPE: 0.0323
Epoch: 185, Training Time: 39.5207 secs
Epoch: 185, Inference Time: 5.6020 secs
Epoch: 185, Train Loss: 5.8715, Train RMSE: 12.6790, Train MAPE: 0.8544, Train WMAPE: 0.0328, 
Epoch: 185, Valid Loss: 10.5641, Valid RMSE: 42.1385, Valid MAPE: 1.8171, Valid WMAPE: 0.0607
###Update tasks appear###
Evaluate best model on test data for horizon 1, Test MAE: 9.1192, Test RMSE: 61.6556, Test MAPE: 6.8527, Test WMAPE: 0.0529
Evaluate best model on test data for horizon 2, Test MAE: 10.2618, Test RMSE: 56.8211, Test MAPE: 11.2701, Test WMAPE: 0.0596
Evaluate best model on test data for horizon 3, Test MAE: 10.5099, Test RMSE: 46.1336, Test MAPE: 14.4974, Test WMAPE: 0.0610
Evaluate best model on test data for horizon 4, Test MAE: 11.9976, Test RMSE: 53.6564, Test MAPE: 16.7412, Test WMAPE: 0.0697
Evaluate best model on test data for horizon 5, Test MAE: 13.0895, Test RMSE: 56.9136, Test MAPE: 18.2821, Test WMAPE: 0.0761
Evaluate best model on test data for horizon 6, Test MAE: 13.1770, Test RMSE: 50.0990, Test MAPE: 19.4841, Test WMAPE: 0.0766
Evaluate best model on test data for horizon 7, Test MAE: 13.9035, Test RMSE: 51.9066, Test MAPE: 19.8651, Test WMAPE: 0.0808
Evaluate best model on test data for horizon 8, Test MAE: 14.7065, Test RMSE: 55.7431, Test MAPE: 20.0367, Test WMAPE: 0.0855
Evaluate best model on test data for horizon 9, Test MAE: 15.0225, Test RMSE: 55.0731, Test MAPE: 20.2249, Test WMAPE: 0.0874
Evaluate best model on test data for horizon 10, Test MAE: 14.8864, Test RMSE: 50.4181, Test MAPE: 19.9842, Test WMAPE: 0.0866
Evaluate best model on test data for horizon 11, Test MAE: 15.5228, Test RMSE: 55.7317, Test MAPE: 19.8657, Test WMAPE: 0.0903
Evaluate best model on test data for horizon 12, Test MAE: 15.6220, Test RMSE: 55.9564, Test MAPE: 19.9400, Test WMAPE: 0.0909
On average over 12 horizons, Test MAE: 13.1515, Test RMSE: 54.1757, Test MAPE: 17.2537, Test WMAPE: 0.0765
Test low! Updating! Test Loss: 13.151545286178589, Test low! Updating! Valid Loss: 10.564136062349592, epoch:  185
Iter: 000, Train Loss: 5.8832, Train RMSE: 12.5261, Train MAPE: 0.5880, Train WMAPE: 0.0327
Iter: 050, Train Loss: 5.9578, Train RMSE: 12.1698, Train MAPE: 0.7346, Train WMAPE: 0.0327
Epoch: 186, Training Time: 38.8285 secs
Epoch: 186, Inference Time: 5.9087 secs
Epoch: 186, Train Loss: 5.8457, Train RMSE: 12.6556, Train MAPE: 0.8516, Train WMAPE: 0.0327, 
Epoch: 186, Valid Loss: 10.6064, Valid RMSE: 41.8476, Valid MAPE: 2.2055, Valid WMAPE: 0.0609
No update
Iter: 000, Train Loss: 5.8516, Train RMSE: 12.5701, Train MAPE: 0.6770, Train WMAPE: 0.0325
Iter: 050, Train Loss: 6.0584, Train RMSE: 12.5435, Train MAPE: 0.6716, Train WMAPE: 0.0332
Epoch: 187, Training Time: 37.2180 secs
Epoch: 187, Inference Time: 5.9786 secs
Epoch: 187, Train Loss: 5.8406, Train RMSE: 12.6278, Train MAPE: 0.8456, Train WMAPE: 0.0327, 
Epoch: 187, Valid Loss: 10.7518, Valid RMSE: 41.9867, Valid MAPE: 2.5556, Valid WMAPE: 0.0617
No update
Iter: 000, Train Loss: 6.1386, Train RMSE: 12.9788, Train MAPE: 0.8357, Train WMAPE: 0.0341
Iter: 050, Train Loss: 5.8194, Train RMSE: 11.9274, Train MAPE: 0.5303, Train WMAPE: 0.0319
Epoch: 188, Training Time: 40.1889 secs
Epoch: 188, Inference Time: 5.0989 secs
Epoch: 188, Train Loss: 5.8373, Train RMSE: 12.6059, Train MAPE: 0.8428, Train WMAPE: 0.0326, 
Epoch: 188, Valid Loss: 10.6768, Valid RMSE: 42.1080, Valid MAPE: 2.7319, Valid WMAPE: 0.0613
No update
Iter: 000, Train Loss: 5.9443, Train RMSE: 12.5655, Train MAPE: 0.8661, Train WMAPE: 0.0330
Iter: 050, Train Loss: 5.8011, Train RMSE: 12.0349, Train MAPE: 0.5312, Train WMAPE: 0.0318
Epoch: 189, Training Time: 40.3875 secs
Epoch: 189, Inference Time: 5.2075 secs
Epoch: 189, Train Loss: 5.8037, Train RMSE: 12.5449, Train MAPE: 0.8422, Train WMAPE: 0.0325, 
Epoch: 189, Valid Loss: 10.6025, Valid RMSE: 42.2428, Valid MAPE: 2.2041, Valid WMAPE: 0.0609
No update
Iter: 000, Train Loss: 5.8600, Train RMSE: 12.5017, Train MAPE: 0.6202, Train WMAPE: 0.0325
Iter: 050, Train Loss: 5.8648, Train RMSE: 11.9118, Train MAPE: 0.6625, Train WMAPE: 0.0322
Epoch: 190, Training Time: 38.6936 secs
Epoch: 190, Inference Time: 5.4048 secs
Epoch: 190, Train Loss: 5.8317, Train RMSE: 12.6234, Train MAPE: 0.8594, Train WMAPE: 0.0326, 
Epoch: 190, Valid Loss: 10.6540, Valid RMSE: 42.2166, Valid MAPE: 2.2601, Valid WMAPE: 0.0612
No update
Iter: 000, Train Loss: 6.0037, Train RMSE: 12.8418, Train MAPE: 0.7198, Train WMAPE: 0.0333
Iter: 050, Train Loss: 5.8204, Train RMSE: 11.9122, Train MAPE: 0.5666, Train WMAPE: 0.0319
Epoch: 191, Training Time: 38.4817 secs
Epoch: 191, Inference Time: 6.0218 secs
Epoch: 191, Train Loss: 5.8007, Train RMSE: 12.5648, Train MAPE: 0.8341, Train WMAPE: 0.0324, 
Epoch: 191, Valid Loss: 10.6835, Valid RMSE: 42.3803, Valid MAPE: 1.9477, Valid WMAPE: 0.0613
No update
Iter: 000, Train Loss: 5.8972, Train RMSE: 12.5436, Train MAPE: 0.6474, Train WMAPE: 0.0327
Iter: 050, Train Loss: 5.8422, Train RMSE: 11.9261, Train MAPE: 0.7980, Train WMAPE: 0.0320
Epoch: 192, Training Time: 39.4074 secs
Epoch: 192, Inference Time: 5.9104 secs
Epoch: 192, Train Loss: 5.8420, Train RMSE: 12.6358, Train MAPE: 0.8504, Train WMAPE: 0.0327, 
Epoch: 192, Valid Loss: 10.5625, Valid RMSE: 42.0551, Valid MAPE: 2.0756, Valid WMAPE: 0.0607
###Update tasks appear###
Evaluate best model on test data for horizon 1, Test MAE: 9.2988, Test RMSE: 61.6119, Test MAPE: 6.9429, Test WMAPE: 0.0540
Evaluate best model on test data for horizon 2, Test MAE: 10.2632, Test RMSE: 56.7399, Test MAPE: 11.0990, Test WMAPE: 0.0596
Evaluate best model on test data for horizon 3, Test MAE: 10.4630, Test RMSE: 45.8552, Test MAPE: 14.3305, Test WMAPE: 0.0608
Evaluate best model on test data for horizon 4, Test MAE: 11.9634, Test RMSE: 53.5830, Test MAPE: 16.4576, Test WMAPE: 0.0695
Evaluate best model on test data for horizon 5, Test MAE: 13.0340, Test RMSE: 56.7231, Test MAPE: 18.1079, Test WMAPE: 0.0757
Evaluate best model on test data for horizon 6, Test MAE: 13.1606, Test RMSE: 50.0423, Test MAPE: 19.1466, Test WMAPE: 0.0765
Evaluate best model on test data for horizon 7, Test MAE: 13.9186, Test RMSE: 51.9410, Test MAPE: 19.6435, Test WMAPE: 0.0809
Evaluate best model on test data for horizon 8, Test MAE: 14.7413, Test RMSE: 55.8669, Test MAPE: 19.7096, Test WMAPE: 0.0857
Evaluate best model on test data for horizon 9, Test MAE: 15.0709, Test RMSE: 55.0929, Test MAPE: 20.0094, Test WMAPE: 0.0877
Evaluate best model on test data for horizon 10, Test MAE: 14.9821, Test RMSE: 50.4252, Test MAPE: 19.8989, Test WMAPE: 0.0871
Evaluate best model on test data for horizon 11, Test MAE: 15.6912, Test RMSE: 56.1448, Test MAPE: 20.0613, Test WMAPE: 0.0913
Evaluate best model on test data for horizon 12, Test MAE: 15.9215, Test RMSE: 56.4734, Test MAPE: 19.8701, Test WMAPE: 0.0926
On average over 12 horizons, Test MAE: 13.2091, Test RMSE: 54.2083, Test MAPE: 17.1064, Test WMAPE: 0.0768
No update
Iter: 000, Train Loss: 5.7693, Train RMSE: 12.3079, Train MAPE: 0.6833, Train WMAPE: 0.0320
Iter: 050, Train Loss: 5.8118, Train RMSE: 11.9512, Train MAPE: 0.4991, Train WMAPE: 0.0319
Epoch: 193, Training Time: 38.6989 secs
Epoch: 193, Inference Time: 5.2834 secs
Epoch: 193, Train Loss: 5.7851, Train RMSE: 12.4957, Train MAPE: 0.8106, Train WMAPE: 0.0323, 
Epoch: 193, Valid Loss: 10.7989, Valid RMSE: 41.9227, Valid MAPE: 2.9542, Valid WMAPE: 0.0620
No update
Iter: 000, Train Loss: 5.9873, Train RMSE: 12.5697, Train MAPE: 0.9540, Train WMAPE: 0.0332
Iter: 050, Train Loss: 5.8016, Train RMSE: 11.8434, Train MAPE: 0.7844, Train WMAPE: 0.0318
Epoch: 194, Training Time: 40.1682 secs
Epoch: 194, Inference Time: 5.1124 secs
Epoch: 194, Train Loss: 5.8101, Train RMSE: 12.5386, Train MAPE: 0.8717, Train WMAPE: 0.0325, 
Epoch: 194, Valid Loss: 10.6226, Valid RMSE: 42.1673, Valid MAPE: 2.5771, Valid WMAPE: 0.0610
No update
Iter: 000, Train Loss: 6.0031, Train RMSE: 12.7004, Train MAPE: 0.7638, Train WMAPE: 0.0333
Iter: 050, Train Loss: 5.7092, Train RMSE: 11.8587, Train MAPE: 0.5127, Train WMAPE: 0.0313
Epoch: 195, Training Time: 36.8738 secs
Epoch: 195, Inference Time: 5.2196 secs
Epoch: 195, Train Loss: 5.8259, Train RMSE: 12.5137, Train MAPE: 1.0918, Train WMAPE: 0.0326, 
Epoch: 195, Valid Loss: 10.6795, Valid RMSE: 42.0554, Valid MAPE: 3.3274, Valid WMAPE: 0.0613
No update
Iter: 000, Train Loss: 5.9611, Train RMSE: 12.6455, Train MAPE: 1.1217, Train WMAPE: 0.0331
Iter: 050, Train Loss: 5.8692, Train RMSE: 12.0860, Train MAPE: 0.9162, Train WMAPE: 0.0322
Epoch: 196, Training Time: 37.1696 secs
Epoch: 196, Inference Time: 6.2981 secs
Epoch: 196, Train Loss: 5.8147, Train RMSE: 12.4914, Train MAPE: 1.0746, Train WMAPE: 0.0325, 
Epoch: 196, Valid Loss: 10.8381, Valid RMSE: 42.2064, Valid MAPE: 4.9623, Valid WMAPE: 0.0622
No update
Iter: 000, Train Loss: 6.0937, Train RMSE: 12.4442, Train MAPE: 1.8018, Train WMAPE: 0.0338
Iter: 050, Train Loss: 5.8097, Train RMSE: 12.0832, Train MAPE: 0.4722, Train WMAPE: 0.0319
Epoch: 197, Training Time: 40.7140 secs
Epoch: 197, Inference Time: 5.3684 secs
Epoch: 197, Train Loss: 5.8054, Train RMSE: 12.4288, Train MAPE: 1.1109, Train WMAPE: 0.0325, 
Epoch: 197, Valid Loss: 10.6351, Valid RMSE: 42.2914, Valid MAPE: 3.2839, Valid WMAPE: 0.0611
No update
Iter: 000, Train Loss: 5.8192, Train RMSE: 12.2828, Train MAPE: 1.0754, Train WMAPE: 0.0323
Iter: 050, Train Loss: 5.9239, Train RMSE: 11.8792, Train MAPE: 0.9936, Train WMAPE: 0.0325
Epoch: 198, Training Time: 37.9894 secs
Epoch: 198, Inference Time: 5.3966 secs
Epoch: 198, Train Loss: 5.7818, Train RMSE: 12.4153, Train MAPE: 1.0466, Train WMAPE: 0.0323, 
Epoch: 198, Valid Loss: 10.7450, Valid RMSE: 42.1849, Valid MAPE: 3.9057, Valid WMAPE: 0.0617
No update
Iter: 000, Train Loss: 5.8622, Train RMSE: 12.3171, Train MAPE: 1.3781, Train WMAPE: 0.0325
Iter: 050, Train Loss: 5.8168, Train RMSE: 12.0055, Train MAPE: 0.4852, Train WMAPE: 0.0319
Epoch: 199, Training Time: 40.1894 secs
Epoch: 199, Inference Time: 5.8889 secs
Epoch: 199, Train Loss: 5.8109, Train RMSE: 12.5292, Train MAPE: 0.9063, Train WMAPE: 0.0325, 
Epoch: 199, Valid Loss: 10.8091, Valid RMSE: 42.2101, Valid MAPE: 2.3565, Valid WMAPE: 0.0621
No update
Iter: 000, Train Loss: 6.1174, Train RMSE: 12.8064, Train MAPE: 0.8417, Train WMAPE: 0.0340
Iter: 050, Train Loss: 5.8763, Train RMSE: 12.3096, Train MAPE: 0.5277, Train WMAPE: 0.0322
Epoch: 200, Training Time: 36.8830 secs
Epoch: 200, Inference Time: 5.0982 secs
Epoch: 200, Train Loss: 5.8433, Train RMSE: 12.5907, Train MAPE: 0.9074, Train WMAPE: 0.0327, 
Epoch: 200, Valid Loss: 10.7307, Valid RMSE: 42.0292, Valid MAPE: 2.2203, Valid WMAPE: 0.0616
No update
Iter: 000, Train Loss: 6.1277, Train RMSE: 12.9181, Train MAPE: 0.7704, Train WMAPE: 0.0340
Iter: 050, Train Loss: 5.7288, Train RMSE: 11.7880, Train MAPE: 0.5468, Train WMAPE: 0.0314
Epoch: 201, Training Time: 37.5686 secs
Epoch: 201, Inference Time: 5.1999 secs
Epoch: 201, Train Loss: 5.7952, Train RMSE: 12.5038, Train MAPE: 0.8366, Train WMAPE: 0.0324, 
Epoch: 201, Valid Loss: 10.6838, Valid RMSE: 41.8645, Valid MAPE: 2.7843, Valid WMAPE: 0.0614
No update
Iter: 000, Train Loss: 6.1046, Train RMSE: 12.7523, Train MAPE: 0.8707, Train WMAPE: 0.0339
Iter: 050, Train Loss: 6.0960, Train RMSE: 12.0814, Train MAPE: 0.7893, Train WMAPE: 0.0334
Epoch: 202, Training Time: 37.7940 secs
Epoch: 202, Inference Time: 5.4889 secs
Epoch: 202, Train Loss: 5.8452, Train RMSE: 12.6248, Train MAPE: 0.8536, Train WMAPE: 0.0327, 
Epoch: 202, Valid Loss: 10.8536, Valid RMSE: 42.4302, Valid MAPE: 1.7660, Valid WMAPE: 0.0623
No update
Iter: 000, Train Loss: 6.0788, Train RMSE: 12.8478, Train MAPE: 0.5667, Train WMAPE: 0.0337
Iter: 050, Train Loss: 5.8487, Train RMSE: 11.8622, Train MAPE: 0.4757, Train WMAPE: 0.0321
Epoch: 203, Training Time: 36.8984 secs
Epoch: 203, Inference Time: 6.9875 secs
Epoch: 203, Train Loss: 5.8092, Train RMSE: 12.5526, Train MAPE: 0.7786, Train WMAPE: 0.0325, 
Epoch: 203, Valid Loss: 10.5559, Valid RMSE: 41.7344, Valid MAPE: 2.2122, Valid WMAPE: 0.0606
###Update tasks appear###
Evaluate best model on test data for horizon 1, Test MAE: 9.2143, Test RMSE: 61.5388, Test MAPE: 7.0954, Test WMAPE: 0.0535
Evaluate best model on test data for horizon 2, Test MAE: 10.2512, Test RMSE: 56.5625, Test MAPE: 11.3139, Test WMAPE: 0.0595
Evaluate best model on test data for horizon 3, Test MAE: 10.5953, Test RMSE: 45.8677, Test MAPE: 14.5223, Test WMAPE: 0.0615
Evaluate best model on test data for horizon 4, Test MAE: 11.9684, Test RMSE: 53.3984, Test MAPE: 16.5641, Test WMAPE: 0.0695
Evaluate best model on test data for horizon 5, Test MAE: 13.1026, Test RMSE: 56.1886, Test MAPE: 18.0542, Test WMAPE: 0.0761
Evaluate best model on test data for horizon 6, Test MAE: 13.1920, Test RMSE: 49.6428, Test MAPE: 18.8293, Test WMAPE: 0.0767
Evaluate best model on test data for horizon 7, Test MAE: 14.0103, Test RMSE: 51.8340, Test MAPE: 19.1269, Test WMAPE: 0.0815
Evaluate best model on test data for horizon 8, Test MAE: 14.8611, Test RMSE: 55.3813, Test MAPE: 19.4381, Test WMAPE: 0.0864
Evaluate best model on test data for horizon 9, Test MAE: 15.1762, Test RMSE: 54.6845, Test MAPE: 19.6251, Test WMAPE: 0.0883
Evaluate best model on test data for horizon 10, Test MAE: 15.1114, Test RMSE: 50.0320, Test MAPE: 19.5541, Test WMAPE: 0.0879
Evaluate best model on test data for horizon 11, Test MAE: 15.8851, Test RMSE: 56.0378, Test MAPE: 19.7821, Test WMAPE: 0.0924
Evaluate best model on test data for horizon 12, Test MAE: 16.0687, Test RMSE: 56.2181, Test MAPE: 20.1753, Test WMAPE: 0.0935
On average over 12 horizons, Test MAE: 13.2864, Test RMSE: 53.9489, Test MAPE: 17.0067, Test WMAPE: 0.0772
No update
Iter: 000, Train Loss: 5.8673, Train RMSE: 12.4993, Train MAPE: 0.7006, Train WMAPE: 0.0326
Iter: 050, Train Loss: 5.9105, Train RMSE: 11.7921, Train MAPE: 0.6015, Train WMAPE: 0.0324
Epoch: 204, Training Time: 38.2121 secs
Epoch: 204, Inference Time: 6.3791 secs
Epoch: 204, Train Loss: 5.7955, Train RMSE: 12.5088, Train MAPE: 0.8326, Train WMAPE: 0.0324, 
Epoch: 204, Valid Loss: 10.5472, Valid RMSE: 41.8874, Valid MAPE: 1.9704, Valid WMAPE: 0.0606
###Update tasks appear###
Evaluate best model on test data for horizon 1, Test MAE: 9.2130, Test RMSE: 61.6309, Test MAPE: 6.8916, Test WMAPE: 0.0535
Evaluate best model on test data for horizon 2, Test MAE: 10.2794, Test RMSE: 56.7476, Test MAPE: 11.2853, Test WMAPE: 0.0597
Evaluate best model on test data for horizon 3, Test MAE: 10.5542, Test RMSE: 45.9625, Test MAPE: 14.5978, Test WMAPE: 0.0613
Evaluate best model on test data for horizon 4, Test MAE: 12.0722, Test RMSE: 53.3862, Test MAPE: 16.7686, Test WMAPE: 0.0701
Evaluate best model on test data for horizon 5, Test MAE: 13.1409, Test RMSE: 56.4069, Test MAPE: 18.3024, Test WMAPE: 0.0764
Evaluate best model on test data for horizon 6, Test MAE: 13.2882, Test RMSE: 50.0941, Test MAPE: 19.0920, Test WMAPE: 0.0772
Evaluate best model on test data for horizon 7, Test MAE: 14.0908, Test RMSE: 52.2917, Test MAPE: 19.3653, Test WMAPE: 0.0819
Evaluate best model on test data for horizon 8, Test MAE: 14.9340, Test RMSE: 55.8487, Test MAPE: 19.7795, Test WMAPE: 0.0868
Evaluate best model on test data for horizon 9, Test MAE: 15.3292, Test RMSE: 55.4476, Test MAPE: 20.3566, Test WMAPE: 0.0892
Evaluate best model on test data for horizon 10, Test MAE: 15.2324, Test RMSE: 50.7220, Test MAPE: 20.0912, Test WMAPE: 0.0886
Evaluate best model on test data for horizon 11, Test MAE: 15.9839, Test RMSE: 56.5683, Test MAPE: 19.9868, Test WMAPE: 0.0930
Evaluate best model on test data for horizon 12, Test MAE: 16.1682, Test RMSE: 56.7440, Test MAPE: 20.0584, Test WMAPE: 0.0941
On average over 12 horizons, Test MAE: 13.3572, Test RMSE: 54.3209, Test MAPE: 17.2146, Test WMAPE: 0.0776
No update
Iter: 000, Train Loss: 5.7273, Train RMSE: 12.2736, Train MAPE: 0.5558, Train WMAPE: 0.0318
Iter: 050, Train Loss: 5.8642, Train RMSE: 12.0706, Train MAPE: 0.6035, Train WMAPE: 0.0322
Epoch: 205, Training Time: 37.9865 secs
Epoch: 205, Inference Time: 6.3820 secs
Epoch: 205, Train Loss: 5.7503, Train RMSE: 12.4219, Train MAPE: 0.8394, Train WMAPE: 0.0322, 
Epoch: 205, Valid Loss: 10.8056, Valid RMSE: 42.2180, Valid MAPE: 2.6507, Valid WMAPE: 0.0620
No update
Iter: 000, Train Loss: 6.0165, Train RMSE: 12.6512, Train MAPE: 0.9043, Train WMAPE: 0.0334
Iter: 050, Train Loss: 5.8253, Train RMSE: 11.9912, Train MAPE: 0.5788, Train WMAPE: 0.0319
Epoch: 206, Training Time: 39.2798 secs
Epoch: 206, Inference Time: 5.3144 secs
Epoch: 206, Train Loss: 5.8775, Train RMSE: 12.7324, Train MAPE: 0.8173, Train WMAPE: 0.0329, 
Epoch: 206, Valid Loss: 10.6418, Valid RMSE: 41.8606, Valid MAPE: 2.2083, Valid WMAPE: 0.0611
No update
Iter: 000, Train Loss: 5.9812, Train RMSE: 12.6864, Train MAPE: 0.7485, Train WMAPE: 0.0332
Iter: 050, Train Loss: 5.7876, Train RMSE: 11.9156, Train MAPE: 0.5767, Train WMAPE: 0.0317
Epoch: 207, Training Time: 41.5822 secs
Epoch: 207, Inference Time: 6.6019 secs
Epoch: 207, Train Loss: 5.8289, Train RMSE: 12.6103, Train MAPE: 0.8429, Train WMAPE: 0.0326, 
Epoch: 207, Valid Loss: 10.8508, Valid RMSE: 42.2971, Valid MAPE: 2.4110, Valid WMAPE: 0.0623
No update
Iter: 000, Train Loss: 6.2505, Train RMSE: 13.1839, Train MAPE: 0.8031, Train WMAPE: 0.0347
Iter: 050, Train Loss: 5.8443, Train RMSE: 11.8134, Train MAPE: 0.8047, Train WMAPE: 0.0320
Epoch: 208, Training Time: 38.3030 secs
Epoch: 208, Inference Time: 5.0795 secs
Epoch: 208, Train Loss: 5.8434, Train RMSE: 12.5440, Train MAPE: 0.9893, Train WMAPE: 0.0327, 
Epoch: 208, Valid Loss: 10.5547, Valid RMSE: 42.1596, Valid MAPE: 2.3504, Valid WMAPE: 0.0606
###Update tasks appear###
Evaluate best model on test data for horizon 1, Test MAE: 9.2448, Test RMSE: 61.7996, Test MAPE: 7.2809, Test WMAPE: 0.0537
Evaluate best model on test data for horizon 2, Test MAE: 10.2698, Test RMSE: 57.0460, Test MAPE: 11.1795, Test WMAPE: 0.0596
Evaluate best model on test data for horizon 3, Test MAE: 10.5735, Test RMSE: 46.2250, Test MAPE: 14.6571, Test WMAPE: 0.0614
Evaluate best model on test data for horizon 4, Test MAE: 12.0257, Test RMSE: 53.5856, Test MAPE: 16.3884, Test WMAPE: 0.0699
Evaluate best model on test data for horizon 5, Test MAE: 13.0990, Test RMSE: 56.4950, Test MAPE: 17.7707, Test WMAPE: 0.0761
Evaluate best model on test data for horizon 6, Test MAE: 13.3570, Test RMSE: 50.5492, Test MAPE: 18.8771, Test WMAPE: 0.0776
Evaluate best model on test data for horizon 7, Test MAE: 14.1061, Test RMSE: 52.4841, Test MAPE: 19.0728, Test WMAPE: 0.0820
Evaluate best model on test data for horizon 8, Test MAE: 14.9149, Test RMSE: 56.2107, Test MAPE: 19.0901, Test WMAPE: 0.0867
Evaluate best model on test data for horizon 9, Test MAE: 15.2665, Test RMSE: 55.6755, Test MAPE: 19.6804, Test WMAPE: 0.0888
Evaluate best model on test data for horizon 10, Test MAE: 15.1473, Test RMSE: 50.8453, Test MAPE: 19.5478, Test WMAPE: 0.0881
Evaluate best model on test data for horizon 11, Test MAE: 15.8644, Test RMSE: 56.7994, Test MAPE: 19.7746, Test WMAPE: 0.0923
Evaluate best model on test data for horizon 12, Test MAE: 16.0973, Test RMSE: 56.9721, Test MAPE: 19.5801, Test WMAPE: 0.0937
On average over 12 horizons, Test MAE: 13.3305, Test RMSE: 54.5573, Test MAPE: 16.9083, Test WMAPE: 0.0775
No update
Iter: 000, Train Loss: 5.8048, Train RMSE: 12.3920, Train MAPE: 0.7775, Train WMAPE: 0.0322
Iter: 050, Train Loss: 5.7862, Train RMSE: 11.8930, Train MAPE: 0.6708, Train WMAPE: 0.0317
Epoch: 209, Training Time: 39.9279 secs
Epoch: 209, Inference Time: 4.9034 secs
Epoch: 209, Train Loss: 5.7216, Train RMSE: 12.3350, Train MAPE: 0.8801, Train WMAPE: 0.0320, 
Epoch: 209, Valid Loss: 10.6113, Valid RMSE: 42.0284, Valid MAPE: 2.4523, Valid WMAPE: 0.0609
No update
Iter: 000, Train Loss: 5.8309, Train RMSE: 12.3128, Train MAPE: 0.8376, Train WMAPE: 0.0324
Iter: 050, Train Loss: 5.7641, Train RMSE: 11.9917, Train MAPE: 0.4859, Train WMAPE: 0.0316
Epoch: 210, Training Time: 36.0612 secs
Epoch: 210, Inference Time: 5.5023 secs
Epoch: 210, Train Loss: 5.7011, Train RMSE: 12.3123, Train MAPE: 0.8611, Train WMAPE: 0.0319, 
Epoch: 210, Valid Loss: 10.6402, Valid RMSE: 41.8973, Valid MAPE: 1.8686, Valid WMAPE: 0.0611
No update
Iter: 000, Train Loss: 5.7684, Train RMSE: 12.3043, Train MAPE: 0.5575, Train WMAPE: 0.0320
Iter: 050, Train Loss: 5.7108, Train RMSE: 11.7608, Train MAPE: 0.5372, Train WMAPE: 0.0313
Epoch: 211, Training Time: 36.2220 secs
Epoch: 211, Inference Time: 6.6714 secs
Epoch: 211, Train Loss: 5.7027, Train RMSE: 12.3302, Train MAPE: 0.7980, Train WMAPE: 0.0319, 
Epoch: 211, Valid Loss: 10.6527, Valid RMSE: 41.9793, Valid MAPE: 2.1513, Valid WMAPE: 0.0612
No update
Iter: 000, Train Loss: 5.8898, Train RMSE: 12.4108, Train MAPE: 0.6438, Train WMAPE: 0.0327
Iter: 050, Train Loss: 5.6750, Train RMSE: 11.7178, Train MAPE: 0.5188, Train WMAPE: 0.0311
Epoch: 212, Training Time: 38.9882 secs
Epoch: 212, Inference Time: 5.5338 secs
Epoch: 212, Train Loss: 5.7283, Train RMSE: 12.3746, Train MAPE: 0.8718, Train WMAPE: 0.0320, 
Epoch: 212, Valid Loss: 10.6122, Valid RMSE: 41.9819, Valid MAPE: 2.5488, Valid WMAPE: 0.0609
No update
Iter: 000, Train Loss: 5.8331, Train RMSE: 12.4091, Train MAPE: 0.7926, Train WMAPE: 0.0324
Iter: 050, Train Loss: 5.5860, Train RMSE: 11.4904, Train MAPE: 0.4645, Train WMAPE: 0.0306
Epoch: 213, Training Time: 35.6624 secs
Epoch: 213, Inference Time: 5.6990 secs
Epoch: 213, Train Loss: 5.7027, Train RMSE: 12.3328, Train MAPE: 0.8426, Train WMAPE: 0.0319, 
Epoch: 213, Valid Loss: 10.6574, Valid RMSE: 41.9988, Valid MAPE: 2.1253, Valid WMAPE: 0.0612
No update
Iter: 000, Train Loss: 5.8714, Train RMSE: 12.5648, Train MAPE: 0.6409, Train WMAPE: 0.0326
Iter: 050, Train Loss: 5.7866, Train RMSE: 11.8074, Train MAPE: 0.6058, Train WMAPE: 0.0317
Epoch: 214, Training Time: 38.0097 secs
Epoch: 214, Inference Time: 6.0964 secs
Epoch: 214, Train Loss: 5.7074, Train RMSE: 12.3350, Train MAPE: 0.8084, Train WMAPE: 0.0319, 
Epoch: 214, Valid Loss: 10.6297, Valid RMSE: 42.5386, Valid MAPE: 2.2849, Valid WMAPE: 0.0610
No update
Iter: 000, Train Loss: 5.7843, Train RMSE: 12.2729, Train MAPE: 0.7205, Train WMAPE: 0.0321
Iter: 050, Train Loss: 5.8449, Train RMSE: 11.9506, Train MAPE: 0.6365, Train WMAPE: 0.0321
Epoch: 215, Training Time: 36.6706 secs
Epoch: 215, Inference Time: 6.0905 secs
Epoch: 215, Train Loss: 5.6923, Train RMSE: 12.3302, Train MAPE: 0.7870, Train WMAPE: 0.0318, 
Epoch: 215, Valid Loss: 10.6794, Valid RMSE: 42.4256, Valid MAPE: 2.5209, Valid WMAPE: 0.0613
No update
Iter: 000, Train Loss: 5.8470, Train RMSE: 12.4963, Train MAPE: 0.7935, Train WMAPE: 0.0325
Iter: 050, Train Loss: 5.6578, Train RMSE: 11.7118, Train MAPE: 0.4477, Train WMAPE: 0.0310
Epoch: 216, Training Time: 36.7010 secs
Epoch: 216, Inference Time: 6.5682 secs
Epoch: 216, Train Loss: 5.6747, Train RMSE: 12.2995, Train MAPE: 0.8028, Train WMAPE: 0.0317, 
Epoch: 216, Valid Loss: 10.6395, Valid RMSE: 42.3421, Valid MAPE: 1.7304, Valid WMAPE: 0.0611
No update
Iter: 000, Train Loss: 5.7463, Train RMSE: 12.4852, Train MAPE: 0.4887, Train WMAPE: 0.0319
Iter: 050, Train Loss: 5.7202, Train RMSE: 11.8684, Train MAPE: 0.4804, Train WMAPE: 0.0314
Epoch: 217, Training Time: 40.5803 secs
Epoch: 217, Inference Time: 5.7076 secs
Epoch: 217, Train Loss: 5.6753, Train RMSE: 12.2984, Train MAPE: 0.7812, Train WMAPE: 0.0317, 
Epoch: 217, Valid Loss: 10.6825, Valid RMSE: 42.1639, Valid MAPE: 2.2594, Valid WMAPE: 0.0613
No update
Iter: 000, Train Loss: 5.7990, Train RMSE: 12.3133, Train MAPE: 0.6822, Train WMAPE: 0.0322
Iter: 050, Train Loss: 5.6745, Train RMSE: 11.7382, Train MAPE: 0.5450, Train WMAPE: 0.0311
Epoch: 218, Training Time: 36.1929 secs
Epoch: 218, Inference Time: 4.7043 secs
Epoch: 218, Train Loss: 5.6808, Train RMSE: 12.2596, Train MAPE: 0.8653, Train WMAPE: 0.0318, 
Epoch: 218, Valid Loss: 10.6209, Valid RMSE: 42.2689, Valid MAPE: 2.5667, Valid WMAPE: 0.0610
No update
Iter: 000, Train Loss: 5.8555, Train RMSE: 12.3651, Train MAPE: 0.8862, Train WMAPE: 0.0325
Iter: 050, Train Loss: 5.7078, Train RMSE: 11.6397, Train MAPE: 0.8598, Train WMAPE: 0.0313
Epoch: 219, Training Time: 37.5192 secs
Epoch: 219, Inference Time: 5.0012 secs
Epoch: 219, Train Loss: 5.6903, Train RMSE: 12.1940, Train MAPE: 1.0659, Train WMAPE: 0.0318, 
Epoch: 219, Valid Loss: 10.6810, Valid RMSE: 42.3031, Valid MAPE: 4.0180, Valid WMAPE: 0.0613
No update
Iter: 000, Train Loss: 5.8892, Train RMSE: 12.2233, Train MAPE: 1.4494, Train WMAPE: 0.0327
Iter: 050, Train Loss: 5.6954, Train RMSE: 11.7657, Train MAPE: 0.4635, Train WMAPE: 0.0312
Epoch: 220, Training Time: 37.8757 secs
Epoch: 220, Inference Time: 5.5118 secs
Epoch: 220, Train Loss: 5.6555, Train RMSE: 12.1860, Train MAPE: 0.9622, Train WMAPE: 0.0316, 
Epoch: 220, Valid Loss: 10.6625, Valid RMSE: 42.3331, Valid MAPE: 1.9650, Valid WMAPE: 0.0612
No update
Iter: 000, Train Loss: 5.8052, Train RMSE: 12.4273, Train MAPE: 0.5592, Train WMAPE: 0.0322
Iter: 050, Train Loss: 5.7187, Train RMSE: 11.6664, Train MAPE: 0.6459, Train WMAPE: 0.0314
Epoch: 221, Training Time: 37.4824 secs
Epoch: 221, Inference Time: 4.8191 secs
Epoch: 221, Train Loss: 5.6525, Train RMSE: 12.2122, Train MAPE: 0.8054, Train WMAPE: 0.0316, 
Epoch: 221, Valid Loss: 10.5891, Valid RMSE: 42.3887, Valid MAPE: 1.9915, Valid WMAPE: 0.0608
No update
Iter: 000, Train Loss: 5.7396, Train RMSE: 12.2351, Train MAPE: 0.6129, Train WMAPE: 0.0319
Iter: 050, Train Loss: 5.6744, Train RMSE: 11.7963, Train MAPE: 0.6038, Train WMAPE: 0.0311
Epoch: 222, Training Time: 37.7864 secs
Epoch: 222, Inference Time: 5.2259 secs
Epoch: 222, Train Loss: 5.6359, Train RMSE: 12.1836, Train MAPE: 0.7932, Train WMAPE: 0.0315, 
Epoch: 222, Valid Loss: 10.5546, Valid RMSE: 42.2300, Valid MAPE: 1.9422, Valid WMAPE: 0.0606
###Update tasks appear###
Evaluate best model on test data for horizon 1, Test MAE: 9.1276, Test RMSE: 61.6269, Test MAPE: 7.0487, Test WMAPE: 0.0530
Evaluate best model on test data for horizon 2, Test MAE: 10.2727, Test RMSE: 56.9031, Test MAPE: 11.2076, Test WMAPE: 0.0596
Evaluate best model on test data for horizon 3, Test MAE: 10.4928, Test RMSE: 45.9237, Test MAPE: 14.3477, Test WMAPE: 0.0609
Evaluate best model on test data for horizon 4, Test MAE: 11.9806, Test RMSE: 53.3069, Test MAPE: 16.4673, Test WMAPE: 0.0696
Evaluate best model on test data for horizon 5, Test MAE: 13.0867, Test RMSE: 56.3655, Test MAPE: 18.5865, Test WMAPE: 0.0760
Evaluate best model on test data for horizon 6, Test MAE: 13.2518, Test RMSE: 50.4792, Test MAPE: 18.9698, Test WMAPE: 0.0770
Evaluate best model on test data for horizon 7, Test MAE: 14.0403, Test RMSE: 52.4200, Test MAPE: 19.1137, Test WMAPE: 0.0816
Evaluate best model on test data for horizon 8, Test MAE: 14.8437, Test RMSE: 56.0598, Test MAPE: 19.3589, Test WMAPE: 0.0863
Evaluate best model on test data for horizon 9, Test MAE: 15.2157, Test RMSE: 55.4526, Test MAPE: 20.1509, Test WMAPE: 0.0885
Evaluate best model on test data for horizon 10, Test MAE: 15.0922, Test RMSE: 50.8833, Test MAPE: 19.9020, Test WMAPE: 0.0878
Evaluate best model on test data for horizon 11, Test MAE: 15.7686, Test RMSE: 56.8582, Test MAPE: 19.7080, Test WMAPE: 0.0917
Evaluate best model on test data for horizon 12, Test MAE: 15.8790, Test RMSE: 56.9489, Test MAPE: 19.6542, Test WMAPE: 0.0924
On average over 12 horizons, Test MAE: 13.2543, Test RMSE: 54.4357, Test MAPE: 17.0430, Test WMAPE: 0.0770
No update
Iter: 000, Train Loss: 5.6908, Train RMSE: 12.1534, Train MAPE: 0.6175, Train WMAPE: 0.0316
Iter: 050, Train Loss: 5.6490, Train RMSE: 11.5377, Train MAPE: 0.6400, Train WMAPE: 0.0310
Epoch: 223, Training Time: 39.3056 secs
Epoch: 223, Inference Time: 4.9742 secs
Epoch: 223, Train Loss: 5.6442, Train RMSE: 12.1894, Train MAPE: 0.8076, Train WMAPE: 0.0316, 
Epoch: 223, Valid Loss: 10.6680, Valid RMSE: 42.0459, Valid MAPE: 2.2237, Valid WMAPE: 0.0613
No update
Iter: 000, Train Loss: 5.7457, Train RMSE: 12.3834, Train MAPE: 0.6916, Train WMAPE: 0.0319
Iter: 050, Train Loss: 5.5959, Train RMSE: 11.5913, Train MAPE: 0.4366, Train WMAPE: 0.0307
Epoch: 224, Training Time: 39.3803 secs
Epoch: 224, Inference Time: 6.0338 secs
Epoch: 224, Train Loss: 5.6183, Train RMSE: 12.1778, Train MAPE: 0.7947, Train WMAPE: 0.0314, 
Epoch: 224, Valid Loss: 10.7605, Valid RMSE: 42.4346, Valid MAPE: 2.3666, Valid WMAPE: 0.0618
No update
Iter: 000, Train Loss: 5.7917, Train RMSE: 12.3654, Train MAPE: 0.8150, Train WMAPE: 0.0322
Iter: 050, Train Loss: 5.5784, Train RMSE: 11.5100, Train MAPE: 0.4494, Train WMAPE: 0.0306
Epoch: 225, Training Time: 42.4564 secs
Epoch: 225, Inference Time: 4.4054 secs
Epoch: 225, Train Loss: 5.6240, Train RMSE: 12.1619, Train MAPE: 0.7827, Train WMAPE: 0.0314, 
Epoch: 225, Valid Loss: 10.7051, Valid RMSE: 42.2118, Valid MAPE: 2.4863, Valid WMAPE: 0.0615
No update
Iter: 000, Train Loss: 5.8797, Train RMSE: 12.3883, Train MAPE: 0.7142, Train WMAPE: 0.0326
Iter: 050, Train Loss: 5.6325, Train RMSE: 11.5316, Train MAPE: 0.6989, Train WMAPE: 0.0309
Epoch: 226, Training Time: 38.0561 secs
Epoch: 226, Inference Time: 5.7236 secs
Epoch: 226, Train Loss: 5.6427, Train RMSE: 12.1758, Train MAPE: 0.7812, Train WMAPE: 0.0316, 
Epoch: 226, Valid Loss: 10.8801, Valid RMSE: 42.2570, Valid MAPE: 2.5984, Valid WMAPE: 0.0625
No update
Iter: 000, Train Loss: 6.0279, Train RMSE: 12.4484, Train MAPE: 0.9289, Train WMAPE: 0.0335
Iter: 050, Train Loss: 5.7990, Train RMSE: 11.6515, Train MAPE: 0.6083, Train WMAPE: 0.0318
Epoch: 227, Training Time: 37.7735 secs
Epoch: 227, Inference Time: 5.2178 secs
Epoch: 227, Train Loss: 5.6953, Train RMSE: 12.2661, Train MAPE: 0.7912, Train WMAPE: 0.0318, 
Epoch: 227, Valid Loss: 10.7367, Valid RMSE: 42.2428, Valid MAPE: 1.8980, Valid WMAPE: 0.0617
No update
Iter: 000, Train Loss: 5.7639, Train RMSE: 12.4634, Train MAPE: 0.5444, Train WMAPE: 0.0320
Iter: 050, Train Loss: 5.6398, Train RMSE: 11.5165, Train MAPE: 0.5181, Train WMAPE: 0.0309
Epoch: 228, Training Time: 39.3013 secs
Epoch: 228, Inference Time: 6.4949 secs
Epoch: 228, Train Loss: 5.6324, Train RMSE: 12.1728, Train MAPE: 0.7690, Train WMAPE: 0.0315, 
Epoch: 228, Valid Loss: 10.6273, Valid RMSE: 42.0520, Valid MAPE: 1.8363, Valid WMAPE: 0.0610
No update
Iter: 000, Train Loss: 5.6666, Train RMSE: 12.2184, Train MAPE: 0.6152, Train WMAPE: 0.0315
Iter: 050, Train Loss: 5.6898, Train RMSE: 11.6277, Train MAPE: 0.5812, Train WMAPE: 0.0312
Epoch: 229, Training Time: 39.3228 secs
Epoch: 229, Inference Time: 4.9604 secs
Epoch: 229, Train Loss: 5.6207, Train RMSE: 12.1609, Train MAPE: 0.7854, Train WMAPE: 0.0314, 
Epoch: 229, Valid Loss: 10.7758, Valid RMSE: 42.0501, Valid MAPE: 2.6538, Valid WMAPE: 0.0619
No update
Iter: 000, Train Loss: 5.9167, Train RMSE: 12.4557, Train MAPE: 0.7844, Train WMAPE: 0.0328
Iter: 050, Train Loss: 5.7606, Train RMSE: 11.8186, Train MAPE: 0.5337, Train WMAPE: 0.0316
Epoch: 230, Training Time: 39.6643 secs
Epoch: 230, Inference Time: 6.3314 secs
Epoch: 230, Train Loss: 5.7024, Train RMSE: 12.3030, Train MAPE: 0.8129, Train WMAPE: 0.0319, 
Epoch: 230, Valid Loss: 11.2863, Valid RMSE: 42.4339, Valid MAPE: 2.4401, Valid WMAPE: 0.0648
No update
Iter: 000, Train Loss: 6.1832, Train RMSE: 12.7917, Train MAPE: 0.7539, Train WMAPE: 0.0343
Iter: 050, Train Loss: 5.6031, Train RMSE: 11.4815, Train MAPE: 0.5094, Train WMAPE: 0.0307
Epoch: 231, Training Time: 37.8936 secs
Epoch: 231, Inference Time: 5.6832 secs
Epoch: 231, Train Loss: 5.7114, Train RMSE: 12.2828, Train MAPE: 0.9571, Train WMAPE: 0.0319, 
Epoch: 231, Valid Loss: 10.5709, Valid RMSE: 42.1186, Valid MAPE: 2.3940, Valid WMAPE: 0.0607
No update
Iter: 000, Train Loss: 5.7479, Train RMSE: 12.1753, Train MAPE: 0.7418, Train WMAPE: 0.0319
Iter: 050, Train Loss: 5.7273, Train RMSE: 11.5620, Train MAPE: 0.8394, Train WMAPE: 0.0314
Epoch: 232, Training Time: 38.9835 secs
Epoch: 232, Inference Time: 6.1294 secs
Epoch: 232, Train Loss: 5.6309, Train RMSE: 12.0921, Train MAPE: 0.9969, Train WMAPE: 0.0315, 
Epoch: 232, Valid Loss: 10.7202, Valid RMSE: 42.0699, Valid MAPE: 3.9754, Valid WMAPE: 0.0616
No update
Iter: 000, Train Loss: 5.9019, Train RMSE: 12.2202, Train MAPE: 1.3176, Train WMAPE: 0.0328
Iter: 050, Train Loss: 5.8279, Train RMSE: 11.9089, Train MAPE: 0.9367, Train WMAPE: 0.0320
Epoch: 233, Training Time: 40.1047 secs
Epoch: 233, Inference Time: 5.4223 secs
Epoch: 233, Train Loss: 5.6845, Train RMSE: 12.1432, Train MAPE: 1.0404, Train WMAPE: 0.0318, 
Epoch: 233, Valid Loss: 10.5744, Valid RMSE: 42.1648, Valid MAPE: 2.4173, Valid WMAPE: 0.0607
No update
Iter: 000, Train Loss: 5.6273, Train RMSE: 12.0058, Train MAPE: 0.8232, Train WMAPE: 0.0312
Iter: 050, Train Loss: 5.7233, Train RMSE: 11.6266, Train MAPE: 0.8242, Train WMAPE: 0.0314
Epoch: 234, Training Time: 37.8617 secs
Epoch: 234, Inference Time: 6.9861 secs
Epoch: 234, Train Loss: 5.6026, Train RMSE: 12.0554, Train MAPE: 0.9844, Train WMAPE: 0.0313, 
Epoch: 234, Valid Loss: 10.6725, Valid RMSE: 42.3436, Valid MAPE: 3.6031, Valid WMAPE: 0.0613
No update
Iter: 000, Train Loss: 5.6324, Train RMSE: 11.7963, Train MAPE: 1.1636, Train WMAPE: 0.0313
Iter: 050, Train Loss: 5.6650, Train RMSE: 11.5542, Train MAPE: 0.5938, Train WMAPE: 0.0311
Epoch: 235, Training Time: 38.0060 secs
Epoch: 235, Inference Time: 5.5892 secs
Epoch: 235, Train Loss: 5.6079, Train RMSE: 12.0416, Train MAPE: 1.0056, Train WMAPE: 0.0314, 
Epoch: 235, Valid Loss: 10.6172, Valid RMSE: 42.2686, Valid MAPE: 2.7469, Valid WMAPE: 0.0610
No update
Iter: 000, Train Loss: 5.6457, Train RMSE: 11.9054, Train MAPE: 0.9231, Train WMAPE: 0.0313
Iter: 050, Train Loss: 5.6798, Train RMSE: 11.5583, Train MAPE: 0.7445, Train WMAPE: 0.0311
Epoch: 236, Training Time: 37.9111 secs
Epoch: 236, Inference Time: 5.0748 secs
Epoch: 236, Train Loss: 5.6303, Train RMSE: 12.0638, Train MAPE: 1.0337, Train WMAPE: 0.0315, 
Epoch: 236, Valid Loss: 10.8296, Valid RMSE: 42.1750, Valid MAPE: 4.1059, Valid WMAPE: 0.0622
No update
Iter: 000, Train Loss: 5.9205, Train RMSE: 12.1830, Train MAPE: 1.4793, Train WMAPE: 0.0329
Iter: 050, Train Loss: 5.5040, Train RMSE: 11.4404, Train MAPE: 0.3868, Train WMAPE: 0.0302
Epoch: 237, Training Time: 38.7123 secs
Epoch: 237, Inference Time: 5.6855 secs
Epoch: 237, Train Loss: 5.6138, Train RMSE: 12.1240, Train MAPE: 0.8469, Train WMAPE: 0.0314, 
Epoch: 237, Valid Loss: 10.6186, Valid RMSE: 42.2873, Valid MAPE: 1.9441, Valid WMAPE: 0.0610
No update
Iter: 000, Train Loss: 5.6986, Train RMSE: 12.2174, Train MAPE: 0.6013, Train WMAPE: 0.0316
Iter: 050, Train Loss: 5.5889, Train RMSE: 11.4085, Train MAPE: 0.5211, Train WMAPE: 0.0306
Epoch: 238, Training Time: 38.2855 secs
Epoch: 238, Inference Time: 6.2002 secs
Epoch: 238, Train Loss: 5.6107, Train RMSE: 12.1042, Train MAPE: 0.8168, Train WMAPE: 0.0314, 
Epoch: 238, Valid Loss: 10.5832, Valid RMSE: 42.1474, Valid MAPE: 2.0632, Valid WMAPE: 0.0608
No update
Iter: 000, Train Loss: 5.7189, Train RMSE: 12.2186, Train MAPE: 0.5870, Train WMAPE: 0.0317
Iter: 050, Train Loss: 5.5907, Train RMSE: 11.2656, Train MAPE: 0.5262, Train WMAPE: 0.0307
Epoch: 239, Training Time: 38.4875 secs
Epoch: 239, Inference Time: 6.3869 secs
Epoch: 239, Train Loss: 5.5976, Train RMSE: 12.0910, Train MAPE: 0.8038, Train WMAPE: 0.0313, 
Epoch: 239, Valid Loss: 10.6655, Valid RMSE: 42.2225, Valid MAPE: 2.0134, Valid WMAPE: 0.0612
No update
Iter: 000, Train Loss: 5.7251, Train RMSE: 12.2293, Train MAPE: 0.6380, Train WMAPE: 0.0318
Iter: 050, Train Loss: 5.6680, Train RMSE: 11.5063, Train MAPE: 0.4837, Train WMAPE: 0.0311
Epoch: 240, Training Time: 40.8327 secs
Epoch: 240, Inference Time: 6.4560 secs
Epoch: 240, Train Loss: 5.5850, Train RMSE: 12.0401, Train MAPE: 0.8155, Train WMAPE: 0.0312, 
Epoch: 240, Valid Loss: 10.5517, Valid RMSE: 41.9778, Valid MAPE: 2.2610, Valid WMAPE: 0.0606
###Update tasks appear###
Evaluate best model on test data for horizon 1, Test MAE: 9.1989, Test RMSE: 61.1622, Test MAPE: 7.2647, Test WMAPE: 0.0534
Evaluate best model on test data for horizon 2, Test MAE: 10.2526, Test RMSE: 56.8567, Test MAPE: 11.3993, Test WMAPE: 0.0595
Evaluate best model on test data for horizon 3, Test MAE: 10.5125, Test RMSE: 46.1649, Test MAPE: 14.6812, Test WMAPE: 0.0611
Evaluate best model on test data for horizon 4, Test MAE: 11.9173, Test RMSE: 52.9672, Test MAPE: 17.0975, Test WMAPE: 0.0692
Evaluate best model on test data for horizon 5, Test MAE: 12.9454, Test RMSE: 55.9264, Test MAPE: 18.2919, Test WMAPE: 0.0752
Evaluate best model on test data for horizon 6, Test MAE: 13.1253, Test RMSE: 50.0162, Test MAPE: 19.3999, Test WMAPE: 0.0763
Evaluate best model on test data for horizon 7, Test MAE: 13.8468, Test RMSE: 51.9653, Test MAPE: 19.5087, Test WMAPE: 0.0805
Evaluate best model on test data for horizon 8, Test MAE: 14.6377, Test RMSE: 55.5678, Test MAPE: 19.8642, Test WMAPE: 0.0851
Evaluate best model on test data for horizon 9, Test MAE: 14.9855, Test RMSE: 54.7325, Test MAPE: 20.4942, Test WMAPE: 0.0872
Evaluate best model on test data for horizon 10, Test MAE: 14.8566, Test RMSE: 50.1945, Test MAPE: 20.1096, Test WMAPE: 0.0864
Evaluate best model on test data for horizon 11, Test MAE: 15.5640, Test RMSE: 56.1572, Test MAPE: 20.3789, Test WMAPE: 0.0905
Evaluate best model on test data for horizon 12, Test MAE: 15.7620, Test RMSE: 56.4319, Test MAPE: 20.4809, Test WMAPE: 0.0917
On average over 12 horizons, Test MAE: 13.1337, Test RMSE: 54.0119, Test MAPE: 17.4142, Test WMAPE: 0.0763
Test low! Updating! Test Loss: 13.133712212244669, Test low! Updating! Valid Loss: 10.55171639578683, epoch:  240
Iter: 000, Train Loss: 5.6870, Train RMSE: 12.0776, Train MAPE: 0.6584, Train WMAPE: 0.0316
Iter: 050, Train Loss: 5.7689, Train RMSE: 11.4512, Train MAPE: 1.0749, Train WMAPE: 0.0316
Epoch: 241, Training Time: 39.1106 secs
Epoch: 241, Inference Time: 4.6174 secs
Epoch: 241, Train Loss: 5.6159, Train RMSE: 12.0580, Train MAPE: 0.9318, Train WMAPE: 0.0314, 
Epoch: 241, Valid Loss: 10.9183, Valid RMSE: 42.1798, Valid MAPE: 4.0795, Valid WMAPE: 0.0627
No update
Iter: 000, Train Loss: 5.9554, Train RMSE: 12.1732, Train MAPE: 1.3836, Train WMAPE: 0.0331
Iter: 050, Train Loss: 5.6172, Train RMSE: 11.5289, Train MAPE: 0.7478, Train WMAPE: 0.0308
Epoch: 242, Training Time: 40.2995 secs
Epoch: 242, Inference Time: 5.1191 secs
Epoch: 242, Train Loss: 5.6354, Train RMSE: 12.0751, Train MAPE: 1.0083, Train WMAPE: 0.0315, 
Epoch: 242, Valid Loss: 10.7580, Valid RMSE: 42.1495, Valid MAPE: 4.1738, Valid WMAPE: 0.0618
No update
Iter: 000, Train Loss: 5.8410, Train RMSE: 12.2162, Train MAPE: 1.3847, Train WMAPE: 0.0324
Iter: 050, Train Loss: 5.5589, Train RMSE: 11.4416, Train MAPE: 0.5729, Train WMAPE: 0.0305
Epoch: 243, Training Time: 37.7725 secs
Epoch: 243, Inference Time: 4.9828 secs
Epoch: 243, Train Loss: 5.6155, Train RMSE: 12.0580, Train MAPE: 0.9702, Train WMAPE: 0.0314, 
Epoch: 243, Valid Loss: 10.7277, Valid RMSE: 42.0720, Valid MAPE: 3.9473, Valid WMAPE: 0.0616
No update
Iter: 000, Train Loss: 5.7524, Train RMSE: 12.1431, Train MAPE: 1.3819, Train WMAPE: 0.0319
Iter: 050, Train Loss: 5.6746, Train RMSE: 11.3924, Train MAPE: 1.0584, Train WMAPE: 0.0311
Epoch: 244, Training Time: 43.1885 secs
Epoch: 244, Inference Time: 6.8874 secs
Epoch: 244, Train Loss: 5.5915, Train RMSE: 12.0069, Train MAPE: 0.9379, Train WMAPE: 0.0313, 
Epoch: 244, Valid Loss: 10.7267, Valid RMSE: 42.1225, Valid MAPE: 3.9276, Valid WMAPE: 0.0616
No update
Iter: 000, Train Loss: 5.7949, Train RMSE: 12.0171, Train MAPE: 1.3987, Train WMAPE: 0.0322
Iter: 050, Train Loss: 5.6710, Train RMSE: 11.5336, Train MAPE: 0.5393, Train WMAPE: 0.0311
Epoch: 245, Training Time: 37.8908 secs
Epoch: 245, Inference Time: 5.1114 secs
Epoch: 245, Train Loss: 5.5923, Train RMSE: 11.9866, Train MAPE: 0.9730, Train WMAPE: 0.0313, 
Epoch: 245, Valid Loss: 10.6273, Valid RMSE: 42.1290, Valid MAPE: 2.3562, Valid WMAPE: 0.0610
No update
Iter: 000, Train Loss: 5.6784, Train RMSE: 12.1176, Train MAPE: 0.8501, Train WMAPE: 0.0315
Iter: 050, Train Loss: 5.8235, Train RMSE: 11.7954, Train MAPE: 0.4785, Train WMAPE: 0.0319
Epoch: 246, Training Time: 39.4604 secs
Epoch: 246, Inference Time: 5.1026 secs
Epoch: 246, Train Loss: 5.6261, Train RMSE: 12.0589, Train MAPE: 1.0024, Train WMAPE: 0.0315, 
Epoch: 246, Valid Loss: 10.6297, Valid RMSE: 42.2153, Valid MAPE: 2.2500, Valid WMAPE: 0.0610
No update
Iter: 000, Train Loss: 5.5546, Train RMSE: 11.7752, Train MAPE: 0.8369, Train WMAPE: 0.0308
Iter: 050, Train Loss: 5.8657, Train RMSE: 11.5516, Train MAPE: 1.0356, Train WMAPE: 0.0322
Epoch: 247, Training Time: 41.0737 secs
Epoch: 247, Inference Time: 5.4066 secs
Epoch: 247, Train Loss: 5.6261, Train RMSE: 12.0453, Train MAPE: 0.9471, Train WMAPE: 0.0315, 
Epoch: 247, Valid Loss: 10.5617, Valid RMSE: 41.8968, Valid MAPE: 2.6681, Valid WMAPE: 0.0606
No update
Iter: 000, Train Loss: 5.6866, Train RMSE: 12.1602, Train MAPE: 0.7840, Train WMAPE: 0.0316
Iter: 050, Train Loss: 5.6768, Train RMSE: 11.4424, Train MAPE: 0.6570, Train WMAPE: 0.0311
Epoch: 248, Training Time: 38.5865 secs
Epoch: 248, Inference Time: 5.2825 secs
Epoch: 248, Train Loss: 5.6080, Train RMSE: 12.0000, Train MAPE: 1.0209, Train WMAPE: 0.0314, 
Epoch: 248, Valid Loss: 10.9141, Valid RMSE: 42.0321, Valid MAPE: 5.1169, Valid WMAPE: 0.0627
No update
Iter: 000, Train Loss: 5.9720, Train RMSE: 12.0970, Train MAPE: 1.7512, Train WMAPE: 0.0332
Iter: 050, Train Loss: 5.5401, Train RMSE: 11.4608, Train MAPE: 0.6044, Train WMAPE: 0.0304
Epoch: 249, Training Time: 38.6821 secs
Epoch: 249, Inference Time: 6.0026 secs
Epoch: 249, Train Loss: 5.5664, Train RMSE: 11.9512, Train MAPE: 0.9723, Train WMAPE: 0.0311, 
Epoch: 249, Valid Loss: 10.6519, Valid RMSE: 42.1511, Valid MAPE: 2.2452, Valid WMAPE: 0.0612
No update
Iter: 000, Train Loss: 5.6608, Train RMSE: 12.0819, Train MAPE: 0.6206, Train WMAPE: 0.0314
Iter: 050, Train Loss: 5.6283, Train RMSE: 11.4930, Train MAPE: 0.7868, Train WMAPE: 0.0309
Epoch: 250, Training Time: 40.3652 secs
Epoch: 250, Inference Time: 4.8225 secs
Epoch: 250, Train Loss: 5.5648, Train RMSE: 11.9442, Train MAPE: 0.9351, Train WMAPE: 0.0311, 
Epoch: 250, Valid Loss: 10.7084, Valid RMSE: 42.1839, Valid MAPE: 3.1011, Valid WMAPE: 0.0615
No update
Iter: 000, Train Loss: 5.7113, Train RMSE: 12.0252, Train MAPE: 0.9360, Train WMAPE: 0.0317
Iter: 050, Train Loss: 5.6369, Train RMSE: 11.6444, Train MAPE: 0.7016, Train WMAPE: 0.0309
Epoch: 251, Training Time: 39.3847 secs
Epoch: 251, Inference Time: 5.8227 secs
Epoch: 251, Train Loss: 5.5929, Train RMSE: 11.9975, Train MAPE: 0.9366, Train WMAPE: 0.0313, 
Epoch: 251, Valid Loss: 10.6465, Valid RMSE: 42.0456, Valid MAPE: 2.2309, Valid WMAPE: 0.0611
No update
Iter: 000, Train Loss: 5.7003, Train RMSE: 12.0963, Train MAPE: 0.7578, Train WMAPE: 0.0316
Iter: 050, Train Loss: 5.6856, Train RMSE: 11.3424, Train MAPE: 0.8768, Train WMAPE: 0.0312
Epoch: 252, Training Time: 37.4852 secs
Epoch: 252, Inference Time: 6.2183 secs
Epoch: 252, Train Loss: 5.5665, Train RMSE: 11.9376, Train MAPE: 0.9809, Train WMAPE: 0.0311, 
Epoch: 252, Valid Loss: 10.6586, Valid RMSE: 42.1457, Valid MAPE: 3.4380, Valid WMAPE: 0.0612
No update
Iter: 000, Train Loss: 5.6620, Train RMSE: 11.9678, Train MAPE: 1.0850, Train WMAPE: 0.0314
Iter: 050, Train Loss: 5.5783, Train RMSE: 11.3371, Train MAPE: 0.5790, Train WMAPE: 0.0306
Epoch: 253, Training Time: 40.0894 secs
Epoch: 253, Inference Time: 5.7869 secs
Epoch: 253, Train Loss: 5.5433, Train RMSE: 11.9130, Train MAPE: 0.8821, Train WMAPE: 0.0310, 
Epoch: 253, Valid Loss: 10.6905, Valid RMSE: 42.0777, Valid MAPE: 2.2827, Valid WMAPE: 0.0614
No update
Iter: 000, Train Loss: 5.7063, Train RMSE: 12.2047, Train MAPE: 0.7009, Train WMAPE: 0.0317
Iter: 050, Train Loss: 5.6729, Train RMSE: 11.5178, Train MAPE: 0.4706, Train WMAPE: 0.0311
Epoch: 254, Training Time: 38.9714 secs
Epoch: 254, Inference Time: 6.9077 secs
Epoch: 254, Train Loss: 5.6679, Train RMSE: 12.1684, Train MAPE: 0.8204, Train WMAPE: 0.0317, 
Epoch: 254, Valid Loss: 10.7514, Valid RMSE: 42.2157, Valid MAPE: 2.0487, Valid WMAPE: 0.0617
No update
Iter: 000, Train Loss: 5.8967, Train RMSE: 12.3860, Train MAPE: 0.6317, Train WMAPE: 0.0327
Iter: 050, Train Loss: 5.4885, Train RMSE: 11.3445, Train MAPE: 0.4405, Train WMAPE: 0.0301
Epoch: 255, Training Time: 41.0680 secs
Epoch: 255, Inference Time: 5.6385 secs
Epoch: 255, Train Loss: 5.6667, Train RMSE: 12.1923, Train MAPE: 0.7892, Train WMAPE: 0.0317, 
Epoch: 255, Valid Loss: 10.6659, Valid RMSE: 42.2620, Valid MAPE: 2.8139, Valid WMAPE: 0.0612
No update
Iter: 000, Train Loss: 5.6861, Train RMSE: 12.0646, Train MAPE: 0.8798, Train WMAPE: 0.0316
Iter: 050, Train Loss: 5.5878, Train RMSE: 11.4720, Train MAPE: 0.4277, Train WMAPE: 0.0306
Epoch: 256, Training Time: 38.7545 secs
Epoch: 256, Inference Time: 6.7922 secs
Epoch: 256, Train Loss: 5.5665, Train RMSE: 11.9800, Train MAPE: 0.7819, Train WMAPE: 0.0311, 
Epoch: 256, Valid Loss: 10.7298, Valid RMSE: 42.1361, Valid MAPE: 2.0923, Valid WMAPE: 0.0616
No update
Iter: 000, Train Loss: 5.7365, Train RMSE: 12.0513, Train MAPE: 0.6816, Train WMAPE: 0.0318
Iter: 050, Train Loss: 5.4628, Train RMSE: 11.0928, Train MAPE: 0.6083, Train WMAPE: 0.0300
Epoch: 257, Training Time: 40.8989 secs
Epoch: 257, Inference Time: 5.7007 secs
Epoch: 257, Train Loss: 5.5627, Train RMSE: 11.9522, Train MAPE: 0.8512, Train WMAPE: 0.0311, 
Epoch: 257, Valid Loss: 10.6726, Valid RMSE: 42.0558, Valid MAPE: 2.7834, Valid WMAPE: 0.0613
No update
Iter: 000, Train Loss: 5.6652, Train RMSE: 11.9690, Train MAPE: 0.8682, Train WMAPE: 0.0315
Iter: 050, Train Loss: 5.5481, Train RMSE: 11.3324, Train MAPE: 0.4953, Train WMAPE: 0.0304
Epoch: 258, Training Time: 36.9565 secs
Epoch: 258, Inference Time: 5.4965 secs
Epoch: 258, Train Loss: 5.5429, Train RMSE: 11.9119, Train MAPE: 0.8671, Train WMAPE: 0.0310, 
Epoch: 258, Valid Loss: 10.6374, Valid RMSE: 42.1166, Valid MAPE: 2.2247, Valid WMAPE: 0.0611
No update
Iter: 000, Train Loss: 5.5343, Train RMSE: 11.8050, Train MAPE: 0.5952, Train WMAPE: 0.0307
Iter: 050, Train Loss: 5.5831, Train RMSE: 11.4670, Train MAPE: 0.5369, Train WMAPE: 0.0306
Epoch: 259, Training Time: 38.6932 secs
Epoch: 259, Inference Time: 7.5962 secs
Epoch: 259, Train Loss: 5.5438, Train RMSE: 11.9384, Train MAPE: 0.8264, Train WMAPE: 0.0310, 
Epoch: 259, Valid Loss: 10.7825, Valid RMSE: 42.2776, Valid MAPE: 2.3528, Valid WMAPE: 0.0619
No update
Iter: 000, Train Loss: 5.7992, Train RMSE: 12.1914, Train MAPE: 0.6508, Train WMAPE: 0.0322
Iter: 050, Train Loss: 5.4555, Train RMSE: 11.3011, Train MAPE: 0.4561, Train WMAPE: 0.0299
Epoch: 260, Training Time: 36.8839 secs
Epoch: 260, Inference Time: 5.4059 secs
Epoch: 260, Train Loss: 5.5215, Train RMSE: 11.9068, Train MAPE: 0.7887, Train WMAPE: 0.0309, 
Epoch: 260, Valid Loss: 10.7024, Valid RMSE: 42.1587, Valid MAPE: 2.2755, Valid WMAPE: 0.0615
No update
Iter: 000, Train Loss: 5.9981, Train RMSE: 13.3528, Train MAPE: 0.7373, Train WMAPE: 0.0333
Iter: 050, Train Loss: 5.4365, Train RMSE: 11.2280, Train MAPE: 0.4984, Train WMAPE: 0.0298
Epoch: 261, Training Time: 38.6113 secs
Epoch: 261, Inference Time: 5.2842 secs
Epoch: 261, Train Loss: 5.5345, Train RMSE: 11.9457, Train MAPE: 0.7834, Train WMAPE: 0.0309, 
Epoch: 261, Valid Loss: 10.5743, Valid RMSE: 42.0110, Valid MAPE: 2.0077, Valid WMAPE: 0.0607
No update
Iter: 000, Train Loss: 5.7623, Train RMSE: 12.3976, Train MAPE: 0.6675, Train WMAPE: 0.0320
Iter: 050, Train Loss: 5.5034, Train RMSE: 11.2879, Train MAPE: 0.4394, Train WMAPE: 0.0302
Epoch: 262, Training Time: 37.9937 secs
Epoch: 262, Inference Time: 5.3053 secs
Epoch: 262, Train Loss: 5.5010, Train RMSE: 11.8710, Train MAPE: 0.7831, Train WMAPE: 0.0308, 
Epoch: 262, Valid Loss: 10.5528, Valid RMSE: 41.9010, Valid MAPE: 2.1586, Valid WMAPE: 0.0606
No update
Iter: 000, Train Loss: 5.6366, Train RMSE: 12.0496, Train MAPE: 0.6317, Train WMAPE: 0.0313
Iter: 050, Train Loss: 5.5852, Train RMSE: 11.3217, Train MAPE: 0.5399, Train WMAPE: 0.0306
Epoch: 263, Training Time: 39.2907 secs
Epoch: 263, Inference Time: 5.3907 secs
Epoch: 263, Train Loss: 5.5294, Train RMSE: 11.9045, Train MAPE: 0.7584, Train WMAPE: 0.0309, 
Epoch: 263, Valid Loss: 10.7096, Valid RMSE: 42.0860, Valid MAPE: 2.0761, Valid WMAPE: 0.0615
No update
Iter: 000, Train Loss: 5.7301, Train RMSE: 12.1862, Train MAPE: 0.6530, Train WMAPE: 0.0318
Iter: 050, Train Loss: 5.5025, Train RMSE: 11.3405, Train MAPE: 0.5005, Train WMAPE: 0.0302
Epoch: 264, Training Time: 37.9778 secs
Epoch: 264, Inference Time: 6.0108 secs
Epoch: 264, Train Loss: 5.5143, Train RMSE: 11.8852, Train MAPE: 0.7573, Train WMAPE: 0.0308, 
Epoch: 264, Valid Loss: 10.5582, Valid RMSE: 42.1407, Valid MAPE: 1.6380, Valid WMAPE: 0.0606
No update
Iter: 000, Train Loss: 5.5076, Train RMSE: 11.8465, Train MAPE: 0.4621, Train WMAPE: 0.0306
Iter: 050, Train Loss: 5.4770, Train RMSE: 11.1969, Train MAPE: 0.4637, Train WMAPE: 0.0300
Epoch: 265, Training Time: 38.8602 secs
Epoch: 265, Inference Time: 5.7045 secs
Epoch: 265, Train Loss: 5.4911, Train RMSE: 11.8610, Train MAPE: 0.7551, Train WMAPE: 0.0307, 
Epoch: 265, Valid Loss: 10.6691, Valid RMSE: 42.0084, Valid MAPE: 1.9525, Valid WMAPE: 0.0613
No update
Iter: 000, Train Loss: 5.6304, Train RMSE: 11.9382, Train MAPE: 0.5881, Train WMAPE: 0.0313
Iter: 050, Train Loss: 5.6380, Train RMSE: 11.4245, Train MAPE: 1.1216, Train WMAPE: 0.0309
Epoch: 266, Training Time: 38.4921 secs
Epoch: 266, Inference Time: 5.9803 secs
Epoch: 266, Train Loss: 5.6423, Train RMSE: 12.1023, Train MAPE: 0.8792, Train WMAPE: 0.0315, 
Epoch: 266, Valid Loss: 10.6433, Valid RMSE: 42.3938, Valid MAPE: 1.8092, Valid WMAPE: 0.0611
No update
Iter: 000, Train Loss: 5.6412, Train RMSE: 12.1962, Train MAPE: 0.5186, Train WMAPE: 0.0313
Iter: 050, Train Loss: 5.4223, Train RMSE: 11.2025, Train MAPE: 0.4392, Train WMAPE: 0.0297
Epoch: 267, Training Time: 39.9004 secs
Epoch: 267, Inference Time: 5.9945 secs
Epoch: 267, Train Loss: 5.5134, Train RMSE: 11.8738, Train MAPE: 0.7519, Train WMAPE: 0.0308, 
Epoch: 267, Valid Loss: 10.6041, Valid RMSE: 42.2157, Valid MAPE: 1.8096, Valid WMAPE: 0.0609
No update
Iter: 000, Train Loss: 5.6617, Train RMSE: 12.0720, Train MAPE: 0.5306, Train WMAPE: 0.0314
Iter: 050, Train Loss: 5.5320, Train RMSE: 11.2986, Train MAPE: 0.5294, Train WMAPE: 0.0303
Epoch: 268, Training Time: 40.3820 secs
Epoch: 268, Inference Time: 5.5913 secs
Epoch: 268, Train Loss: 5.5269, Train RMSE: 11.9182, Train MAPE: 0.7670, Train WMAPE: 0.0309, 
Epoch: 268, Valid Loss: 10.5634, Valid RMSE: 42.1277, Valid MAPE: 1.7449, Valid WMAPE: 0.0607
No update
Iter: 000, Train Loss: 5.6192, Train RMSE: 11.9844, Train MAPE: 0.5303, Train WMAPE: 0.0312
Iter: 050, Train Loss: 5.6132, Train RMSE: 11.4502, Train MAPE: 0.5276, Train WMAPE: 0.0308
Epoch: 269, Training Time: 40.4809 secs
Epoch: 269, Inference Time: 5.3089 secs
Epoch: 269, Train Loss: 5.5174, Train RMSE: 11.9340, Train MAPE: 0.7172, Train WMAPE: 0.0308, 
Epoch: 269, Valid Loss: 10.6719, Valid RMSE: 42.0630, Valid MAPE: 2.0098, Valid WMAPE: 0.0613
No update
Iter: 000, Train Loss: 5.5638, Train RMSE: 11.8002, Train MAPE: 0.6196, Train WMAPE: 0.0309
Iter: 050, Train Loss: 5.5174, Train RMSE: 11.2939, Train MAPE: 0.6315, Train WMAPE: 0.0303
Epoch: 270, Training Time: 39.0774 secs
Epoch: 270, Inference Time: 5.8967 secs
Epoch: 270, Train Loss: 5.4773, Train RMSE: 11.7913, Train MAPE: 0.7677, Train WMAPE: 0.0306, 
Epoch: 270, Valid Loss: 10.6086, Valid RMSE: 42.0110, Valid MAPE: 1.7254, Valid WMAPE: 0.0609
No update
Iter: 000, Train Loss: 5.4390, Train RMSE: 11.6154, Train MAPE: 0.5383, Train WMAPE: 0.0302
Iter: 050, Train Loss: 5.4875, Train RMSE: 11.0700, Train MAPE: 0.5071, Train WMAPE: 0.0301
Epoch: 271, Training Time: 40.3001 secs
Epoch: 271, Inference Time: 5.0954 secs
Epoch: 271, Train Loss: 5.4869, Train RMSE: 11.8274, Train MAPE: 0.7419, Train WMAPE: 0.0307, 
Epoch: 271, Valid Loss: 10.7961, Valid RMSE: 42.1708, Valid MAPE: 1.7774, Valid WMAPE: 0.0620
No update
Iter: 000, Train Loss: 5.7676, Train RMSE: 12.1689, Train MAPE: 0.5448, Train WMAPE: 0.0320
Iter: 050, Train Loss: 5.4889, Train RMSE: 11.2291, Train MAPE: 0.4870, Train WMAPE: 0.0301
Epoch: 272, Training Time: 38.1872 secs
Epoch: 272, Inference Time: 5.7854 secs
Epoch: 272, Train Loss: 5.4894, Train RMSE: 11.8164, Train MAPE: 0.7575, Train WMAPE: 0.0307, 
Epoch: 272, Valid Loss: 10.6654, Valid RMSE: 41.9108, Valid MAPE: 2.2931, Valid WMAPE: 0.0612
No update
Iter: 000, Train Loss: 5.7685, Train RMSE: 12.5771, Train MAPE: 0.6747, Train WMAPE: 0.0320
Iter: 050, Train Loss: 5.3989, Train RMSE: 11.1865, Train MAPE: 0.4422, Train WMAPE: 0.0296
Epoch: 273, Training Time: 39.8980 secs
Epoch: 273, Inference Time: 5.4021 secs
Epoch: 273, Train Loss: 5.4863, Train RMSE: 11.8357, Train MAPE: 0.7440, Train WMAPE: 0.0307, 
Epoch: 273, Valid Loss: 10.7120, Valid RMSE: 42.1908, Valid MAPE: 2.3173, Valid WMAPE: 0.0615
No update
Iter: 000, Train Loss: 5.6732, Train RMSE: 11.8647, Train MAPE: 0.5572, Train WMAPE: 0.0315
Iter: 050, Train Loss: 5.5370, Train RMSE: 11.2898, Train MAPE: 0.5353, Train WMAPE: 0.0304
Epoch: 274, Training Time: 37.0848 secs
Epoch: 274, Inference Time: 4.6027 secs
Epoch: 274, Train Loss: 5.4737, Train RMSE: 11.7877, Train MAPE: 0.7517, Train WMAPE: 0.0306, 
Epoch: 274, Valid Loss: 10.6230, Valid RMSE: 42.1319, Valid MAPE: 2.2863, Valid WMAPE: 0.0610
No update
Iter: 000, Train Loss: 5.6610, Train RMSE: 12.0396, Train MAPE: 0.7445, Train WMAPE: 0.0314
Iter: 050, Train Loss: 5.4526, Train RMSE: 11.1285, Train MAPE: 0.5393, Train WMAPE: 0.0299
Epoch: 275, Training Time: 40.1139 secs
Epoch: 275, Inference Time: 5.7202 secs
Epoch: 275, Train Loss: 5.4729, Train RMSE: 11.8107, Train MAPE: 0.7562, Train WMAPE: 0.0306, 
Epoch: 275, Valid Loss: 10.6431, Valid RMSE: 42.1111, Valid MAPE: 1.7352, Valid WMAPE: 0.0611
No update
Iter: 000, Train Loss: 5.5404, Train RMSE: 11.9593, Train MAPE: 0.4606, Train WMAPE: 0.0308
Iter: 050, Train Loss: 5.5430, Train RMSE: 11.2447, Train MAPE: 0.5135, Train WMAPE: 0.0304
Epoch: 276, Training Time: 37.3510 secs
Epoch: 276, Inference Time: 5.2030 secs
Epoch: 276, Train Loss: 5.5128, Train RMSE: 11.8591, Train MAPE: 0.7554, Train WMAPE: 0.0308, 
Epoch: 276, Valid Loss: 10.6203, Valid RMSE: 42.1163, Valid MAPE: 1.7082, Valid WMAPE: 0.0610
No update
Iter: 000, Train Loss: 5.4543, Train RMSE: 11.7263, Train MAPE: 0.5555, Train WMAPE: 0.0303
Iter: 050, Train Loss: 5.4922, Train RMSE: 11.3298, Train MAPE: 0.5585, Train WMAPE: 0.0301
Epoch: 277, Training Time: 37.5943 secs
Epoch: 277, Inference Time: 5.1903 secs
Epoch: 277, Train Loss: 5.4592, Train RMSE: 11.7809, Train MAPE: 0.7376, Train WMAPE: 0.0305, 
Epoch: 277, Valid Loss: 10.6437, Valid RMSE: 41.9078, Valid MAPE: 2.2491, Valid WMAPE: 0.0611
No update
Iter: 000, Train Loss: 5.6714, Train RMSE: 12.1508, Train MAPE: 0.7584, Train WMAPE: 0.0315
Iter: 050, Train Loss: 5.3833, Train RMSE: 10.9670, Train MAPE: 0.4526, Train WMAPE: 0.0295
Epoch: 278, Training Time: 38.2087 secs
Epoch: 278, Inference Time: 5.5787 secs
Epoch: 278, Train Loss: 5.4514, Train RMSE: 11.7549, Train MAPE: 0.7533, Train WMAPE: 0.0305, 
Epoch: 278, Valid Loss: 10.5685, Valid RMSE: 42.2292, Valid MAPE: 1.9529, Valid WMAPE: 0.0607
No update
Iter: 000, Train Loss: 5.5034, Train RMSE: 11.7255, Train MAPE: 0.5836, Train WMAPE: 0.0306
Iter: 050, Train Loss: 5.3861, Train RMSE: 11.0995, Train MAPE: 0.4780, Train WMAPE: 0.0295
Epoch: 279, Training Time: 38.0914 secs
Epoch: 279, Inference Time: 5.8291 secs
Epoch: 279, Train Loss: 5.4561, Train RMSE: 11.7637, Train MAPE: 0.7355, Train WMAPE: 0.0305, 
Epoch: 279, Valid Loss: 10.7778, Valid RMSE: 42.1848, Valid MAPE: 3.0281, Valid WMAPE: 0.0619
No update
Iter: 000, Train Loss: 5.6859, Train RMSE: 11.9089, Train MAPE: 1.0262, Train WMAPE: 0.0316
Iter: 050, Train Loss: 5.4869, Train RMSE: 11.1489, Train MAPE: 0.6148, Train WMAPE: 0.0301
Epoch: 280, Training Time: 39.1190 secs
Epoch: 280, Inference Time: 5.5857 secs
Epoch: 280, Train Loss: 5.4665, Train RMSE: 11.7587, Train MAPE: 0.7458, Train WMAPE: 0.0306, 
Epoch: 280, Valid Loss: 10.6512, Valid RMSE: 42.2145, Valid MAPE: 2.0813, Valid WMAPE: 0.0612
No update
Iter: 000, Train Loss: 5.6373, Train RMSE: 11.9257, Train MAPE: 0.6060, Train WMAPE: 0.0313
Iter: 050, Train Loss: 5.3641, Train RMSE: 10.9914, Train MAPE: 0.5682, Train WMAPE: 0.0294
Epoch: 281, Training Time: 39.0951 secs
Epoch: 281, Inference Time: 5.3116 secs
Epoch: 281, Train Loss: 5.4271, Train RMSE: 11.6929, Train MAPE: 0.7511, Train WMAPE: 0.0303, 
Epoch: 281, Valid Loss: 10.5557, Valid RMSE: 41.8370, Valid MAPE: 1.6084, Valid WMAPE: 0.0606
No update
Iter: 000, Train Loss: 5.4144, Train RMSE: 11.6697, Train MAPE: 0.5027, Train WMAPE: 0.0301
Iter: 050, Train Loss: 5.4413, Train RMSE: 11.0691, Train MAPE: 0.5028, Train WMAPE: 0.0298
Epoch: 282, Training Time: 38.4915 secs
Epoch: 282, Inference Time: 5.8040 secs
Epoch: 282, Train Loss: 5.4130, Train RMSE: 11.6835, Train MAPE: 0.7357, Train WMAPE: 0.0303, 
Epoch: 282, Valid Loss: 10.6437, Valid RMSE: 41.8629, Valid MAPE: 1.9488, Valid WMAPE: 0.0611
No update
Iter: 000, Train Loss: 5.5023, Train RMSE: 11.7799, Train MAPE: 0.6119, Train WMAPE: 0.0305
Iter: 050, Train Loss: 5.5171, Train RMSE: 11.1746, Train MAPE: 0.4930, Train WMAPE: 0.0303
Epoch: 283, Training Time: 37.8749 secs
Epoch: 283, Inference Time: 5.4918 secs
Epoch: 283, Train Loss: 5.4496, Train RMSE: 11.7446, Train MAPE: 0.7469, Train WMAPE: 0.0305, 
Epoch: 283, Valid Loss: 10.7008, Valid RMSE: 41.7738, Valid MAPE: 2.3203, Valid WMAPE: 0.0614
No update
Iter: 000, Train Loss: 5.6506, Train RMSE: 11.9870, Train MAPE: 0.8045, Train WMAPE: 0.0314
Iter: 050, Train Loss: 5.3866, Train RMSE: 11.1393, Train MAPE: 0.4972, Train WMAPE: 0.0295
Epoch: 284, Training Time: 38.0937 secs
Epoch: 284, Inference Time: 5.2303 secs
Epoch: 284, Train Loss: 5.4283, Train RMSE: 11.7040, Train MAPE: 0.7427, Train WMAPE: 0.0304, 
Epoch: 284, Valid Loss: 10.7016, Valid RMSE: 41.6610, Valid MAPE: 2.1245, Valid WMAPE: 0.0615
No update
Iter: 000, Train Loss: 5.5679, Train RMSE: 11.7939, Train MAPE: 0.6106, Train WMAPE: 0.0309
Iter: 050, Train Loss: 5.3216, Train RMSE: 10.8222, Train MAPE: 0.5176, Train WMAPE: 0.0292
Epoch: 285, Training Time: 36.3241 secs
Epoch: 285, Inference Time: 6.3836 secs
Epoch: 285, Train Loss: 5.4175, Train RMSE: 11.6658, Train MAPE: 0.7092, Train WMAPE: 0.0303, 
Epoch: 285, Valid Loss: 10.5614, Valid RMSE: 41.7882, Valid MAPE: 1.9080, Valid WMAPE: 0.0606
No update
Iter: 000, Train Loss: 5.4985, Train RMSE: 11.8403, Train MAPE: 0.5505, Train WMAPE: 0.0305
Iter: 050, Train Loss: 5.4358, Train RMSE: 11.1760, Train MAPE: 0.4716, Train WMAPE: 0.0298
Epoch: 286, Training Time: 38.1721 secs
Epoch: 286, Inference Time: 6.1050 secs
Epoch: 286, Train Loss: 5.4262, Train RMSE: 11.6891, Train MAPE: 0.7341, Train WMAPE: 0.0303, 
Epoch: 286, Valid Loss: 10.6440, Valid RMSE: 41.5938, Valid MAPE: 2.2704, Valid WMAPE: 0.0611
No update
Iter: 000, Train Loss: 5.6580, Train RMSE: 11.9696, Train MAPE: 0.6643, Train WMAPE: 0.0314
Iter: 050, Train Loss: 5.4964, Train RMSE: 11.2673, Train MAPE: 0.4653, Train WMAPE: 0.0301
Epoch: 287, Training Time: 39.9975 secs
Epoch: 287, Inference Time: 5.0960 secs
Epoch: 287, Train Loss: 5.4413, Train RMSE: 11.7048, Train MAPE: 0.7418, Train WMAPE: 0.0304, 
Epoch: 287, Valid Loss: 10.6047, Valid RMSE: 41.7621, Valid MAPE: 2.0357, Valid WMAPE: 0.0609
No update
Iter: 000, Train Loss: 5.4872, Train RMSE: 11.7515, Train MAPE: 0.6430, Train WMAPE: 0.0305
Iter: 050, Train Loss: 5.4005, Train RMSE: 11.0035, Train MAPE: 0.6525, Train WMAPE: 0.0296
Epoch: 288, Training Time: 37.6152 secs
Epoch: 288, Inference Time: 5.1209 secs
Epoch: 288, Train Loss: 5.4141, Train RMSE: 11.6589, Train MAPE: 0.7368, Train WMAPE: 0.0303, 
Epoch: 288, Valid Loss: 10.5874, Valid RMSE: 41.7297, Valid MAPE: 1.7460, Valid WMAPE: 0.0608
No update
Iter: 000, Train Loss: 5.4274, Train RMSE: 11.6398, Train MAPE: 0.5114, Train WMAPE: 0.0301
Iter: 050, Train Loss: 5.4161, Train RMSE: 10.9687, Train MAPE: 0.6987, Train WMAPE: 0.0297
Epoch: 289, Training Time: 38.9912 secs
Epoch: 289, Inference Time: 5.7090 secs
Epoch: 289, Train Loss: 5.3906, Train RMSE: 11.6331, Train MAPE: 0.7483, Train WMAPE: 0.0301, 
Epoch: 289, Valid Loss: 10.7182, Valid RMSE: 41.7814, Valid MAPE: 2.1019, Valid WMAPE: 0.0615
No update
Iter: 000, Train Loss: 5.6246, Train RMSE: 11.9846, Train MAPE: 0.6004, Train WMAPE: 0.0312
Iter: 050, Train Loss: 5.3596, Train RMSE: 10.9977, Train MAPE: 0.4469, Train WMAPE: 0.0294
Epoch: 290, Training Time: 37.9926 secs
Epoch: 290, Inference Time: 5.1013 secs
Epoch: 290, Train Loss: 5.4040, Train RMSE: 11.6268, Train MAPE: 0.7185, Train WMAPE: 0.0302, 
Epoch: 290, Valid Loss: 10.9966, Valid RMSE: 42.2999, Valid MAPE: 1.8247, Valid WMAPE: 0.0632
No update
Iter: 000, Train Loss: 6.0666, Train RMSE: 13.8148, Train MAPE: 0.5056, Train WMAPE: 0.0337
Iter: 050, Train Loss: 5.3759, Train RMSE: 11.2572, Train MAPE: 0.4319, Train WMAPE: 0.0295
Epoch: 291, Training Time: 38.9614 secs
Epoch: 291, Inference Time: 5.4109 secs
Epoch: 291, Train Loss: 5.4447, Train RMSE: 11.7222, Train MAPE: 0.7110, Train WMAPE: 0.0304, 
Epoch: 291, Valid Loss: 10.6344, Valid RMSE: 41.8668, Valid MAPE: 2.1311, Valid WMAPE: 0.0611
No update
Iter: 000, Train Loss: 5.5507, Train RMSE: 11.7212, Train MAPE: 0.6087, Train WMAPE: 0.0308
Iter: 050, Train Loss: 5.4401, Train RMSE: 11.0449, Train MAPE: 0.4905, Train WMAPE: 0.0298
Epoch: 292, Training Time: 38.8295 secs
Epoch: 292, Inference Time: 5.7711 secs
Epoch: 292, Train Loss: 5.4304, Train RMSE: 11.7025, Train MAPE: 0.7335, Train WMAPE: 0.0304, 
Epoch: 292, Valid Loss: 10.8161, Valid RMSE: 41.9581, Valid MAPE: 1.8874, Valid WMAPE: 0.0621
No update
Iter: 000, Train Loss: 5.9082, Train RMSE: 12.3508, Train MAPE: 0.5582, Train WMAPE: 0.0328
Iter: 050, Train Loss: 5.4103, Train RMSE: 10.9220, Train MAPE: 0.4578, Train WMAPE: 0.0297
Epoch: 293, Training Time: 39.4725 secs
Epoch: 293, Inference Time: 5.8061 secs
Epoch: 293, Train Loss: 5.5432, Train RMSE: 11.8402, Train MAPE: 0.8803, Train WMAPE: 0.0310, 
Epoch: 293, Valid Loss: 10.6146, Valid RMSE: 41.4423, Valid MAPE: 2.0626, Valid WMAPE: 0.0610
No update
Iter: 000, Train Loss: 5.4861, Train RMSE: 11.7306, Train MAPE: 0.6088, Train WMAPE: 0.0305
Iter: 050, Train Loss: 5.3607, Train RMSE: 11.0256, Train MAPE: 0.4908, Train WMAPE: 0.0294
Epoch: 294, Training Time: 39.3729 secs
Epoch: 294, Inference Time: 5.0099 secs
Epoch: 294, Train Loss: 5.4111, Train RMSE: 11.6629, Train MAPE: 0.7370, Train WMAPE: 0.0303, 
Epoch: 294, Valid Loss: 10.5212, Valid RMSE: 41.3743, Valid MAPE: 2.0536, Valid WMAPE: 0.0604
###Update tasks appear###
Evaluate best model on test data for horizon 1, Test MAE: 9.1137, Test RMSE: 60.6825, Test MAPE: 7.3542, Test WMAPE: 0.0529
Evaluate best model on test data for horizon 2, Test MAE: 10.2553, Test RMSE: 56.7442, Test MAPE: 11.2432, Test WMAPE: 0.0595
Evaluate best model on test data for horizon 3, Test MAE: 10.5107, Test RMSE: 46.2285, Test MAPE: 14.1613, Test WMAPE: 0.0610
Evaluate best model on test data for horizon 4, Test MAE: 11.8080, Test RMSE: 51.7884, Test MAPE: 16.3649, Test WMAPE: 0.0686
Evaluate best model on test data for horizon 5, Test MAE: 12.8998, Test RMSE: 55.2449, Test MAPE: 18.1666, Test WMAPE: 0.0750
Evaluate best model on test data for horizon 6, Test MAE: 13.0475, Test RMSE: 49.3582, Test MAPE: 18.4268, Test WMAPE: 0.0758
Evaluate best model on test data for horizon 7, Test MAE: 13.8052, Test RMSE: 51.4283, Test MAPE: 18.6122, Test WMAPE: 0.0803
Evaluate best model on test data for horizon 8, Test MAE: 14.4578, Test RMSE: 54.0130, Test MAPE: 19.3480, Test WMAPE: 0.0841
Evaluate best model on test data for horizon 9, Test MAE: 14.7040, Test RMSE: 53.3187, Test MAPE: 19.3826, Test WMAPE: 0.0855
Evaluate best model on test data for horizon 10, Test MAE: 14.6145, Test RMSE: 49.7988, Test MAPE: 19.4629, Test WMAPE: 0.0850
Evaluate best model on test data for horizon 11, Test MAE: 15.2621, Test RMSE: 54.7060, Test MAPE: 19.9377, Test WMAPE: 0.0888
Evaluate best model on test data for horizon 12, Test MAE: 15.4356, Test RMSE: 55.2824, Test MAPE: 19.6651, Test WMAPE: 0.0898
On average over 12 horizons, Test MAE: 12.9928, Test RMSE: 53.2162, Test MAPE: 16.8438, Test WMAPE: 0.0755
Test low! Updating! Test Loss: 12.99284831682841, Test low! Updating! Valid Loss: 10.52115900175912, epoch:  294
Iter: 000, Train Loss: 5.4051, Train RMSE: 11.5049, Train MAPE: 0.5986, Train WMAPE: 0.0300
Iter: 050, Train Loss: 5.4231, Train RMSE: 11.0622, Train MAPE: 0.6083, Train WMAPE: 0.0297
Epoch: 295, Training Time: 38.8774 secs
Epoch: 295, Inference Time: 6.1021 secs
Epoch: 295, Train Loss: 5.4016, Train RMSE: 11.6528, Train MAPE: 0.7402, Train WMAPE: 0.0302, 
Epoch: 295, Valid Loss: 10.6296, Valid RMSE: 41.1097, Valid MAPE: 2.0917, Valid WMAPE: 0.0610
No update
Iter: 000, Train Loss: 5.4999, Train RMSE: 11.7746, Train MAPE: 0.6439, Train WMAPE: 0.0305
Iter: 050, Train Loss: 5.3526, Train RMSE: 10.9360, Train MAPE: 0.3344, Train WMAPE: 0.0294
Epoch: 296, Training Time: 38.7796 secs
Epoch: 296, Inference Time: 6.2153 secs
Epoch: 296, Train Loss: 5.3799, Train RMSE: 11.6019, Train MAPE: 0.7073, Train WMAPE: 0.0301, 
Epoch: 296, Valid Loss: 10.5963, Valid RMSE: 41.3817, Valid MAPE: 2.4679, Valid WMAPE: 0.0608
No update
Iter: 000, Train Loss: 5.5609, Train RMSE: 11.8419, Train MAPE: 0.7645, Train WMAPE: 0.0309
Iter: 050, Train Loss: 5.3757, Train RMSE: 10.9885, Train MAPE: 0.4098, Train WMAPE: 0.0295
Epoch: 297, Training Time: 38.5726 secs
Epoch: 297, Inference Time: 5.5205 secs
Epoch: 297, Train Loss: 5.3871, Train RMSE: 11.5883, Train MAPE: 0.7867, Train WMAPE: 0.0301, 
Epoch: 297, Valid Loss: 10.6266, Valid RMSE: 41.5777, Valid MAPE: 2.2858, Valid WMAPE: 0.0610
No update
Iter: 000, Train Loss: 5.5290, Train RMSE: 11.6295, Train MAPE: 0.7380, Train WMAPE: 0.0307
Iter: 050, Train Loss: 5.3257, Train RMSE: 10.9126, Train MAPE: 0.3960, Train WMAPE: 0.0292
Epoch: 298, Training Time: 41.8972 secs
Epoch: 298, Inference Time: 5.6681 secs
Epoch: 298, Train Loss: 5.4085, Train RMSE: 11.5356, Train MAPE: 0.9585, Train WMAPE: 0.0302, 
Epoch: 298, Valid Loss: 10.5700, Valid RMSE: 41.3716, Valid MAPE: 2.0393, Valid WMAPE: 0.0607
No update
Iter: 000, Train Loss: 5.4736, Train RMSE: 11.6637, Train MAPE: 0.6692, Train WMAPE: 0.0304
Iter: 050, Train Loss: 5.3815, Train RMSE: 10.8472, Train MAPE: 0.9412, Train WMAPE: 0.0295
Epoch: 299, Training Time: 39.0887 secs
Epoch: 299, Inference Time: 5.8294 secs
Epoch: 299, Train Loss: 5.3894, Train RMSE: 11.5121, Train MAPE: 0.9724, Train WMAPE: 0.0301, 
Epoch: 299, Valid Loss: 10.5374, Valid RMSE: 41.3041, Valid MAPE: 2.0177, Valid WMAPE: 0.0605
No update
Iter: 000, Train Loss: 5.4100, Train RMSE: 11.6671, Train MAPE: 0.5902, Train WMAPE: 0.0300
Iter: 050, Train Loss: 5.3783, Train RMSE: 10.9009, Train MAPE: 0.4925, Train WMAPE: 0.0295
Epoch: 300, Training Time: 37.3655 secs
Epoch: 300, Inference Time: 6.1058 secs
Epoch: 300, Train Loss: 5.3729, Train RMSE: 11.5765, Train MAPE: 0.6864, Train WMAPE: 0.0300, 
Epoch: 300, Valid Loss: 10.5521, Valid RMSE: 41.4560, Valid MAPE: 1.5671, Valid WMAPE: 0.0606
No update
Average Training Time: 38.5562 secs/epoch
Average Inference Time: 5.7111 secs
Training ends
The epoch of the best result： 294
The valid loss of the best model 10.5212
Evaluate best model on test data for horizon 1, Test MAE: 9.1137, Test RMSE: 60.6825, Test MAPE: 7.3542, Test WMAPE: 0.0529
Evaluate best model on test data for horizon 2, Test MAE: 10.2553, Test RMSE: 56.7442, Test MAPE: 11.2432, Test WMAPE: 0.0595
Evaluate best model on test data for horizon 3, Test MAE: 10.5107, Test RMSE: 46.2285, Test MAPE: 14.1613, Test WMAPE: 0.0610
Evaluate best model on test data for horizon 4, Test MAE: 11.8080, Test RMSE: 51.7884, Test MAPE: 16.3649, Test WMAPE: 0.0686
Evaluate best model on test data for horizon 5, Test MAE: 12.8998, Test RMSE: 55.2449, Test MAPE: 18.1666, Test WMAPE: 0.0750
Evaluate best model on test data for horizon 6, Test MAE: 13.0475, Test RMSE: 49.3582, Test MAPE: 18.4268, Test WMAPE: 0.0758
Evaluate best model on test data for horizon 7, Test MAE: 13.8052, Test RMSE: 51.4283, Test MAPE: 18.6122, Test WMAPE: 0.0803
Evaluate best model on test data for horizon 8, Test MAE: 14.4578, Test RMSE: 54.0130, Test MAPE: 19.3480, Test WMAPE: 0.0841
Evaluate best model on test data for horizon 9, Test MAE: 14.7040, Test RMSE: 53.3187, Test MAPE: 19.3826, Test WMAPE: 0.0855
Evaluate best model on test data for horizon 10, Test MAE: 14.6145, Test RMSE: 49.7988, Test MAPE: 19.4629, Test WMAPE: 0.0850
Evaluate best model on test data for horizon 11, Test MAE: 15.2621, Test RMSE: 54.7060, Test MAPE: 19.9377, Test WMAPE: 0.0888
Evaluate best model on test data for horizon 12, Test MAE: 15.4356, Test RMSE: 55.2824, Test MAPE: 19.6651, Test WMAPE: 0.0898
On average over 12 horizons, Test MAE: 12.9928, Test RMSE: 53.2162, Test MAPE: 16.8438, Test WMAPE: 0.0755
Total time spent: 13420.9114
t data for horizon 3, Test MAE: 10.4099, Test RMSE: 45.2086, Test MAPE: 14.3294, Test WMAPE: 0.0605
Evaluate best model on test data for horizon 4, Test MAE: 11.8746, Test RMSE: 52.2356, Test MAPE: 16.6927, Test WMAPE: 0.0690
Evaluate best model on test data for horizon 5, Test MAE: 12.9922, Test RMSE: 56.0926, Test MAPE: 17.8382, Test WMAPE: 0.0755
Evaluate best model on test data for horizon 6, Test MAE: 13.2486, Test RMSE: 50.5822, Test MAPE: 18.3121, Test WMAPE: 0.0770
Evaluate best model on test data for horizon 7, Test MAE: 14.0036, Test RMSE: 52.3781, Test MAPE: 18.6236, Test WMAPE: 0.0814
Evaluate best model on test data for horizon 8, Test MAE: 14.8042, Test RMSE: 56.0906, Test MAPE: 19.1676, Test WMAPE: 0.0861
Evaluate best model on test data for horizon 9, Test MAE: 15.2246, Test RMSE: 56.0857, Test MAPE: 19.7231, Test WMAPE: 0.0885
Evaluate best model on test data for horizon 10, Test MAE: 15.1698, Test RMSE: 52.1887, Test MAPE: 19.7101, Test WMAPE: 0.0882
Evaluate best model on test data for horizon 11, Test MAE: 15.8192, Test RMSE: 57.0513, Test MAPE: 20.2650, Test WMAPE: 0.0920
Evaluate best model on test data for horizon 12, Test MAE: 16.0349, Test RMSE: 57.0335, Test MAPE: 20.7082, Test WMAPE: 0.0933
On average over 12 horizons, Test MAE: 13.2400, Test RMSE: 54.2507, Test MAPE: 16.9191, Test WMAPE: 0.0770
No update
Iter: 000, Train Loss: 5.5995, Train RMSE: 11.9229, Train MAPE: 0.6256, Train WMAPE: 0.0311
Iter: 050, Train Loss: 5.5056, Train RMSE: 11.2217, Train MAPE: 0.5188, Train WMAPE: 0.0302
Epoch: 263, Training Time: 39.8040 secs
Epoch: 263, Inference Time: 5.3164 secs
Epoch: 263, Train Loss: 5.4994, Train RMSE: 11.8695, Train MAPE: 0.7541, Train WMAPE: 0.0307, 
Epoch: 263, Valid Loss: 10.7481, Valid RMSE: 43.1378, Valid MAPE: 2.9292, Valid WMAPE: 0.0617
No update
Iter: 000, Train Loss: 5.7082, Train RMSE: 12.0421, Train MAPE: 0.9674, Train WMAPE: 0.0317
Iter: 050, Train Loss: 5.5684, Train RMSE: 11.3853, Train MAPE: 0.4402, Train WMAPE: 0.0305
Epoch: 264, Training Time: 39.2267 secs
Epoch: 264, Inference Time: 6.0959 secs
Epoch: 264, Train Loss: 5.5237, Train RMSE: 11.9019, Train MAPE: 0.7809, Train WMAPE: 0.0309, 
Epoch: 264, Valid Loss: 10.6495, Valid RMSE: 43.5544, Valid MAPE: 1.7038, Valid WMAPE: 0.0612
###Update tasks appear###
Evaluate best model on test data for horizon 1, Test MAE: 8.9860, Test RMSE: 59.9322, Test MAPE: 6.6127, Test WMAPE: 0.0522
Evaluate best model on test data for horizon 2, Test MAE: 10.1587, Test RMSE: 56.3374, Test MAPE: 10.7374, Test WMAPE: 0.0590
Evaluate best model on test data for horizon 3, Test MAE: 10.3821, Test RMSE: 45.3843, Test MAPE: 14.3141, Test WMAPE: 0.0603
Evaluate best model on test data for horizon 4, Test MAE: 11.8814, Test RMSE: 52.6267, Test MAPE: 16.8086, Test WMAPE: 0.0690
Evaluate best model on test data for horizon 5, Test MAE: 12.9797, Test RMSE: 56.3904, Test MAPE: 18.0021, Test WMAPE: 0.0754
Evaluate best model on test data for horizon 6, Test MAE: 13.2720, Test RMSE: 50.9921, Test MAPE: 18.5655, Test WMAPE: 0.0771
Evaluate best model on test data for horizon 7, Test MAE: 14.0880, Test RMSE: 53.1171, Test MAPE: 18.8948, Test WMAPE: 0.0819
Evaluate best model on test data for horizon 8, Test MAE: 14.9147, Test RMSE: 56.7564, Test MAPE: 19.2966, Test WMAPE: 0.0867
Evaluate best model on test data for horizon 9, Test MAE: 15.3777, Test RMSE: 56.7675, Test MAPE: 19.7861, Test WMAPE: 0.0894
Evaluate best model on test data for horizon 10, Test MAE: 15.3705, Test RMSE: 53.0667, Test MAPE: 20.0078, Test WMAPE: 0.0894
Evaluate best model on test data for horizon 11, Test MAE: 16.0671, Test RMSE: 58.1357, Test MAPE: 20.2767, Test WMAPE: 0.0935
Evaluate best model on test data for horizon 12, Test MAE: 16.3513, Test RMSE: 58.0867, Test MAPE: 20.8397, Test WMAPE: 0.0951
On average over 12 horizons, Test MAE: 13.3191, Test RMSE: 54.7994, Test MAPE: 17.0119, Test WMAPE: 0.0774
No update
Iter: 000, Train Loss: 5.5441, Train RMSE: 11.8128, Train MAPE: 0.4791, Train WMAPE: 0.0308
Iter: 050, Train Loss: 5.4913, Train RMSE: 11.1496, Train MAPE: 0.6072, Train WMAPE: 0.0301
Epoch: 265, Training Time: 40.5101 secs
Epoch: 265, Inference Time: 5.4618 secs
Epoch: 265, Train Loss: 5.4958, Train RMSE: 11.8415, Train MAPE: 0.7388, Train WMAPE: 0.0307, 
Epoch: 265, Valid Loss: 10.7379, Valid RMSE: 43.4623, Valid MAPE: 2.5070, Valid WMAPE: 0.0617
No update
Iter: 000, Train Loss: 5.6691, Train RMSE: 12.0600, Train MAPE: 0.7972, Train WMAPE: 0.0315
Iter: 050, Train Loss: 5.4519, Train RMSE: 11.0384, Train MAPE: 0.5265, Train WMAPE: 0.0299
Epoch: 266, Training Time: 39.0053 secs
Epoch: 266, Inference Time: 6.1681 secs
Epoch: 266, Train Loss: 5.5126, Train RMSE: 11.8831, Train MAPE: 0.7412, Train WMAPE: 0.0308, 
Epoch: 266, Valid Loss: 10.7402, Valid RMSE: 43.5245, Valid MAPE: 2.2863, Valid WMAPE: 0.0617
No update
Iter: 000, Train Loss: 5.6400, Train RMSE: 11.9816, Train MAPE: 0.6857, Train WMAPE: 0.0313
Iter: 050, Train Loss: 5.4190, Train RMSE: 10.9469, Train MAPE: 0.5514, Train WMAPE: 0.0297
Epoch: 267, Training Time: 39.9734 secs
Epoch: 267, Inference Time: 4.9335 secs
Epoch: 267, Train Loss: 5.4711, Train RMSE: 11.8017, Train MAPE: 0.7656, Train WMAPE: 0.0306, 
Epoch: 267, Valid Loss: 10.7627, Valid RMSE: 43.3186, Valid MAPE: 2.6215, Valid WMAPE: 0.0618
No update
Iter: 000, Train Loss: 5.6275, Train RMSE: 11.9703, Train MAPE: 0.7657, Train WMAPE: 0.0312
Iter: 050, Train Loss: 5.4654, Train RMSE: 10.9632, Train MAPE: 0.7319, Train WMAPE: 0.0300
Epoch: 268, Training Time: 39.2899 secs
Epoch: 268, Inference Time: 5.6992 secs
Epoch: 268, Train Loss: 5.4727, Train RMSE: 11.8168, Train MAPE: 0.8090, Train WMAPE: 0.0306, 
Epoch: 268, Valid Loss: 10.7048, Valid RMSE: 43.4797, Valid MAPE: 2.4531, Valid WMAPE: 0.0615
###Update tasks appear###
Evaluate best model on test data for horizon 1, Test MAE: 9.0618, Test RMSE: 59.9544, Test MAPE: 6.5614, Test WMAPE: 0.0526
Evaluate best model on test data for horizon 2, Test MAE: 10.2695, Test RMSE: 56.4781, Test MAPE: 10.8013, Test WMAPE: 0.0596
Evaluate best model on test data for horizon 3, Test MAE: 10.5970, Test RMSE: 45.7883, Test MAPE: 14.6374, Test WMAPE: 0.0615
Evaluate best model on test data for horizon 4, Test MAE: 12.0957, Test RMSE: 52.7774, Test MAPE: 17.5190, Test WMAPE: 0.0703
Evaluate best model on test data for horizon 5, Test MAE: 13.1707, Test RMSE: 56.5108, Test MAPE: 18.2996, Test WMAPE: 0.0765
Evaluate best model on test data for horizon 6, Test MAE: 13.5071, Test RMSE: 51.0410, Test MAPE: 19.0966, Test WMAPE: 0.0785
Evaluate best model on test data for horizon 7, Test MAE: 14.2526, Test RMSE: 52.9246, Test MAPE: 19.0759, Test WMAPE: 0.0829
Evaluate best model on test data for horizon 8, Test MAE: 15.0684, Test RMSE: 56.6190, Test MAPE: 19.5481, Test WMAPE: 0.0876
Evaluate best model on test data for horizon 9, Test MAE: 15.5546, Test RMSE: 56.5802, Test MAPE: 20.2418, Test WMAPE: 0.0905
Evaluate best model on test data for horizon 10, Test MAE: 15.5191, Test RMSE: 53.0245, Test MAPE: 20.2374, Test WMAPE: 0.0903
Evaluate best model on test data for horizon 11, Test MAE: 16.1944, Test RMSE: 57.8560, Test MAPE: 20.4821, Test WMAPE: 0.0942
Evaluate best model on test data for horizon 12, Test MAE: 16.3376, Test RMSE: 57.5449, Test MAPE: 20.9034, Test WMAPE: 0.0950
On average over 12 horizons, Test MAE: 13.4690, Test RMSE: 54.7583, Test MAPE: 17.2837, Test WMAPE: 0.0783
No update
Iter: 000, Train Loss: 5.5926, Train RMSE: 11.8589, Train MAPE: 0.7101, Train WMAPE: 0.0310
Iter: 050, Train Loss: 5.4882, Train RMSE: 11.1936, Train MAPE: 0.4625, Train WMAPE: 0.0301
Epoch: 269, Training Time: 43.0341 secs
Epoch: 269, Inference Time: 6.3941 secs
Epoch: 269, Train Loss: 5.4636, Train RMSE: 11.7963, Train MAPE: 0.7589, Train WMAPE: 0.0305, 
Epoch: 269, Valid Loss: 10.7433, Valid RMSE: 43.4673, Valid MAPE: 2.7222, Valid WMAPE: 0.0617
No update
Iter: 000, Train Loss: 5.5826, Train RMSE: 11.8209, Train MAPE: 0.8185, Train WMAPE: 0.0310
Iter: 050, Train Loss: 5.5040, Train RMSE: 11.2684, Train MAPE: 0.5584, Train WMAPE: 0.0302
Epoch: 270, Training Time: 41.6143 secs
Epoch: 270, Inference Time: 6.2772 secs
Epoch: 270, Train Loss: 5.4590, Train RMSE: 11.7575, Train MAPE: 0.7542, Train WMAPE: 0.0305, 
Epoch: 270, Valid Loss: 10.7752, Valid RMSE: 43.5841, Valid MAPE: 1.8986, Valid WMAPE: 0.0619
No update
Iter: 000, Train Loss: 5.5309, Train RMSE: 11.7389, Train MAPE: 0.4858, Train WMAPE: 0.0307
Iter: 050, Train Loss: 5.4239, Train RMSE: 10.8236, Train MAPE: 0.7215, Train WMAPE: 0.0297
Epoch: 271, Training Time: 42.8014 secs
Epoch: 271, Inference Time: 7.0845 secs
Epoch: 271, Train Loss: 5.4905, Train RMSE: 11.8140, Train MAPE: 0.7342, Train WMAPE: 0.0307, 
Epoch: 271, Valid Loss: 10.7827, Valid RMSE: 43.4830, Valid MAPE: 3.2456, Valid WMAPE: 0.0619
No update
Iter: 000, Train Loss: 5.7813, Train RMSE: 12.1029, Train MAPE: 1.0936, Train WMAPE: 0.0321
Iter: 050, Train Loss: 5.3445, Train RMSE: 10.9457, Train MAPE: 0.4544, Train WMAPE: 0.0293
Epoch: 272, Training Time: 40.6919 secs
Epoch: 272, Inference Time: 6.9818 secs
Epoch: 272, Train Loss: 5.4552, Train RMSE: 11.7509, Train MAPE: 0.8127, Train WMAPE: 0.0305, 
Epoch: 272, Valid Loss: 10.6320, Valid RMSE: 43.1124, Valid MAPE: 2.3668, Valid WMAPE: 0.0611
###Update tasks appear###
Evaluate best model on test data for horizon 1, Test MAE: 9.0667, Test RMSE: 59.7512, Test MAPE: 6.8011, Test WMAPE: 0.0526
Evaluate best model on test data for horizon 2, Test MAE: 10.2630, Test RMSE: 56.0687, Test MAPE: 11.3562, Test WMAPE: 0.0596
Evaluate best model on test data for horizon 3, Test MAE: 10.5135, Test RMSE: 45.3070, Test MAPE: 14.8163, Test WMAPE: 0.0611
Evaluate best model on test data for horizon 4, Test MAE: 11.9883, Test RMSE: 52.2176, Test MAPE: 17.6646, Test WMAPE: 0.0697
Evaluate best model on test data for horizon 5, Test MAE: 13.1043, Test RMSE: 56.1006, Test MAPE: 18.7161, Test WMAPE: 0.0761
Evaluate best model on test data for horizon 6, Test MAE: 13.3788, Test RMSE: 50.7240, Test MAPE: 18.8813, Test WMAPE: 0.0778
Evaluate best model on test data for horizon 7, Test MAE: 14.1654, Test RMSE: 52.6227, Test MAPE: 19.4218, Test WMAPE: 0.0824
Evaluate best model on test data for horizon 8, Test MAE: 14.9436, Test RMSE: 56.2779, Test MAPE: 19.3111, Test WMAPE: 0.0869
Evaluate best model on test data for horizon 9, Test MAE: 15.3258, Test RMSE: 56.2057, Test MAPE: 19.7248, Test WMAPE: 0.0891
Evaluate best model on test data for horizon 10, Test MAE: 15.2215, Test RMSE: 52.6532, Test MAPE: 19.8178, Test WMAPE: 0.0885
Evaluate best model on test data for horizon 11, Test MAE: 15.7838, Test RMSE: 57.1947, Test MAPE: 19.9005, Test WMAPE: 0.0918
Evaluate best model on test data for horizon 12, Test MAE: 15.9129, Test RMSE: 57.0476, Test MAPE: 20.7582, Test WMAPE: 0.0926
On average over 12 horizons, Test MAE: 13.3056, Test RMSE: 54.3476, Test MAPE: 17.2641, Test WMAPE: 0.0773
No update
Iter: 000, Train Loss: 5.5412, Train RMSE: 11.9153, Train MAPE: 0.6714, Train WMAPE: 0.0308
Iter: 050, Train Loss: 5.3168, Train RMSE: 10.9151, Train MAPE: 0.4802, Train WMAPE: 0.0292
Epoch: 273, Training Time: 40.4828 secs
Epoch: 273, Inference Time: 5.8073 secs
Epoch: 273, Train Loss: 5.4269, Train RMSE: 11.7134, Train MAPE: 0.7428, Train WMAPE: 0.0303, 
Epoch: 273, Valid Loss: 10.9151, Valid RMSE: 43.7740, Valid MAPE: 1.9204, Valid WMAPE: 0.0627
No update
Iter: 000, Train Loss: 5.9828, Train RMSE: 13.5371, Train MAPE: 0.5217, Train WMAPE: 0.0332
Iter: 050, Train Loss: 5.3933, Train RMSE: 10.8913, Train MAPE: 0.4774, Train WMAPE: 0.0296
Epoch: 274, Training Time: 40.9855 secs
Epoch: 274, Inference Time: 5.2847 secs
Epoch: 274, Train Loss: 5.4559, Train RMSE: 11.7644, Train MAPE: 0.7468, Train WMAPE: 0.0305, 
Epoch: 274, Valid Loss: 10.8509, Valid RMSE: 43.3691, Valid MAPE: 2.2967, Valid WMAPE: 0.0623
No update
Iter: 000, Train Loss: 5.7437, Train RMSE: 11.9692, Train MAPE: 0.6322, Train WMAPE: 0.0319
Iter: 050, Train Loss: 5.4239, Train RMSE: 11.1445, Train MAPE: 0.6077, Train WMAPE: 0.0297
Epoch: 275, Training Time: 38.3098 secs
Epoch: 275, Inference Time: 5.0852 secs
Epoch: 275, Train Loss: 5.4590, Train RMSE: 11.7642, Train MAPE: 0.7817, Train WMAPE: 0.0305, 
Epoch: 275, Valid Loss: 10.6120, Valid RMSE: 43.4408, Valid MAPE: 1.7201, Valid WMAPE: 0.0609
###Update tasks appear###
Evaluate best model on test data for horizon 1, Test MAE: 8.9844, Test RMSE: 59.8836, Test MAPE: 6.5067, Test WMAPE: 0.0522
Evaluate best model on test data for horizon 2, Test MAE: 10.1841, Test RMSE: 56.2877, Test MAPE: 10.7376, Test WMAPE: 0.0591
Evaluate best model on test data for horizon 3, Test MAE: 10.3979, Test RMSE: 45.3901, Test MAPE: 14.3134, Test WMAPE: 0.0604
Evaluate best model on test data for horizon 4, Test MAE: 11.8959, Test RMSE: 52.4574, Test MAPE: 16.8617, Test WMAPE: 0.0691
Evaluate best model on test data for horizon 5, Test MAE: 13.0149, Test RMSE: 56.2534, Test MAPE: 18.0388, Test WMAPE: 0.0756
Evaluate best model on test data for horizon 6, Test MAE: 13.3247, Test RMSE: 50.9174, Test MAPE: 18.5321, Test WMAPE: 0.0774
Evaluate best model on test data for horizon 7, Test MAE: 14.1214, Test RMSE: 52.9070, Test MAPE: 18.9878, Test WMAPE: 0.0821
Evaluate best model on test data for horizon 8, Test MAE: 14.9295, Test RMSE: 56.7540, Test MAPE: 19.3296, Test WMAPE: 0.0868
Evaluate best model on test data for horizon 9, Test MAE: 15.3404, Test RMSE: 56.6455, Test MAPE: 19.8000, Test WMAPE: 0.0892
Evaluate best model on test data for horizon 10, Test MAE: 15.2637, Test RMSE: 53.0027, Test MAPE: 19.8199, Test WMAPE: 0.0888
Evaluate best model on test data for horizon 11, Test MAE: 15.9089, Test RMSE: 58.0593, Test MAPE: 19.9709, Test WMAPE: 0.0925
Evaluate best model on test data for horizon 12, Test MAE: 16.0037, Test RMSE: 57.6293, Test MAPE: 20.4558, Test WMAPE: 0.0931
On average over 12 horizons, Test MAE: 13.2808, Test RMSE: 54.6823, Test MAPE: 16.9462, Test WMAPE: 0.0772
No update
Iter: 000, Train Loss: 5.6689, Train RMSE: 11.9479, Train MAPE: 0.4654, Train WMAPE: 0.0315
Iter: 050, Train Loss: 5.3745, Train RMSE: 11.0920, Train MAPE: 0.4876, Train WMAPE: 0.0295
Epoch: 276, Training Time: 39.2802 secs
Epoch: 276, Inference Time: 6.6950 secs
Epoch: 276, Train Loss: 5.4401, Train RMSE: 11.7425, Train MAPE: 0.7335, Train WMAPE: 0.0304, 
Epoch: 276, Valid Loss: 10.7707, Valid RMSE: 43.4659, Valid MAPE: 2.5211, Valid WMAPE: 0.0618
No update
Iter: 000, Train Loss: 5.5253, Train RMSE: 11.7754, Train MAPE: 0.6951, Train WMAPE: 0.0307
Iter: 050, Train Loss: 5.4366, Train RMSE: 10.9989, Train MAPE: 0.6119, Train WMAPE: 0.0298
Epoch: 277, Training Time: 40.8808 secs
Epoch: 277, Inference Time: 5.8893 secs
Epoch: 277, Train Loss: 5.4479, Train RMSE: 11.7290, Train MAPE: 0.7364, Train WMAPE: 0.0305, 
Epoch: 277, Valid Loss: 10.7320, Valid RMSE: 43.3086, Valid MAPE: 2.4173, Valid WMAPE: 0.0616
No update
Iter: 000, Train Loss: 5.6088, Train RMSE: 12.0167, Train MAPE: 0.6848, Train WMAPE: 0.0311
Iter: 050, Train Loss: 5.3873, Train RMSE: 10.9670, Train MAPE: 0.5754, Train WMAPE: 0.0295
Epoch: 278, Training Time: 39.0848 secs
Epoch: 278, Inference Time: 6.2867 secs
Epoch: 278, Train Loss: 5.4526, Train RMSE: 11.7651, Train MAPE: 0.7194, Train WMAPE: 0.0305, 
Epoch: 278, Valid Loss: 10.6660, Valid RMSE: 43.3863, Valid MAPE: 1.9834, Valid WMAPE: 0.0612
###Update tasks appear###
Evaluate best model on test data for horizon 1, Test MAE: 9.1099, Test RMSE: 59.8073, Test MAPE: 6.7353, Test WMAPE: 0.0529
Evaluate best model on test data for horizon 2, Test MAE: 10.2414, Test RMSE: 56.2390, Test MAPE: 10.9679, Test WMAPE: 0.0595
Evaluate best model on test data for horizon 3, Test MAE: 10.5167, Test RMSE: 45.3445, Test MAPE: 14.6490, Test WMAPE: 0.0611
Evaluate best model on test data for horizon 4, Test MAE: 11.9847, Test RMSE: 52.3173, Test MAPE: 17.0092, Test WMAPE: 0.0696
Evaluate best model on test data for horizon 5, Test MAE: 13.1989, Test RMSE: 56.1627, Test MAPE: 18.1199, Test WMAPE: 0.0767
Evaluate best model on test data for horizon 6, Test MAE: 13.5126, Test RMSE: 50.9145, Test MAPE: 18.7009, Test WMAPE: 0.0785
Evaluate best model on test data for horizon 7, Test MAE: 14.3262, Test RMSE: 52.9552, Test MAPE: 19.0125, Test WMAPE: 0.0833
Evaluate best model on test data for horizon 8, Test MAE: 15.1855, Test RMSE: 56.8748, Test MAPE: 19.4708, Test WMAPE: 0.0883
Evaluate best model on test data for horizon 9, Test MAE: 15.6481, Test RMSE: 56.8910, Test MAPE: 19.9779, Test WMAPE: 0.0910
Evaluate best model on test data for horizon 10, Test MAE: 15.6607, Test RMSE: 53.5727, Test MAPE: 19.8875, Test WMAPE: 0.0911
Evaluate best model on test data for horizon 11, Test MAE: 16.4134, Test RMSE: 58.3414, Test MAPE: 20.1828, Test WMAPE: 0.0955
Evaluate best model on test data for horizon 12, Test MAE: 16.5475, Test RMSE: 58.0438, Test MAPE: 20.8809, Test WMAPE: 0.0963
On average over 12 horizons, Test MAE: 13.5288, Test RMSE: 54.7887, Test MAPE: 17.1329, Test WMAPE: 0.0786
No update
Iter: 000, Train Loss: 5.5282, Train RMSE: 11.7948, Train MAPE: 0.5314, Train WMAPE: 0.0307
Iter: 050, Train Loss: 5.2993, Train RMSE: 10.8490, Train MAPE: 0.3988, Train WMAPE: 0.0291
Epoch: 279, Training Time: 39.8097 secs
Epoch: 279, Inference Time: 5.5935 secs
Epoch: 279, Train Loss: 5.4296, Train RMSE: 11.7275, Train MAPE: 0.7479, Train WMAPE: 0.0304, 
Epoch: 279, Valid Loss: 10.8902, Valid RMSE: 43.7044, Valid MAPE: 2.5494, Valid WMAPE: 0.0625
No update
Iter: 000, Train Loss: 5.6374, Train RMSE: 11.9646, Train MAPE: 0.7793, Train WMAPE: 0.0313
Iter: 050, Train Loss: 5.4355, Train RMSE: 11.0339, Train MAPE: 0.5500, Train WMAPE: 0.0298
Epoch: 280, Training Time: 41.2952 secs
Epoch: 280, Inference Time: 6.4383 secs
Epoch: 280, Train Loss: 5.4394, Train RMSE: 11.7306, Train MAPE: 0.7250, Train WMAPE: 0.0304, 
Epoch: 280, Valid Loss: 10.8231, Valid RMSE: 43.2831, Valid MAPE: 2.0939, Valid WMAPE: 0.0621
No update
Iter: 000, Train Loss: 5.6701, Train RMSE: 11.8904, Train MAPE: 0.5796, Train WMAPE: 0.0315
Iter: 050, Train Loss: 5.3781, Train RMSE: 11.0114, Train MAPE: 0.5060, Train WMAPE: 0.0295
Epoch: 281, Training Time: 39.7822 secs
Epoch: 281, Inference Time: 5.2012 secs
Epoch: 281, Train Loss: 5.4257, Train RMSE: 11.6856, Train MAPE: 0.7389, Train WMAPE: 0.0303, 
Epoch: 281, Valid Loss: 10.9711, Valid RMSE: 43.5717, Valid MAPE: 2.7562, Valid WMAPE: 0.0630
No update
Iter: 000, Train Loss: 5.5892, Train RMSE: 11.8280, Train MAPE: 0.8069, Train WMAPE: 0.0310
Iter: 050, Train Loss: 5.6196, Train RMSE: 11.4033, Train MAPE: 0.5013, Train WMAPE: 0.0308
Epoch: 282, Training Time: 38.1077 secs
Epoch: 282, Inference Time: 5.4040 secs
Epoch: 282, Train Loss: 5.6528, Train RMSE: 12.2109, Train MAPE: 0.8140, Train WMAPE: 0.0316, 
Epoch: 282, Valid Loss: 10.6563, Valid RMSE: 43.0240, Valid MAPE: 2.0487, Valid WMAPE: 0.0612
###Update tasks appear###
Evaluate best model on test data for horizon 1, Test MAE: 9.0112, Test RMSE: 59.7625, Test MAPE: 6.7555, Test WMAPE: 0.0523
Evaluate best model on test data for horizon 2, Test MAE: 10.1592, Test RMSE: 55.5663, Test MAPE: 11.0924, Test WMAPE: 0.0590
Evaluate best model on test data for horizon 3, Test MAE: 10.4774, Test RMSE: 44.8179, Test MAPE: 14.8813, Test WMAPE: 0.0609
Evaluate best model on test data for horizon 4, Test MAE: 11.9097, Test RMSE: 51.9493, Test MAPE: 17.4194, Test WMAPE: 0.0692
Evaluate best model on test data for horizon 5, Test MAE: 13.0264, Test RMSE: 55.5413, Test MAPE: 18.5786, Test WMAPE: 0.0757
Evaluate best model on test data for horizon 6, Test MAE: 13.3177, Test RMSE: 50.3534, Test MAPE: 19.6117, Test WMAPE: 0.0774
Evaluate best model on test data for horizon 7, Test MAE: 14.0946, Test RMSE: 52.1129, Test MAPE: 19.8410, Test WMAPE: 0.0819
Evaluate best model on test data for horizon 8, Test MAE: 14.9584, Test RMSE: 56.2824, Test MAPE: 20.3502, Test WMAPE: 0.0870
Evaluate best model on test data for horizon 9, Test MAE: 15.4495, Test RMSE: 56.4492, Test MAPE: 20.8533, Test WMAPE: 0.0899
Evaluate best model on test data for horizon 10, Test MAE: 15.5151, Test RMSE: 53.1714, Test MAPE: 21.0113, Test WMAPE: 0.0902
Evaluate best model on test data for horizon 11, Test MAE: 16.2033, Test RMSE: 58.1799, Test MAPE: 20.8970, Test WMAPE: 0.0943
Evaluate best model on test data for horizon 12, Test MAE: 16.3509, Test RMSE: 57.8049, Test MAPE: 21.1176, Test WMAPE: 0.0951
On average over 12 horizons, Test MAE: 13.3728, Test RMSE: 54.3326, Test MAPE: 17.7008, Test WMAPE: 0.0777
No update
Iter: 000, Train Loss: 5.6396, Train RMSE: 11.9294, Train MAPE: 0.5408, Train WMAPE: 0.0313
Iter: 050, Train Loss: 5.5282, Train RMSE: 11.1536, Train MAPE: 0.8291, Train WMAPE: 0.0303
Epoch: 283, Training Time: 37.6189 secs
Epoch: 283, Inference Time: 8.0876 secs
Epoch: 283, Train Loss: 5.4606, Train RMSE: 11.7182, Train MAPE: 0.8639, Train WMAPE: 0.0305, 
Epoch: 283, Valid Loss: 10.8495, Valid RMSE: 43.0821, Valid MAPE: 4.1141, Valid WMAPE: 0.0623
No update
Iter: 000, Train Loss: 5.7640, Train RMSE: 11.8250, Train MAPE: 1.2489, Train WMAPE: 0.0320
Iter: 050, Train Loss: 5.2906, Train RMSE: 10.7939, Train MAPE: 0.5931, Train WMAPE: 0.0290
Epoch: 284, Training Time: 42.1244 secs
Epoch: 284, Inference Time: 5.7096 secs
Epoch: 284, Train Loss: 5.4389, Train RMSE: 11.6638, Train MAPE: 0.9007, Train WMAPE: 0.0304, 
Epoch: 284, Valid Loss: 10.7728, Valid RMSE: 43.4109, Valid MAPE: 2.4037, Valid WMAPE: 0.0619
No update
Iter: 000, Train Loss: 5.6044, Train RMSE: 11.7948, Train MAPE: 0.6937, Train WMAPE: 0.0311
Iter: 050, Train Loss: 5.2479, Train RMSE: 10.7517, Train MAPE: 0.4137, Train WMAPE: 0.0288
Epoch: 285, Training Time: 38.2750 secs
Epoch: 285, Inference Time: 6.1687 secs
Epoch: 285, Train Loss: 5.4088, Train RMSE: 11.6643, Train MAPE: 0.6968, Train WMAPE: 0.0302, 
Epoch: 285, Valid Loss: 10.8297, Valid RMSE: 43.5879, Valid MAPE: 2.8151, Valid WMAPE: 0.0622
No update
Iter: 000, Train Loss: 5.6609, Train RMSE: 11.8875, Train MAPE: 0.8788, Train WMAPE: 0.0314
Iter: 050, Train Loss: 5.5257, Train RMSE: 11.5110, Train MAPE: 0.5922, Train WMAPE: 0.0303
Epoch: 286, Training Time: 40.3804 secs
Epoch: 286, Inference Time: 5.2935 secs
Epoch: 286, Train Loss: 5.4393, Train RMSE: 11.7289, Train MAPE: 0.7467, Train WMAPE: 0.0304, 
Epoch: 286, Valid Loss: 10.9195, Valid RMSE: 43.6356, Valid MAPE: 2.2473, Valid WMAPE: 0.0627
No update
Iter: 000, Train Loss: 5.6183, Train RMSE: 11.8796, Train MAPE: 0.5999, Train WMAPE: 0.0312
Iter: 050, Train Loss: 5.4188, Train RMSE: 10.9795, Train MAPE: 0.4873, Train WMAPE: 0.0297
Epoch: 287, Training Time: 38.5939 secs
Epoch: 287, Inference Time: 5.9125 secs
Epoch: 287, Train Loss: 5.4325, Train RMSE: 11.7054, Train MAPE: 0.7252, Train WMAPE: 0.0304, 
Epoch: 287, Valid Loss: 10.7206, Valid RMSE: 43.5373, Valid MAPE: 1.9782, Valid WMAPE: 0.0616
No update
Iter: 000, Train Loss: 5.5078, Train RMSE: 11.8537, Train MAPE: 0.5328, Train WMAPE: 0.0306
Iter: 050, Train Loss: 5.3905, Train RMSE: 11.0234, Train MAPE: 0.5917, Train WMAPE: 0.0296
Epoch: 288, Training Time: 39.9803 secs
Epoch: 288, Inference Time: 5.5864 secs
Epoch: 288, Train Loss: 5.3862, Train RMSE: 11.6305, Train MAPE: 0.7361, Train WMAPE: 0.0301, 
Epoch: 288, Valid Loss: 10.7334, Valid RMSE: 43.4228, Valid MAPE: 2.0721, Valid WMAPE: 0.0616
No update
Iter: 000, Train Loss: 5.4209, Train RMSE: 11.6903, Train MAPE: 0.5953, Train WMAPE: 0.0301
Iter: 050, Train Loss: 5.2866, Train RMSE: 10.7261, Train MAPE: 0.4536, Train WMAPE: 0.0290
Epoch: 289, Training Time: 38.7916 secs
Epoch: 289, Inference Time: 6.2224 secs
Epoch: 289, Train Loss: 5.3865, Train RMSE: 11.6212, Train MAPE: 0.7391, Train WMAPE: 0.0301, 
Epoch: 289, Valid Loss: 10.6783, Valid RMSE: 43.3382, Valid MAPE: 2.0534, Valid WMAPE: 0.0613
###Update tasks appear###
Evaluate best model on test data for horizon 1, Test MAE: 9.0742, Test RMSE: 59.8823, Test MAPE: 6.6728, Test WMAPE: 0.0527
Evaluate best model on test data for horizon 2, Test MAE: 10.2580, Test RMSE: 56.2395, Test MAPE: 10.9090, Test WMAPE: 0.0596
Evaluate best model on test data for horizon 3, Test MAE: 10.5266, Test RMSE: 45.2612, Test MAPE: 14.5127, Test WMAPE: 0.0611
Evaluate best model on test data for horizon 4, Test MAE: 11.9890, Test RMSE: 52.4352, Test MAPE: 17.0065, Test WMAPE: 0.0697
Evaluate best model on test data for horizon 5, Test MAE: 13.1243, Test RMSE: 55.7974, Test MAPE: 18.1754, Test WMAPE: 0.0763
Evaluate best model on test data for horizon 6, Test MAE: 13.4251, Test RMSE: 50.6731, Test MAPE: 18.7560, Test WMAPE: 0.0780
Evaluate best model on test data for horizon 7, Test MAE: 14.2435, Test RMSE: 52.5332, Test MAPE: 19.0507, Test WMAPE: 0.0828
Evaluate best model on test data for horizon 8, Test MAE: 15.0744, Test RMSE: 56.4446, Test MAPE: 19.6988, Test WMAPE: 0.0877
Evaluate best model on test data for horizon 9, Test MAE: 15.5520, Test RMSE: 56.6263, Test MAPE: 20.0962, Test WMAPE: 0.0905
Evaluate best model on test data for horizon 10, Test MAE: 15.5266, Test RMSE: 53.3685, Test MAPE: 20.1723, Test WMAPE: 0.0903
Evaluate best model on test data for horizon 11, Test MAE: 16.1925, Test RMSE: 58.1418, Test MAPE: 20.5772, Test WMAPE: 0.0942
Evaluate best model on test data for horizon 12, Test MAE: 16.4069, Test RMSE: 57.8939, Test MAPE: 21.0009, Test WMAPE: 0.0955
On average over 12 horizons, Test MAE: 13.4494, Test RMSE: 54.6081, Test MAPE: 17.2190, Test WMAPE: 0.0782
No update
Iter: 000, Train Loss: 5.4891, Train RMSE: 11.7910, Train MAPE: 0.5326, Train WMAPE: 0.0305
Iter: 050, Train Loss: 5.3416, Train RMSE: 10.9462, Train MAPE: 0.5868, Train WMAPE: 0.0293
Epoch: 290, Training Time: 37.2617 secs
Epoch: 290, Inference Time: 6.2027 secs
Epoch: 290, Train Loss: 5.3784, Train RMSE: 11.6060, Train MAPE: 0.7469, Train WMAPE: 0.0301, 
Epoch: 290, Valid Loss: 10.7125, Valid RMSE: 43.5074, Valid MAPE: 2.1901, Valid WMAPE: 0.0615
No update
Iter: 000, Train Loss: 5.4934, Train RMSE: 11.6663, Train MAPE: 0.5677, Train WMAPE: 0.0305
Iter: 050, Train Loss: 5.2796, Train RMSE: 10.9701, Train MAPE: 0.3932, Train WMAPE: 0.0290
Epoch: 291, Training Time: 41.9173 secs
Epoch: 291, Inference Time: 5.6787 secs
Epoch: 291, Train Loss: 5.3768, Train RMSE: 11.5948, Train MAPE: 0.7299, Train WMAPE: 0.0301, 
Epoch: 291, Valid Loss: 10.6623, Valid RMSE: 43.1936, Valid MAPE: 2.2737, Valid WMAPE: 0.0612
###Update tasks appear###
Evaluate best model on test data for horizon 1, Test MAE: 9.2457, Test RMSE: 59.8711, Test MAPE: 6.5779, Test WMAPE: 0.0537
Evaluate best model on test data for horizon 2, Test MAE: 10.3099, Test RMSE: 56.1825, Test MAPE: 10.8429, Test WMAPE: 0.0599
Evaluate best model on test data for horizon 3, Test MAE: 10.5902, Test RMSE: 45.2449, Test MAPE: 14.3946, Test WMAPE: 0.0615
Evaluate best model on test data for horizon 4, Test MAE: 12.0483, Test RMSE: 52.3287, Test MAPE: 17.0481, Test WMAPE: 0.0700
Evaluate best model on test data for horizon 5, Test MAE: 13.1770, Test RMSE: 55.5472, Test MAPE: 18.1813, Test WMAPE: 0.0766
Evaluate best model on test data for horizon 6, Test MAE: 13.4195, Test RMSE: 50.4512, Test MAPE: 18.8776, Test WMAPE: 0.0780
Evaluate best model on test data for horizon 7, Test MAE: 14.2071, Test RMSE: 52.2758, Test MAPE: 19.3772, Test WMAPE: 0.0826
Evaluate best model on test data for horizon 8, Test MAE: 15.0021, Test RMSE: 55.9715, Test MAPE: 19.6904, Test WMAPE: 0.0872
Evaluate best model on test data for horizon 9, Test MAE: 15.4610, Test RMSE: 56.1794, Test MAPE: 19.9507, Test WMAPE: 0.0899
Evaluate best model on test data for horizon 10, Test MAE: 15.4643, Test RMSE: 52.9517, Test MAPE: 20.3345, Test WMAPE: 0.0900
Evaluate best model on test data for horizon 11, Test MAE: 16.0530, Test RMSE: 57.8620, Test MAPE: 20.3063, Test WMAPE: 0.0934
Evaluate best model on test data for horizon 12, Test MAE: 16.1832, Test RMSE: 57.4412, Test MAPE: 20.8161, Test WMAPE: 0.0941
On average over 12 horizons, Test MAE: 13.4301, Test RMSE: 54.3589, Test MAPE: 17.1998, Test WMAPE: 0.0781
No update
Iter: 000, Train Loss: 5.5877, Train RMSE: 11.8230, Train MAPE: 0.6427, Train WMAPE: 0.0310
Iter: 050, Train Loss: 5.4789, Train RMSE: 10.9012, Train MAPE: 0.9040, Train WMAPE: 0.0300
Epoch: 292, Training Time: 39.4047 secs
Epoch: 292, Inference Time: 7.1222 secs
Epoch: 292, Train Loss: 5.4023, Train RMSE: 11.5831, Train MAPE: 0.9577, Train WMAPE: 0.0302, 
Epoch: 292, Valid Loss: 10.7793, Valid RMSE: 43.5703, Valid MAPE: 4.0436, Valid WMAPE: 0.0619
No update
Iter: 000, Train Loss: 5.5571, Train RMSE: 11.6258, Train MAPE: 1.3189, Train WMAPE: 0.0309
Iter: 050, Train Loss: 5.3260, Train RMSE: 10.8311, Train MAPE: 0.4439, Train WMAPE: 0.0292
Epoch: 293, Training Time: 39.2501 secs
Epoch: 293, Inference Time: 6.0392 secs
Epoch: 293, Train Loss: 5.3751, Train RMSE: 11.5758, Train MAPE: 0.7206, Train WMAPE: 0.0301, 
Epoch: 293, Valid Loss: 10.7960, Valid RMSE: 43.5727, Valid MAPE: 2.4260, Valid WMAPE: 0.0620
No update
Iter: 000, Train Loss: 5.4633, Train RMSE: 11.7022, Train MAPE: 0.7018, Train WMAPE: 0.0303
Iter: 050, Train Loss: 5.3579, Train RMSE: 10.9966, Train MAPE: 0.4497, Train WMAPE: 0.0294
Epoch: 294, Training Time: 37.1933 secs
Epoch: 294, Inference Time: 6.9068 secs
Epoch: 294, Train Loss: 5.3878, Train RMSE: 11.6187, Train MAPE: 0.7542, Train WMAPE: 0.0301, 
Epoch: 294, Valid Loss: 10.6145, Valid RMSE: 43.3552, Valid MAPE: 1.9009, Valid WMAPE: 0.0610
###Update tasks appear###
Evaluate best model on test data for horizon 1, Test MAE: 9.0344, Test RMSE: 60.0163, Test MAPE: 6.5203, Test WMAPE: 0.0524
Evaluate best model on test data for horizon 2, Test MAE: 10.2188, Test RMSE: 56.4887, Test MAPE: 10.8024, Test WMAPE: 0.0593
Evaluate best model on test data for horizon 3, Test MAE: 10.4332, Test RMSE: 45.2157, Test MAPE: 14.3912, Test WMAPE: 0.0606
Evaluate best model on test data for horizon 4, Test MAE: 12.0264, Test RMSE: 52.3427, Test MAPE: 16.7142, Test WMAPE: 0.0699
Evaluate best model on test data for horizon 5, Test MAE: 13.0612, Test RMSE: 55.8154, Test MAPE: 17.9997, Test WMAPE: 0.0759
Evaluate best model on test data for horizon 6, Test MAE: 13.3996, Test RMSE: 50.5865, Test MAPE: 18.3198, Test WMAPE: 0.0779
Evaluate best model on test data for horizon 7, Test MAE: 14.2188, Test RMSE: 52.7048, Test MAPE: 18.8994, Test WMAPE: 0.0827
Evaluate best model on test data for horizon 8, Test MAE: 14.9772, Test RMSE: 56.2642, Test MAPE: 19.1640, Test WMAPE: 0.0871
Evaluate best model on test data for horizon 9, Test MAE: 15.3764, Test RMSE: 56.3007, Test MAPE: 19.6461, Test WMAPE: 0.0894
Evaluate best model on test data for horizon 10, Test MAE: 15.3999, Test RMSE: 53.1057, Test MAPE: 19.8610, Test WMAPE: 0.0896
Evaluate best model on test data for horizon 11, Test MAE: 16.0284, Test RMSE: 57.6432, Test MAPE: 20.2574, Test WMAPE: 0.0932
Evaluate best model on test data for horizon 12, Test MAE: 16.2067, Test RMSE: 57.3220, Test MAPE: 20.5081, Test WMAPE: 0.0943
On average over 12 horizons, Test MAE: 13.3651, Test RMSE: 54.4838, Test MAPE: 16.9236, Test WMAPE: 0.0777
No update
Iter: 000, Train Loss: 5.3833, Train RMSE: 11.5173, Train MAPE: 0.4917, Train WMAPE: 0.0299
Iter: 050, Train Loss: 5.5522, Train RMSE: 11.8067, Train MAPE: 0.4597, Train WMAPE: 0.0304
Epoch: 295, Training Time: 39.8136 secs
Epoch: 295, Inference Time: 5.5959 secs
Epoch: 295, Train Loss: 5.4215, Train RMSE: 11.7356, Train MAPE: 0.7387, Train WMAPE: 0.0303, 
Epoch: 295, Valid Loss: 10.8575, Valid RMSE: 43.4530, Valid MAPE: 2.8595, Valid WMAPE: 0.0623
No update
Iter: 000, Train Loss: 5.5665, Train RMSE: 11.8476, Train MAPE: 0.8418, Train WMAPE: 0.0309
Iter: 050, Train Loss: 5.3285, Train RMSE: 10.9320, Train MAPE: 0.3972, Train WMAPE: 0.0292
Epoch: 296, Training Time: 38.4868 secs
Epoch: 296, Inference Time: 5.3789 secs
Epoch: 296, Train Loss: 5.3833, Train RMSE: 11.6254, Train MAPE: 0.7214, Train WMAPE: 0.0301, 
Epoch: 296, Valid Loss: 10.7537, Valid RMSE: 43.2598, Valid MAPE: 2.0747, Valid WMAPE: 0.0617
No update
Iter: 000, Train Loss: 5.4535, Train RMSE: 11.6161, Train MAPE: 0.4993, Train WMAPE: 0.0303
Iter: 050, Train Loss: 5.2786, Train RMSE: 10.8707, Train MAPE: 0.4045, Train WMAPE: 0.0289
Epoch: 297, Training Time: 33.0741 secs
Epoch: 297, Inference Time: 1.9969 secs
Epoch: 297, Train Loss: 5.3560, Train RMSE: 11.5814, Train MAPE: 0.7073, Train WMAPE: 0.0299, 
Epoch: 297, Valid Loss: 10.6254, Valid RMSE: 43.2258, Valid MAPE: 1.8999, Valid WMAPE: 0.0610
###Update tasks appear###
Evaluate best model on test data for horizon 1, Test MAE: 9.1149, Test RMSE: 60.0702, Test MAPE: 6.4246, Test WMAPE: 0.0529
Evaluate best model on test data for horizon 2, Test MAE: 10.2482, Test RMSE: 56.6858, Test MAPE: 10.6743, Test WMAPE: 0.0595
Evaluate best model on test data for horizon 3, Test MAE: 10.4238, Test RMSE: 45.0575, Test MAPE: 14.1238, Test WMAPE: 0.0605
Evaluate best model on test data for horizon 4, Test MAE: 11.9700, Test RMSE: 52.3381, Test MAPE: 16.6952, Test WMAPE: 0.0695
Evaluate best model on test data for horizon 5, Test MAE: 13.0804, Test RMSE: 55.5958, Test MAPE: 17.9389, Test WMAPE: 0.0760
Evaluate best model on test data for horizon 6, Test MAE: 13.4291, Test RMSE: 50.5955, Test MAPE: 18.2240, Test WMAPE: 0.0781
Evaluate best model on test data for horizon 7, Test MAE: 14.2198, Test RMSE: 52.5823, Test MAPE: 18.5511, Test WMAPE: 0.0827
Evaluate best model on test data for horizon 8, Test MAE: 15.0392, Test RMSE: 56.1606, Test MAPE: 18.8763, Test WMAPE: 0.0875
Evaluate best model on test data for horizon 9, Test MAE: 15.5072, Test RMSE: 56.2885, Test MAPE: 19.5249, Test WMAPE: 0.0902
Evaluate best model on test data for horizon 10, Test MAE: 15.5320, Test RMSE: 53.1556, Test MAPE: 19.3276, Test WMAPE: 0.0903
Evaluate best model on test data for horizon 11, Test MAE: 16.2325, Test RMSE: 57.7723, Test MAPE: 19.6617, Test WMAPE: 0.0944
Evaluate best model on test data for horizon 12, Test MAE: 16.3272, Test RMSE: 57.4843, Test MAPE: 20.1565, Test WMAPE: 0.0950
On average over 12 horizons, Test MAE: 13.4270, Test RMSE: 54.4822, Test MAPE: 16.6816, Test WMAPE: 0.0781
No update
Iter: 000, Train Loss: 5.4955, Train RMSE: 11.6607, Train MAPE: 0.5039, Train WMAPE: 0.0305
Iter: 050, Train Loss: 5.3124, Train RMSE: 10.8390, Train MAPE: 0.5327, Train WMAPE: 0.0291
Epoch: 298, Training Time: 15.0981 secs
Epoch: 298, Inference Time: 1.8653 secs
Epoch: 298, Train Loss: 5.3432, Train RMSE: 11.5369, Train MAPE: 0.7136, Train WMAPE: 0.0299, 
Epoch: 298, Valid Loss: 10.7969, Valid RMSE: 43.3200, Valid MAPE: 2.4108, Valid WMAPE: 0.0620
No update
Iter: 000, Train Loss: 5.6302, Train RMSE: 11.9382, Train MAPE: 0.6588, Train WMAPE: 0.0313
Iter: 050, Train Loss: 5.3801, Train RMSE: 10.9051, Train MAPE: 0.4884, Train WMAPE: 0.0295
Epoch: 299, Training Time: 15.2738 secs
Epoch: 299, Inference Time: 2.0181 secs
Epoch: 299, Train Loss: 5.3685, Train RMSE: 11.5723, Train MAPE: 0.7129, Train WMAPE: 0.0300, 
Epoch: 299, Valid Loss: 10.7653, Valid RMSE: 43.3839, Valid MAPE: 2.4262, Valid WMAPE: 0.0618
No update
Iter: 000, Train Loss: 5.4715, Train RMSE: 11.6773, Train MAPE: 0.6759, Train WMAPE: 0.0304
Iter: 050, Train Loss: 5.3015, Train RMSE: 10.8518, Train MAPE: 0.4057, Train WMAPE: 0.0291
Epoch: 300, Training Time: 15.3953 secs
Epoch: 300, Inference Time: 1.9072 secs
Epoch: 300, Train Loss: 5.3740, Train RMSE: 11.5771, Train MAPE: 0.7251, Train WMAPE: 0.0300, 
Epoch: 300, Valid Loss: 10.6436, Valid RMSE: 43.4446, Valid MAPE: 2.0368, Valid WMAPE: 0.0611
###Update tasks appear###
Evaluate best model on test data for horizon 1, Test MAE: 9.0062, Test RMSE: 59.9706, Test MAPE: 6.6340, Test WMAPE: 0.0523
Evaluate best model on test data for horizon 2, Test MAE: 10.2077, Test RMSE: 56.3963, Test MAPE: 10.8049, Test WMAPE: 0.0593
Evaluate best model on test data for horizon 3, Test MAE: 10.3907, Test RMSE: 44.8281, Test MAPE: 14.3120, Test WMAPE: 0.0604
Evaluate best model on test data for horizon 4, Test MAE: 11.9169, Test RMSE: 52.1729, Test MAPE: 16.7212, Test WMAPE: 0.0692
Evaluate best model on test data for horizon 5, Test MAE: 13.0378, Test RMSE: 55.7686, Test MAPE: 17.8808, Test WMAPE: 0.0758
Evaluate best model on test data for horizon 6, Test MAE: 13.4228, Test RMSE: 50.8310, Test MAPE: 18.8104, Test WMAPE: 0.0780
Evaluate best model on test data for horizon 7, Test MAE: 14.1483, Test RMSE: 52.6046, Test MAPE: 18.7141, Test WMAPE: 0.0823
Evaluate best model on test data for horizon 8, Test MAE: 15.0049, Test RMSE: 56.1164, Test MAPE: 18.8905, Test WMAPE: 0.0873
Evaluate best model on test data for horizon 9, Test MAE: 15.3225, Test RMSE: 56.2697, Test MAPE: 19.2869, Test WMAPE: 0.0891
Evaluate best model on test data for horizon 10, Test MAE: 15.3750, Test RMSE: 53.4193, Test MAPE: 19.7123, Test WMAPE: 0.0894
Evaluate best model on test data for horizon 11, Test MAE: 15.9788, Test RMSE: 57.8693, Test MAPE: 19.7527, Test WMAPE: 0.0930
Evaluate best model on test data for horizon 12, Test MAE: 16.0841, Test RMSE: 57.3791, Test MAPE: 19.9576, Test WMAPE: 0.0936
On average over 12 horizons, Test MAE: 13.3246, Test RMSE: 54.4688, Test MAPE: 16.7898, Test WMAPE: 0.0775
No update
Average Training Time: 38.4403 secs/epoch
Average Inference Time: 5.7789 secs
Training ends
The epoch of the best result： 211
The valid loss of the best model 10.7122
Evaluate best model on test data for horizon 1, Test MAE: 9.1137, Test RMSE: 60.6825, Test MAPE: 7.3542, Test WMAPE: 0.0529
Evaluate best model on test data for horizon 2, Test MAE: 10.2553, Test RMSE: 56.7442, Test MAPE: 11.2432, Test WMAPE: 0.0595
Evaluate best model on test data for horizon 3, Test MAE: 10.5107, Test RMSE: 46.2285, Test MAPE: 14.1613, Test WMAPE: 0.0610
Evaluate best model on test data for horizon 4, Test MAE: 11.8080, Test RMSE: 51.7884, Test MAPE: 16.3649, Test WMAPE: 0.0686
Evaluate best model on test data for horizon 5, Test MAE: 12.8998, Test RMSE: 55.2449, Test MAPE: 18.1666, Test WMAPE: 0.0750
Evaluate best model on test data for horizon 6, Test MAE: 13.0475, Test RMSE: 49.3582, Test MAPE: 18.4268, Test WMAPE: 0.0758
Evaluate best model on test data for horizon 7, Test MAE: 13.8052, Test RMSE: 51.4283, Test MAPE: 18.6122, Test WMAPE: 0.0803
Evaluate best model on test data for horizon 8, Test MAE: 14.4578, Test RMSE: 54.0130, Test MAPE: 19.3480, Test WMAPE: 0.0841
Evaluate best model on test data for horizon 9, Test MAE: 14.7040, Test RMSE: 53.3187, Test MAPE: 19.3826, Test WMAPE: 0.0855
Evaluate best model on test data for horizon 10, Test MAE: 14.6145, Test RMSE: 49.7988, Test MAPE: 19.4629, Test WMAPE: 0.0850
Evaluate best model on test data for horizon 11, Test MAE: 15.2621, Test RMSE: 54.7060, Test MAPE: 19.9377, Test WMAPE: 0.0888
Evaluate best model on test data for horizon 12, Test MAE: 15.4356, Test RMSE: 55.2824, Test MAPE: 19.6651, Test WMAPE: 0.0898
On average over 12 horizons, Test MAE: 12.9928, Test RMSE: 53.2162, Test MAPE: 16.8438, Test WMAPE: 0.0755
Total time spent: 13532.0320
