nohup: ignoring input
Perform shuffle on the dataset
Namespace(batch_size=64, data='data//electricityLondon', device='cuda:0', dropout=0.1, epochs=300, es_patience=100, expid=1, input_dim=3, learning_rate=0.001, print_every=50, save='./logs/AttenAgg-GatedFb-PostAgg-K4', weight_decay=0.0001)
Ranger optimizer loaded. 
Gradient Centralization usage = True
GC applied to both conv and fc layers
The number of parameters: 516086
STIDGCN(
  (Temb): TemporalEmbedding()
  (start_conv): Conv2d(3, 32, kernel_size=(1, 1), stride=(1, 1))
  (tree): IDGCN_Tree(
    (IDGCN1): IDGCN(
      (split): Splitting()
      (conv1): Sequential(
        (0): ReplicationPad2d((3, 3, 0, 0))
        (1): Conv2d(64, 64, kernel_size=(1, 5), stride=(1, 1))
        (2): LeakyReLU(negative_slope=0.01, inplace=True)
        (3): Dropout(p=0.1, inplace=False)
        (4): Conv2d(64, 64, kernel_size=(1, 3), stride=(1, 1))
        (5): Tanh()
      )
      (conv2): Sequential(
        (0): ReplicationPad2d((3, 3, 0, 0))
        (1): Conv2d(64, 64, kernel_size=(1, 5), stride=(1, 1))
        (2): LeakyReLU(negative_slope=0.01, inplace=True)
        (3): Dropout(p=0.1, inplace=False)
        (4): Conv2d(64, 64, kernel_size=(1, 3), stride=(1, 1))
        (5): Tanh()
      )
      (conv3): Sequential(
        (0): ReplicationPad2d((3, 3, 0, 0))
        (1): Conv2d(64, 64, kernel_size=(1, 5), stride=(1, 1))
        (2): LeakyReLU(negative_slope=0.01, inplace=True)
        (3): Dropout(p=0.1, inplace=False)
        (4): Conv2d(64, 64, kernel_size=(1, 3), stride=(1, 1))
        (5): Tanh()
      )
      (conv4): Sequential(
        (0): ReplicationPad2d((3, 3, 0, 0))
        (1): Conv2d(64, 64, kernel_size=(1, 5), stride=(1, 1))
        (2): LeakyReLU(negative_slope=0.01, inplace=True)
        (3): Dropout(p=0.1, inplace=False)
        (4): Conv2d(64, 64, kernel_size=(1, 3), stride=(1, 1))
        (5): Tanh()
      )
      (dgcn): DGCN(
        (conv): Conv2d(64, 64, kernel_size=(1, 1), stride=(1, 1))
        (generator): Graph_Generator(
          (fc): Linear(in_features=2, out_features=1, bias=True)
        )
        (gcn): Diffusion_GCN(
          (conv): Conv2d(64, 64, kernel_size=(1, 1), stride=(1, 1))
          (dropout): Dropout(p=0.1, inplace=False)
        )
      )
    )
    (IDGCN2): IDGCN(
      (split): Splitting()
      (conv1): Sequential(
        (0): ReplicationPad2d((3, 3, 0, 0))
        (1): Conv2d(64, 64, kernel_size=(1, 5), stride=(1, 1))
        (2): LeakyReLU(negative_slope=0.01, inplace=True)
        (3): Dropout(p=0.1, inplace=False)
        (4): Conv2d(64, 64, kernel_size=(1, 3), stride=(1, 1))
        (5): Tanh()
      )
      (conv2): Sequential(
        (0): ReplicationPad2d((3, 3, 0, 0))
        (1): Conv2d(64, 64, kernel_size=(1, 5), stride=(1, 1))
        (2): LeakyReLU(negative_slope=0.01, inplace=True)
        (3): Dropout(p=0.1, inplace=False)
        (4): Conv2d(64, 64, kernel_size=(1, 3), stride=(1, 1))
        (5): Tanh()
      )
      (conv3): Sequential(
        (0): ReplicationPad2d((3, 3, 0, 0))
        (1): Conv2d(64, 64, kernel_size=(1, 5), stride=(1, 1))
        (2): LeakyReLU(negative_slope=0.01, inplace=True)
        (3): Dropout(p=0.1, inplace=False)
        (4): Conv2d(64, 64, kernel_size=(1, 3), stride=(1, 1))
        (5): Tanh()
      )
      (conv4): Sequential(
        (0): ReplicationPad2d((3, 3, 0, 0))
        (1): Conv2d(64, 64, kernel_size=(1, 5), stride=(1, 1))
        (2): LeakyReLU(negative_slope=0.01, inplace=True)
        (3): Dropout(p=0.1, inplace=False)
        (4): Conv2d(64, 64, kernel_size=(1, 3), stride=(1, 1))
        (5): Tanh()
      )
      (dgcn): DGCN(
        (conv): Conv2d(64, 64, kernel_size=(1, 1), stride=(1, 1))
        (generator): Graph_Generator(
          (fc): Linear(in_features=2, out_features=1, bias=True)
        )
        (gcn): Diffusion_GCN(
          (conv): Conv2d(64, 64, kernel_size=(1, 1), stride=(1, 1))
          (dropout): Dropout(p=0.1, inplace=False)
        )
      )
    )
    (IDGCN3): IDGCN(
      (split): Splitting()
      (conv1): Sequential(
        (0): ReplicationPad2d((3, 3, 0, 0))
        (1): Conv2d(64, 64, kernel_size=(1, 5), stride=(1, 1))
        (2): LeakyReLU(negative_slope=0.01, inplace=True)
        (3): Dropout(p=0.1, inplace=False)
        (4): Conv2d(64, 64, kernel_size=(1, 3), stride=(1, 1))
        (5): Tanh()
      )
      (conv2): Sequential(
        (0): ReplicationPad2d((3, 3, 0, 0))
        (1): Conv2d(64, 64, kernel_size=(1, 5), stride=(1, 1))
        (2): LeakyReLU(negative_slope=0.01, inplace=True)
        (3): Dropout(p=0.1, inplace=False)
        (4): Conv2d(64, 64, kernel_size=(1, 3), stride=(1, 1))
        (5): Tanh()
      )
      (conv3): Sequential(
        (0): ReplicationPad2d((3, 3, 0, 0))
        (1): Conv2d(64, 64, kernel_size=(1, 5), stride=(1, 1))
        (2): LeakyReLU(negative_slope=0.01, inplace=True)
        (3): Dropout(p=0.1, inplace=False)
        (4): Conv2d(64, 64, kernel_size=(1, 3), stride=(1, 1))
        (5): Tanh()
      )
      (conv4): Sequential(
        (0): ReplicationPad2d((3, 3, 0, 0))
        (1): Conv2d(64, 64, kernel_size=(1, 5), stride=(1, 1))
        (2): LeakyReLU(negative_slope=0.01, inplace=True)
        (3): Dropout(p=0.1, inplace=False)
        (4): Conv2d(64, 64, kernel_size=(1, 3), stride=(1, 1))
        (5): Tanh()
      )
      (dgcn): DGCN(
        (conv): Conv2d(64, 64, kernel_size=(1, 1), stride=(1, 1))
        (generator): Graph_Generator(
          (fc): Linear(in_features=2, out_features=1, bias=True)
        )
        (gcn): Diffusion_GCN(
          (conv): Conv2d(64, 64, kernel_size=(1, 1), stride=(1, 1))
          (dropout): Dropout(p=0.1, inplace=False)
        )
      )
    )
  )
  (glu): GLU(
    (conv1): Conv2d(64, 64, kernel_size=(1, 1), stride=(1, 1))
    (conv2): Conv2d(64, 64, kernel_size=(1, 1), stride=(1, 1))
    (conv3): Conv2d(64, 64, kernel_size=(1, 1), stride=(1, 1))
    (dropout): Dropout(p=0.1, inplace=False)
  )
  (regression_layer): Conv2d(64, 12, kernel_size=(1, 12), stride=(1, 1))
  (cluster_agg): ClusterAttentionAggregation(
    (score_layer): Linear(in_features=64, out_features=1, bias=True)
  )
  (cluster_feedback): ClusterGatedFeedback(
    (sigmoid): Sigmoid()
  )
)
start training...
/dfs/data/Cluster-aware-STIDGCN/ranger21.py:131: UserWarning: This overload of addcmul_ is deprecated:
	addcmul_(Number value, Tensor tensor1, Tensor tensor2)
Consider using one of the following signatures instead:
	addcmul_(Tensor tensor1, Tensor tensor2, *, Number value) (Triggered internally at /opt/pytorch/pytorch/torch/csrc/utils/python_arg_parser.cpp:1488.)
  exp_avg_sq.mul_(beta2).addcmul_(1 - beta2, grad, grad)
Iter: 000, Train Loss: 152.5299, Train RMSE: 208.1721, Train MAPE: 158.9757, Train WMAPE: 0.8468
Iter: 050, Train Loss: 118.9008, Train RMSE: 175.1765, Train MAPE: 84.3613, Train WMAPE: 0.6520
Epoch: 001, Training Time: 16.8401 secs
Epoch: 001, Inference Time: 1.8305 secs
Epoch: 001, Train Loss: 120.4604, Train RMSE: 172.5409, Train MAPE: 107.5598, Train WMAPE: 0.6736, 
Epoch: 001, Valid Loss: 63.9378, Valid RMSE: 105.5888, Valid MAPE: 68.9028, Valid WMAPE: 0.3670
###Update tasks appear###
Updating! Valid Loss: 63.9377704347883, epoch:  1
Iter: 000, Train Loss: 63.2614, Train RMSE: 98.2115, Train MAPE: 29.5556, Train WMAPE: 0.3512
Iter: 050, Train Loss: 30.5298, Train RMSE: 54.1809, Train MAPE: 10.0480, Train WMAPE: 0.1674
Epoch: 002, Training Time: 14.4184 secs
Epoch: 002, Inference Time: 1.8460 secs
Epoch: 002, Train Loss: 36.1990, Train RMSE: 61.3536, Train MAPE: 13.7846, Train WMAPE: 0.2024, 
Epoch: 002, Valid Loss: 27.7184, Valid RMSE: 60.7777, Valid MAPE: 16.1502, Valid WMAPE: 0.1590
###Update tasks appear###
Updating! Valid Loss: 27.718361650194442, epoch:  2
Iter: 000, Train Loss: 26.2646, Train RMSE: 47.0910, Train MAPE: 7.3973, Train WMAPE: 0.1458
Iter: 050, Train Loss: 22.4167, Train RMSE: 38.7389, Train MAPE: 4.0522, Train WMAPE: 0.1229
Epoch: 003, Training Time: 14.6589 secs
Epoch: 003, Inference Time: 1.9839 secs
Epoch: 003, Train Loss: 22.3282, Train RMSE: 38.2877, Train MAPE: 5.3834, Train WMAPE: 0.1249, 
Epoch: 003, Valid Loss: 21.5345, Valid RMSE: 52.1480, Valid MAPE: 7.7521, Valid WMAPE: 0.1237
###Update tasks appear###
Updating! Valid Loss: 21.53453813280378, epoch:  3
Iter: 000, Train Loss: 19.8930, Train RMSE: 34.4112, Train MAPE: 3.7710, Train WMAPE: 0.1104
Iter: 050, Train Loss: 18.3957, Train RMSE: 33.2789, Train MAPE: 3.0096, Train WMAPE: 0.1009
Epoch: 004, Training Time: 14.4916 secs
Epoch: 004, Inference Time: 2.0968 secs
Epoch: 004, Train Loss: 17.8104, Train RMSE: 31.1118, Train MAPE: 3.8509, Train WMAPE: 0.0996, 
Epoch: 004, Valid Loss: 19.1543, Valid RMSE: 51.8584, Valid MAPE: 8.0781, Valid WMAPE: 0.1100
###Update tasks appear###
Updating! Valid Loss: 19.154275008610316, epoch:  4
Iter: 000, Train Loss: 17.5215, Train RMSE: 32.3849, Train MAPE: 3.9853, Train WMAPE: 0.0973
Iter: 050, Train Loss: 17.1916, Train RMSE: 31.8319, Train MAPE: 2.2456, Train WMAPE: 0.0943
Epoch: 005, Training Time: 14.9752 secs
Epoch: 005, Inference Time: 1.9963 secs
Epoch: 005, Train Loss: 15.8127, Train RMSE: 28.8344, Train MAPE: 3.4325, Train WMAPE: 0.0884, 
Epoch: 005, Valid Loss: 17.9365, Valid RMSE: 50.6463, Valid MAPE: 5.4700, Valid WMAPE: 0.1031
###Update tasks appear###
Updating! Valid Loss: 17.936523846217565, epoch:  5
Iter: 000, Train Loss: 15.5556, Train RMSE: 29.8131, Train MAPE: 2.8984, Train WMAPE: 0.0864
Iter: 050, Train Loss: 16.2260, Train RMSE: 31.5062, Train MAPE: 2.1774, Train WMAPE: 0.0890
Epoch: 006, Training Time: 14.7771 secs
Epoch: 006, Inference Time: 1.9799 secs
Epoch: 006, Train Loss: 14.6959, Train RMSE: 27.6012, Train MAPE: 3.1287, Train WMAPE: 0.0822, 
Epoch: 006, Valid Loss: 17.2686, Valid RMSE: 49.9570, Valid MAPE: 5.7337, Valid WMAPE: 0.0993
###Update tasks appear###
Updating! Valid Loss: 17.268578801836288, epoch:  6
Iter: 000, Train Loss: 14.4355, Train RMSE: 28.2890, Train MAPE: 3.2175, Train WMAPE: 0.0801
Iter: 050, Train Loss: 15.5762, Train RMSE: 30.5241, Train MAPE: 2.0169, Train WMAPE: 0.0854
Epoch: 007, Training Time: 14.6982 secs
Epoch: 007, Inference Time: 2.0810 secs
Epoch: 007, Train Loss: 13.9239, Train RMSE: 26.7268, Train MAPE: 2.9710, Train WMAPE: 0.0779, 
Epoch: 007, Valid Loss: 17.5967, Valid RMSE: 50.2447, Valid MAPE: 9.0579, Valid WMAPE: 0.1011
No update
Iter: 000, Train Loss: 14.8184, Train RMSE: 28.9707, Train MAPE: 4.2555, Train WMAPE: 0.0823
Iter: 050, Train Loss: 15.3319, Train RMSE: 30.4864, Train MAPE: 2.0141, Train WMAPE: 0.0841
Epoch: 008, Training Time: 14.6970 secs
Epoch: 008, Inference Time: 1.9013 secs
Epoch: 008, Train Loss: 13.4112, Train RMSE: 26.1788, Train MAPE: 2.8297, Train WMAPE: 0.0750, 
Epoch: 008, Valid Loss: 16.7319, Valid RMSE: 49.4705, Valid MAPE: 6.3432, Valid WMAPE: 0.0962
###Update tasks appear###
Updating! Valid Loss: 16.731926679611206, epoch:  8
Iter: 000, Train Loss: 13.5886, Train RMSE: 27.3996, Train MAPE: 2.8843, Train WMAPE: 0.0754
Iter: 050, Train Loss: 14.7308, Train RMSE: 29.8607, Train MAPE: 2.1836, Train WMAPE: 0.0808
Epoch: 009, Training Time: 15.0001 secs
Epoch: 009, Inference Time: 1.7828 secs
Epoch: 009, Train Loss: 12.9763, Train RMSE: 25.7373, Train MAPE: 2.6578, Train WMAPE: 0.0726, 
Epoch: 009, Valid Loss: 16.3126, Valid RMSE: 48.8583, Valid MAPE: 5.9148, Valid WMAPE: 0.0938
###Update tasks appear###
Updating! Valid Loss: 16.3125718661717, epoch:  9
Iter: 000, Train Loss: 12.9377, Train RMSE: 26.6189, Train MAPE: 2.7761, Train WMAPE: 0.0718
Iter: 050, Train Loss: 14.3512, Train RMSE: 28.9917, Train MAPE: 1.6309, Train WMAPE: 0.0787
Epoch: 010, Training Time: 14.7691 secs
Epoch: 010, Inference Time: 1.8989 secs
Epoch: 010, Train Loss: 12.6309, Train RMSE: 25.2947, Train MAPE: 2.5499, Train WMAPE: 0.0706, 
Epoch: 010, Valid Loss: 16.2163, Valid RMSE: 48.9021, Valid MAPE: 7.1900, Valid WMAPE: 0.0933
###Update tasks appear###
Updating! Valid Loss: 16.216278076171875, epoch:  10
Iter: 000, Train Loss: 12.8025, Train RMSE: 26.3701, Train MAPE: 3.5492, Train WMAPE: 0.0711
Iter: 050, Train Loss: 14.1266, Train RMSE: 29.2860, Train MAPE: 1.8080, Train WMAPE: 0.0775
Epoch: 011, Training Time: 14.8716 secs
Epoch: 011, Inference Time: 1.9868 secs
Epoch: 011, Train Loss: 12.3473, Train RMSE: 24.9388, Train MAPE: 2.5523, Train WMAPE: 0.0691, 
Epoch: 011, Valid Loss: 16.0577, Valid RMSE: 48.5031, Valid MAPE: 8.3987, Valid WMAPE: 0.0924
###Update tasks appear###
Updating! Valid Loss: 16.057671989713395, epoch:  11
Iter: 000, Train Loss: 12.3979, Train RMSE: 25.5403, Train MAPE: 3.5986, Train WMAPE: 0.0688
Iter: 050, Train Loss: 13.9260, Train RMSE: 28.9353, Train MAPE: 1.7970, Train WMAPE: 0.0764
Epoch: 012, Training Time: 15.0881 secs
Epoch: 012, Inference Time: 1.7956 secs
Epoch: 012, Train Loss: 12.0531, Train RMSE: 24.5728, Train MAPE: 2.4011, Train WMAPE: 0.0674, 
Epoch: 012, Valid Loss: 15.4978, Valid RMSE: 48.1303, Valid MAPE: 5.6866, Valid WMAPE: 0.0891
###Update tasks appear###
Updating! Valid Loss: 15.497771195002965, epoch:  12
Iter: 000, Train Loss: 11.9112, Train RMSE: 25.0623, Train MAPE: 2.7953, Train WMAPE: 0.0661
Iter: 050, Train Loss: 13.7908, Train RMSE: 28.4197, Train MAPE: 1.8968, Train WMAPE: 0.0756
Epoch: 013, Training Time: 14.6794 secs
Epoch: 013, Inference Time: 1.9983 secs
Epoch: 013, Train Loss: 11.7542, Train RMSE: 24.1661, Train MAPE: 2.3145, Train WMAPE: 0.0657, 
Epoch: 013, Valid Loss: 15.4036, Valid RMSE: 48.0252, Valid MAPE: 5.1158, Valid WMAPE: 0.0886
###Update tasks appear###
Updating! Valid Loss: 15.403565883636475, epoch:  13
Iter: 000, Train Loss: 11.9112, Train RMSE: 25.0474, Train MAPE: 2.3838, Train WMAPE: 0.0661
Iter: 050, Train Loss: 13.4324, Train RMSE: 28.0248, Train MAPE: 1.5517, Train WMAPE: 0.0737
Epoch: 014, Training Time: 14.9778 secs
Epoch: 014, Inference Time: 1.8844 secs
Epoch: 014, Train Loss: 11.5422, Train RMSE: 23.8344, Train MAPE: 2.3445, Train WMAPE: 0.0646, 
Epoch: 014, Valid Loss: 15.2365, Valid RMSE: 47.6548, Valid MAPE: 4.4888, Valid WMAPE: 0.0876
###Update tasks appear###
Updating! Valid Loss: 15.236544813428607, epoch:  14
Iter: 000, Train Loss: 11.7343, Train RMSE: 24.7911, Train MAPE: 2.0220, Train WMAPE: 0.0651
Iter: 050, Train Loss: 13.2586, Train RMSE: 27.9594, Train MAPE: 1.3662, Train WMAPE: 0.0727
Epoch: 015, Training Time: 14.9916 secs
Epoch: 015, Inference Time: 2.1053 secs
Epoch: 015, Train Loss: 11.4199, Train RMSE: 23.6856, Train MAPE: 2.3333, Train WMAPE: 0.0639, 
Epoch: 015, Valid Loss: 15.3758, Valid RMSE: 47.3271, Valid MAPE: 7.8835, Valid WMAPE: 0.0884
No update
Iter: 000, Train Loss: 11.8516, Train RMSE: 24.7137, Train MAPE: 3.7369, Train WMAPE: 0.0658
Iter: 050, Train Loss: 13.2910, Train RMSE: 27.4688, Train MAPE: 2.0282, Train WMAPE: 0.0729
Epoch: 016, Training Time: 15.0740 secs
Epoch: 016, Inference Time: 1.9179 secs
Epoch: 016, Train Loss: 11.3439, Train RMSE: 23.5063, Train MAPE: 2.3706, Train WMAPE: 0.0634, 
Epoch: 016, Valid Loss: 14.9704, Valid RMSE: 47.3829, Valid MAPE: 3.7023, Valid WMAPE: 0.0860
###Update tasks appear###
Updating! Valid Loss: 14.970416477748326, epoch:  16
Iter: 000, Train Loss: 11.6956, Train RMSE: 25.0177, Train MAPE: 1.8186, Train WMAPE: 0.0649
Iter: 050, Train Loss: 13.0879, Train RMSE: 27.4734, Train MAPE: 2.1967, Train WMAPE: 0.0718
Epoch: 017, Training Time: 14.6976 secs
Epoch: 017, Inference Time: 1.8597 secs
Epoch: 017, Train Loss: 11.1438, Train RMSE: 23.2604, Train MAPE: 2.2529, Train WMAPE: 0.0623, 
Epoch: 017, Valid Loss: 14.9233, Valid RMSE: 47.2815, Valid MAPE: 3.3414, Valid WMAPE: 0.0857
###Update tasks appear###
Updating! Valid Loss: 14.923313208988734, epoch:  17
Iter: 000, Train Loss: 11.7037, Train RMSE: 25.1073, Train MAPE: 1.8982, Train WMAPE: 0.0650
Iter: 050, Train Loss: 12.8305, Train RMSE: 27.3715, Train MAPE: 1.4341, Train WMAPE: 0.0704
Epoch: 018, Training Time: 14.8757 secs
Epoch: 018, Inference Time: 1.9044 secs
Epoch: 018, Train Loss: 11.0626, Train RMSE: 23.1473, Train MAPE: 2.1770, Train WMAPE: 0.0619, 
Epoch: 018, Valid Loss: 14.4524, Valid RMSE: 46.3137, Valid MAPE: 4.5453, Valid WMAPE: 0.0831
###Update tasks appear###
Updating! Valid Loss: 14.452407223837715, epoch:  18
Iter: 000, Train Loss: 11.0438, Train RMSE: 23.8873, Train MAPE: 2.2478, Train WMAPE: 0.0613
Iter: 050, Train Loss: 12.5190, Train RMSE: 26.7556, Train MAPE: 1.8960, Train WMAPE: 0.0686
Epoch: 019, Training Time: 14.6701 secs
Epoch: 019, Inference Time: 1.8229 secs
Epoch: 019, Train Loss: 10.7468, Train RMSE: 22.7982, Train MAPE: 1.8515, Train WMAPE: 0.0601, 
Epoch: 019, Valid Loss: 15.2638, Valid RMSE: 46.7680, Valid MAPE: 5.8340, Valid WMAPE: 0.0877
No update
Iter: 000, Train Loss: 12.4737, Train RMSE: 25.6682, Train MAPE: 2.6279, Train WMAPE: 0.0693
Iter: 050, Train Loss: 12.6423, Train RMSE: 26.9545, Train MAPE: 1.3006, Train WMAPE: 0.0693
Epoch: 020, Training Time: 15.0042 secs
Epoch: 020, Inference Time: 1.8959 secs
Epoch: 020, Train Loss: 10.8613, Train RMSE: 22.7543, Train MAPE: 2.2970, Train WMAPE: 0.0607, 
Epoch: 020, Valid Loss: 14.6394, Valid RMSE: 45.7730, Valid MAPE: 8.5933, Valid WMAPE: 0.0841
No update
Iter: 000, Train Loss: 11.4457, Train RMSE: 24.0592, Train MAPE: 3.6069, Train WMAPE: 0.0635
Iter: 050, Train Loss: 12.3539, Train RMSE: 26.4773, Train MAPE: 1.5450, Train WMAPE: 0.0677
Epoch: 021, Training Time: 15.2928 secs
Epoch: 021, Inference Time: 1.9901 secs
Epoch: 021, Train Loss: 10.6432, Train RMSE: 22.5101, Train MAPE: 2.0286, Train WMAPE: 0.0595, 
Epoch: 021, Valid Loss: 14.0584, Valid RMSE: 45.3154, Valid MAPE: 4.9245, Valid WMAPE: 0.0808
###Update tasks appear###
Updating! Valid Loss: 14.058423144476754, epoch:  21
Iter: 000, Train Loss: 10.8344, Train RMSE: 23.5939, Train MAPE: 2.4286, Train WMAPE: 0.0601
Iter: 050, Train Loss: 12.4367, Train RMSE: 26.6544, Train MAPE: 1.3341, Train WMAPE: 0.0682
Epoch: 022, Training Time: 14.3819 secs
Epoch: 022, Inference Time: 2.0895 secs
Epoch: 022, Train Loss: 10.5222, Train RMSE: 22.2577, Train MAPE: 2.1052, Train WMAPE: 0.0589, 
Epoch: 022, Valid Loss: 14.4193, Valid RMSE: 45.0781, Valid MAPE: 9.3290, Valid WMAPE: 0.0829
No update
Iter: 000, Train Loss: 11.1948, Train RMSE: 23.4386, Train MAPE: 4.2610, Train WMAPE: 0.0621
Iter: 050, Train Loss: 12.3958, Train RMSE: 26.6103, Train MAPE: 1.7677, Train WMAPE: 0.0680
Epoch: 023, Training Time: 14.5003 secs
Epoch: 023, Inference Time: 1.8979 secs
Epoch: 023, Train Loss: 10.4982, Train RMSE: 22.1486, Train MAPE: 2.2025, Train WMAPE: 0.0587, 
Epoch: 023, Valid Loss: 13.7849, Valid RMSE: 45.0246, Valid MAPE: 3.6769, Valid WMAPE: 0.0792
###Update tasks appear###
Updating! Valid Loss: 13.78492818559919, epoch:  23
Iter: 000, Train Loss: 10.6663, Train RMSE: 23.6207, Train MAPE: 1.9963, Train WMAPE: 0.0592
Iter: 050, Train Loss: 12.1036, Train RMSE: 25.9382, Train MAPE: 1.7955, Train WMAPE: 0.0664
Epoch: 024, Training Time: 14.7764 secs
Epoch: 024, Inference Time: 1.9008 secs
Epoch: 024, Train Loss: 10.3778, Train RMSE: 22.0483, Train MAPE: 1.9646, Train WMAPE: 0.0580, 
Epoch: 024, Valid Loss: 13.6389, Valid RMSE: 44.5301, Valid MAPE: 3.9454, Valid WMAPE: 0.0784
###Update tasks appear###
Updating! Valid Loss: 13.638854333332606, epoch:  24
Iter: 000, Train Loss: 10.5263, Train RMSE: 23.2564, Train MAPE: 1.4864, Train WMAPE: 0.0584
Iter: 050, Train Loss: 11.9511, Train RMSE: 25.8124, Train MAPE: 1.2057, Train WMAPE: 0.0655
Epoch: 025, Training Time: 14.7020 secs
Epoch: 025, Inference Time: 1.9596 secs
Epoch: 025, Train Loss: 10.3036, Train RMSE: 21.7552, Train MAPE: 2.0920, Train WMAPE: 0.0576, 
Epoch: 025, Valid Loss: 14.9441, Valid RMSE: 44.9020, Valid MAPE: 6.4486, Valid WMAPE: 0.0858
No update
Iter: 000, Train Loss: 12.2231, Train RMSE: 24.7344, Train MAPE: 2.3635, Train WMAPE: 0.0679
Iter: 050, Train Loss: 12.0112, Train RMSE: 25.5901, Train MAPE: 1.1548, Train WMAPE: 0.0659
Epoch: 026, Training Time: 14.4989 secs
Epoch: 026, Inference Time: 1.8959 secs
Epoch: 026, Train Loss: 10.2546, Train RMSE: 21.6447, Train MAPE: 2.0273, Train WMAPE: 0.0574, 
Epoch: 026, Valid Loss: 13.9033, Valid RMSE: 43.9799, Valid MAPE: 8.6894, Valid WMAPE: 0.0799
No update
Iter: 000, Train Loss: 11.0336, Train RMSE: 23.4465, Train MAPE: 3.3875, Train WMAPE: 0.0613
Iter: 050, Train Loss: 11.7146, Train RMSE: 25.2649, Train MAPE: 1.0420, Train WMAPE: 0.0642
Epoch: 027, Training Time: 15.1001 secs
Epoch: 027, Inference Time: 1.9005 secs
Epoch: 027, Train Loss: 10.1332, Train RMSE: 21.4454, Train MAPE: 1.9157, Train WMAPE: 0.0567, 
Epoch: 027, Valid Loss: 13.7944, Valid RMSE: 44.2070, Valid MAPE: 5.6310, Valid WMAPE: 0.0792
No update
Iter: 000, Train Loss: 11.0044, Train RMSE: 23.7230, Train MAPE: 2.3005, Train WMAPE: 0.0611
Iter: 050, Train Loss: 11.9218, Train RMSE: 25.2670, Train MAPE: 1.6981, Train WMAPE: 0.0654
Epoch: 028, Training Time: 14.9787 secs
Epoch: 028, Inference Time: 1.8183 secs
Epoch: 028, Train Loss: 9.9944, Train RMSE: 21.1813, Train MAPE: 1.8601, Train WMAPE: 0.0559, 
Epoch: 028, Valid Loss: 14.6211, Valid RMSE: 44.3722, Valid MAPE: 5.9935, Valid WMAPE: 0.0840
No update
Iter: 000, Train Loss: 11.7000, Train RMSE: 23.9074, Train MAPE: 2.1181, Train WMAPE: 0.0650
Iter: 050, Train Loss: 11.7117, Train RMSE: 24.8511, Train MAPE: 1.2390, Train WMAPE: 0.0642
Epoch: 029, Training Time: 15.0794 secs
Epoch: 029, Inference Time: 1.8953 secs
Epoch: 029, Train Loss: 10.0441, Train RMSE: 21.0937, Train MAPE: 2.0335, Train WMAPE: 0.0562, 
Epoch: 029, Valid Loss: 13.3292, Valid RMSE: 43.2187, Valid MAPE: 6.9848, Valid WMAPE: 0.0766
###Update tasks appear###
Updating! Valid Loss: 13.32915312903268, epoch:  29
Iter: 000, Train Loss: 10.4973, Train RMSE: 22.7041, Train MAPE: 2.8984, Train WMAPE: 0.0583
Iter: 050, Train Loss: 11.3547, Train RMSE: 23.9510, Train MAPE: 1.2829, Train WMAPE: 0.0623
Epoch: 030, Training Time: 15.2694 secs
Epoch: 030, Inference Time: 1.8813 secs
Epoch: 030, Train Loss: 9.8190, Train RMSE: 20.6508, Train MAPE: 1.9237, Train WMAPE: 0.0549, 
Epoch: 030, Valid Loss: 13.1612, Valid RMSE: 42.8694, Valid MAPE: 7.5203, Valid WMAPE: 0.0756
###Update tasks appear###
Updating! Valid Loss: 13.16121060507638, epoch:  30
Iter: 000, Train Loss: 10.2784, Train RMSE: 22.2819, Train MAPE: 3.1889, Train WMAPE: 0.0571
Iter: 050, Train Loss: 11.3773, Train RMSE: 23.9028, Train MAPE: 1.4632, Train WMAPE: 0.0624
Epoch: 031, Training Time: 14.8885 secs
Epoch: 031, Inference Time: 1.9056 secs
Epoch: 031, Train Loss: 9.7518, Train RMSE: 20.5336, Train MAPE: 1.9010, Train WMAPE: 0.0545, 
Epoch: 031, Valid Loss: 13.4210, Valid RMSE: 42.7776, Valid MAPE: 9.4241, Valid WMAPE: 0.0771
No update
Iter: 000, Train Loss: 10.6746, Train RMSE: 22.4365, Train MAPE: 3.9576, Train WMAPE: 0.0593
Iter: 050, Train Loss: 11.3101, Train RMSE: 23.6837, Train MAPE: 1.2641, Train WMAPE: 0.0620
Epoch: 032, Training Time: 14.6833 secs
Epoch: 032, Inference Time: 1.9078 secs
Epoch: 032, Train Loss: 9.6983, Train RMSE: 20.4004, Train MAPE: 1.8603, Train WMAPE: 0.0542, 
Epoch: 032, Valid Loss: 12.9766, Valid RMSE: 42.7772, Valid MAPE: 4.0951, Valid WMAPE: 0.0745
###Update tasks appear###
Updating! Valid Loss: 12.976611988885063, epoch:  32
Iter: 000, Train Loss: 10.2690, Train RMSE: 22.3319, Train MAPE: 1.8542, Train WMAPE: 0.0570
Iter: 050, Train Loss: 11.2620, Train RMSE: 23.4099, Train MAPE: 1.2152, Train WMAPE: 0.0618
Epoch: 033, Training Time: 14.8731 secs
Epoch: 033, Inference Time: 1.9001 secs
Epoch: 033, Train Loss: 9.6165, Train RMSE: 20.2398, Train MAPE: 1.8992, Train WMAPE: 0.0538, 
Epoch: 033, Valid Loss: 13.0539, Valid RMSE: 42.3073, Valid MAPE: 7.5801, Valid WMAPE: 0.0750
No update
Iter: 000, Train Loss: 10.3438, Train RMSE: 22.1278, Train MAPE: 2.9379, Train WMAPE: 0.0574
Iter: 050, Train Loss: 11.0469, Train RMSE: 23.0425, Train MAPE: 1.1546, Train WMAPE: 0.0606
Epoch: 034, Training Time: 14.9838 secs
Epoch: 034, Inference Time: 1.9092 secs
Epoch: 034, Train Loss: 9.5453, Train RMSE: 20.0887, Train MAPE: 1.8983, Train WMAPE: 0.0534, 
Epoch: 034, Valid Loss: 12.9750, Valid RMSE: 41.9856, Valid MAPE: 7.8593, Valid WMAPE: 0.0745
###Update tasks appear###
Updating! Valid Loss: 12.975008283342634, epoch:  34
Iter: 000, Train Loss: 10.3426, Train RMSE: 21.8511, Train MAPE: 3.1763, Train WMAPE: 0.0574
Iter: 050, Train Loss: 11.1539, Train RMSE: 23.0913, Train MAPE: 1.2173, Train WMAPE: 0.0612
Epoch: 035, Training Time: 14.7691 secs
Epoch: 035, Inference Time: 1.9863 secs
Epoch: 035, Train Loss: 9.4507, Train RMSE: 19.9669, Train MAPE: 1.8681, Train WMAPE: 0.0529, 
Epoch: 035, Valid Loss: 12.9407, Valid RMSE: 42.0818, Valid MAPE: 8.3730, Valid WMAPE: 0.0743
###Update tasks appear###
Updating! Valid Loss: 12.940695456096105, epoch:  35
Iter: 000, Train Loss: 10.0877, Train RMSE: 21.5702, Train MAPE: 3.3917, Train WMAPE: 0.0560
Iter: 050, Train Loss: 10.7918, Train RMSE: 22.3966, Train MAPE: 1.2937, Train WMAPE: 0.0592
Epoch: 036, Training Time: 14.8101 secs
Epoch: 036, Inference Time: 1.8683 secs
Epoch: 036, Train Loss: 9.4157, Train RMSE: 19.9326, Train MAPE: 1.7756, Train WMAPE: 0.0527, 
Epoch: 036, Valid Loss: 12.6031, Valid RMSE: 41.7940, Valid MAPE: 6.2886, Valid WMAPE: 0.0724
###Update tasks appear###
Updating! Valid Loss: 12.603142057146345, epoch:  36
Iter: 000, Train Loss: 9.7828, Train RMSE: 21.2030, Train MAPE: 2.3170, Train WMAPE: 0.0543
Iter: 050, Train Loss: 10.9646, Train RMSE: 22.4643, Train MAPE: 1.5428, Train WMAPE: 0.0601
Epoch: 037, Training Time: 14.7787 secs
Epoch: 037, Inference Time: 1.8042 secs
Epoch: 037, Train Loss: 9.2715, Train RMSE: 19.6511, Train MAPE: 1.6638, Train WMAPE: 0.0519, 
Epoch: 037, Valid Loss: 12.8156, Valid RMSE: 42.2341, Valid MAPE: 3.4567, Valid WMAPE: 0.0736
No update
Iter: 000, Train Loss: 9.9451, Train RMSE: 21.4278, Train MAPE: 1.3328, Train WMAPE: 0.0552
Iter: 050, Train Loss: 10.3389, Train RMSE: 21.2506, Train MAPE: 1.6385, Train WMAPE: 0.0567
Epoch: 038, Training Time: 14.7888 secs
Epoch: 038, Inference Time: 1.9901 secs
Epoch: 038, Train Loss: 9.1964, Train RMSE: 19.4084, Train MAPE: 1.9699, Train WMAPE: 0.0514, 
Epoch: 038, Valid Loss: 12.8432, Valid RMSE: 42.1513, Valid MAPE: 2.6687, Valid WMAPE: 0.0737
No update
Iter: 000, Train Loss: 9.8908, Train RMSE: 21.6112, Train MAPE: 1.1577, Train WMAPE: 0.0549
Iter: 050, Train Loss: 10.5499, Train RMSE: 21.8512, Train MAPE: 1.4734, Train WMAPE: 0.0579
Epoch: 039, Training Time: 14.7983 secs
Epoch: 039, Inference Time: 1.8029 secs
Epoch: 039, Train Loss: 9.1731, Train RMSE: 19.3896, Train MAPE: 1.8169, Train WMAPE: 0.0513, 
Epoch: 039, Valid Loss: 12.5626, Valid RMSE: 41.4006, Valid MAPE: 6.7562, Valid WMAPE: 0.0721
###Update tasks appear###
Updating! Valid Loss: 12.562564509255546, epoch:  39
Iter: 000, Train Loss: 9.7704, Train RMSE: 20.9171, Train MAPE: 2.8312, Train WMAPE: 0.0542
Iter: 050, Train Loss: 10.4126, Train RMSE: 21.7659, Train MAPE: 1.0645, Train WMAPE: 0.0571
Epoch: 040, Training Time: 14.3675 secs
Epoch: 040, Inference Time: 1.9136 secs
Epoch: 040, Train Loss: 9.2505, Train RMSE: 19.4935, Train MAPE: 1.8335, Train WMAPE: 0.0517, 
Epoch: 040, Valid Loss: 12.7459, Valid RMSE: 42.0170, Valid MAPE: 3.2083, Valid WMAPE: 0.0732
No update
Iter: 000, Train Loss: 9.7483, Train RMSE: 21.1970, Train MAPE: 1.3211, Train WMAPE: 0.0541
Iter: 050, Train Loss: 10.3340, Train RMSE: 21.4721, Train MAPE: 0.9834, Train WMAPE: 0.0567
Epoch: 041, Training Time: 14.8772 secs
Epoch: 041, Inference Time: 1.9881 secs
Epoch: 041, Train Loss: 9.0661, Train RMSE: 19.2452, Train MAPE: 1.6909, Train WMAPE: 0.0507, 
Epoch: 041, Valid Loss: 12.3392, Valid RMSE: 41.1774, Valid MAPE: 5.8834, Valid WMAPE: 0.0709
###Update tasks appear###
Updating! Valid Loss: 12.339205639702934, epoch:  41
Iter: 000, Train Loss: 9.4749, Train RMSE: 20.7748, Train MAPE: 2.2773, Train WMAPE: 0.0526
Iter: 050, Train Loss: 10.5257, Train RMSE: 21.9260, Train MAPE: 1.3999, Train WMAPE: 0.0577
Epoch: 042, Training Time: 14.4844 secs
Epoch: 042, Inference Time: 1.9786 secs
Epoch: 042, Train Loss: 8.9887, Train RMSE: 19.0518, Train MAPE: 1.7660, Train WMAPE: 0.0503, 
Epoch: 042, Valid Loss: 12.1540, Valid RMSE: 41.1947, Valid MAPE: 4.5594, Valid WMAPE: 0.0698
###Update tasks appear###
Updating! Valid Loss: 12.154019560132708, epoch:  42
Iter: 000, Train Loss: 9.2909, Train RMSE: 20.2616, Train MAPE: 1.7551, Train WMAPE: 0.0516
Iter: 050, Train Loss: 10.1644, Train RMSE: 21.0872, Train MAPE: 1.1303, Train WMAPE: 0.0557
Epoch: 043, Training Time: 14.7971 secs
Epoch: 043, Inference Time: 1.9945 secs
Epoch: 043, Train Loss: 8.9239, Train RMSE: 18.9389, Train MAPE: 1.6938, Train WMAPE: 0.0499, 
Epoch: 043, Valid Loss: 13.0016, Valid RMSE: 41.6633, Valid MAPE: 7.2135, Valid WMAPE: 0.0746
No update
Iter: 000, Train Loss: 10.3021, Train RMSE: 21.3698, Train MAPE: 2.7854, Train WMAPE: 0.0572
Iter: 050, Train Loss: 10.3871, Train RMSE: 21.7291, Train MAPE: 1.0250, Train WMAPE: 0.0570
Epoch: 044, Training Time: 15.4253 secs
Epoch: 044, Inference Time: 2.0724 secs
Epoch: 044, Train Loss: 8.9312, Train RMSE: 18.9408, Train MAPE: 1.7467, Train WMAPE: 0.0500, 
Epoch: 044, Valid Loss: 12.4239, Valid RMSE: 40.9348, Valid MAPE: 4.5865, Valid WMAPE: 0.0713
No update
Iter: 000, Train Loss: 9.3826, Train RMSE: 20.2794, Train MAPE: 1.7222, Train WMAPE: 0.0521
Iter: 050, Train Loss: 9.9417, Train RMSE: 20.5225, Train MAPE: 1.2929, Train WMAPE: 0.0545
Epoch: 045, Training Time: 14.7798 secs
Epoch: 045, Inference Time: 2.0006 secs
Epoch: 045, Train Loss: 8.8736, Train RMSE: 18.7894, Train MAPE: 1.7576, Train WMAPE: 0.0496, 
Epoch: 045, Valid Loss: 12.3905, Valid RMSE: 40.8576, Valid MAPE: 7.5453, Valid WMAPE: 0.0711
No update
Iter: 000, Train Loss: 9.4688, Train RMSE: 20.1581, Train MAPE: 2.9056, Train WMAPE: 0.0526
Iter: 050, Train Loss: 9.9232, Train RMSE: 20.5738, Train MAPE: 1.2523, Train WMAPE: 0.0544
Epoch: 046, Training Time: 14.8932 secs
Epoch: 046, Inference Time: 1.8946 secs
Epoch: 046, Train Loss: 8.7600, Train RMSE: 18.5469, Train MAPE: 1.7142, Train WMAPE: 0.0490, 
Epoch: 046, Valid Loss: 12.2203, Valid RMSE: 40.5570, Valid MAPE: 6.2560, Valid WMAPE: 0.0702
No update
Iter: 000, Train Loss: 9.4512, Train RMSE: 20.4755, Train MAPE: 2.3289, Train WMAPE: 0.0525
Iter: 050, Train Loss: 10.0153, Train RMSE: 20.6962, Train MAPE: 1.3197, Train WMAPE: 0.0549
Epoch: 047, Training Time: 14.7969 secs
Epoch: 047, Inference Time: 1.9959 secs
Epoch: 047, Train Loss: 8.8193, Train RMSE: 18.6518, Train MAPE: 1.7867, Train WMAPE: 0.0493, 
Epoch: 047, Valid Loss: 11.9598, Valid RMSE: 40.5784, Valid MAPE: 2.6622, Valid WMAPE: 0.0687
###Update tasks appear###
Updating! Valid Loss: 11.95977783203125, epoch:  47
Iter: 000, Train Loss: 8.9437, Train RMSE: 19.7718, Train MAPE: 1.1766, Train WMAPE: 0.0497
Iter: 050, Train Loss: 9.9649, Train RMSE: 20.6269, Train MAPE: 1.2753, Train WMAPE: 0.0546
Epoch: 048, Training Time: 15.0041 secs
Epoch: 048, Inference Time: 1.8703 secs
Epoch: 048, Train Loss: 8.7587, Train RMSE: 18.5657, Train MAPE: 1.6619, Train WMAPE: 0.0490, 
Epoch: 048, Valid Loss: 11.9745, Valid RMSE: 40.4446, Valid MAPE: 4.7386, Valid WMAPE: 0.0688
No update
Iter: 000, Train Loss: 8.9131, Train RMSE: 19.5605, Train MAPE: 1.8481, Train WMAPE: 0.0495
Iter: 050, Train Loss: 9.7454, Train RMSE: 20.2319, Train MAPE: 1.1279, Train WMAPE: 0.0534
Epoch: 049, Training Time: 14.4971 secs
Epoch: 049, Inference Time: 1.8860 secs
Epoch: 049, Train Loss: 8.6222, Train RMSE: 18.3482, Train MAPE: 1.6426, Train WMAPE: 0.0482, 
Epoch: 049, Valid Loss: 12.2995, Valid RMSE: 40.4869, Valid MAPE: 8.2132, Valid WMAPE: 0.0706
No update
Iter: 000, Train Loss: 9.2930, Train RMSE: 19.7115, Train MAPE: 3.1212, Train WMAPE: 0.0516
Iter: 050, Train Loss: 9.6065, Train RMSE: 19.5976, Train MAPE: 1.0307, Train WMAPE: 0.0527
Epoch: 050, Training Time: 14.4967 secs
Epoch: 050, Inference Time: 1.9871 secs
Epoch: 050, Train Loss: 8.6134, Train RMSE: 18.2661, Train MAPE: 1.6602, Train WMAPE: 0.0482, 
Epoch: 050, Valid Loss: 12.3429, Valid RMSE: 40.5771, Valid MAPE: 8.2433, Valid WMAPE: 0.0709
No update
Iter: 000, Train Loss: 9.2919, Train RMSE: 19.3677, Train MAPE: 3.1986, Train WMAPE: 0.0516
Iter: 050, Train Loss: 9.6225, Train RMSE: 20.2182, Train MAPE: 0.9136, Train WMAPE: 0.0528
Epoch: 051, Training Time: 14.9001 secs
Epoch: 051, Inference Time: 1.8971 secs
Epoch: 051, Train Loss: 8.6020, Train RMSE: 18.3500, Train MAPE: 1.5347, Train WMAPE: 0.0481, 
Epoch: 051, Valid Loss: 12.4671, Valid RMSE: 40.4551, Valid MAPE: 4.7169, Valid WMAPE: 0.0716
No update
Iter: 000, Train Loss: 9.6450, Train RMSE: 20.2625, Train MAPE: 1.9192, Train WMAPE: 0.0535
Iter: 050, Train Loss: 9.9294, Train RMSE: 21.2444, Train MAPE: 0.9197, Train WMAPE: 0.0544
Epoch: 052, Training Time: 14.4955 secs
Epoch: 052, Inference Time: 1.9108 secs
Epoch: 052, Train Loss: 8.6192, Train RMSE: 18.3114, Train MAPE: 1.6035, Train WMAPE: 0.0482, 
Epoch: 052, Valid Loss: 12.4050, Valid RMSE: 40.0171, Valid MAPE: 6.9307, Valid WMAPE: 0.0712
No update
Iter: 000, Train Loss: 9.2946, Train RMSE: 19.5279, Train MAPE: 2.4460, Train WMAPE: 0.0516
Iter: 050, Train Loss: 9.3642, Train RMSE: 19.2452, Train MAPE: 1.2741, Train WMAPE: 0.0513
Epoch: 053, Training Time: 14.4717 secs
Epoch: 053, Inference Time: 1.9031 secs
Epoch: 053, Train Loss: 8.4624, Train RMSE: 18.0304, Train MAPE: 1.6132, Train WMAPE: 0.0473, 
Epoch: 053, Valid Loss: 12.1317, Valid RMSE: 40.1888, Valid MAPE: 6.8352, Valid WMAPE: 0.0697
No update
Iter: 000, Train Loss: 8.8558, Train RMSE: 19.0273, Train MAPE: 2.7036, Train WMAPE: 0.0492
Iter: 050, Train Loss: 9.6003, Train RMSE: 20.3586, Train MAPE: 0.8685, Train WMAPE: 0.0526
Epoch: 054, Training Time: 15.1905 secs
Epoch: 054, Inference Time: 1.8963 secs
Epoch: 054, Train Loss: 8.4286, Train RMSE: 18.0156, Train MAPE: 1.5316, Train WMAPE: 0.0471, 
Epoch: 054, Valid Loss: 11.9747, Valid RMSE: 39.9721, Valid MAPE: 6.6829, Valid WMAPE: 0.0688
No update
Iter: 000, Train Loss: 8.8324, Train RMSE: 19.0402, Train MAPE: 2.2970, Train WMAPE: 0.0490
Iter: 050, Train Loss: 9.7597, Train RMSE: 21.1140, Train MAPE: 1.0719, Train WMAPE: 0.0535
Epoch: 055, Training Time: 15.0875 secs
Epoch: 055, Inference Time: 1.9900 secs
Epoch: 055, Train Loss: 8.3846, Train RMSE: 17.8829, Train MAPE: 1.5860, Train WMAPE: 0.0469, 
Epoch: 055, Valid Loss: 11.7835, Valid RMSE: 40.1377, Valid MAPE: 4.2232, Valid WMAPE: 0.0677
###Update tasks appear###
Updating! Valid Loss: 11.783505473818098, epoch:  55
Iter: 000, Train Loss: 8.9127, Train RMSE: 19.5171, Train MAPE: 1.6777, Train WMAPE: 0.0495
Iter: 050, Train Loss: 9.1984, Train RMSE: 19.1544, Train MAPE: 0.7759, Train WMAPE: 0.0504
Epoch: 056, Training Time: 15.1152 secs
Epoch: 056, Inference Time: 1.8868 secs
Epoch: 056, Train Loss: 8.3479, Train RMSE: 17.8286, Train MAPE: 1.4486, Train WMAPE: 0.0467, 
Epoch: 056, Valid Loss: 12.3065, Valid RMSE: 40.5473, Valid MAPE: 3.4093, Valid WMAPE: 0.0707
No update
Iter: 000, Train Loss: 9.1642, Train RMSE: 19.3926, Train MAPE: 1.3186, Train WMAPE: 0.0509
Iter: 050, Train Loss: 9.1932, Train RMSE: 19.2280, Train MAPE: 1.0317, Train WMAPE: 0.0504
Epoch: 057, Training Time: 14.9063 secs
Epoch: 057, Inference Time: 1.8930 secs
Epoch: 057, Train Loss: 8.3267, Train RMSE: 17.7429, Train MAPE: 1.5481, Train WMAPE: 0.0466, 
Epoch: 057, Valid Loss: 11.6499, Valid RMSE: 39.7885, Valid MAPE: 2.7051, Valid WMAPE: 0.0669
###Update tasks appear###
Updating! Valid Loss: 11.649873290743146, epoch:  57
Iter: 000, Train Loss: 8.3557, Train RMSE: 18.4699, Train MAPE: 1.0870, Train WMAPE: 0.0464
Iter: 050, Train Loss: 9.2888, Train RMSE: 19.5429, Train MAPE: 1.0186, Train WMAPE: 0.0509
Epoch: 058, Training Time: 14.7823 secs
Epoch: 058, Inference Time: 1.8129 secs
Epoch: 058, Train Loss: 8.2198, Train RMSE: 17.5432, Train MAPE: 1.5608, Train WMAPE: 0.0460, 
Epoch: 058, Valid Loss: 11.7123, Valid RMSE: 39.5461, Valid MAPE: 5.8357, Valid WMAPE: 0.0672
No update
Iter: 000, Train Loss: 8.6996, Train RMSE: 19.0418, Train MAPE: 2.3213, Train WMAPE: 0.0483
Iter: 050, Train Loss: 9.1791, Train RMSE: 18.9970, Train MAPE: 2.0255, Train WMAPE: 0.0503
Epoch: 059, Training Time: 14.5698 secs
Epoch: 059, Inference Time: 1.8018 secs
Epoch: 059, Train Loss: 8.2689, Train RMSE: 17.5812, Train MAPE: 1.6681, Train WMAPE: 0.0462, 
Epoch: 059, Valid Loss: 11.6744, Valid RMSE: 39.7916, Valid MAPE: 3.0366, Valid WMAPE: 0.0670
No update
Iter: 000, Train Loss: 8.2774, Train RMSE: 18.4711, Train MAPE: 1.1091, Train WMAPE: 0.0460
Iter: 050, Train Loss: 9.3194, Train RMSE: 18.9010, Train MAPE: 1.8870, Train WMAPE: 0.0511
Epoch: 060, Training Time: 14.6880 secs
Epoch: 060, Inference Time: 1.8093 secs
Epoch: 060, Train Loss: 8.2155, Train RMSE: 17.5415, Train MAPE: 1.5727, Train WMAPE: 0.0459, 
Epoch: 060, Valid Loss: 11.6295, Valid RMSE: 39.3487, Valid MAPE: 3.5781, Valid WMAPE: 0.0668
###Update tasks appear###
Updating! Valid Loss: 11.6295348576137, epoch:  60
Iter: 000, Train Loss: 8.4784, Train RMSE: 18.3798, Train MAPE: 1.2708, Train WMAPE: 0.0471
Iter: 050, Train Loss: 9.2407, Train RMSE: 19.4974, Train MAPE: 1.5226, Train WMAPE: 0.0507
Epoch: 061, Training Time: 14.5633 secs
Epoch: 061, Inference Time: 1.9153 secs
Epoch: 061, Train Loss: 8.1626, Train RMSE: 17.5407, Train MAPE: 1.4162, Train WMAPE: 0.0457, 
Epoch: 061, Valid Loss: 11.8639, Valid RMSE: 39.5847, Valid MAPE: 4.7242, Valid WMAPE: 0.0681
No update
Iter: 000, Train Loss: 8.7132, Train RMSE: 18.9070, Train MAPE: 1.6441, Train WMAPE: 0.0484
Iter: 050, Train Loss: 8.6679, Train RMSE: 17.7440, Train MAPE: 1.0893, Train WMAPE: 0.0475
Epoch: 062, Training Time: 14.8068 secs
Epoch: 062, Inference Time: 1.8797 secs
Epoch: 062, Train Loss: 8.0971, Train RMSE: 17.3297, Train MAPE: 1.4670, Train WMAPE: 0.0453, 
Epoch: 062, Valid Loss: 12.1234, Valid RMSE: 40.3065, Valid MAPE: 2.4772, Valid WMAPE: 0.0696
No update
Iter: 000, Train Loss: 8.5214, Train RMSE: 18.5879, Train MAPE: 1.0352, Train WMAPE: 0.0473
Iter: 050, Train Loss: 8.6823, Train RMSE: 18.0882, Train MAPE: 0.8013, Train WMAPE: 0.0476
Epoch: 063, Training Time: 15.1732 secs
Epoch: 063, Inference Time: 1.8996 secs
Epoch: 063, Train Loss: 8.0588, Train RMSE: 17.2355, Train MAPE: 1.5490, Train WMAPE: 0.0451, 
Epoch: 063, Valid Loss: 12.3987, Valid RMSE: 40.3162, Valid MAPE: 6.0582, Valid WMAPE: 0.0712
No update
Iter: 000, Train Loss: 8.7569, Train RMSE: 19.4390, Train MAPE: 2.2267, Train WMAPE: 0.0486
Iter: 050, Train Loss: 9.0404, Train RMSE: 18.7619, Train MAPE: 1.1602, Train WMAPE: 0.0496
Epoch: 064, Training Time: 14.6892 secs
Epoch: 064, Inference Time: 1.8002 secs
Epoch: 064, Train Loss: 8.0888, Train RMSE: 17.3007, Train MAPE: 1.5139, Train WMAPE: 0.0452, 
Epoch: 064, Valid Loss: 11.9917, Valid RMSE: 39.5057, Valid MAPE: 7.3800, Valid WMAPE: 0.0688
No update
Iter: 000, Train Loss: 8.4578, Train RMSE: 18.2068, Train MAPE: 2.8998, Train WMAPE: 0.0470
Iter: 050, Train Loss: 9.4466, Train RMSE: 20.2845, Train MAPE: 0.9862, Train WMAPE: 0.0518
Epoch: 065, Training Time: 14.2970 secs
Epoch: 065, Inference Time: 1.9025 secs
Epoch: 065, Train Loss: 8.0403, Train RMSE: 17.1200, Train MAPE: 1.5575, Train WMAPE: 0.0450, 
Epoch: 065, Valid Loss: 11.9719, Valid RMSE: 39.6913, Valid MAPE: 4.0530, Valid WMAPE: 0.0687
No update
Iter: 000, Train Loss: 8.5716, Train RMSE: 18.7132, Train MAPE: 1.4825, Train WMAPE: 0.0476
Iter: 050, Train Loss: 9.0425, Train RMSE: 19.4844, Train MAPE: 0.7117, Train WMAPE: 0.0496
Epoch: 066, Training Time: 14.8846 secs
Epoch: 066, Inference Time: 1.9054 secs
Epoch: 066, Train Loss: 8.0017, Train RMSE: 17.1113, Train MAPE: 1.5725, Train WMAPE: 0.0448, 
Epoch: 066, Valid Loss: 11.5118, Valid RMSE: 39.2344, Valid MAPE: 4.8985, Valid WMAPE: 0.0661
###Update tasks appear###
Updating! Valid Loss: 11.511761154447283, epoch:  66
Iter: 000, Train Loss: 8.0529, Train RMSE: 17.8016, Train MAPE: 1.8683, Train WMAPE: 0.0447
Iter: 050, Train Loss: 8.8475, Train RMSE: 18.9233, Train MAPE: 0.7274, Train WMAPE: 0.0485
Epoch: 067, Training Time: 15.0678 secs
Epoch: 067, Inference Time: 1.9116 secs
Epoch: 067, Train Loss: 7.9431, Train RMSE: 16.9730, Train MAPE: 1.5617, Train WMAPE: 0.0444, 
Epoch: 067, Valid Loss: 11.7625, Valid RMSE: 39.6344, Valid MAPE: 5.7285, Valid WMAPE: 0.0675
No update
Iter: 000, Train Loss: 8.3544, Train RMSE: 18.3421, Train MAPE: 2.0746, Train WMAPE: 0.0464
Iter: 050, Train Loss: 8.6801, Train RMSE: 18.0612, Train MAPE: 1.1327, Train WMAPE: 0.0476
Epoch: 068, Training Time: 15.2085 secs
Epoch: 068, Inference Time: 1.9577 secs
Epoch: 068, Train Loss: 7.8722, Train RMSE: 16.8656, Train MAPE: 1.4422, Train WMAPE: 0.0440, 
Epoch: 068, Valid Loss: 11.8218, Valid RMSE: 39.6961, Valid MAPE: 2.5583, Valid WMAPE: 0.0679
No update
Iter: 000, Train Loss: 8.2677, Train RMSE: 18.4089, Train MAPE: 0.9322, Train WMAPE: 0.0459
Iter: 050, Train Loss: 8.6110, Train RMSE: 18.0869, Train MAPE: 1.1258, Train WMAPE: 0.0472
Epoch: 069, Training Time: 14.9065 secs
Epoch: 069, Inference Time: 2.0164 secs
Epoch: 069, Train Loss: 7.8811, Train RMSE: 16.8656, Train MAPE: 1.4511, Train WMAPE: 0.0441, 
Epoch: 069, Valid Loss: 11.5626, Valid RMSE: 39.2886, Valid MAPE: 3.0616, Valid WMAPE: 0.0664
No update
Iter: 000, Train Loss: 7.9244, Train RMSE: 17.7111, Train MAPE: 1.0922, Train WMAPE: 0.0440
Iter: 050, Train Loss: 8.5816, Train RMSE: 17.8536, Train MAPE: 1.0374, Train WMAPE: 0.0471
Epoch: 070, Training Time: 15.0622 secs
Epoch: 070, Inference Time: 1.9083 secs
Epoch: 070, Train Loss: 7.7912, Train RMSE: 16.7425, Train MAPE: 1.4185, Train WMAPE: 0.0436, 
Epoch: 070, Valid Loss: 11.6843, Valid RMSE: 39.3813, Valid MAPE: 3.6557, Valid WMAPE: 0.0671
No update
Iter: 000, Train Loss: 8.1691, Train RMSE: 17.9319, Train MAPE: 1.2859, Train WMAPE: 0.0454
Iter: 050, Train Loss: 8.6007, Train RMSE: 17.8395, Train MAPE: 1.2480, Train WMAPE: 0.0472
Epoch: 071, Training Time: 15.2185 secs
Epoch: 071, Inference Time: 1.9603 secs
Epoch: 071, Train Loss: 7.8005, Train RMSE: 16.6595, Train MAPE: 1.5689, Train WMAPE: 0.0436, 
Epoch: 071, Valid Loss: 11.6749, Valid RMSE: 39.2938, Valid MAPE: 6.1301, Valid WMAPE: 0.0670
No update
Iter: 000, Train Loss: 8.1904, Train RMSE: 17.7990, Train MAPE: 2.4679, Train WMAPE: 0.0455
Iter: 050, Train Loss: 8.4980, Train RMSE: 17.6169, Train MAPE: 1.0468, Train WMAPE: 0.0466
Epoch: 072, Training Time: 15.0947 secs
Epoch: 072, Inference Time: 1.9105 secs
Epoch: 072, Train Loss: 7.7956, Train RMSE: 16.8141, Train MAPE: 1.3079, Train WMAPE: 0.0436, 
Epoch: 072, Valid Loss: 11.4431, Valid RMSE: 39.4718, Valid MAPE: 3.0523, Valid WMAPE: 0.0657
###Update tasks appear###
Updating! Valid Loss: 11.443137066704887, epoch:  72
Iter: 000, Train Loss: 7.9799, Train RMSE: 17.8237, Train MAPE: 1.0023, Train WMAPE: 0.0443
Iter: 050, Train Loss: 9.0446, Train RMSE: 19.0153, Train MAPE: 1.1717, Train WMAPE: 0.0496
Epoch: 073, Training Time: 15.1229 secs
Epoch: 073, Inference Time: 1.8482 secs
Epoch: 073, Train Loss: 7.7363, Train RMSE: 16.6574, Train MAPE: 1.3312, Train WMAPE: 0.0433, 
Epoch: 073, Valid Loss: 11.7110, Valid RMSE: 39.5947, Valid MAPE: 3.6502, Valid WMAPE: 0.0672
No update
Iter: 000, Train Loss: 8.3576, Train RMSE: 18.2025, Train MAPE: 1.3314, Train WMAPE: 0.0464
Iter: 050, Train Loss: 8.1312, Train RMSE: 16.7274, Train MAPE: 1.3249, Train WMAPE: 0.0446
Epoch: 074, Training Time: 14.8803 secs
Epoch: 074, Inference Time: 1.8932 secs
Epoch: 074, Train Loss: 7.6143, Train RMSE: 16.3393, Train MAPE: 1.5298, Train WMAPE: 0.0426, 
Epoch: 074, Valid Loss: 11.6969, Valid RMSE: 39.8247, Valid MAPE: 2.5151, Valid WMAPE: 0.0672
No update
Iter: 000, Train Loss: 7.9786, Train RMSE: 17.8437, Train MAPE: 0.8946, Train WMAPE: 0.0443
Iter: 050, Train Loss: 8.2409, Train RMSE: 17.6977, Train MAPE: 0.7965, Train WMAPE: 0.0452
Epoch: 075, Training Time: 15.0012 secs
Epoch: 075, Inference Time: 1.8883 secs
Epoch: 075, Train Loss: 7.6141, Train RMSE: 16.3908, Train MAPE: 1.3218, Train WMAPE: 0.0426, 
Epoch: 075, Valid Loss: 11.3957, Valid RMSE: 39.1962, Valid MAPE: 2.8358, Valid WMAPE: 0.0654
###Update tasks appear###
Updating! Valid Loss: 11.395682368959699, epoch:  75
Iter: 000, Train Loss: 8.1656, Train RMSE: 18.1651, Train MAPE: 1.0566, Train WMAPE: 0.0453
Iter: 050, Train Loss: 8.8151, Train RMSE: 19.6643, Train MAPE: 1.5329, Train WMAPE: 0.0483
Epoch: 076, Training Time: 15.0769 secs
Epoch: 076, Inference Time: 1.8816 secs
Epoch: 076, Train Loss: 7.6660, Train RMSE: 16.4630, Train MAPE: 1.4442, Train WMAPE: 0.0429, 
Epoch: 076, Valid Loss: 11.3370, Valid RMSE: 39.0577, Valid MAPE: 4.8357, Valid WMAPE: 0.0651
###Update tasks appear###
Updating! Valid Loss: 11.337015288216728, epoch:  76
Iter: 000, Train Loss: 8.1293, Train RMSE: 18.2293, Train MAPE: 1.9157, Train WMAPE: 0.0451
Iter: 050, Train Loss: 8.3297, Train RMSE: 17.5456, Train MAPE: 0.8894, Train WMAPE: 0.0457
Epoch: 077, Training Time: 14.9872 secs
Epoch: 077, Inference Time: 1.8915 secs
Epoch: 077, Train Loss: 7.5707, Train RMSE: 16.4134, Train MAPE: 1.2993, Train WMAPE: 0.0423, 
Epoch: 077, Valid Loss: 11.4235, Valid RMSE: 39.1970, Valid MAPE: 2.5993, Valid WMAPE: 0.0656
No update
Iter: 000, Train Loss: 8.0411, Train RMSE: 17.9677, Train MAPE: 0.8779, Train WMAPE: 0.0446
Iter: 050, Train Loss: 8.0392, Train RMSE: 16.7265, Train MAPE: 1.0331, Train WMAPE: 0.0441
Epoch: 078, Training Time: 15.1022 secs
Epoch: 078, Inference Time: 1.9825 secs
Epoch: 078, Train Loss: 7.5719, Train RMSE: 16.3418, Train MAPE: 1.2812, Train WMAPE: 0.0423, 
Epoch: 078, Valid Loss: 11.2653, Valid RMSE: 39.1058, Valid MAPE: 3.1322, Valid WMAPE: 0.0647
###Update tasks appear###
Updating! Valid Loss: 11.26529152052743, epoch:  78
Iter: 000, Train Loss: 7.5858, Train RMSE: 17.1939, Train MAPE: 0.9852, Train WMAPE: 0.0421
Iter: 050, Train Loss: 8.1395, Train RMSE: 17.3452, Train MAPE: 0.9170, Train WMAPE: 0.0446
Epoch: 079, Training Time: 14.9147 secs
Epoch: 079, Inference Time: 2.0535 secs
Epoch: 079, Train Loss: 7.4934, Train RMSE: 16.2139, Train MAPE: 1.2982, Train WMAPE: 0.0419, 
Epoch: 079, Valid Loss: 11.6630, Valid RMSE: 39.3389, Valid MAPE: 3.0216, Valid WMAPE: 0.0670
No update
Iter: 000, Train Loss: 8.0545, Train RMSE: 17.4692, Train MAPE: 1.0999, Train WMAPE: 0.0447
Iter: 050, Train Loss: 7.9651, Train RMSE: 16.6807, Train MAPE: 0.6618, Train WMAPE: 0.0437
Epoch: 080, Training Time: 14.7959 secs
Epoch: 080, Inference Time: 2.0862 secs
Epoch: 080, Train Loss: 7.4344, Train RMSE: 16.1094, Train MAPE: 1.2537, Train WMAPE: 0.0416, 
Epoch: 080, Valid Loss: 11.5288, Valid RMSE: 39.3254, Valid MAPE: 3.6006, Valid WMAPE: 0.0662
No update
Iter: 000, Train Loss: 7.9725, Train RMSE: 17.5178, Train MAPE: 1.2677, Train WMAPE: 0.0443
Iter: 050, Train Loss: 8.4595, Train RMSE: 17.8453, Train MAPE: 1.0404, Train WMAPE: 0.0464
Epoch: 081, Training Time: 14.9270 secs
Epoch: 081, Inference Time: 1.8635 secs
Epoch: 081, Train Loss: 7.4979, Train RMSE: 16.1340, Train MAPE: 1.3765, Train WMAPE: 0.0419, 
Epoch: 081, Valid Loss: 11.7756, Valid RMSE: 39.4282, Valid MAPE: 6.7320, Valid WMAPE: 0.0676
No update
Iter: 000, Train Loss: 8.0431, Train RMSE: 17.6418, Train MAPE: 2.4408, Train WMAPE: 0.0447
Iter: 050, Train Loss: 8.6033, Train RMSE: 17.9037, Train MAPE: 1.1528, Train WMAPE: 0.0472
Epoch: 082, Training Time: 14.8522 secs
Epoch: 082, Inference Time: 1.8338 secs
Epoch: 082, Train Loss: 7.4565, Train RMSE: 16.0442, Train MAPE: 1.4327, Train WMAPE: 0.0417, 
Epoch: 082, Valid Loss: 11.6707, Valid RMSE: 39.2310, Valid MAPE: 6.5784, Valid WMAPE: 0.0670
No update
Iter: 000, Train Loss: 7.8923, Train RMSE: 17.3420, Train MAPE: 2.4635, Train WMAPE: 0.0438
Iter: 050, Train Loss: 8.1606, Train RMSE: 17.3242, Train MAPE: 1.3149, Train WMAPE: 0.0447
Epoch: 083, Training Time: 14.6278 secs
Epoch: 083, Inference Time: 1.9576 secs
Epoch: 083, Train Loss: 7.4371, Train RMSE: 16.0294, Train MAPE: 1.5016, Train WMAPE: 0.0416, 
Epoch: 083, Valid Loss: 11.3947, Valid RMSE: 39.0476, Valid MAPE: 2.1804, Valid WMAPE: 0.0654
No update
Iter: 000, Train Loss: 7.7256, Train RMSE: 17.5121, Train MAPE: 0.8593, Train WMAPE: 0.0429
Iter: 050, Train Loss: 7.7836, Train RMSE: 16.4175, Train MAPE: 1.0687, Train WMAPE: 0.0427
Epoch: 084, Training Time: 14.7300 secs
Epoch: 084, Inference Time: 1.8770 secs
Epoch: 084, Train Loss: 7.3504, Train RMSE: 15.8902, Train MAPE: 1.5030, Train WMAPE: 0.0411, 
Epoch: 084, Valid Loss: 11.3031, Valid RMSE: 38.8242, Valid MAPE: 2.9226, Valid WMAPE: 0.0649
No update
Iter: 000, Train Loss: 7.5760, Train RMSE: 16.9375, Train MAPE: 0.9332, Train WMAPE: 0.0421
Iter: 050, Train Loss: 7.7307, Train RMSE: 16.3491, Train MAPE: 0.6942, Train WMAPE: 0.0424
Epoch: 085, Training Time: 14.9776 secs
Epoch: 085, Inference Time: 1.8909 secs
Epoch: 085, Train Loss: 7.3735, Train RMSE: 15.9480, Train MAPE: 1.3382, Train WMAPE: 0.0412, 
Epoch: 085, Valid Loss: 11.2926, Valid RMSE: 38.5298, Valid MAPE: 5.3850, Valid WMAPE: 0.0648
No update
Iter: 000, Train Loss: 7.7965, Train RMSE: 17.3885, Train MAPE: 1.9870, Train WMAPE: 0.0433
Iter: 050, Train Loss: 7.9455, Train RMSE: 16.6801, Train MAPE: 0.7896, Train WMAPE: 0.0436
Epoch: 086, Training Time: 14.8343 secs
Epoch: 086, Inference Time: 1.8726 secs
Epoch: 086, Train Loss: 7.3483, Train RMSE: 15.8862, Train MAPE: 1.2641, Train WMAPE: 0.0411, 
Epoch: 086, Valid Loss: 11.5505, Valid RMSE: 38.6410, Valid MAPE: 3.3402, Valid WMAPE: 0.0663
No update
Iter: 000, Train Loss: 8.5527, Train RMSE: 18.8660, Train MAPE: 1.1699, Train WMAPE: 0.0475
Iter: 050, Train Loss: 8.0214, Train RMSE: 16.7804, Train MAPE: 1.0258, Train WMAPE: 0.0440
Epoch: 087, Training Time: 14.9821 secs
Epoch: 087, Inference Time: 1.9118 secs
Epoch: 087, Train Loss: 7.4517, Train RMSE: 15.9922, Train MAPE: 1.3589, Train WMAPE: 0.0417, 
Epoch: 087, Valid Loss: 11.3218, Valid RMSE: 38.8070, Valid MAPE: 4.0946, Valid WMAPE: 0.0650
No update
Iter: 000, Train Loss: 7.6056, Train RMSE: 17.1853, Train MAPE: 1.4037, Train WMAPE: 0.0422
Iter: 050, Train Loss: 8.2000, Train RMSE: 16.9648, Train MAPE: 1.0987, Train WMAPE: 0.0450
Epoch: 088, Training Time: 14.8309 secs
Epoch: 088, Inference Time: 1.8375 secs
Epoch: 088, Train Loss: 7.2881, Train RMSE: 15.7245, Train MAPE: 1.3622, Train WMAPE: 0.0408, 
Epoch: 088, Valid Loss: 11.6086, Valid RMSE: 39.0155, Valid MAPE: 6.2913, Valid WMAPE: 0.0666
No update
Iter: 000, Train Loss: 7.8579, Train RMSE: 17.3919, Train MAPE: 2.2089, Train WMAPE: 0.0436
Iter: 050, Train Loss: 8.1299, Train RMSE: 17.2192, Train MAPE: 0.7987, Train WMAPE: 0.0446
Epoch: 089, Training Time: 14.8131 secs
Epoch: 089, Inference Time: 1.8874 secs
Epoch: 089, Train Loss: 7.3518, Train RMSE: 15.8024, Train MAPE: 1.4604, Train WMAPE: 0.0411, 
Epoch: 089, Valid Loss: 11.1852, Valid RMSE: 38.7441, Valid MAPE: 2.7824, Valid WMAPE: 0.0642
###Update tasks appear###
Updating! Valid Loss: 11.185237952641078, epoch:  89
Iter: 000, Train Loss: 7.4639, Train RMSE: 17.1093, Train MAPE: 1.0131, Train WMAPE: 0.0414
Iter: 050, Train Loss: 7.7816, Train RMSE: 16.1301, Train MAPE: 0.7845, Train WMAPE: 0.0427
Epoch: 090, Training Time: 14.7225 secs
Epoch: 090, Inference Time: 1.9410 secs
Epoch: 090, Train Loss: 7.2799, Train RMSE: 15.8139, Train MAPE: 1.1953, Train WMAPE: 0.0407, 
Epoch: 090, Valid Loss: 10.8809, Valid RMSE: 38.4659, Valid MAPE: 2.1814, Valid WMAPE: 0.0625
###Update tasks appear###
Updating! Valid Loss: 10.880900485174996, epoch:  90
Iter: 000, Train Loss: 7.4164, Train RMSE: 16.8885, Train MAPE: 0.7641, Train WMAPE: 0.0412
Iter: 050, Train Loss: 7.7446, Train RMSE: 15.8573, Train MAPE: 1.1952, Train WMAPE: 0.0425
Epoch: 091, Training Time: 14.1758 secs
Epoch: 091, Inference Time: 1.8828 secs
Epoch: 091, Train Loss: 7.2212, Train RMSE: 15.5937, Train MAPE: 1.3475, Train WMAPE: 0.0404, 
Epoch: 091, Valid Loss: 11.3624, Valid RMSE: 38.7469, Valid MAPE: 6.2972, Valid WMAPE: 0.0652
No update
Iter: 000, Train Loss: 7.7184, Train RMSE: 17.3834, Train MAPE: 2.3333, Train WMAPE: 0.0429
Iter: 050, Train Loss: 7.4997, Train RMSE: 15.4940, Train MAPE: 0.9733, Train WMAPE: 0.0411
Epoch: 092, Training Time: 15.0138 secs
Epoch: 092, Inference Time: 1.8826 secs
Epoch: 092, Train Loss: 7.1965, Train RMSE: 15.5448, Train MAPE: 1.3897, Train WMAPE: 0.0402, 
Epoch: 092, Valid Loss: 11.1801, Valid RMSE: 38.8273, Valid MAPE: 2.5229, Valid WMAPE: 0.0642
No update
Iter: 000, Train Loss: 7.4270, Train RMSE: 16.9420, Train MAPE: 0.9736, Train WMAPE: 0.0412
Iter: 050, Train Loss: 7.6686, Train RMSE: 16.0219, Train MAPE: 1.3107, Train WMAPE: 0.0421
Epoch: 093, Training Time: 14.7002 secs
Epoch: 093, Inference Time: 2.0788 secs
Epoch: 093, Train Loss: 7.1855, Train RMSE: 15.5262, Train MAPE: 1.4211, Train WMAPE: 0.0402, 
Epoch: 093, Valid Loss: 11.2037, Valid RMSE: 38.6261, Valid MAPE: 3.2870, Valid WMAPE: 0.0643
No update
Iter: 000, Train Loss: 7.4719, Train RMSE: 16.8420, Train MAPE: 1.2294, Train WMAPE: 0.0415
Iter: 050, Train Loss: 8.1857, Train RMSE: 17.5631, Train MAPE: 0.7557, Train WMAPE: 0.0449
Epoch: 094, Training Time: 15.3006 secs
Epoch: 094, Inference Time: 1.9144 secs
Epoch: 094, Train Loss: 7.2819, Train RMSE: 15.7734, Train MAPE: 1.2631, Train WMAPE: 0.0407, 
Epoch: 094, Valid Loss: 11.1385, Valid RMSE: 38.7620, Valid MAPE: 3.4236, Valid WMAPE: 0.0640
No update
Iter: 000, Train Loss: 7.6228, Train RMSE: 17.0905, Train MAPE: 1.1888, Train WMAPE: 0.0423
Iter: 050, Train Loss: 7.8093, Train RMSE: 16.2527, Train MAPE: 1.0883, Train WMAPE: 0.0428
Epoch: 095, Training Time: 15.0026 secs
Epoch: 095, Inference Time: 1.9519 secs
Epoch: 095, Train Loss: 7.1864, Train RMSE: 15.5345, Train MAPE: 1.3597, Train WMAPE: 0.0402, 
Epoch: 095, Valid Loss: 11.2184, Valid RMSE: 38.7299, Valid MAPE: 2.9139, Valid WMAPE: 0.0644
No update
Iter: 000, Train Loss: 7.3719, Train RMSE: 16.8031, Train MAPE: 1.0023, Train WMAPE: 0.0409
Iter: 050, Train Loss: 7.6312, Train RMSE: 15.6597, Train MAPE: 0.8624, Train WMAPE: 0.0418
Epoch: 096, Training Time: 14.6989 secs
Epoch: 096, Inference Time: 1.9101 secs
Epoch: 096, Train Loss: 7.1396, Train RMSE: 15.4383, Train MAPE: 1.3264, Train WMAPE: 0.0399, 
Epoch: 096, Valid Loss: 11.1864, Valid RMSE: 38.6464, Valid MAPE: 5.2011, Valid WMAPE: 0.0642
No update
Iter: 000, Train Loss: 7.6022, Train RMSE: 17.0569, Train MAPE: 2.0121, Train WMAPE: 0.0422
Iter: 050, Train Loss: 7.5359, Train RMSE: 15.5813, Train MAPE: 0.9775, Train WMAPE: 0.0413
Epoch: 097, Training Time: 14.3498 secs
Epoch: 097, Inference Time: 1.8464 secs
Epoch: 097, Train Loss: 7.2074, Train RMSE: 15.7237, Train MAPE: 1.2331, Train WMAPE: 0.0403, 
Epoch: 097, Valid Loss: 11.1968, Valid RMSE: 38.8691, Valid MAPE: 3.1600, Valid WMAPE: 0.0643
No update
Iter: 000, Train Loss: 8.0590, Train RMSE: 18.2473, Train MAPE: 1.1114, Train WMAPE: 0.0447
Iter: 050, Train Loss: 7.5359, Train RMSE: 16.0081, Train MAPE: 0.8705, Train WMAPE: 0.0413
Epoch: 098, Training Time: 14.5069 secs
Epoch: 098, Inference Time: 1.8986 secs
Epoch: 098, Train Loss: 7.1177, Train RMSE: 15.5017, Train MAPE: 1.1365, Train WMAPE: 0.0398, 
Epoch: 098, Valid Loss: 11.2706, Valid RMSE: 38.4573, Valid MAPE: 3.2501, Valid WMAPE: 0.0647
No update
Iter: 000, Train Loss: 7.5306, Train RMSE: 16.8844, Train MAPE: 1.1136, Train WMAPE: 0.0418
Iter: 050, Train Loss: 7.3666, Train RMSE: 15.9909, Train MAPE: 0.7751, Train WMAPE: 0.0404
Epoch: 099, Training Time: 14.7095 secs
Epoch: 099, Inference Time: 1.9567 secs
Epoch: 099, Train Loss: 7.0355, Train RMSE: 15.3556, Train MAPE: 1.1271, Train WMAPE: 0.0393, 
Epoch: 099, Valid Loss: 11.4746, Valid RMSE: 38.9029, Valid MAPE: 3.4912, Valid WMAPE: 0.0659
No update
Iter: 000, Train Loss: 7.5101, Train RMSE: 16.7249, Train MAPE: 1.1952, Train WMAPE: 0.0417
Iter: 050, Train Loss: 7.6413, Train RMSE: 16.0855, Train MAPE: 0.7992, Train WMAPE: 0.0419
Epoch: 100, Training Time: 14.3991 secs
Epoch: 100, Inference Time: 1.6987 secs
Epoch: 100, Train Loss: 7.0750, Train RMSE: 15.4313, Train MAPE: 1.1351, Train WMAPE: 0.0396, 
Epoch: 100, Valid Loss: 11.3621, Valid RMSE: 38.8657, Valid MAPE: 3.2981, Valid WMAPE: 0.0652
No update
Iter: 000, Train Loss: 7.6925, Train RMSE: 17.3639, Train MAPE: 1.1433, Train WMAPE: 0.0427
Iter: 050, Train Loss: 7.6054, Train RMSE: 15.9355, Train MAPE: 1.3058, Train WMAPE: 0.0417
Epoch: 101, Training Time: 14.4985 secs
Epoch: 101, Inference Time: 1.9962 secs
Epoch: 101, Train Loss: 7.1037, Train RMSE: 15.3898, Train MAPE: 1.2367, Train WMAPE: 0.0397, 
Epoch: 101, Valid Loss: 11.3777, Valid RMSE: 38.9910, Valid MAPE: 2.3293, Valid WMAPE: 0.0653
No update
Iter: 000, Train Loss: 7.3622, Train RMSE: 16.8055, Train MAPE: 0.8387, Train WMAPE: 0.0409
Iter: 050, Train Loss: 7.6726, Train RMSE: 16.1866, Train MAPE: 0.7907, Train WMAPE: 0.0421
Epoch: 102, Training Time: 14.8606 secs
Epoch: 102, Inference Time: 1.8245 secs
Epoch: 102, Train Loss: 7.0452, Train RMSE: 15.2836, Train MAPE: 1.2108, Train WMAPE: 0.0394, 
Epoch: 102, Valid Loss: 11.0168, Valid RMSE: 38.5265, Valid MAPE: 2.6626, Valid WMAPE: 0.0633
No update
Iter: 000, Train Loss: 7.3110, Train RMSE: 16.6064, Train MAPE: 0.8488, Train WMAPE: 0.0406
Iter: 050, Train Loss: 7.5955, Train RMSE: 16.0757, Train MAPE: 0.8908, Train WMAPE: 0.0417
Epoch: 103, Training Time: 14.4808 secs
Epoch: 103, Inference Time: 1.9015 secs
Epoch: 103, Train Loss: 7.0091, Train RMSE: 15.3547, Train MAPE: 1.1126, Train WMAPE: 0.0392, 
Epoch: 103, Valid Loss: 11.0257, Valid RMSE: 38.3816, Valid MAPE: 3.3530, Valid WMAPE: 0.0633
No update
Iter: 000, Train Loss: 7.4134, Train RMSE: 16.6961, Train MAPE: 1.1140, Train WMAPE: 0.0412
Iter: 050, Train Loss: 7.2914, Train RMSE: 15.1016, Train MAPE: 1.0615, Train WMAPE: 0.0400
Epoch: 104, Training Time: 14.6869 secs
Epoch: 104, Inference Time: 1.8930 secs
Epoch: 104, Train Loss: 6.9615, Train RMSE: 15.1492, Train MAPE: 1.1733, Train WMAPE: 0.0389, 
Epoch: 104, Valid Loss: 11.1965, Valid RMSE: 38.3662, Valid MAPE: 3.0061, Valid WMAPE: 0.0643
No update
Iter: 000, Train Loss: 7.4811, Train RMSE: 16.8899, Train MAPE: 1.0733, Train WMAPE: 0.0415
Iter: 050, Train Loss: 7.1338, Train RMSE: 14.9202, Train MAPE: 0.6577, Train WMAPE: 0.0391
Epoch: 105, Training Time: 14.7978 secs
Epoch: 105, Inference Time: 1.8140 secs
Epoch: 105, Train Loss: 6.9558, Train RMSE: 15.0435, Train MAPE: 1.3485, Train WMAPE: 0.0389, 
Epoch: 105, Valid Loss: 11.0643, Valid RMSE: 38.4571, Valid MAPE: 3.3175, Valid WMAPE: 0.0635
No update
Iter: 000, Train Loss: 7.3072, Train RMSE: 16.5860, Train MAPE: 1.1693, Train WMAPE: 0.0406
Iter: 050, Train Loss: 7.2484, Train RMSE: 15.0192, Train MAPE: 1.0523, Train WMAPE: 0.0397
Epoch: 106, Training Time: 14.4755 secs
Epoch: 106, Inference Time: 1.8938 secs
Epoch: 106, Train Loss: 6.8890, Train RMSE: 14.9064, Train MAPE: 1.2863, Train WMAPE: 0.0385, 
Epoch: 106, Valid Loss: 11.4857, Valid RMSE: 39.0925, Valid MAPE: 5.0735, Valid WMAPE: 0.0659
No update
Iter: 000, Train Loss: 7.3609, Train RMSE: 16.5147, Train MAPE: 1.7778, Train WMAPE: 0.0409
Iter: 050, Train Loss: 7.4766, Train RMSE: 15.3283, Train MAPE: 0.8652, Train WMAPE: 0.0410
Epoch: 107, Training Time: 14.7250 secs
Epoch: 107, Inference Time: 1.8555 secs
Epoch: 107, Train Loss: 6.9828, Train RMSE: 15.0812, Train MAPE: 1.2330, Train WMAPE: 0.0391, 
Epoch: 107, Valid Loss: 11.2433, Valid RMSE: 38.5237, Valid MAPE: 4.7396, Valid WMAPE: 0.0645
No update
Iter: 000, Train Loss: 7.2405, Train RMSE: 16.3609, Train MAPE: 1.8028, Train WMAPE: 0.0402
Iter: 050, Train Loss: 7.4628, Train RMSE: 15.9791, Train MAPE: 0.6976, Train WMAPE: 0.0409
Epoch: 108, Training Time: 14.5503 secs
Epoch: 108, Inference Time: 1.8599 secs
Epoch: 108, Train Loss: 6.9302, Train RMSE: 14.9545, Train MAPE: 1.3538, Train WMAPE: 0.0388, 
Epoch: 108, Valid Loss: 11.0628, Valid RMSE: 38.1347, Valid MAPE: 5.0850, Valid WMAPE: 0.0635
No update
Iter: 000, Train Loss: 7.2771, Train RMSE: 16.4714, Train MAPE: 1.8094, Train WMAPE: 0.0404
Iter: 050, Train Loss: 7.3806, Train RMSE: 15.9970, Train MAPE: 0.7350, Train WMAPE: 0.0405
Epoch: 109, Training Time: 14.9791 secs
Epoch: 109, Inference Time: 1.9052 secs
Epoch: 109, Train Loss: 6.8923, Train RMSE: 14.9495, Train MAPE: 1.3003, Train WMAPE: 0.0385, 
Epoch: 109, Valid Loss: 11.1130, Valid RMSE: 38.0819, Valid MAPE: 5.3341, Valid WMAPE: 0.0638
No update
Iter: 000, Train Loss: 7.3152, Train RMSE: 16.1392, Train MAPE: 2.0064, Train WMAPE: 0.0406
Iter: 050, Train Loss: 7.1834, Train RMSE: 15.0375, Train MAPE: 0.6191, Train WMAPE: 0.0394
Epoch: 110, Training Time: 15.0790 secs
Epoch: 110, Inference Time: 1.9184 secs
Epoch: 110, Train Loss: 6.8909, Train RMSE: 14.9091, Train MAPE: 1.2462, Train WMAPE: 0.0385, 
Epoch: 110, Valid Loss: 11.0519, Valid RMSE: 38.6259, Valid MAPE: 2.9780, Valid WMAPE: 0.0635
No update
Iter: 000, Train Loss: 7.3894, Train RMSE: 16.8214, Train MAPE: 0.8863, Train WMAPE: 0.0410
Iter: 050, Train Loss: 7.0519, Train RMSE: 14.9777, Train MAPE: 0.9950, Train WMAPE: 0.0387
Epoch: 111, Training Time: 14.9023 secs
Epoch: 111, Inference Time: 1.9070 secs
Epoch: 111, Train Loss: 6.8670, Train RMSE: 14.9277, Train MAPE: 1.1926, Train WMAPE: 0.0384, 
Epoch: 111, Valid Loss: 11.3121, Valid RMSE: 38.7223, Valid MAPE: 2.7835, Valid WMAPE: 0.0649
No update
Iter: 000, Train Loss: 7.4855, Train RMSE: 16.7972, Train MAPE: 1.0457, Train WMAPE: 0.0416
Iter: 050, Train Loss: 7.3565, Train RMSE: 15.3418, Train MAPE: 0.7242, Train WMAPE: 0.0403
Epoch: 112, Training Time: 15.1802 secs
Epoch: 112, Inference Time: 1.9054 secs
Epoch: 112, Train Loss: 6.8907, Train RMSE: 14.9862, Train MAPE: 1.1576, Train WMAPE: 0.0385, 
Epoch: 112, Valid Loss: 11.0801, Valid RMSE: 38.1530, Valid MAPE: 3.3036, Valid WMAPE: 0.0636
No update
Iter: 000, Train Loss: 7.3960, Train RMSE: 16.5194, Train MAPE: 1.1248, Train WMAPE: 0.0411
Iter: 050, Train Loss: 7.1973, Train RMSE: 14.9873, Train MAPE: 0.7755, Train WMAPE: 0.0395
Epoch: 113, Training Time: 14.8878 secs
Epoch: 113, Inference Time: 1.8933 secs
Epoch: 113, Train Loss: 6.8370, Train RMSE: 14.7200, Train MAPE: 1.3522, Train WMAPE: 0.0382, 
Epoch: 113, Valid Loss: 10.9857, Valid RMSE: 38.3471, Valid MAPE: 2.2062, Valid WMAPE: 0.0631
No update
Iter: 000, Train Loss: 7.2391, Train RMSE: 16.4851, Train MAPE: 0.7123, Train WMAPE: 0.0402
Iter: 050, Train Loss: 7.1705, Train RMSE: 14.8834, Train MAPE: 0.8222, Train WMAPE: 0.0393
Epoch: 114, Training Time: 14.9927 secs
Epoch: 114, Inference Time: 1.9795 secs
Epoch: 114, Train Loss: 6.9187, Train RMSE: 14.9719, Train MAPE: 1.2399, Train WMAPE: 0.0387, 
Epoch: 114, Valid Loss: 10.8251, Valid RMSE: 38.1429, Valid MAPE: 3.3932, Valid WMAPE: 0.0622
###Update tasks appear###
Evaluate best model on test data for horizon 1, Test MAE: 9.1157, Test RMSE: 60.0125, Test MAPE: 6.5937, Test WMAPE: 0.0529
Evaluate best model on test data for horizon 2, Test MAE: 9.8712, Test RMSE: 51.6373, Test MAPE: 10.6987, Test WMAPE: 0.0573
Evaluate best model on test data for horizon 3, Test MAE: 9.9739, Test RMSE: 39.4719, Test MAPE: 13.2323, Test WMAPE: 0.0579
Evaluate best model on test data for horizon 4, Test MAE: 11.3767, Test RMSE: 44.6993, Test MAPE: 14.9960, Test WMAPE: 0.0661
Evaluate best model on test data for horizon 5, Test MAE: 12.6063, Test RMSE: 49.6839, Test MAPE: 16.6095, Test WMAPE: 0.0733
Evaluate best model on test data for horizon 6, Test MAE: 13.1618, Test RMSE: 46.9443, Test MAPE: 17.9308, Test WMAPE: 0.0765
Evaluate best model on test data for horizon 7, Test MAE: 13.9676, Test RMSE: 47.3329, Test MAPE: 18.3389, Test WMAPE: 0.0812
Evaluate best model on test data for horizon 8, Test MAE: 14.8166, Test RMSE: 50.3932, Test MAPE: 18.3468, Test WMAPE: 0.0862
Evaluate best model on test data for horizon 9, Test MAE: 15.3622, Test RMSE: 50.3801, Test MAPE: 18.5151, Test WMAPE: 0.0893
Evaluate best model on test data for horizon 10, Test MAE: 15.3931, Test RMSE: 46.5588, Test MAPE: 18.3108, Test WMAPE: 0.0895
Evaluate best model on test data for horizon 11, Test MAE: 16.2420, Test RMSE: 52.8778, Test MAPE: 18.4602, Test WMAPE: 0.0945
Evaluate best model on test data for horizon 12, Test MAE: 16.3626, Test RMSE: 51.8713, Test MAPE: 18.1700, Test WMAPE: 0.0952
On average over 12 horizons, Test MAE: 13.1875, Test RMSE: 49.3219, Test MAPE: 15.8502, Test WMAPE: 0.0767
Test low! Updating! Test Loss: 13.187493403752645, Test low! Updating! Valid Loss: 10.825147901262556, epoch:  114
Iter: 000, Train Loss: 7.1848, Train RMSE: 16.5558, Train MAPE: 1.2221, Train WMAPE: 0.0399
Iter: 050, Train Loss: 7.1789, Train RMSE: 14.7859, Train MAPE: 0.9158, Train WMAPE: 0.0394
Epoch: 115, Training Time: 15.1126 secs
Epoch: 115, Inference Time: 2.1039 secs
Epoch: 115, Train Loss: 6.8430, Train RMSE: 14.8236, Train MAPE: 1.2110, Train WMAPE: 0.0383, 
Epoch: 115, Valid Loss: 10.9963, Valid RMSE: 38.2377, Valid MAPE: 4.0873, Valid WMAPE: 0.0631
No update
Iter: 000, Train Loss: 7.3318, Train RMSE: 16.6941, Train MAPE: 1.5931, Train WMAPE: 0.0407
Iter: 050, Train Loss: 6.9739, Train RMSE: 14.6327, Train MAPE: 0.7457, Train WMAPE: 0.0382
Epoch: 116, Training Time: 15.1683 secs
Epoch: 116, Inference Time: 1.8955 secs
Epoch: 116, Train Loss: 6.7638, Train RMSE: 14.6191, Train MAPE: 1.2661, Train WMAPE: 0.0378, 
Epoch: 116, Valid Loss: 11.2582, Valid RMSE: 38.7641, Valid MAPE: 2.8611, Valid WMAPE: 0.0646
No update
Iter: 000, Train Loss: 7.1887, Train RMSE: 16.4879, Train MAPE: 1.0532, Train WMAPE: 0.0399
Iter: 050, Train Loss: 6.9390, Train RMSE: 14.9047, Train MAPE: 0.6889, Train WMAPE: 0.0381
Epoch: 117, Training Time: 15.2963 secs
Epoch: 117, Inference Time: 1.9125 secs
Epoch: 117, Train Loss: 6.8442, Train RMSE: 14.7656, Train MAPE: 1.2515, Train WMAPE: 0.0383, 
Epoch: 117, Valid Loss: 10.8588, Valid RMSE: 38.2992, Valid MAPE: 2.2667, Valid WMAPE: 0.0623
No update
Iter: 000, Train Loss: 7.2336, Train RMSE: 16.4899, Train MAPE: 0.8060, Train WMAPE: 0.0402
Iter: 050, Train Loss: 7.2546, Train RMSE: 15.0226, Train MAPE: 1.2362, Train WMAPE: 0.0398
Epoch: 118, Training Time: 15.2673 secs
Epoch: 118, Inference Time: 1.9988 secs
Epoch: 118, Train Loss: 6.8076, Train RMSE: 14.7175, Train MAPE: 1.2076, Train WMAPE: 0.0381, 
Epoch: 118, Valid Loss: 10.9601, Valid RMSE: 38.0365, Valid MAPE: 4.3160, Valid WMAPE: 0.0629
No update
Iter: 000, Train Loss: 7.1516, Train RMSE: 16.1509, Train MAPE: 1.5718, Train WMAPE: 0.0397
Iter: 050, Train Loss: 7.2335, Train RMSE: 14.9999, Train MAPE: 0.9415, Train WMAPE: 0.0397
Epoch: 119, Training Time: 15.0833 secs
Epoch: 119, Inference Time: 2.0068 secs
Epoch: 119, Train Loss: 6.7582, Train RMSE: 14.5794, Train MAPE: 1.1910, Train WMAPE: 0.0378, 
Epoch: 119, Valid Loss: 11.0504, Valid RMSE: 38.3545, Valid MAPE: 3.9206, Valid WMAPE: 0.0634
No update
Iter: 000, Train Loss: 7.1600, Train RMSE: 16.3087, Train MAPE: 1.2866, Train WMAPE: 0.0398
Iter: 050, Train Loss: 6.9828, Train RMSE: 14.6697, Train MAPE: 1.1673, Train WMAPE: 0.0383
Epoch: 120, Training Time: 14.6871 secs
Epoch: 120, Inference Time: 1.8848 secs
Epoch: 120, Train Loss: 6.7587, Train RMSE: 14.6072, Train MAPE: 1.2893, Train WMAPE: 0.0378, 
Epoch: 120, Valid Loss: 10.7932, Valid RMSE: 37.7725, Valid MAPE: 2.1492, Valid WMAPE: 0.0620
###Update tasks appear###
Evaluate best model on test data for horizon 1, Test MAE: 9.0933, Test RMSE: 59.5851, Test MAPE: 6.3651, Test WMAPE: 0.0528
Evaluate best model on test data for horizon 2, Test MAE: 9.9090, Test RMSE: 51.3110, Test MAPE: 10.5706, Test WMAPE: 0.0575
Evaluate best model on test data for horizon 3, Test MAE: 10.0005, Test RMSE: 39.3524, Test MAPE: 13.1959, Test WMAPE: 0.0581
Evaluate best model on test data for horizon 4, Test MAE: 11.3558, Test RMSE: 44.3304, Test MAPE: 14.8773, Test WMAPE: 0.0660
Evaluate best model on test data for horizon 5, Test MAE: 12.6140, Test RMSE: 49.3937, Test MAPE: 16.3647, Test WMAPE: 0.0733
Evaluate best model on test data for horizon 6, Test MAE: 13.1602, Test RMSE: 46.6083, Test MAPE: 17.5876, Test WMAPE: 0.0765
Evaluate best model on test data for horizon 7, Test MAE: 13.9308, Test RMSE: 47.0088, Test MAPE: 17.9422, Test WMAPE: 0.0810
Evaluate best model on test data for horizon 8, Test MAE: 14.7201, Test RMSE: 49.8106, Test MAPE: 18.0402, Test WMAPE: 0.0856
Evaluate best model on test data for horizon 9, Test MAE: 15.2437, Test RMSE: 49.8095, Test MAPE: 18.2347, Test WMAPE: 0.0887
Evaluate best model on test data for horizon 10, Test MAE: 15.1760, Test RMSE: 45.4857, Test MAPE: 17.9480, Test WMAPE: 0.0883
Evaluate best model on test data for horizon 11, Test MAE: 16.0210, Test RMSE: 51.9795, Test MAPE: 18.1173, Test WMAPE: 0.0932
Evaluate best model on test data for horizon 12, Test MAE: 16.1644, Test RMSE: 50.9394, Test MAPE: 17.8496, Test WMAPE: 0.0940
On average over 12 horizons, Test MAE: 13.1157, Test RMSE: 48.8012, Test MAPE: 15.5911, Test WMAPE: 0.0762
Test low! Updating! Test Loss: 13.115730126698812, Test low! Updating! Valid Loss: 10.79318574496678, epoch:  120
Iter: 000, Train Loss: 6.9074, Train RMSE: 15.8721, Train MAPE: 0.7579, Train WMAPE: 0.0383
Iter: 050, Train Loss: 7.0784, Train RMSE: 15.1897, Train MAPE: 0.7241, Train WMAPE: 0.0388
Epoch: 121, Training Time: 15.0978 secs
Epoch: 121, Inference Time: 1.9605 secs
Epoch: 121, Train Loss: 6.7723, Train RMSE: 14.6984, Train MAPE: 1.1210, Train WMAPE: 0.0379, 
Epoch: 121, Valid Loss: 11.1618, Valid RMSE: 38.0684, Valid MAPE: 4.3675, Valid WMAPE: 0.0641
No update
Iter: 000, Train Loss: 7.3063, Train RMSE: 16.1451, Train MAPE: 1.5057, Train WMAPE: 0.0406
Iter: 050, Train Loss: 6.7854, Train RMSE: 14.0497, Train MAPE: 1.1419, Train WMAPE: 0.0372
Epoch: 122, Training Time: 15.0961 secs
Epoch: 122, Inference Time: 1.9818 secs
Epoch: 122, Train Loss: 6.6895, Train RMSE: 14.5137, Train MAPE: 1.2198, Train WMAPE: 0.0374, 
Epoch: 122, Valid Loss: 10.8805, Valid RMSE: 37.8592, Valid MAPE: 2.2049, Valid WMAPE: 0.0625
No update
Iter: 000, Train Loss: 7.3296, Train RMSE: 16.4141, Train MAPE: 0.8211, Train WMAPE: 0.0407
Iter: 050, Train Loss: 6.8894, Train RMSE: 14.4479, Train MAPE: 0.9133, Train WMAPE: 0.0378
Epoch: 123, Training Time: 14.6946 secs
Epoch: 123, Inference Time: 1.8991 secs
Epoch: 123, Train Loss: 6.7474, Train RMSE: 14.6050, Train MAPE: 1.1893, Train WMAPE: 0.0377, 
Epoch: 123, Valid Loss: 10.7834, Valid RMSE: 37.7965, Valid MAPE: 2.9822, Valid WMAPE: 0.0619
###Update tasks appear###
Evaluate best model on test data for horizon 1, Test MAE: 9.0320, Test RMSE: 59.8245, Test MAPE: 6.2311, Test WMAPE: 0.0524
Evaluate best model on test data for horizon 2, Test MAE: 9.8673, Test RMSE: 51.5738, Test MAPE: 10.2383, Test WMAPE: 0.0573
Evaluate best model on test data for horizon 3, Test MAE: 9.9860, Test RMSE: 39.3372, Test MAPE: 12.8538, Test WMAPE: 0.0580
Evaluate best model on test data for horizon 4, Test MAE: 11.3827, Test RMSE: 44.4706, Test MAPE: 14.3550, Test WMAPE: 0.0661
Evaluate best model on test data for horizon 5, Test MAE: 12.7982, Test RMSE: 49.7119, Test MAPE: 16.1447, Test WMAPE: 0.0744
Evaluate best model on test data for horizon 6, Test MAE: 13.1567, Test RMSE: 46.8548, Test MAPE: 17.0956, Test WMAPE: 0.0765
Evaluate best model on test data for horizon 7, Test MAE: 13.9547, Test RMSE: 47.1380, Test MAPE: 17.3844, Test WMAPE: 0.0811
Evaluate best model on test data for horizon 8, Test MAE: 14.7761, Test RMSE: 50.2639, Test MAPE: 17.3771, Test WMAPE: 0.0859
Evaluate best model on test data for horizon 9, Test MAE: 15.2866, Test RMSE: 50.1981, Test MAPE: 17.5642, Test WMAPE: 0.0889
Evaluate best model on test data for horizon 10, Test MAE: 15.1807, Test RMSE: 45.5946, Test MAPE: 17.5573, Test WMAPE: 0.0883
Evaluate best model on test data for horizon 11, Test MAE: 16.0059, Test RMSE: 52.2403, Test MAPE: 17.4922, Test WMAPE: 0.0931
Evaluate best model on test data for horizon 12, Test MAE: 16.1421, Test RMSE: 51.1072, Test MAPE: 17.3783, Test WMAPE: 0.0939
On average over 12 horizons, Test MAE: 13.1307, Test RMSE: 49.0262, Test MAPE: 15.1393, Test WMAPE: 0.0763
No update
Iter: 000, Train Loss: 7.4588, Train RMSE: 17.3199, Train MAPE: 1.1395, Train WMAPE: 0.0414
Iter: 050, Train Loss: 7.0578, Train RMSE: 14.9578, Train MAPE: 0.6295, Train WMAPE: 0.0387
Epoch: 124, Training Time: 14.9191 secs
Epoch: 124, Inference Time: 1.9720 secs
Epoch: 124, Train Loss: 6.6674, Train RMSE: 14.4279, Train MAPE: 1.0980, Train WMAPE: 0.0373, 
Epoch: 124, Valid Loss: 11.0406, Valid RMSE: 38.2637, Valid MAPE: 2.3604, Valid WMAPE: 0.0634
No update
Iter: 000, Train Loss: 7.2078, Train RMSE: 16.4720, Train MAPE: 0.8321, Train WMAPE: 0.0400
Iter: 050, Train Loss: 7.1927, Train RMSE: 14.8760, Train MAPE: 0.6697, Train WMAPE: 0.0394
Epoch: 125, Training Time: 14.9795 secs
Epoch: 125, Inference Time: 1.9084 secs
Epoch: 125, Train Loss: 6.7197, Train RMSE: 14.4851, Train MAPE: 1.1793, Train WMAPE: 0.0376, 
Epoch: 125, Valid Loss: 10.7066, Valid RMSE: 37.5808, Valid MAPE: 4.1994, Valid WMAPE: 0.0615
###Update tasks appear###
Evaluate best model on test data for horizon 1, Test MAE: 9.0199, Test RMSE: 59.7519, Test MAPE: 6.7769, Test WMAPE: 0.0524
Evaluate best model on test data for horizon 2, Test MAE: 9.8257, Test RMSE: 51.5332, Test MAPE: 11.0494, Test WMAPE: 0.0571
Evaluate best model on test data for horizon 3, Test MAE: 9.9330, Test RMSE: 39.2747, Test MAPE: 13.6806, Test WMAPE: 0.0577
Evaluate best model on test data for horizon 4, Test MAE: 11.3373, Test RMSE: 44.1286, Test MAPE: 15.5130, Test WMAPE: 0.0659
Evaluate best model on test data for horizon 5, Test MAE: 12.5423, Test RMSE: 49.3061, Test MAPE: 16.9634, Test WMAPE: 0.0729
Evaluate best model on test data for horizon 6, Test MAE: 13.1789, Test RMSE: 46.6744, Test MAPE: 18.2286, Test WMAPE: 0.0766
Evaluate best model on test data for horizon 7, Test MAE: 14.0136, Test RMSE: 47.1234, Test MAPE: 18.8184, Test WMAPE: 0.0815
Evaluate best model on test data for horizon 8, Test MAE: 14.8046, Test RMSE: 50.1940, Test MAPE: 18.6451, Test WMAPE: 0.0861
Evaluate best model on test data for horizon 9, Test MAE: 15.3520, Test RMSE: 50.2282, Test MAPE: 18.6898, Test WMAPE: 0.0893
Evaluate best model on test data for horizon 10, Test MAE: 15.2614, Test RMSE: 45.6213, Test MAPE: 18.3599, Test WMAPE: 0.0888
Evaluate best model on test data for horizon 11, Test MAE: 16.0808, Test RMSE: 52.1731, Test MAPE: 18.2961, Test WMAPE: 0.0935
Evaluate best model on test data for horizon 12, Test MAE: 16.2148, Test RMSE: 51.2876, Test MAPE: 18.0373, Test WMAPE: 0.0943
On average over 12 horizons, Test MAE: 13.1304, Test RMSE: 48.9414, Test MAPE: 16.0882, Test WMAPE: 0.0763
No update
Iter: 000, Train Loss: 7.1928, Train RMSE: 16.6424, Train MAPE: 1.4924, Train WMAPE: 0.0399
Iter: 050, Train Loss: 6.9504, Train RMSE: 14.6147, Train MAPE: 0.6443, Train WMAPE: 0.0381
Epoch: 126, Training Time: 14.7958 secs
Epoch: 126, Inference Time: 1.9984 secs
Epoch: 126, Train Loss: 6.6700, Train RMSE: 14.3769, Train MAPE: 1.2422, Train WMAPE: 0.0373, 
Epoch: 126, Valid Loss: 10.7345, Valid RMSE: 37.7530, Valid MAPE: 3.6522, Valid WMAPE: 0.0616
###Update tasks appear###
Evaluate best model on test data for horizon 1, Test MAE: 9.0585, Test RMSE: 59.8748, Test MAPE: 6.9186, Test WMAPE: 0.0526
Evaluate best model on test data for horizon 2, Test MAE: 9.8341, Test RMSE: 51.5422, Test MAPE: 10.9551, Test WMAPE: 0.0571
Evaluate best model on test data for horizon 3, Test MAE: 9.9430, Test RMSE: 39.3202, Test MAPE: 13.5254, Test WMAPE: 0.0578
Evaluate best model on test data for horizon 4, Test MAE: 11.3314, Test RMSE: 44.2815, Test MAPE: 15.2839, Test WMAPE: 0.0658
Evaluate best model on test data for horizon 5, Test MAE: 12.5482, Test RMSE: 49.3287, Test MAPE: 16.8629, Test WMAPE: 0.0729
Evaluate best model on test data for horizon 6, Test MAE: 13.1286, Test RMSE: 46.5682, Test MAPE: 17.9788, Test WMAPE: 0.0763
Evaluate best model on test data for horizon 7, Test MAE: 13.9577, Test RMSE: 47.0836, Test MAPE: 18.3919, Test WMAPE: 0.0811
Evaluate best model on test data for horizon 8, Test MAE: 14.8063, Test RMSE: 50.1984, Test MAPE: 18.5028, Test WMAPE: 0.0861
Evaluate best model on test data for horizon 9, Test MAE: 15.3314, Test RMSE: 50.1151, Test MAPE: 18.5746, Test WMAPE: 0.0892
Evaluate best model on test data for horizon 10, Test MAE: 15.2414, Test RMSE: 45.4361, Test MAPE: 18.5160, Test WMAPE: 0.0887
Evaluate best model on test data for horizon 11, Test MAE: 16.0924, Test RMSE: 52.0355, Test MAPE: 18.6676, Test WMAPE: 0.0936
Evaluate best model on test data for horizon 12, Test MAE: 16.1880, Test RMSE: 50.9002, Test MAPE: 18.4430, Test WMAPE: 0.0942
On average over 12 horizons, Test MAE: 13.1217, Test RMSE: 48.8904, Test MAPE: 16.0517, Test WMAPE: 0.0763
No update
Iter: 000, Train Loss: 6.9573, Train RMSE: 15.8748, Train MAPE: 1.4334, Train WMAPE: 0.0386
Iter: 050, Train Loss: 7.0753, Train RMSE: 14.5802, Train MAPE: 0.6922, Train WMAPE: 0.0388
Epoch: 127, Training Time: 14.9434 secs
Epoch: 127, Inference Time: 1.8289 secs
Epoch: 127, Train Loss: 6.6986, Train RMSE: 14.4399, Train MAPE: 1.2054, Train WMAPE: 0.0375, 
Epoch: 127, Valid Loss: 11.0063, Valid RMSE: 38.0703, Valid MAPE: 5.2142, Valid WMAPE: 0.0632
No update
Iter: 000, Train Loss: 7.6117, Train RMSE: 17.4973, Train MAPE: 1.9860, Train WMAPE: 0.0423
Iter: 050, Train Loss: 6.8451, Train RMSE: 14.5116, Train MAPE: 0.6048, Train WMAPE: 0.0375
Epoch: 128, Training Time: 14.7792 secs
Epoch: 128, Inference Time: 1.7912 secs
Epoch: 128, Train Loss: 6.6879, Train RMSE: 14.4078, Train MAPE: 1.2866, Train WMAPE: 0.0374, 
Epoch: 128, Valid Loss: 10.8091, Valid RMSE: 37.3646, Valid MAPE: 2.5889, Valid WMAPE: 0.0621
No update
Iter: 000, Train Loss: 7.1196, Train RMSE: 16.1445, Train MAPE: 0.8542, Train WMAPE: 0.0395
Iter: 050, Train Loss: 6.8290, Train RMSE: 14.3187, Train MAPE: 0.7977, Train WMAPE: 0.0374
Epoch: 129, Training Time: 14.8264 secs
Epoch: 129, Inference Time: 1.8627 secs
Epoch: 129, Train Loss: 6.6500, Train RMSE: 14.3849, Train MAPE: 1.1202, Train WMAPE: 0.0372, 
Epoch: 129, Valid Loss: 10.7921, Valid RMSE: 37.7380, Valid MAPE: 2.3930, Valid WMAPE: 0.0620
###Update tasks appear###
Evaluate best model on test data for horizon 1, Test MAE: 9.1828, Test RMSE: 59.2802, Test MAPE: 6.3658, Test WMAPE: 0.0533
Evaluate best model on test data for horizon 2, Test MAE: 9.9125, Test RMSE: 51.1130, Test MAPE: 10.4122, Test WMAPE: 0.0576
Evaluate best model on test data for horizon 3, Test MAE: 10.0268, Test RMSE: 39.1795, Test MAPE: 12.9255, Test WMAPE: 0.0582
Evaluate best model on test data for horizon 4, Test MAE: 11.2799, Test RMSE: 43.9546, Test MAPE: 14.4986, Test WMAPE: 0.0655
Evaluate best model on test data for horizon 5, Test MAE: 12.5882, Test RMSE: 49.1838, Test MAPE: 16.0886, Test WMAPE: 0.0732
Evaluate best model on test data for horizon 6, Test MAE: 13.0944, Test RMSE: 46.3264, Test MAPE: 17.0278, Test WMAPE: 0.0761
Evaluate best model on test data for horizon 7, Test MAE: 13.9060, Test RMSE: 47.1488, Test MAPE: 17.3730, Test WMAPE: 0.0808
Evaluate best model on test data for horizon 8, Test MAE: 14.6991, Test RMSE: 50.0821, Test MAPE: 17.4408, Test WMAPE: 0.0855
Evaluate best model on test data for horizon 9, Test MAE: 15.2340, Test RMSE: 50.0782, Test MAPE: 17.5187, Test WMAPE: 0.0886
Evaluate best model on test data for horizon 10, Test MAE: 15.2475, Test RMSE: 45.5256, Test MAPE: 17.3928, Test WMAPE: 0.0887
Evaluate best model on test data for horizon 11, Test MAE: 16.0446, Test RMSE: 52.0183, Test MAPE: 17.4576, Test WMAPE: 0.0933
Evaluate best model on test data for horizon 12, Test MAE: 16.2062, Test RMSE: 51.0558, Test MAPE: 17.4333, Test WMAPE: 0.0943
On average over 12 horizons, Test MAE: 13.1185, Test RMSE: 48.7455, Test MAPE: 15.1612, Test WMAPE: 0.0763
No update
Iter: 000, Train Loss: 6.9223, Train RMSE: 15.7482, Train MAPE: 0.7662, Train WMAPE: 0.0384
Iter: 050, Train Loss: 6.9408, Train RMSE: 14.4588, Train MAPE: 0.7183, Train WMAPE: 0.0381
Epoch: 130, Training Time: 14.5585 secs
Epoch: 130, Inference Time: 1.9154 secs
Epoch: 130, Train Loss: 6.6529, Train RMSE: 14.4101, Train MAPE: 1.1109, Train WMAPE: 0.0372, 
Epoch: 130, Valid Loss: 10.8183, Valid RMSE: 37.9883, Valid MAPE: 3.0080, Valid WMAPE: 0.0621
No update
Iter: 000, Train Loss: 7.0601, Train RMSE: 16.2593, Train MAPE: 1.0792, Train WMAPE: 0.0392
Iter: 050, Train Loss: 7.1965, Train RMSE: 15.2028, Train MAPE: 1.0200, Train WMAPE: 0.0395
Epoch: 131, Training Time: 15.0730 secs
Epoch: 131, Inference Time: 2.0238 secs
Epoch: 131, Train Loss: 6.6212, Train RMSE: 14.2608, Train MAPE: 1.2099, Train WMAPE: 0.0370, 
Epoch: 131, Valid Loss: 10.6957, Valid RMSE: 37.7369, Valid MAPE: 2.3375, Valid WMAPE: 0.0614
###Update tasks appear###
Evaluate best model on test data for horizon 1, Test MAE: 8.9742, Test RMSE: 59.4523, Test MAPE: 6.3300, Test WMAPE: 0.0521
Evaluate best model on test data for horizon 2, Test MAE: 9.8535, Test RMSE: 51.5617, Test MAPE: 10.4811, Test WMAPE: 0.0572
Evaluate best model on test data for horizon 3, Test MAE: 9.9331, Test RMSE: 39.2831, Test MAPE: 13.1592, Test WMAPE: 0.0577
Evaluate best model on test data for horizon 4, Test MAE: 11.3053, Test RMSE: 43.9576, Test MAPE: 14.8273, Test WMAPE: 0.0657
Evaluate best model on test data for horizon 5, Test MAE: 12.6533, Test RMSE: 49.2746, Test MAPE: 16.4051, Test WMAPE: 0.0735
Evaluate best model on test data for horizon 6, Test MAE: 13.2391, Test RMSE: 46.6232, Test MAPE: 17.3335, Test WMAPE: 0.0770
Evaluate best model on test data for horizon 7, Test MAE: 14.0437, Test RMSE: 47.1859, Test MAPE: 17.6692, Test WMAPE: 0.0816
Evaluate best model on test data for horizon 8, Test MAE: 14.9292, Test RMSE: 50.2583, Test MAPE: 17.6595, Test WMAPE: 0.0868
Evaluate best model on test data for horizon 9, Test MAE: 15.4530, Test RMSE: 50.4157, Test MAPE: 17.8639, Test WMAPE: 0.0899
Evaluate best model on test data for horizon 10, Test MAE: 15.3510, Test RMSE: 45.6454, Test MAPE: 17.7048, Test WMAPE: 0.0893
Evaluate best model on test data for horizon 11, Test MAE: 16.1399, Test RMSE: 52.0155, Test MAPE: 17.7485, Test WMAPE: 0.0939
Evaluate best model on test data for horizon 12, Test MAE: 16.2343, Test RMSE: 51.0817, Test MAPE: 17.4101, Test WMAPE: 0.0944
On average over 12 horizons, Test MAE: 13.1758, Test RMSE: 48.8963, Test MAPE: 15.3827, Test WMAPE: 0.0766
No update
Iter: 000, Train Loss: 7.0504, Train RMSE: 16.1925, Train MAPE: 0.8135, Train WMAPE: 0.0391
Iter: 050, Train Loss: 6.7662, Train RMSE: 14.1054, Train MAPE: 0.8027, Train WMAPE: 0.0371
Epoch: 132, Training Time: 14.4877 secs
Epoch: 132, Inference Time: 1.9065 secs
Epoch: 132, Train Loss: 6.6282, Train RMSE: 14.3795, Train MAPE: 1.0778, Train WMAPE: 0.0371, 
Epoch: 132, Valid Loss: 10.6589, Valid RMSE: 37.6537, Valid MAPE: 2.2166, Valid WMAPE: 0.0612
###Update tasks appear###
Evaluate best model on test data for horizon 1, Test MAE: 9.0284, Test RMSE: 59.4761, Test MAPE: 6.2278, Test WMAPE: 0.0524
Evaluate best model on test data for horizon 2, Test MAE: 9.8549, Test RMSE: 51.3817, Test MAPE: 10.4154, Test WMAPE: 0.0572
Evaluate best model on test data for horizon 3, Test MAE: 9.9032, Test RMSE: 39.1341, Test MAPE: 13.1187, Test WMAPE: 0.0575
Evaluate best model on test data for horizon 4, Test MAE: 11.2618, Test RMSE: 43.7972, Test MAPE: 14.6291, Test WMAPE: 0.0654
Evaluate best model on test data for horizon 5, Test MAE: 12.6042, Test RMSE: 49.2879, Test MAPE: 16.2919, Test WMAPE: 0.0732
Evaluate best model on test data for horizon 6, Test MAE: 13.1839, Test RMSE: 46.4457, Test MAPE: 17.2020, Test WMAPE: 0.0766
Evaluate best model on test data for horizon 7, Test MAE: 13.9752, Test RMSE: 47.0974, Test MAPE: 17.6169, Test WMAPE: 0.0813
Evaluate best model on test data for horizon 8, Test MAE: 14.8856, Test RMSE: 50.1141, Test MAPE: 17.6311, Test WMAPE: 0.0866
Evaluate best model on test data for horizon 9, Test MAE: 15.4069, Test RMSE: 50.2401, Test MAPE: 18.1087, Test WMAPE: 0.0896
Evaluate best model on test data for horizon 10, Test MAE: 15.3826, Test RMSE: 45.5919, Test MAPE: 17.9009, Test WMAPE: 0.0895
Evaluate best model on test data for horizon 11, Test MAE: 16.2673, Test RMSE: 52.0031, Test MAPE: 17.9749, Test WMAPE: 0.0946
Evaluate best model on test data for horizon 12, Test MAE: 16.4018, Test RMSE: 51.2557, Test MAPE: 17.7612, Test WMAPE: 0.0954
On average over 12 horizons, Test MAE: 13.1797, Test RMSE: 48.8188, Test MAPE: 15.4065, Test WMAPE: 0.0766
No update
Iter: 000, Train Loss: 6.7933, Train RMSE: 15.8236, Train MAPE: 0.6695, Train WMAPE: 0.0377
Iter: 050, Train Loss: 6.9870, Train RMSE: 14.8704, Train MAPE: 0.8798, Train WMAPE: 0.0383
Epoch: 133, Training Time: 14.7877 secs
Epoch: 133, Inference Time: 1.9093 secs
Epoch: 133, Train Loss: 6.6191, Train RMSE: 14.3551, Train MAPE: 1.0977, Train WMAPE: 0.0370, 
Epoch: 133, Valid Loss: 10.8011, Valid RMSE: 37.3555, Valid MAPE: 3.4079, Valid WMAPE: 0.0620
No update
Iter: 000, Train Loss: 7.1352, Train RMSE: 15.9493, Train MAPE: 1.1954, Train WMAPE: 0.0396
Iter: 050, Train Loss: 6.6628, Train RMSE: 13.8147, Train MAPE: 0.9989, Train WMAPE: 0.0365
Epoch: 134, Training Time: 14.8771 secs
Epoch: 134, Inference Time: 1.8969 secs
Epoch: 134, Train Loss: 6.5274, Train RMSE: 14.0760, Train MAPE: 1.2150, Train WMAPE: 0.0365, 
Epoch: 134, Valid Loss: 10.8115, Valid RMSE: 37.5365, Valid MAPE: 3.0632, Valid WMAPE: 0.0621
No update
Iter: 000, Train Loss: 7.3345, Train RMSE: 16.9971, Train MAPE: 1.0443, Train WMAPE: 0.0407
Iter: 050, Train Loss: 6.4962, Train RMSE: 13.4293, Train MAPE: 0.8913, Train WMAPE: 0.0356
Epoch: 135, Training Time: 14.7890 secs
Epoch: 135, Inference Time: 1.9031 secs
Epoch: 135, Train Loss: 6.5427, Train RMSE: 14.0960, Train MAPE: 1.1322, Train WMAPE: 0.0366, 
Epoch: 135, Valid Loss: 10.7750, Valid RMSE: 37.5148, Valid MAPE: 2.3088, Valid WMAPE: 0.0619
###Update tasks appear###
Evaluate best model on test data for horizon 1, Test MAE: 8.9462, Test RMSE: 58.9795, Test MAPE: 6.3119, Test WMAPE: 0.0519
Evaluate best model on test data for horizon 2, Test MAE: 9.8063, Test RMSE: 50.9613, Test MAPE: 10.2622, Test WMAPE: 0.0569
Evaluate best model on test data for horizon 3, Test MAE: 9.9821, Test RMSE: 39.2679, Test MAPE: 12.7803, Test WMAPE: 0.0580
Evaluate best model on test data for horizon 4, Test MAE: 11.2536, Test RMSE: 43.5893, Test MAPE: 14.2963, Test WMAPE: 0.0654
Evaluate best model on test data for horizon 5, Test MAE: 12.5880, Test RMSE: 49.1021, Test MAPE: 15.8005, Test WMAPE: 0.0731
Evaluate best model on test data for horizon 6, Test MAE: 13.1442, Test RMSE: 46.4024, Test MAPE: 16.9379, Test WMAPE: 0.0764
Evaluate best model on test data for horizon 7, Test MAE: 13.9865, Test RMSE: 46.9566, Test MAPE: 17.2952, Test WMAPE: 0.0813
Evaluate best model on test data for horizon 8, Test MAE: 14.8838, Test RMSE: 49.8335, Test MAPE: 17.5582, Test WMAPE: 0.0866
Evaluate best model on test data for horizon 9, Test MAE: 15.5597, Test RMSE: 50.1072, Test MAPE: 17.9477, Test WMAPE: 0.0905
Evaluate best model on test data for horizon 10, Test MAE: 15.5484, Test RMSE: 45.3960, Test MAPE: 17.5010, Test WMAPE: 0.0904
Evaluate best model on test data for horizon 11, Test MAE: 16.5183, Test RMSE: 51.8909, Test MAPE: 17.3867, Test WMAPE: 0.0961
Evaluate best model on test data for horizon 12, Test MAE: 16.6892, Test RMSE: 51.1154, Test MAPE: 17.3342, Test WMAPE: 0.0971
On average over 12 horizons, Test MAE: 13.2422, Test RMSE: 48.6335, Test MAPE: 15.1177, Test WMAPE: 0.0770
No update
Iter: 000, Train Loss: 6.7775, Train RMSE: 15.5820, Train MAPE: 0.8155, Train WMAPE: 0.0376
Iter: 050, Train Loss: 7.0116, Train RMSE: 14.9033, Train MAPE: 0.9170, Train WMAPE: 0.0384
Epoch: 136, Training Time: 14.6315 secs
Epoch: 136, Inference Time: 1.8568 secs
Epoch: 136, Train Loss: 6.5633, Train RMSE: 14.2257, Train MAPE: 1.0615, Train WMAPE: 0.0367, 
Epoch: 136, Valid Loss: 10.6904, Valid RMSE: 37.2755, Valid MAPE: 2.8216, Valid WMAPE: 0.0614
###Update tasks appear###
Evaluate best model on test data for horizon 1, Test MAE: 9.0597, Test RMSE: 59.1524, Test MAPE: 6.3374, Test WMAPE: 0.0526
Evaluate best model on test data for horizon 2, Test MAE: 9.9889, Test RMSE: 51.3602, Test MAPE: 10.4191, Test WMAPE: 0.0580
Evaluate best model on test data for horizon 3, Test MAE: 10.0127, Test RMSE: 39.2950, Test MAPE: 13.0016, Test WMAPE: 0.0582
Evaluate best model on test data for horizon 4, Test MAE: 11.1820, Test RMSE: 43.5840, Test MAPE: 14.4984, Test WMAPE: 0.0650
Evaluate best model on test data for horizon 5, Test MAE: 12.5476, Test RMSE: 48.9009, Test MAPE: 16.0076, Test WMAPE: 0.0729
Evaluate best model on test data for horizon 6, Test MAE: 12.9853, Test RMSE: 46.0690, Test MAPE: 16.8157, Test WMAPE: 0.0755
Evaluate best model on test data for horizon 7, Test MAE: 13.7805, Test RMSE: 46.6682, Test MAPE: 16.9860, Test WMAPE: 0.0801
Evaluate best model on test data for horizon 8, Test MAE: 14.6249, Test RMSE: 49.6518, Test MAPE: 17.1461, Test WMAPE: 0.0850
Evaluate best model on test data for horizon 9, Test MAE: 15.1108, Test RMSE: 49.7417, Test MAPE: 17.3354, Test WMAPE: 0.0879
Evaluate best model on test data for horizon 10, Test MAE: 15.0665, Test RMSE: 44.9113, Test MAPE: 17.2191, Test WMAPE: 0.0876
Evaluate best model on test data for horizon 11, Test MAE: 15.9278, Test RMSE: 51.2476, Test MAPE: 17.2472, Test WMAPE: 0.0927
Evaluate best model on test data for horizon 12, Test MAE: 16.0910, Test RMSE: 50.3468, Test MAPE: 17.1231, Test WMAPE: 0.0936
On average over 12 horizons, Test MAE: 13.0315, Test RMSE: 48.4107, Test MAPE: 15.0114, Test WMAPE: 0.0758
Test low! Updating! Test Loss: 13.031473636627197, Test low! Updating! Valid Loss: 10.690442664282662, epoch:  136
Iter: 000, Train Loss: 6.9778, Train RMSE: 15.7798, Train MAPE: 0.9780, Train WMAPE: 0.0387
Iter: 050, Train Loss: 6.6179, Train RMSE: 13.6993, Train MAPE: 0.8607, Train WMAPE: 0.0363
Epoch: 137, Training Time: 14.7609 secs
Epoch: 137, Inference Time: 1.9010 secs
Epoch: 137, Train Loss: 6.5102, Train RMSE: 14.0394, Train MAPE: 1.1432, Train WMAPE: 0.0364, 
Epoch: 137, Valid Loss: 10.5728, Valid RMSE: 37.0680, Valid MAPE: 2.7517, Valid WMAPE: 0.0607
###Update tasks appear###
Evaluate best model on test data for horizon 1, Test MAE: 9.0516, Test RMSE: 59.1051, Test MAPE: 6.4653, Test WMAPE: 0.0525
Evaluate best model on test data for horizon 2, Test MAE: 9.9431, Test RMSE: 51.2296, Test MAPE: 10.5330, Test WMAPE: 0.0577
Evaluate best model on test data for horizon 3, Test MAE: 9.9992, Test RMSE: 39.2545, Test MAPE: 13.1855, Test WMAPE: 0.0581
Evaluate best model on test data for horizon 4, Test MAE: 11.2422, Test RMSE: 43.6162, Test MAPE: 14.7815, Test WMAPE: 0.0653
Evaluate best model on test data for horizon 5, Test MAE: 12.6152, Test RMSE: 48.9672, Test MAPE: 16.4012, Test WMAPE: 0.0733
Evaluate best model on test data for horizon 6, Test MAE: 13.0779, Test RMSE: 46.0738, Test MAPE: 17.2976, Test WMAPE: 0.0760
Evaluate best model on test data for horizon 7, Test MAE: 13.9178, Test RMSE: 46.6055, Test MAPE: 17.5189, Test WMAPE: 0.0809
Evaluate best model on test data for horizon 8, Test MAE: 14.8303, Test RMSE: 49.7016, Test MAPE: 17.5585, Test WMAPE: 0.0862
Evaluate best model on test data for horizon 9, Test MAE: 15.4889, Test RMSE: 49.9200, Test MAPE: 17.8406, Test WMAPE: 0.0901
Evaluate best model on test data for horizon 10, Test MAE: 15.5568, Test RMSE: 45.2521, Test MAPE: 17.7856, Test WMAPE: 0.0905
Evaluate best model on test data for horizon 11, Test MAE: 16.5946, Test RMSE: 51.8231, Test MAPE: 17.8356, Test WMAPE: 0.0965
Evaluate best model on test data for horizon 12, Test MAE: 16.8195, Test RMSE: 50.8713, Test MAPE: 17.7110, Test WMAPE: 0.0979
On average over 12 horizons, Test MAE: 13.2614, Test RMSE: 48.5350, Test MAPE: 15.4095, Test WMAPE: 0.0771
No update
Iter: 000, Train Loss: 6.8576, Train RMSE: 15.6860, Train MAPE: 0.9182, Train WMAPE: 0.0381
Iter: 050, Train Loss: 6.8124, Train RMSE: 14.3884, Train MAPE: 0.7795, Train WMAPE: 0.0374
Epoch: 138, Training Time: 14.7391 secs
Epoch: 138, Inference Time: 1.8572 secs
Epoch: 138, Train Loss: 6.4949, Train RMSE: 14.1269, Train MAPE: 0.9987, Train WMAPE: 0.0363, 
Epoch: 138, Valid Loss: 10.5006, Valid RMSE: 37.2112, Valid MAPE: 2.4316, Valid WMAPE: 0.0603
###Update tasks appear###
Evaluate best model on test data for horizon 1, Test MAE: 8.9153, Test RMSE: 59.0968, Test MAPE: 6.3631, Test WMAPE: 0.0518
Evaluate best model on test data for horizon 2, Test MAE: 9.7167, Test RMSE: 51.2181, Test MAPE: 10.5365, Test WMAPE: 0.0564
Evaluate best model on test data for horizon 3, Test MAE: 9.8195, Test RMSE: 39.2845, Test MAPE: 13.0692, Test WMAPE: 0.0570
Evaluate best model on test data for horizon 4, Test MAE: 11.0767, Test RMSE: 43.3526, Test MAPE: 14.6543, Test WMAPE: 0.0644
Evaluate best model on test data for horizon 5, Test MAE: 12.4143, Test RMSE: 48.7366, Test MAPE: 16.9656, Test WMAPE: 0.0721
Evaluate best model on test data for horizon 6, Test MAE: 13.0722, Test RMSE: 45.9803, Test MAPE: 17.1306, Test WMAPE: 0.0760
Evaluate best model on test data for horizon 7, Test MAE: 13.6964, Test RMSE: 46.6195, Test MAPE: 17.3842, Test WMAPE: 0.0796
Evaluate best model on test data for horizon 8, Test MAE: 14.5421, Test RMSE: 49.4415, Test MAPE: 17.9106, Test WMAPE: 0.0846
Evaluate best model on test data for horizon 9, Test MAE: 15.1089, Test RMSE: 49.6289, Test MAPE: 17.9964, Test WMAPE: 0.0879
Evaluate best model on test data for horizon 10, Test MAE: 15.0735, Test RMSE: 44.7221, Test MAPE: 18.0939, Test WMAPE: 0.0877
Evaluate best model on test data for horizon 11, Test MAE: 16.0005, Test RMSE: 51.3253, Test MAPE: 18.0553, Test WMAPE: 0.0931
Evaluate best model on test data for horizon 12, Test MAE: 16.1165, Test RMSE: 50.0877, Test MAPE: 17.8395, Test WMAPE: 0.0938
On average over 12 horizons, Test MAE: 12.9627, Test RMSE: 48.2912, Test MAPE: 15.4999, Test WMAPE: 0.0754
Test low! Updating! Test Loss: 12.962716420491537, Test low! Updating! Valid Loss: 10.500598532812935, epoch:  138
Iter: 000, Train Loss: 6.7306, Train RMSE: 15.5324, Train MAPE: 0.8928, Train WMAPE: 0.0374
Iter: 050, Train Loss: 6.5554, Train RMSE: 13.6069, Train MAPE: 0.6378, Train WMAPE: 0.0359
Epoch: 139, Training Time: 14.8476 secs
Epoch: 139, Inference Time: 1.8919 secs
Epoch: 139, Train Loss: 6.4531, Train RMSE: 14.0206, Train MAPE: 0.9907, Train WMAPE: 0.0361, 
Epoch: 139, Valid Loss: 11.0656, Valid RMSE: 37.8185, Valid MAPE: 2.5549, Valid WMAPE: 0.0635
No update
Iter: 000, Train Loss: 7.0566, Train RMSE: 15.9747, Train MAPE: 0.9254, Train WMAPE: 0.0392
Iter: 050, Train Loss: 6.4486, Train RMSE: 13.3050, Train MAPE: 0.6901, Train WMAPE: 0.0354
Epoch: 140, Training Time: 14.5967 secs
Epoch: 140, Inference Time: 1.9136 secs
Epoch: 140, Train Loss: 6.4605, Train RMSE: 14.0026, Train MAPE: 1.0784, Train WMAPE: 0.0361, 
Epoch: 140, Valid Loss: 10.4744, Valid RMSE: 37.3830, Valid MAPE: 1.8668, Valid WMAPE: 0.0601
###Update tasks appear###
Evaluate best model on test data for horizon 1, Test MAE: 8.9378, Test RMSE: 59.2990, Test MAPE: 6.5954, Test WMAPE: 0.0519
Evaluate best model on test data for horizon 2, Test MAE: 9.7429, Test RMSE: 51.6027, Test MAPE: 10.6443, Test WMAPE: 0.0566
Evaluate best model on test data for horizon 3, Test MAE: 9.8368, Test RMSE: 39.5478, Test MAPE: 13.4056, Test WMAPE: 0.0571
Evaluate best model on test data for horizon 4, Test MAE: 11.0984, Test RMSE: 43.6048, Test MAPE: 15.0011, Test WMAPE: 0.0645
Evaluate best model on test data for horizon 5, Test MAE: 12.3570, Test RMSE: 48.8799, Test MAPE: 16.4165, Test WMAPE: 0.0718
Evaluate best model on test data for horizon 6, Test MAE: 12.8499, Test RMSE: 45.8927, Test MAPE: 17.2211, Test WMAPE: 0.0747
Evaluate best model on test data for horizon 7, Test MAE: 13.5821, Test RMSE: 46.3378, Test MAPE: 17.5859, Test WMAPE: 0.0790
Evaluate best model on test data for horizon 8, Test MAE: 14.4182, Test RMSE: 49.4068, Test MAPE: 17.7997, Test WMAPE: 0.0838
Evaluate best model on test data for horizon 9, Test MAE: 14.9791, Test RMSE: 49.6692, Test MAPE: 17.9872, Test WMAPE: 0.0871
Evaluate best model on test data for horizon 10, Test MAE: 14.9550, Test RMSE: 44.8847, Test MAPE: 17.8561, Test WMAPE: 0.0870
Evaluate best model on test data for horizon 11, Test MAE: 15.9219, Test RMSE: 51.3551, Test MAPE: 17.8614, Test WMAPE: 0.0926
Evaluate best model on test data for horizon 12, Test MAE: 16.1208, Test RMSE: 50.3014, Test MAPE: 17.6878, Test WMAPE: 0.0938
On average over 12 horizons, Test MAE: 12.9000, Test RMSE: 48.3985, Test MAPE: 15.5052, Test WMAPE: 0.0750
Test low! Updating! Test Loss: 12.89999532699585, Test low! Updating! Valid Loss: 10.474414552961077, epoch:  140
Iter: 000, Train Loss: 6.9531, Train RMSE: 16.2268, Train MAPE: 0.6096, Train WMAPE: 0.0386
Iter: 050, Train Loss: 6.5384, Train RMSE: 14.0226, Train MAPE: 0.6253, Train WMAPE: 0.0359
Epoch: 141, Training Time: 14.8700 secs
Epoch: 141, Inference Time: 1.8919 secs
Epoch: 141, Train Loss: 6.4276, Train RMSE: 13.9346, Train MAPE: 1.0007, Train WMAPE: 0.0359, 
Epoch: 141, Valid Loss: 10.5566, Valid RMSE: 37.2833, Valid MAPE: 3.1718, Valid WMAPE: 0.0606
No update
Iter: 000, Train Loss: 6.9784, Train RMSE: 15.5961, Train MAPE: 1.0683, Train WMAPE: 0.0387
Iter: 050, Train Loss: 6.7622, Train RMSE: 14.3848, Train MAPE: 0.7856, Train WMAPE: 0.0371
Epoch: 142, Training Time: 14.7198 secs
Epoch: 142, Inference Time: 1.8737 secs
Epoch: 142, Train Loss: 6.4501, Train RMSE: 13.9556, Train MAPE: 1.0569, Train WMAPE: 0.0361, 
Epoch: 142, Valid Loss: 10.8054, Valid RMSE: 37.3889, Valid MAPE: 3.3419, Valid WMAPE: 0.0620
No update
Iter: 000, Train Loss: 6.9728, Train RMSE: 15.5231, Train MAPE: 1.0696, Train WMAPE: 0.0387
Iter: 050, Train Loss: 6.8213, Train RMSE: 14.1273, Train MAPE: 1.0398, Train WMAPE: 0.0374
Epoch: 143, Training Time: 14.2893 secs
Epoch: 143, Inference Time: 1.9039 secs
Epoch: 143, Train Loss: 6.4147, Train RMSE: 13.8043, Train MAPE: 1.2063, Train WMAPE: 0.0359, 
Epoch: 143, Valid Loss: 10.5523, Valid RMSE: 37.2834, Valid MAPE: 2.4725, Valid WMAPE: 0.0606
No update
Iter: 000, Train Loss: 6.7206, Train RMSE: 15.3324, Train MAPE: 0.8208, Train WMAPE: 0.0373
Iter: 050, Train Loss: 6.6414, Train RMSE: 13.5348, Train MAPE: 0.8951, Train WMAPE: 0.0364
Epoch: 144, Training Time: 14.7769 secs
Epoch: 144, Inference Time: 1.8962 secs
Epoch: 144, Train Loss: 6.3873, Train RMSE: 13.7620, Train MAPE: 1.2139, Train WMAPE: 0.0357, 
Epoch: 144, Valid Loss: 10.4679, Valid RMSE: 37.0993, Valid MAPE: 3.3193, Valid WMAPE: 0.0601
###Update tasks appear###
Evaluate best model on test data for horizon 1, Test MAE: 8.9785, Test RMSE: 59.2376, Test MAPE: 7.1021, Test WMAPE: 0.0521
Evaluate best model on test data for horizon 2, Test MAE: 9.7797, Test RMSE: 51.4394, Test MAPE: 11.1994, Test WMAPE: 0.0568
Evaluate best model on test data for horizon 3, Test MAE: 9.9234, Test RMSE: 39.5644, Test MAPE: 14.0082, Test WMAPE: 0.0576
Evaluate best model on test data for horizon 4, Test MAE: 11.1783, Test RMSE: 43.4995, Test MAPE: 15.6013, Test WMAPE: 0.0649
Evaluate best model on test data for horizon 5, Test MAE: 12.4455, Test RMSE: 48.7325, Test MAPE: 17.0189, Test WMAPE: 0.0723
Evaluate best model on test data for horizon 6, Test MAE: 13.0119, Test RMSE: 46.1319, Test MAPE: 17.6969, Test WMAPE: 0.0756
Evaluate best model on test data for horizon 7, Test MAE: 13.8000, Test RMSE: 46.5430, Test MAPE: 18.2464, Test WMAPE: 0.0802
Evaluate best model on test data for horizon 8, Test MAE: 14.6166, Test RMSE: 49.1319, Test MAPE: 18.6111, Test WMAPE: 0.0850
Evaluate best model on test data for horizon 9, Test MAE: 15.2058, Test RMSE: 49.4320, Test MAPE: 18.8158, Test WMAPE: 0.0884
Evaluate best model on test data for horizon 10, Test MAE: 15.1271, Test RMSE: 44.6780, Test MAPE: 18.6490, Test WMAPE: 0.0880
Evaluate best model on test data for horizon 11, Test MAE: 15.9655, Test RMSE: 50.7900, Test MAPE: 18.6151, Test WMAPE: 0.0929
Evaluate best model on test data for horizon 12, Test MAE: 16.0977, Test RMSE: 49.5517, Test MAPE: 18.3684, Test WMAPE: 0.0937
On average over 12 horizons, Test MAE: 13.0108, Test RMSE: 48.2277, Test MAPE: 16.1611, Test WMAPE: 0.0756
No update
Iter: 000, Train Loss: 6.7138, Train RMSE: 15.3815, Train MAPE: 1.1379, Train WMAPE: 0.0373
Iter: 050, Train Loss: 6.7109, Train RMSE: 13.9199, Train MAPE: 0.8959, Train WMAPE: 0.0368
Epoch: 145, Training Time: 14.5911 secs
Epoch: 145, Inference Time: 1.9900 secs
Epoch: 145, Train Loss: 6.4366, Train RMSE: 13.8339, Train MAPE: 1.0676, Train WMAPE: 0.0360, 
Epoch: 145, Valid Loss: 10.5052, Valid RMSE: 37.1307, Valid MAPE: 3.0979, Valid WMAPE: 0.0603
No update
Iter: 000, Train Loss: 6.7964, Train RMSE: 15.6402, Train MAPE: 1.0761, Train WMAPE: 0.0377
Iter: 050, Train Loss: 6.4466, Train RMSE: 13.4567, Train MAPE: 0.8172, Train WMAPE: 0.0354
Epoch: 146, Training Time: 14.2899 secs
Epoch: 146, Inference Time: 1.8975 secs
Epoch: 146, Train Loss: 6.3869, Train RMSE: 13.8260, Train MAPE: 1.0885, Train WMAPE: 0.0357, 
Epoch: 146, Valid Loss: 10.5429, Valid RMSE: 37.5418, Valid MAPE: 2.3527, Valid WMAPE: 0.0605
No update
Iter: 000, Train Loss: 6.8342, Train RMSE: 15.5991, Train MAPE: 0.8048, Train WMAPE: 0.0379
Iter: 050, Train Loss: 6.5262, Train RMSE: 13.6526, Train MAPE: 0.7067, Train WMAPE: 0.0358
Epoch: 147, Training Time: 14.7840 secs
Epoch: 147, Inference Time: 1.8922 secs
Epoch: 147, Train Loss: 6.4268, Train RMSE: 13.8530, Train MAPE: 1.0967, Train WMAPE: 0.0359, 
Epoch: 147, Valid Loss: 10.6723, Valid RMSE: 37.2297, Valid MAPE: 4.0421, Valid WMAPE: 0.0613
No update
Iter: 000, Train Loss: 7.0219, Train RMSE: 15.7182, Train MAPE: 1.3573, Train WMAPE: 0.0390
Iter: 050, Train Loss: 6.4764, Train RMSE: 13.2457, Train MAPE: 0.8705, Train WMAPE: 0.0355
Epoch: 148, Training Time: 14.6972 secs
Epoch: 148, Inference Time: 1.8080 secs
Epoch: 148, Train Loss: 6.4207, Train RMSE: 13.8257, Train MAPE: 1.1346, Train WMAPE: 0.0359, 
Epoch: 148, Valid Loss: 11.6125, Valid RMSE: 38.4598, Valid MAPE: 3.1817, Valid WMAPE: 0.0667
No update
Iter: 000, Train Loss: 7.3999, Train RMSE: 17.6226, Train MAPE: 1.1257, Train WMAPE: 0.0411
Iter: 050, Train Loss: 7.4407, Train RMSE: 14.9856, Train MAPE: 2.2468, Train WMAPE: 0.0408
Epoch: 149, Training Time: 14.3817 secs
Epoch: 149, Inference Time: 1.8977 secs
Epoch: 149, Train Loss: 6.5863, Train RMSE: 14.1861, Train MAPE: 1.1400, Train WMAPE: 0.0368, 
Epoch: 149, Valid Loss: 10.5832, Valid RMSE: 36.9409, Valid MAPE: 2.1682, Valid WMAPE: 0.0608
No update
Iter: 000, Train Loss: 6.7360, Train RMSE: 15.4505, Train MAPE: 0.8075, Train WMAPE: 0.0374
Iter: 050, Train Loss: 6.6430, Train RMSE: 14.1257, Train MAPE: 0.6758, Train WMAPE: 0.0364
Epoch: 150, Training Time: 14.8878 secs
Epoch: 150, Inference Time: 1.8797 secs
Epoch: 150, Train Loss: 6.4581, Train RMSE: 14.0313, Train MAPE: 0.9875, Train WMAPE: 0.0361, 
Epoch: 150, Valid Loss: 10.4803, Valid RMSE: 36.8609, Valid MAPE: 2.4493, Valid WMAPE: 0.0602
No update
Iter: 000, Train Loss: 6.6423, Train RMSE: 15.2399, Train MAPE: 0.8820, Train WMAPE: 0.0369
Iter: 050, Train Loss: 6.6224, Train RMSE: 14.1138, Train MAPE: 0.6871, Train WMAPE: 0.0363
Epoch: 151, Training Time: 14.3963 secs
Epoch: 151, Inference Time: 1.8110 secs
Epoch: 151, Train Loss: 6.4147, Train RMSE: 13.8972, Train MAPE: 1.0375, Train WMAPE: 0.0359, 
Epoch: 151, Valid Loss: 10.8656, Valid RMSE: 37.1987, Valid MAPE: 4.4897, Valid WMAPE: 0.0624
No update
Iter: 000, Train Loss: 6.9811, Train RMSE: 15.4782, Train MAPE: 1.5729, Train WMAPE: 0.0388
Iter: 050, Train Loss: 6.5907, Train RMSE: 13.8891, Train MAPE: 1.1816, Train WMAPE: 0.0361
Epoch: 152, Training Time: 14.7726 secs
Epoch: 152, Inference Time: 1.8921 secs
Epoch: 152, Train Loss: 6.3545, Train RMSE: 13.7058, Train MAPE: 1.1651, Train WMAPE: 0.0355, 
Epoch: 152, Valid Loss: 10.6161, Valid RMSE: 36.8209, Valid MAPE: 3.5424, Valid WMAPE: 0.0610
No update
Iter: 000, Train Loss: 7.0620, Train RMSE: 15.5911, Train MAPE: 1.2161, Train WMAPE: 0.0392
Iter: 050, Train Loss: 6.3447, Train RMSE: 13.1621, Train MAPE: 0.6414, Train WMAPE: 0.0348
Epoch: 153, Training Time: 14.8225 secs
Epoch: 153, Inference Time: 1.9758 secs
Epoch: 153, Train Loss: 6.3269, Train RMSE: 13.6928, Train MAPE: 1.1352, Train WMAPE: 0.0354, 
Epoch: 153, Valid Loss: 10.3926, Valid RMSE: 36.3890, Valid MAPE: 3.4687, Valid WMAPE: 0.0597
###Update tasks appear###
Evaluate best model on test data for horizon 1, Test MAE: 9.0841, Test RMSE: 58.8263, Test MAPE: 7.5304, Test WMAPE: 0.0527
Evaluate best model on test data for horizon 2, Test MAE: 9.8198, Test RMSE: 50.9242, Test MAPE: 11.5165, Test WMAPE: 0.0570
Evaluate best model on test data for horizon 3, Test MAE: 9.9878, Test RMSE: 39.4193, Test MAPE: 14.3306, Test WMAPE: 0.0580
Evaluate best model on test data for horizon 4, Test MAE: 11.2085, Test RMSE: 42.8833, Test MAPE: 15.8749, Test WMAPE: 0.0651
Evaluate best model on test data for horizon 5, Test MAE: 12.4005, Test RMSE: 47.8489, Test MAPE: 16.9166, Test WMAPE: 0.0721
Evaluate best model on test data for horizon 6, Test MAE: 12.9593, Test RMSE: 45.5074, Test MAPE: 17.6725, Test WMAPE: 0.0753
Evaluate best model on test data for horizon 7, Test MAE: 13.7197, Test RMSE: 46.0927, Test MAPE: 18.1234, Test WMAPE: 0.0798
Evaluate best model on test data for horizon 8, Test MAE: 14.4658, Test RMSE: 48.1599, Test MAPE: 18.3516, Test WMAPE: 0.0841
Evaluate best model on test data for horizon 9, Test MAE: 15.0052, Test RMSE: 48.6215, Test MAPE: 18.4613, Test WMAPE: 0.0873
Evaluate best model on test data for horizon 10, Test MAE: 14.8568, Test RMSE: 43.7707, Test MAPE: 18.2416, Test WMAPE: 0.0864
Evaluate best model on test data for horizon 11, Test MAE: 15.6661, Test RMSE: 49.5860, Test MAPE: 18.4743, Test WMAPE: 0.0911
Evaluate best model on test data for horizon 12, Test MAE: 15.7617, Test RMSE: 48.1404, Test MAPE: 18.2176, Test WMAPE: 0.0917
On average over 12 horizons, Test MAE: 12.9113, Test RMSE: 47.4817, Test MAPE: 16.1426, Test WMAPE: 0.0751
No update
Iter: 000, Train Loss: 6.7472, Train RMSE: 15.1531, Train MAPE: 1.1975, Train WMAPE: 0.0375
Iter: 050, Train Loss: 6.4013, Train RMSE: 13.2425, Train MAPE: 0.7545, Train WMAPE: 0.0351
Epoch: 154, Training Time: 14.6839 secs
Epoch: 154, Inference Time: 1.9961 secs
Epoch: 154, Train Loss: 6.3287, Train RMSE: 13.6347, Train MAPE: 1.0739, Train WMAPE: 0.0354, 
Epoch: 154, Valid Loss: 10.5879, Valid RMSE: 36.9485, Valid MAPE: 4.1093, Valid WMAPE: 0.0608
No update
Iter: 000, Train Loss: 6.7391, Train RMSE: 15.1769, Train MAPE: 1.4290, Train WMAPE: 0.0374
Iter: 050, Train Loss: 6.8858, Train RMSE: 14.5396, Train MAPE: 0.8261, Train WMAPE: 0.0378
Epoch: 155, Training Time: 14.6849 secs
Epoch: 155, Inference Time: 1.9957 secs
Epoch: 155, Train Loss: 6.3962, Train RMSE: 13.7511, Train MAPE: 1.0692, Train WMAPE: 0.0358, 
Epoch: 155, Valid Loss: 10.5939, Valid RMSE: 37.0666, Valid MAPE: 3.3582, Valid WMAPE: 0.0608
No update
Iter: 000, Train Loss: 6.5828, Train RMSE: 15.0537, Train MAPE: 1.3163, Train WMAPE: 0.0365
Iter: 050, Train Loss: 6.4234, Train RMSE: 13.5183, Train MAPE: 0.7423, Train WMAPE: 0.0352
Epoch: 156, Training Time: 14.7927 secs
Epoch: 156, Inference Time: 1.9841 secs
Epoch: 156, Train Loss: 6.3569, Train RMSE: 13.7397, Train MAPE: 0.9777, Train WMAPE: 0.0356, 
Epoch: 156, Valid Loss: 10.4172, Valid RMSE: 36.7718, Valid MAPE: 2.9961, Valid WMAPE: 0.0598
###Update tasks appear###
Evaluate best model on test data for horizon 1, Test MAE: 8.9379, Test RMSE: 58.9865, Test MAPE: 6.6997, Test WMAPE: 0.0519
Evaluate best model on test data for horizon 2, Test MAE: 9.7299, Test RMSE: 51.1872, Test MAPE: 10.6665, Test WMAPE: 0.0565
Evaluate best model on test data for horizon 3, Test MAE: 10.0903, Test RMSE: 39.8416, Test MAPE: 13.4585, Test WMAPE: 0.0586
Evaluate best model on test data for horizon 4, Test MAE: 11.3290, Test RMSE: 43.5374, Test MAPE: 14.9030, Test WMAPE: 0.0658
Evaluate best model on test data for horizon 5, Test MAE: 12.4149, Test RMSE: 48.6622, Test MAPE: 16.3943, Test WMAPE: 0.0721
Evaluate best model on test data for horizon 6, Test MAE: 13.1351, Test RMSE: 46.2186, Test MAPE: 17.0739, Test WMAPE: 0.0763
Evaluate best model on test data for horizon 7, Test MAE: 13.8677, Test RMSE: 46.5517, Test MAPE: 17.3801, Test WMAPE: 0.0806
Evaluate best model on test data for horizon 8, Test MAE: 14.5324, Test RMSE: 48.7370, Test MAPE: 17.5301, Test WMAPE: 0.0845
Evaluate best model on test data for horizon 9, Test MAE: 15.0832, Test RMSE: 49.3549, Test MAPE: 18.1482, Test WMAPE: 0.0877
Evaluate best model on test data for horizon 10, Test MAE: 15.0418, Test RMSE: 44.3935, Test MAPE: 18.2737, Test WMAPE: 0.0875
Evaluate best model on test data for horizon 11, Test MAE: 15.8456, Test RMSE: 50.1950, Test MAPE: 18.0247, Test WMAPE: 0.0922
Evaluate best model on test data for horizon 12, Test MAE: 15.9742, Test RMSE: 49.0729, Test MAPE: 17.7644, Test WMAPE: 0.0929
On average over 12 horizons, Test MAE: 12.9985, Test RMSE: 48.0615, Test MAPE: 15.5264, Test WMAPE: 0.0756
No update
Iter: 000, Train Loss: 6.6871, Train RMSE: 15.2764, Train MAPE: 1.0108, Train WMAPE: 0.0371
Iter: 050, Train Loss: 6.3893, Train RMSE: 13.3057, Train MAPE: 0.7463, Train WMAPE: 0.0350
Epoch: 157, Training Time: 15.0680 secs
Epoch: 157, Inference Time: 1.9846 secs
Epoch: 157, Train Loss: 6.3484, Train RMSE: 13.8170, Train MAPE: 0.9745, Train WMAPE: 0.0355, 
Epoch: 157, Valid Loss: 10.5865, Valid RMSE: 37.0879, Valid MAPE: 2.6776, Valid WMAPE: 0.0608
No update
Iter: 000, Train Loss: 6.8638, Train RMSE: 15.6536, Train MAPE: 0.8398, Train WMAPE: 0.0381
Iter: 050, Train Loss: 6.2733, Train RMSE: 13.0195, Train MAPE: 0.6005, Train WMAPE: 0.0344
Epoch: 158, Training Time: 14.4004 secs
Epoch: 158, Inference Time: 1.9048 secs
Epoch: 158, Train Loss: 6.2827, Train RMSE: 13.6830, Train MAPE: 0.9699, Train WMAPE: 0.0351, 
Epoch: 158, Valid Loss: 10.4790, Valid RMSE: 36.9512, Valid MAPE: 2.1608, Valid WMAPE: 0.0602
No update
Iter: 000, Train Loss: 6.8657, Train RMSE: 15.4595, Train MAPE: 0.6638, Train WMAPE: 0.0381
Iter: 050, Train Loss: 6.3565, Train RMSE: 13.0773, Train MAPE: 0.9196, Train WMAPE: 0.0349
Epoch: 159, Training Time: 14.9755 secs
Epoch: 159, Inference Time: 1.9076 secs
Epoch: 159, Train Loss: 6.2974, Train RMSE: 13.5885, Train MAPE: 1.0677, Train WMAPE: 0.0352, 
Epoch: 159, Valid Loss: 10.4564, Valid RMSE: 36.6203, Valid MAPE: 2.6668, Valid WMAPE: 0.0600
###Update tasks appear###
Evaluate best model on test data for horizon 1, Test MAE: 9.0196, Test RMSE: 58.4280, Test MAPE: 7.1415, Test WMAPE: 0.0524
Evaluate best model on test data for horizon 2, Test MAE: 9.8629, Test RMSE: 50.6653, Test MAPE: 11.1508, Test WMAPE: 0.0573
Evaluate best model on test data for horizon 3, Test MAE: 9.9909, Test RMSE: 39.6830, Test MAPE: 13.7468, Test WMAPE: 0.0580
Evaluate best model on test data for horizon 4, Test MAE: 11.2318, Test RMSE: 43.1958, Test MAPE: 15.3880, Test WMAPE: 0.0653
Evaluate best model on test data for horizon 5, Test MAE: 12.5604, Test RMSE: 48.1632, Test MAPE: 16.4626, Test WMAPE: 0.0730
Evaluate best model on test data for horizon 6, Test MAE: 13.1493, Test RMSE: 45.7157, Test MAPE: 17.4417, Test WMAPE: 0.0764
Evaluate best model on test data for horizon 7, Test MAE: 13.9780, Test RMSE: 46.7972, Test MAPE: 17.8353, Test WMAPE: 0.0813
Evaluate best model on test data for horizon 8, Test MAE: 14.8087, Test RMSE: 48.7627, Test MAPE: 18.1318, Test WMAPE: 0.0861
Evaluate best model on test data for horizon 9, Test MAE: 15.3964, Test RMSE: 49.0336, Test MAPE: 18.1330, Test WMAPE: 0.0895
Evaluate best model on test data for horizon 10, Test MAE: 15.4115, Test RMSE: 44.6684, Test MAPE: 17.8560, Test WMAPE: 0.0896
Evaluate best model on test data for horizon 11, Test MAE: 16.4553, Test RMSE: 50.5607, Test MAPE: 18.3412, Test WMAPE: 0.0957
Evaluate best model on test data for horizon 12, Test MAE: 16.6829, Test RMSE: 49.6242, Test MAPE: 18.1941, Test WMAPE: 0.0971
On average over 12 horizons, Test MAE: 13.2123, Test RMSE: 47.9415, Test MAPE: 15.8186, Test WMAPE: 0.0768
No update
Iter: 000, Train Loss: 6.5611, Train RMSE: 15.0211, Train MAPE: 0.9321, Train WMAPE: 0.0364
Iter: 050, Train Loss: 6.6427, Train RMSE: 13.8887, Train MAPE: 0.5700, Train WMAPE: 0.0364
Epoch: 160, Training Time: 14.9608 secs
Epoch: 160, Inference Time: 1.9882 secs
Epoch: 160, Train Loss: 6.2871, Train RMSE: 13.5949, Train MAPE: 0.9924, Train WMAPE: 0.0352, 
Epoch: 160, Valid Loss: 10.4971, Valid RMSE: 36.9406, Valid MAPE: 2.5167, Valid WMAPE: 0.0603
No update
Iter: 000, Train Loss: 6.6606, Train RMSE: 15.4201, Train MAPE: 0.8723, Train WMAPE: 0.0370
Iter: 050, Train Loss: 6.3087, Train RMSE: 13.1098, Train MAPE: 0.7674, Train WMAPE: 0.0346
Epoch: 161, Training Time: 14.6920 secs
Epoch: 161, Inference Time: 1.9122 secs
Epoch: 161, Train Loss: 6.2430, Train RMSE: 13.4102, Train MAPE: 1.1480, Train WMAPE: 0.0349, 
Epoch: 161, Valid Loss: 10.5221, Valid RMSE: 37.0016, Valid MAPE: 4.0002, Valid WMAPE: 0.0604
No update
Iter: 000, Train Loss: 6.5721, Train RMSE: 15.0313, Train MAPE: 1.3756, Train WMAPE: 0.0365
Iter: 050, Train Loss: 6.3372, Train RMSE: 13.2602, Train MAPE: 0.7052, Train WMAPE: 0.0348
Epoch: 162, Training Time: 14.5755 secs
Epoch: 162, Inference Time: 1.9121 secs
Epoch: 162, Train Loss: 6.2121, Train RMSE: 13.4676, Train MAPE: 0.9928, Train WMAPE: 0.0347, 
Epoch: 162, Valid Loss: 10.3796, Valid RMSE: 36.6335, Valid MAPE: 2.3969, Valid WMAPE: 0.0596
###Update tasks appear###
Evaluate best model on test data for horizon 1, Test MAE: 8.8934, Test RMSE: 58.4837, Test MAPE: 6.3862, Test WMAPE: 0.0516
Evaluate best model on test data for horizon 2, Test MAE: 9.8039, Test RMSE: 51.0300, Test MAPE: 10.4640, Test WMAPE: 0.0569
Evaluate best model on test data for horizon 3, Test MAE: 9.9920, Test RMSE: 39.9489, Test MAPE: 13.2294, Test WMAPE: 0.0580
Evaluate best model on test data for horizon 4, Test MAE: 11.1565, Test RMSE: 43.3635, Test MAPE: 14.7346, Test WMAPE: 0.0648
Evaluate best model on test data for horizon 5, Test MAE: 12.4339, Test RMSE: 48.3626, Test MAPE: 16.3144, Test WMAPE: 0.0723
Evaluate best model on test data for horizon 6, Test MAE: 12.9151, Test RMSE: 45.8164, Test MAPE: 17.0964, Test WMAPE: 0.0751
Evaluate best model on test data for horizon 7, Test MAE: 13.7276, Test RMSE: 46.5561, Test MAPE: 17.6070, Test WMAPE: 0.0798
Evaluate best model on test data for horizon 8, Test MAE: 14.5208, Test RMSE: 48.6077, Test MAPE: 17.8769, Test WMAPE: 0.0844
Evaluate best model on test data for horizon 9, Test MAE: 15.0973, Test RMSE: 49.0448, Test MAPE: 17.8926, Test WMAPE: 0.0878
Evaluate best model on test data for horizon 10, Test MAE: 15.0438, Test RMSE: 44.1416, Test MAPE: 17.8161, Test WMAPE: 0.0875
Evaluate best model on test data for horizon 11, Test MAE: 15.9795, Test RMSE: 49.9546, Test MAPE: 17.9459, Test WMAPE: 0.0930
Evaluate best model on test data for horizon 12, Test MAE: 16.1730, Test RMSE: 48.8277, Test MAPE: 17.8335, Test WMAPE: 0.0941
On average over 12 horizons, Test MAE: 12.9781, Test RMSE: 47.8448, Test MAPE: 15.4331, Test WMAPE: 0.0754
No update
Iter: 000, Train Loss: 6.5304, Train RMSE: 15.0901, Train MAPE: 0.7768, Train WMAPE: 0.0363
Iter: 050, Train Loss: 6.2986, Train RMSE: 13.0793, Train MAPE: 0.8381, Train WMAPE: 0.0345
Epoch: 163, Training Time: 14.8573 secs
Epoch: 163, Inference Time: 2.0971 secs
Epoch: 163, Train Loss: 6.2176, Train RMSE: 13.4777, Train MAPE: 0.9933, Train WMAPE: 0.0348, 
Epoch: 163, Valid Loss: 10.5070, Valid RMSE: 36.7815, Valid MAPE: 3.5122, Valid WMAPE: 0.0603
No update
Iter: 000, Train Loss: 6.9494, Train RMSE: 15.8585, Train MAPE: 1.2936, Train WMAPE: 0.0386
Iter: 050, Train Loss: 6.3953, Train RMSE: 14.0148, Train MAPE: 0.8260, Train WMAPE: 0.0351
Epoch: 164, Training Time: 14.5799 secs
Epoch: 164, Inference Time: 1.8903 secs
Epoch: 164, Train Loss: 6.2257, Train RMSE: 13.4588, Train MAPE: 1.0058, Train WMAPE: 0.0348, 
Epoch: 164, Valid Loss: 10.3753, Valid RMSE: 36.5543, Valid MAPE: 2.5203, Valid WMAPE: 0.0596
###Update tasks appear###
Evaluate best model on test data for horizon 1, Test MAE: 8.8829, Test RMSE: 58.1631, Test MAPE: 6.6250, Test WMAPE: 0.0516
Evaluate best model on test data for horizon 2, Test MAE: 9.7448, Test RMSE: 50.8179, Test MAPE: 10.6514, Test WMAPE: 0.0566
Evaluate best model on test data for horizon 3, Test MAE: 9.8689, Test RMSE: 39.6415, Test MAPE: 13.4559, Test WMAPE: 0.0573
Evaluate best model on test data for horizon 4, Test MAE: 11.0965, Test RMSE: 43.3135, Test MAPE: 14.9432, Test WMAPE: 0.0645
Evaluate best model on test data for horizon 5, Test MAE: 12.3947, Test RMSE: 48.2879, Test MAPE: 16.2756, Test WMAPE: 0.0720
Evaluate best model on test data for horizon 6, Test MAE: 12.8476, Test RMSE: 45.7501, Test MAPE: 16.8844, Test WMAPE: 0.0747
Evaluate best model on test data for horizon 7, Test MAE: 13.5937, Test RMSE: 46.3559, Test MAPE: 17.2090, Test WMAPE: 0.0790
Evaluate best model on test data for horizon 8, Test MAE: 14.3022, Test RMSE: 48.5093, Test MAPE: 17.3614, Test WMAPE: 0.0832
Evaluate best model on test data for horizon 9, Test MAE: 14.7965, Test RMSE: 49.0673, Test MAPE: 17.5588, Test WMAPE: 0.0861
Evaluate best model on test data for horizon 10, Test MAE: 14.6503, Test RMSE: 43.8302, Test MAPE: 17.5127, Test WMAPE: 0.0852
Evaluate best model on test data for horizon 11, Test MAE: 15.4007, Test RMSE: 49.8274, Test MAPE: 17.5192, Test WMAPE: 0.0896
Evaluate best model on test data for horizon 12, Test MAE: 15.5354, Test RMSE: 48.6036, Test MAPE: 17.5026, Test WMAPE: 0.0904
On average over 12 horizons, Test MAE: 12.7595, Test RMSE: 47.6806, Test MAPE: 15.2916, Test WMAPE: 0.0742
Test low! Updating! Test Loss: 12.759503523508707, Test low! Updating! Valid Loss: 10.375332764216832, epoch:  164
Iter: 000, Train Loss: 6.5790, Train RMSE: 15.0126, Train MAPE: 0.7589, Train WMAPE: 0.0365
Iter: 050, Train Loss: 6.3562, Train RMSE: 13.2180, Train MAPE: 0.5721, Train WMAPE: 0.0349
Epoch: 165, Training Time: 14.9937 secs
Epoch: 165, Inference Time: 1.9631 secs
Epoch: 165, Train Loss: 6.2387, Train RMSE: 13.4809, Train MAPE: 1.0058, Train WMAPE: 0.0349, 
Epoch: 165, Valid Loss: 10.5421, Valid RMSE: 36.7055, Valid MAPE: 3.0487, Valid WMAPE: 0.0605
No update
Iter: 000, Train Loss: 6.7355, Train RMSE: 15.0667, Train MAPE: 0.9865, Train WMAPE: 0.0374
Iter: 050, Train Loss: 6.3559, Train RMSE: 12.9938, Train MAPE: 1.2186, Train WMAPE: 0.0349
Epoch: 166, Training Time: 15.0884 secs
Epoch: 166, Inference Time: 1.9018 secs
Epoch: 166, Train Loss: 6.1899, Train RMSE: 13.3689, Train MAPE: 1.0577, Train WMAPE: 0.0346, 
Epoch: 166, Valid Loss: 10.6250, Valid RMSE: 36.8175, Valid MAPE: 3.9882, Valid WMAPE: 0.0610
No update
Iter: 000, Train Loss: 6.5843, Train RMSE: 14.9333, Train MAPE: 1.4102, Train WMAPE: 0.0366
Iter: 050, Train Loss: 6.3219, Train RMSE: 12.8778, Train MAPE: 0.7912, Train WMAPE: 0.0347
Epoch: 167, Training Time: 14.9108 secs
Epoch: 167, Inference Time: 1.9592 secs
Epoch: 167, Train Loss: 6.2595, Train RMSE: 13.4628, Train MAPE: 1.0132, Train WMAPE: 0.0350, 
Epoch: 167, Valid Loss: 10.5130, Valid RMSE: 36.7986, Valid MAPE: 3.7325, Valid WMAPE: 0.0604
No update
Iter: 000, Train Loss: 6.5063, Train RMSE: 14.3455, Train MAPE: 1.3065, Train WMAPE: 0.0361
Iter: 050, Train Loss: 6.1895, Train RMSE: 12.8558, Train MAPE: 0.6043, Train WMAPE: 0.0339
Epoch: 168, Training Time: 14.1942 secs
Epoch: 168, Inference Time: 1.8075 secs
Epoch: 168, Train Loss: 6.2352, Train RMSE: 13.4516, Train MAPE: 1.1485, Train WMAPE: 0.0349, 
Epoch: 168, Valid Loss: 10.3762, Valid RMSE: 36.5450, Valid MAPE: 2.0682, Valid WMAPE: 0.0596
No update
Iter: 000, Train Loss: 6.2744, Train RMSE: 13.5919, Train MAPE: 0.6812, Train WMAPE: 0.0348
Iter: 050, Train Loss: 6.3354, Train RMSE: 12.7158, Train MAPE: 0.5808, Train WMAPE: 0.0347
Epoch: 169, Training Time: 14.9811 secs
Epoch: 169, Inference Time: 1.9855 secs
Epoch: 169, Train Loss: 6.1594, Train RMSE: 13.3144, Train MAPE: 1.0199, Train WMAPE: 0.0344, 
Epoch: 169, Valid Loss: 10.5442, Valid RMSE: 36.5116, Valid MAPE: 3.7834, Valid WMAPE: 0.0605
No update
Iter: 000, Train Loss: 6.6748, Train RMSE: 15.1706, Train MAPE: 1.2903, Train WMAPE: 0.0371
Iter: 050, Train Loss: 6.1613, Train RMSE: 12.7851, Train MAPE: 0.6540, Train WMAPE: 0.0338
Epoch: 170, Training Time: 14.8429 secs
Epoch: 170, Inference Time: 1.9389 secs
Epoch: 170, Train Loss: 6.1491, Train RMSE: 13.3225, Train MAPE: 0.9836, Train WMAPE: 0.0344, 
Epoch: 170, Valid Loss: 10.3782, Valid RMSE: 36.5390, Valid MAPE: 2.3459, Valid WMAPE: 0.0596
No update
Iter: 000, Train Loss: 6.6068, Train RMSE: 15.3186, Train MAPE: 0.8527, Train WMAPE: 0.0367
Iter: 050, Train Loss: 6.2463, Train RMSE: 12.9253, Train MAPE: 0.7035, Train WMAPE: 0.0343
Epoch: 171, Training Time: 14.7205 secs
Epoch: 171, Inference Time: 1.9545 secs
Epoch: 171, Train Loss: 6.1749, Train RMSE: 13.3694, Train MAPE: 1.0188, Train WMAPE: 0.0345, 
Epoch: 171, Valid Loss: 10.3431, Valid RMSE: 36.6207, Valid MAPE: 2.6593, Valid WMAPE: 0.0594
###Update tasks appear###
Evaluate best model on test data for horizon 1, Test MAE: 8.9956, Test RMSE: 58.6200, Test MAPE: 7.0746, Test WMAPE: 0.0522
Evaluate best model on test data for horizon 2, Test MAE: 9.8364, Test RMSE: 51.0400, Test MAPE: 11.2505, Test WMAPE: 0.0571
Evaluate best model on test data for horizon 3, Test MAE: 9.9846, Test RMSE: 40.1288, Test MAPE: 14.0769, Test WMAPE: 0.0580
Evaluate best model on test data for horizon 4, Test MAE: 11.1663, Test RMSE: 43.1256, Test MAPE: 15.6359, Test WMAPE: 0.0649
Evaluate best model on test data for horizon 5, Test MAE: 12.3953, Test RMSE: 48.4251, Test MAPE: 16.5531, Test WMAPE: 0.0720
Evaluate best model on test data for horizon 6, Test MAE: 12.8557, Test RMSE: 45.7134, Test MAPE: 17.3065, Test WMAPE: 0.0747
Evaluate best model on test data for horizon 7, Test MAE: 13.6204, Test RMSE: 46.5595, Test MAPE: 17.8933, Test WMAPE: 0.0792
Evaluate best model on test data for horizon 8, Test MAE: 14.3547, Test RMSE: 48.4994, Test MAPE: 18.1230, Test WMAPE: 0.0835
Evaluate best model on test data for horizon 9, Test MAE: 14.9982, Test RMSE: 48.8018, Test MAPE: 18.3694, Test WMAPE: 0.0872
Evaluate best model on test data for horizon 10, Test MAE: 14.9390, Test RMSE: 44.0206, Test MAPE: 17.9158, Test WMAPE: 0.0869
Evaluate best model on test data for horizon 11, Test MAE: 15.9049, Test RMSE: 49.6690, Test MAPE: 18.0903, Test WMAPE: 0.0925
Evaluate best model on test data for horizon 12, Test MAE: 16.1163, Test RMSE: 48.5403, Test MAPE: 17.9318, Test WMAPE: 0.0938
On average over 12 horizons, Test MAE: 12.9306, Test RMSE: 47.7619, Test MAPE: 15.8518, Test WMAPE: 0.0752
No update
Iter: 000, Train Loss: 6.4383, Train RMSE: 13.8742, Train MAPE: 0.8343, Train WMAPE: 0.0357
Iter: 050, Train Loss: 6.1625, Train RMSE: 12.7563, Train MAPE: 0.5875, Train WMAPE: 0.0338
Epoch: 172, Training Time: 14.8001 secs
Epoch: 172, Inference Time: 1.9565 secs
Epoch: 172, Train Loss: 6.1888, Train RMSE: 13.3575, Train MAPE: 0.9641, Train WMAPE: 0.0346, 
Epoch: 172, Valid Loss: 10.5583, Valid RMSE: 36.7933, Valid MAPE: 3.1889, Valid WMAPE: 0.0606
No update
Iter: 000, Train Loss: 6.5668, Train RMSE: 14.5201, Train MAPE: 1.1528, Train WMAPE: 0.0365
Iter: 050, Train Loss: 6.3030, Train RMSE: 12.9726, Train MAPE: 0.5846, Train WMAPE: 0.0346
Epoch: 173, Training Time: 14.9194 secs
Epoch: 173, Inference Time: 1.8641 secs
Epoch: 173, Train Loss: 6.1928, Train RMSE: 13.4378, Train MAPE: 0.9399, Train WMAPE: 0.0346, 
Epoch: 173, Valid Loss: 10.3811, Valid RMSE: 36.8010, Valid MAPE: 2.1586, Valid WMAPE: 0.0596
No update
Iter: 000, Train Loss: 6.2420, Train RMSE: 13.3930, Train MAPE: 0.6814, Train WMAPE: 0.0347
Iter: 050, Train Loss: 6.2174, Train RMSE: 12.8058, Train MAPE: 0.6340, Train WMAPE: 0.0341
Epoch: 174, Training Time: 14.9917 secs
Epoch: 174, Inference Time: 1.9871 secs
Epoch: 174, Train Loss: 6.2081, Train RMSE: 13.4512, Train MAPE: 0.9281, Train WMAPE: 0.0347, 
Epoch: 174, Valid Loss: 10.3099, Valid RMSE: 36.2795, Valid MAPE: 2.4503, Valid WMAPE: 0.0592
###Update tasks appear###
Evaluate best model on test data for horizon 1, Test MAE: 8.8362, Test RMSE: 58.2148, Test MAPE: 6.5042, Test WMAPE: 0.0513
Evaluate best model on test data for horizon 2, Test MAE: 9.7271, Test RMSE: 51.0994, Test MAPE: 10.7309, Test WMAPE: 0.0565
Evaluate best model on test data for horizon 3, Test MAE: 9.9875, Test RMSE: 39.8031, Test MAPE: 13.5865, Test WMAPE: 0.0580
Evaluate best model on test data for horizon 4, Test MAE: 11.0945, Test RMSE: 42.7537, Test MAPE: 15.2890, Test WMAPE: 0.0645
Evaluate best model on test data for horizon 5, Test MAE: 12.5038, Test RMSE: 48.3585, Test MAPE: 16.5027, Test WMAPE: 0.0727
Evaluate best model on test data for horizon 6, Test MAE: 13.0245, Test RMSE: 45.9459, Test MAPE: 17.2101, Test WMAPE: 0.0757
Evaluate best model on test data for horizon 7, Test MAE: 13.8469, Test RMSE: 46.6037, Test MAPE: 18.4096, Test WMAPE: 0.0805
Evaluate best model on test data for horizon 8, Test MAE: 14.5557, Test RMSE: 48.1888, Test MAPE: 18.2895, Test WMAPE: 0.0846
Evaluate best model on test data for horizon 9, Test MAE: 15.2127, Test RMSE: 48.8729, Test MAPE: 18.5598, Test WMAPE: 0.0885
Evaluate best model on test data for horizon 10, Test MAE: 15.1331, Test RMSE: 43.8874, Test MAPE: 17.8486, Test WMAPE: 0.0880
Evaluate best model on test data for horizon 11, Test MAE: 16.0883, Test RMSE: 49.3828, Test MAPE: 17.8349, Test WMAPE: 0.0936
Evaluate best model on test data for horizon 12, Test MAE: 16.2151, Test RMSE: 48.0412, Test MAPE: 17.7001, Test WMAPE: 0.0943
On average over 12 horizons, Test MAE: 13.0188, Test RMSE: 47.5960, Test MAPE: 15.7055, Test WMAPE: 0.0757
No update
Iter: 000, Train Loss: 6.3867, Train RMSE: 14.8102, Train MAPE: 0.7911, Train WMAPE: 0.0355
Iter: 050, Train Loss: 6.2464, Train RMSE: 13.3364, Train MAPE: 0.8683, Train WMAPE: 0.0343
Epoch: 175, Training Time: 14.6646 secs
Epoch: 175, Inference Time: 1.8851 secs
Epoch: 175, Train Loss: 6.1653, Train RMSE: 13.4330, Train MAPE: 0.9176, Train WMAPE: 0.0345, 
Epoch: 175, Valid Loss: 10.4092, Valid RMSE: 36.5903, Valid MAPE: 2.4928, Valid WMAPE: 0.0598
No update
Iter: 000, Train Loss: 6.3438, Train RMSE: 13.3143, Train MAPE: 0.7586, Train WMAPE: 0.0352
Iter: 050, Train Loss: 5.9827, Train RMSE: 12.4748, Train MAPE: 0.6145, Train WMAPE: 0.0328
Epoch: 176, Training Time: 14.7077 secs
Epoch: 176, Inference Time: 1.8903 secs
Epoch: 176, Train Loss: 6.1427, Train RMSE: 13.3579, Train MAPE: 0.9032, Train WMAPE: 0.0343, 
Epoch: 176, Valid Loss: 10.3176, Valid RMSE: 36.1359, Valid MAPE: 2.6821, Valid WMAPE: 0.0592
###Update tasks appear###
Evaluate best model on test data for horizon 1, Test MAE: 8.8572, Test RMSE: 58.0301, Test MAPE: 6.6386, Test WMAPE: 0.0514
Evaluate best model on test data for horizon 2, Test MAE: 9.7491, Test RMSE: 50.5653, Test MAPE: 10.8124, Test WMAPE: 0.0566
Evaluate best model on test data for horizon 3, Test MAE: 9.9648, Test RMSE: 39.5860, Test MAPE: 13.8047, Test WMAPE: 0.0579
Evaluate best model on test data for horizon 4, Test MAE: 11.0241, Test RMSE: 42.5989, Test MAPE: 15.5933, Test WMAPE: 0.0640
Evaluate best model on test data for horizon 5, Test MAE: 12.3382, Test RMSE: 47.7874, Test MAPE: 16.4094, Test WMAPE: 0.0717
Evaluate best model on test data for horizon 6, Test MAE: 12.8156, Test RMSE: 45.4889, Test MAPE: 16.9665, Test WMAPE: 0.0745
Evaluate best model on test data for horizon 7, Test MAE: 13.5890, Test RMSE: 46.3305, Test MAPE: 17.4786, Test WMAPE: 0.0790
Evaluate best model on test data for horizon 8, Test MAE: 14.3556, Test RMSE: 48.0250, Test MAPE: 17.8959, Test WMAPE: 0.0835
Evaluate best model on test data for horizon 9, Test MAE: 14.8955, Test RMSE: 48.4571, Test MAPE: 18.0092, Test WMAPE: 0.0866
Evaluate best model on test data for horizon 10, Test MAE: 14.7613, Test RMSE: 43.7412, Test MAPE: 17.6555, Test WMAPE: 0.0859
Evaluate best model on test data for horizon 11, Test MAE: 15.6083, Test RMSE: 49.3609, Test MAPE: 17.7238, Test WMAPE: 0.0908
Evaluate best model on test data for horizon 12, Test MAE: 15.7218, Test RMSE: 47.8970, Test MAPE: 17.8388, Test WMAPE: 0.0915
On average over 12 horizons, Test MAE: 12.8067, Test RMSE: 47.3224, Test MAPE: 15.5689, Test WMAPE: 0.0744
No update
Iter: 000, Train Loss: 6.5141, Train RMSE: 13.5785, Train MAPE: 0.8591, Train WMAPE: 0.0362
Iter: 050, Train Loss: 6.0520, Train RMSE: 12.5186, Train MAPE: 0.6961, Train WMAPE: 0.0332
Epoch: 177, Training Time: 14.8687 secs
Epoch: 177, Inference Time: 1.8916 secs
Epoch: 177, Train Loss: 6.0932, Train RMSE: 13.1855, Train MAPE: 0.9573, Train WMAPE: 0.0341, 
Epoch: 177, Valid Loss: 10.3148, Valid RMSE: 36.3846, Valid MAPE: 2.4878, Valid WMAPE: 0.0592
###Update tasks appear###
Evaluate best model on test data for horizon 1, Test MAE: 9.1244, Test RMSE: 58.1912, Test MAPE: 7.5307, Test WMAPE: 0.0530
Evaluate best model on test data for horizon 2, Test MAE: 9.8983, Test RMSE: 51.0338, Test MAPE: 11.5233, Test WMAPE: 0.0575
Evaluate best model on test data for horizon 3, Test MAE: 10.0266, Test RMSE: 40.0101, Test MAPE: 13.9945, Test WMAPE: 0.0582
Evaluate best model on test data for horizon 4, Test MAE: 11.1881, Test RMSE: 43.2424, Test MAPE: 15.4618, Test WMAPE: 0.0650
Evaluate best model on test data for horizon 5, Test MAE: 12.5110, Test RMSE: 48.4115, Test MAPE: 16.7294, Test WMAPE: 0.0727
Evaluate best model on test data for horizon 6, Test MAE: 13.0555, Test RMSE: 46.0094, Test MAPE: 17.3437, Test WMAPE: 0.0759
Evaluate best model on test data for horizon 7, Test MAE: 13.8098, Test RMSE: 46.7252, Test MAPE: 17.5205, Test WMAPE: 0.0803
Evaluate best model on test data for horizon 8, Test MAE: 14.5619, Test RMSE: 48.6493, Test MAPE: 17.7482, Test WMAPE: 0.0847
Evaluate best model on test data for horizon 9, Test MAE: 15.1353, Test RMSE: 49.1938, Test MAPE: 17.9181, Test WMAPE: 0.0880
Evaluate best model on test data for horizon 10, Test MAE: 15.0669, Test RMSE: 44.3659, Test MAPE: 17.6130, Test WMAPE: 0.0876
Evaluate best model on test data for horizon 11, Test MAE: 15.9403, Test RMSE: 50.1104, Test MAPE: 17.6578, Test WMAPE: 0.0927
Evaluate best model on test data for horizon 12, Test MAE: 16.0251, Test RMSE: 48.6286, Test MAPE: 17.6026, Test WMAPE: 0.0932
On average over 12 horizons, Test MAE: 13.0286, Test RMSE: 47.8810, Test MAPE: 15.7203, Test WMAPE: 0.0757
No update
Iter: 000, Train Loss: 6.3173, Train RMSE: 13.3989, Train MAPE: 0.7692, Train WMAPE: 0.0351
Iter: 050, Train Loss: 6.3387, Train RMSE: 13.2413, Train MAPE: 0.8201, Train WMAPE: 0.0348
Epoch: 178, Training Time: 14.7577 secs
Epoch: 178, Inference Time: 1.8866 secs
Epoch: 178, Train Loss: 6.0813, Train RMSE: 13.2023, Train MAPE: 0.9110, Train WMAPE: 0.0340, 
Epoch: 178, Valid Loss: 10.2897, Valid RMSE: 36.3788, Valid MAPE: 2.9223, Valid WMAPE: 0.0591
###Update tasks appear###
Evaluate best model on test data for horizon 1, Test MAE: 8.8549, Test RMSE: 58.0557, Test MAPE: 6.5215, Test WMAPE: 0.0514
Evaluate best model on test data for horizon 2, Test MAE: 9.7695, Test RMSE: 51.0382, Test MAPE: 10.7082, Test WMAPE: 0.0567
Evaluate best model on test data for horizon 3, Test MAE: 9.9123, Test RMSE: 40.2024, Test MAPE: 13.7365, Test WMAPE: 0.0576
Evaluate best model on test data for horizon 4, Test MAE: 11.1070, Test RMSE: 43.0428, Test MAPE: 15.4108, Test WMAPE: 0.0645
Evaluate best model on test data for horizon 5, Test MAE: 12.3971, Test RMSE: 48.2140, Test MAPE: 17.0022, Test WMAPE: 0.0720
Evaluate best model on test data for horizon 6, Test MAE: 13.0687, Test RMSE: 46.0466, Test MAPE: 18.0308, Test WMAPE: 0.0760
Evaluate best model on test data for horizon 7, Test MAE: 13.7665, Test RMSE: 46.8126, Test MAPE: 17.6446, Test WMAPE: 0.0800
Evaluate best model on test data for horizon 8, Test MAE: 14.5169, Test RMSE: 48.3792, Test MAPE: 17.5313, Test WMAPE: 0.0844
Evaluate best model on test data for horizon 9, Test MAE: 15.1371, Test RMSE: 49.1007, Test MAPE: 17.6700, Test WMAPE: 0.0880
Evaluate best model on test data for horizon 10, Test MAE: 15.0985, Test RMSE: 44.3864, Test MAPE: 17.6178, Test WMAPE: 0.0878
Evaluate best model on test data for horizon 11, Test MAE: 15.9505, Test RMSE: 50.0029, Test MAPE: 17.6874, Test WMAPE: 0.0928
Evaluate best model on test data for horizon 12, Test MAE: 16.0223, Test RMSE: 48.4207, Test MAPE: 17.6126, Test WMAPE: 0.0932
On average over 12 horizons, Test MAE: 12.9668, Test RMSE: 47.8085, Test MAPE: 15.5978, Test WMAPE: 0.0754
No update
Iter: 000, Train Loss: 6.2663, Train RMSE: 13.1915, Train MAPE: 1.0004, Train WMAPE: 0.0348
Iter: 050, Train Loss: 6.0990, Train RMSE: 12.5431, Train MAPE: 0.6823, Train WMAPE: 0.0334
Epoch: 179, Training Time: 14.6950 secs
Epoch: 179, Inference Time: 1.8851 secs
Epoch: 179, Train Loss: 6.0909, Train RMSE: 13.2100, Train MAPE: 0.9396, Train WMAPE: 0.0341, 
Epoch: 179, Valid Loss: 10.3716, Valid RMSE: 36.3197, Valid MAPE: 2.4903, Valid WMAPE: 0.0595
###Update tasks appear###
Evaluate best model on test data for horizon 1, Test MAE: 8.8005, Test RMSE: 58.1830, Test MAPE: 6.9700, Test WMAPE: 0.0511
Evaluate best model on test data for horizon 2, Test MAE: 9.6577, Test RMSE: 50.8047, Test MAPE: 11.1454, Test WMAPE: 0.0561
Evaluate best model on test data for horizon 3, Test MAE: 9.8619, Test RMSE: 39.9826, Test MAPE: 14.1772, Test WMAPE: 0.0573
Evaluate best model on test data for horizon 4, Test MAE: 11.0401, Test RMSE: 42.4032, Test MAPE: 15.2144, Test WMAPE: 0.0641
Evaluate best model on test data for horizon 5, Test MAE: 12.2692, Test RMSE: 47.4496, Test MAPE: 16.4859, Test WMAPE: 0.0713
Evaluate best model on test data for horizon 6, Test MAE: 12.7603, Test RMSE: 45.2213, Test MAPE: 17.0672, Test WMAPE: 0.0742
Evaluate best model on test data for horizon 7, Test MAE: 13.5923, Test RMSE: 46.2080, Test MAPE: 17.4402, Test WMAPE: 0.0790
Evaluate best model on test data for horizon 8, Test MAE: 14.2445, Test RMSE: 47.5961, Test MAPE: 17.7719, Test WMAPE: 0.0828
Evaluate best model on test data for horizon 9, Test MAE: 14.7737, Test RMSE: 48.1505, Test MAPE: 18.1789, Test WMAPE: 0.0859
Evaluate best model on test data for horizon 10, Test MAE: 14.7292, Test RMSE: 43.4506, Test MAPE: 18.4176, Test WMAPE: 0.0857
Evaluate best model on test data for horizon 11, Test MAE: 15.5882, Test RMSE: 48.9486, Test MAPE: 18.5401, Test WMAPE: 0.0907
Evaluate best model on test data for horizon 12, Test MAE: 15.6611, Test RMSE: 47.4409, Test MAPE: 18.1436, Test WMAPE: 0.0911
On average over 12 horizons, Test MAE: 12.7482, Test RMSE: 47.1533, Test MAPE: 15.7960, Test WMAPE: 0.0741
Test low! Updating! Test Loss: 12.748240152994791, Test low! Updating! Valid Loss: 10.371639660426549, epoch:  179
Iter: 000, Train Loss: 6.2882, Train RMSE: 13.4655, Train MAPE: 0.7692, Train WMAPE: 0.0349
Iter: 050, Train Loss: 6.2619, Train RMSE: 12.9578, Train MAPE: 0.7154, Train WMAPE: 0.0343
Epoch: 180, Training Time: 14.9481 secs
Epoch: 180, Inference Time: 1.7823 secs
Epoch: 180, Train Loss: 6.0911, Train RMSE: 13.0771, Train MAPE: 1.0634, Train WMAPE: 0.0341, 
Epoch: 180, Valid Loss: 10.3118, Valid RMSE: 36.2541, Valid MAPE: 2.6103, Valid WMAPE: 0.0592
###Update tasks appear###
Evaluate best model on test data for horizon 1, Test MAE: 8.8672, Test RMSE: 58.0274, Test MAPE: 7.3236, Test WMAPE: 0.0515
Evaluate best model on test data for horizon 2, Test MAE: 9.7170, Test RMSE: 50.5292, Test MAPE: 11.4572, Test WMAPE: 0.0564
Evaluate best model on test data for horizon 3, Test MAE: 9.9268, Test RMSE: 39.7409, Test MAPE: 14.3950, Test WMAPE: 0.0577
Evaluate best model on test data for horizon 4, Test MAE: 11.1291, Test RMSE: 42.5852, Test MAPE: 15.6939, Test WMAPE: 0.0647
Evaluate best model on test data for horizon 5, Test MAE: 12.3769, Test RMSE: 47.5748, Test MAPE: 16.8228, Test WMAPE: 0.0719
Evaluate best model on test data for horizon 6, Test MAE: 12.9975, Test RMSE: 45.6215, Test MAPE: 17.5205, Test WMAPE: 0.0755
Evaluate best model on test data for horizon 7, Test MAE: 13.8260, Test RMSE: 46.4152, Test MAPE: 17.8846, Test WMAPE: 0.0804
Evaluate best model on test data for horizon 8, Test MAE: 14.5910, Test RMSE: 48.1532, Test MAPE: 18.1864, Test WMAPE: 0.0848
Evaluate best model on test data for horizon 9, Test MAE: 15.1926, Test RMSE: 48.8902, Test MAPE: 18.3405, Test WMAPE: 0.0884
Evaluate best model on test data for horizon 10, Test MAE: 15.1815, Test RMSE: 44.3150, Test MAPE: 18.1731, Test WMAPE: 0.0883
Evaluate best model on test data for horizon 11, Test MAE: 16.0729, Test RMSE: 49.7204, Test MAPE: 18.3402, Test WMAPE: 0.0935
Evaluate best model on test data for horizon 12, Test MAE: 16.1724, Test RMSE: 48.2497, Test MAPE: 18.1140, Test WMAPE: 0.0941
On average over 12 horizons, Test MAE: 13.0042, Test RMSE: 47.4852, Test MAPE: 16.0210, Test WMAPE: 0.0756
No update
Iter: 000, Train Loss: 6.0511, Train RMSE: 12.7486, Train MAPE: 0.8606, Train WMAPE: 0.0336
Iter: 050, Train Loss: 6.1899, Train RMSE: 12.6076, Train MAPE: 0.8648, Train WMAPE: 0.0339
Epoch: 181, Training Time: 15.0647 secs
Epoch: 181, Inference Time: 1.8956 secs
Epoch: 181, Train Loss: 6.0405, Train RMSE: 13.0039, Train MAPE: 1.0104, Train WMAPE: 0.0338, 
Epoch: 181, Valid Loss: 10.4332, Valid RMSE: 35.9619, Valid MAPE: 3.8686, Valid WMAPE: 0.0599
No update
Iter: 000, Train Loss: 6.3501, Train RMSE: 12.9867, Train MAPE: 1.3838, Train WMAPE: 0.0353
Iter: 050, Train Loss: 6.0877, Train RMSE: 12.5798, Train MAPE: 0.8013, Train WMAPE: 0.0334
Epoch: 182, Training Time: 14.8898 secs
Epoch: 182, Inference Time: 1.9139 secs
Epoch: 182, Train Loss: 6.0866, Train RMSE: 13.1573, Train MAPE: 0.9996, Train WMAPE: 0.0340, 
Epoch: 182, Valid Loss: 10.3502, Valid RMSE: 35.9495, Valid MAPE: 2.1331, Valid WMAPE: 0.0594
###Update tasks appear###
Evaluate best model on test data for horizon 1, Test MAE: 8.9046, Test RMSE: 57.6881, Test MAPE: 6.6000, Test WMAPE: 0.0517
Evaluate best model on test data for horizon 2, Test MAE: 9.8059, Test RMSE: 50.2290, Test MAPE: 10.8039, Test WMAPE: 0.0569
Evaluate best model on test data for horizon 3, Test MAE: 9.8981, Test RMSE: 39.5208, Test MAPE: 13.8416, Test WMAPE: 0.0575
Evaluate best model on test data for horizon 4, Test MAE: 11.0538, Test RMSE: 42.5584, Test MAPE: 15.2492, Test WMAPE: 0.0642
Evaluate best model on test data for horizon 5, Test MAE: 12.3589, Test RMSE: 47.5598, Test MAPE: 16.5272, Test WMAPE: 0.0718
Evaluate best model on test data for horizon 6, Test MAE: 12.9004, Test RMSE: 45.1289, Test MAPE: 17.0662, Test WMAPE: 0.0750
Evaluate best model on test data for horizon 7, Test MAE: 13.7932, Test RMSE: 46.1059, Test MAPE: 17.4898, Test WMAPE: 0.0802
Evaluate best model on test data for horizon 8, Test MAE: 14.4980, Test RMSE: 47.5714, Test MAPE: 17.6392, Test WMAPE: 0.0843
Evaluate best model on test data for horizon 9, Test MAE: 15.0678, Test RMSE: 47.9062, Test MAPE: 17.9697, Test WMAPE: 0.0876
Evaluate best model on test data for horizon 10, Test MAE: 15.0695, Test RMSE: 43.4713, Test MAPE: 17.7591, Test WMAPE: 0.0877
Evaluate best model on test data for horizon 11, Test MAE: 15.9693, Test RMSE: 49.0826, Test MAPE: 18.1308, Test WMAPE: 0.0929
Evaluate best model on test data for horizon 12, Test MAE: 16.0488, Test RMSE: 47.5659, Test MAPE: 17.6911, Test WMAPE: 0.0934
On average over 12 horizons, Test MAE: 12.9474, Test RMSE: 47.0324, Test MAPE: 15.5640, Test WMAPE: 0.0753
No update
Iter: 000, Train Loss: 6.1450, Train RMSE: 13.1258, Train MAPE: 0.7428, Train WMAPE: 0.0341
Iter: 050, Train Loss: 6.0507, Train RMSE: 12.4517, Train MAPE: 0.8152, Train WMAPE: 0.0332
Epoch: 183, Training Time: 14.2629 secs
Epoch: 183, Inference Time: 1.8787 secs
Epoch: 183, Train Loss: 6.0424, Train RMSE: 13.1174, Train MAPE: 0.8993, Train WMAPE: 0.0338, 
Epoch: 183, Valid Loss: 10.2345, Valid RMSE: 35.8342, Valid MAPE: 2.5945, Valid WMAPE: 0.0588
###Update tasks appear###
Evaluate best model on test data for horizon 1, Test MAE: 9.0111, Test RMSE: 57.9948, Test MAPE: 6.7665, Test WMAPE: 0.0523
Evaluate best model on test data for horizon 2, Test MAE: 9.7667, Test RMSE: 50.5712, Test MAPE: 10.8238, Test WMAPE: 0.0567
Evaluate best model on test data for horizon 3, Test MAE: 9.8398, Test RMSE: 39.3813, Test MAPE: 13.9154, Test WMAPE: 0.0572
Evaluate best model on test data for horizon 4, Test MAE: 11.0618, Test RMSE: 42.3107, Test MAPE: 15.8219, Test WMAPE: 0.0643
Evaluate best model on test data for horizon 5, Test MAE: 12.3239, Test RMSE: 47.5056, Test MAPE: 16.7847, Test WMAPE: 0.0716
Evaluate best model on test data for horizon 6, Test MAE: 12.8680, Test RMSE: 45.0431, Test MAPE: 17.3062, Test WMAPE: 0.0748
Evaluate best model on test data for horizon 7, Test MAE: 13.7000, Test RMSE: 46.1620, Test MAPE: 17.6810, Test WMAPE: 0.0797
Evaluate best model on test data for horizon 8, Test MAE: 14.3336, Test RMSE: 47.4000, Test MAPE: 17.9060, Test WMAPE: 0.0834
Evaluate best model on test data for horizon 9, Test MAE: 14.8418, Test RMSE: 47.6615, Test MAPE: 17.5906, Test WMAPE: 0.0863
Evaluate best model on test data for horizon 10, Test MAE: 14.8390, Test RMSE: 43.1889, Test MAPE: 17.4830, Test WMAPE: 0.0863
Evaluate best model on test data for horizon 11, Test MAE: 15.5847, Test RMSE: 48.4483, Test MAPE: 17.6077, Test WMAPE: 0.0907
Evaluate best model on test data for horizon 12, Test MAE: 15.5789, Test RMSE: 46.9511, Test MAPE: 17.4968, Test WMAPE: 0.0906
On average over 12 horizons, Test MAE: 12.8124, Test RMSE: 46.8849, Test MAPE: 15.5986, Test WMAPE: 0.0745
No update
Iter: 000, Train Loss: 6.2687, Train RMSE: 13.5634, Train MAPE: 0.9284, Train WMAPE: 0.0348
Iter: 050, Train Loss: 6.3219, Train RMSE: 12.8793, Train MAPE: 0.8114, Train WMAPE: 0.0347
Epoch: 184, Training Time: 14.5758 secs
Epoch: 184, Inference Time: 1.8927 secs
Epoch: 184, Train Loss: 6.0723, Train RMSE: 13.1741, Train MAPE: 0.9039, Train WMAPE: 0.0340, 
Epoch: 184, Valid Loss: 10.2110, Valid RMSE: 35.7185, Valid MAPE: 2.4141, Valid WMAPE: 0.0586
###Update tasks appear###
Evaluate best model on test data for horizon 1, Test MAE: 8.8076, Test RMSE: 57.8640, Test MAPE: 6.7296, Test WMAPE: 0.0511
Evaluate best model on test data for horizon 2, Test MAE: 9.6902, Test RMSE: 50.2738, Test MAPE: 10.8711, Test WMAPE: 0.0563
Evaluate best model on test data for horizon 3, Test MAE: 9.8472, Test RMSE: 39.0524, Test MAPE: 13.7956, Test WMAPE: 0.0572
Evaluate best model on test data for horizon 4, Test MAE: 11.0593, Test RMSE: 42.2973, Test MAPE: 15.8000, Test WMAPE: 0.0643
Evaluate best model on test data for horizon 5, Test MAE: 12.2860, Test RMSE: 47.2761, Test MAPE: 16.9962, Test WMAPE: 0.0714
Evaluate best model on test data for horizon 6, Test MAE: 12.7993, Test RMSE: 44.6537, Test MAPE: 17.8224, Test WMAPE: 0.0744
Evaluate best model on test data for horizon 7, Test MAE: 13.5586, Test RMSE: 45.6743, Test MAPE: 17.7229, Test WMAPE: 0.0788
Evaluate best model on test data for horizon 8, Test MAE: 14.3211, Test RMSE: 47.4400, Test MAPE: 18.2227, Test WMAPE: 0.0833
Evaluate best model on test data for horizon 9, Test MAE: 14.7922, Test RMSE: 47.4912, Test MAPE: 17.8602, Test WMAPE: 0.0860
Evaluate best model on test data for horizon 10, Test MAE: 14.7168, Test RMSE: 43.1173, Test MAPE: 17.8250, Test WMAPE: 0.0856
Evaluate best model on test data for horizon 11, Test MAE: 15.5560, Test RMSE: 48.6464, Test MAPE: 17.9102, Test WMAPE: 0.0905
Evaluate best model on test data for horizon 12, Test MAE: 15.6387, Test RMSE: 47.4605, Test MAPE: 17.8454, Test WMAPE: 0.0910
On average over 12 horizons, Test MAE: 12.7561, Test RMSE: 46.7706, Test MAPE: 15.7835, Test WMAPE: 0.0742
No update
Iter: 000, Train Loss: 6.0920, Train RMSE: 12.8671, Train MAPE: 0.8117, Train WMAPE: 0.0338
Iter: 050, Train Loss: 6.2206, Train RMSE: 12.7198, Train MAPE: 0.6390, Train WMAPE: 0.0341
Epoch: 185, Training Time: 14.8792 secs
Epoch: 185, Inference Time: 1.8967 secs
Epoch: 185, Train Loss: 6.0592, Train RMSE: 13.1286, Train MAPE: 0.8691, Train WMAPE: 0.0339, 
Epoch: 185, Valid Loss: 10.2677, Valid RMSE: 36.1212, Valid MAPE: 2.0415, Valid WMAPE: 0.0589
###Update tasks appear###
Evaluate best model on test data for horizon 1, Test MAE: 8.8237, Test RMSE: 58.0871, Test MAPE: 6.5647, Test WMAPE: 0.0512
Evaluate best model on test data for horizon 2, Test MAE: 9.7279, Test RMSE: 50.9417, Test MAPE: 10.6937, Test WMAPE: 0.0565
Evaluate best model on test data for horizon 3, Test MAE: 9.8977, Test RMSE: 39.7405, Test MAPE: 13.6076, Test WMAPE: 0.0575
Evaluate best model on test data for horizon 4, Test MAE: 11.1043, Test RMSE: 42.6997, Test MAPE: 15.4120, Test WMAPE: 0.0645
Evaluate best model on test data for horizon 5, Test MAE: 12.3452, Test RMSE: 47.5281, Test MAPE: 16.4870, Test WMAPE: 0.0717
Evaluate best model on test data for horizon 6, Test MAE: 12.9367, Test RMSE: 45.2154, Test MAPE: 16.9498, Test WMAPE: 0.0752
Evaluate best model on test data for horizon 7, Test MAE: 13.7438, Test RMSE: 46.1384, Test MAPE: 17.3413, Test WMAPE: 0.0799
Evaluate best model on test data for horizon 8, Test MAE: 14.4677, Test RMSE: 47.8780, Test MAPE: 17.5447, Test WMAPE: 0.0841
Evaluate best model on test data for horizon 9, Test MAE: 14.9858, Test RMSE: 48.1678, Test MAPE: 17.7186, Test WMAPE: 0.0872
Evaluate best model on test data for horizon 10, Test MAE: 14.9990, Test RMSE: 43.8300, Test MAPE: 17.5758, Test WMAPE: 0.0872
Evaluate best model on test data for horizon 11, Test MAE: 15.9371, Test RMSE: 49.3821, Test MAPE: 18.2051, Test WMAPE: 0.0927
Evaluate best model on test data for horizon 12, Test MAE: 16.0071, Test RMSE: 48.1331, Test MAPE: 17.7061, Test WMAPE: 0.0931
On average over 12 horizons, Test MAE: 12.9147, Test RMSE: 47.3118, Test MAPE: 15.4839, Test WMAPE: 0.0751
No update
Iter: 000, Train Loss: 6.0541, Train RMSE: 12.8204, Train MAPE: 0.6207, Train WMAPE: 0.0336
Iter: 050, Train Loss: 6.1561, Train RMSE: 12.9495, Train MAPE: 0.6676, Train WMAPE: 0.0338
Epoch: 186, Training Time: 14.7872 secs
Epoch: 186, Inference Time: 1.9755 secs
Epoch: 186, Train Loss: 6.0688, Train RMSE: 13.1719, Train MAPE: 0.8893, Train WMAPE: 0.0339, 
Epoch: 186, Valid Loss: 10.2385, Valid RMSE: 35.7651, Valid MAPE: 2.1928, Valid WMAPE: 0.0588
###Update tasks appear###
Evaluate best model on test data for horizon 1, Test MAE: 8.8441, Test RMSE: 57.7103, Test MAPE: 6.6940, Test WMAPE: 0.0513
Evaluate best model on test data for horizon 2, Test MAE: 9.7137, Test RMSE: 50.4649, Test MAPE: 10.7820, Test WMAPE: 0.0564
Evaluate best model on test data for horizon 3, Test MAE: 9.9480, Test RMSE: 39.5589, Test MAPE: 13.6237, Test WMAPE: 0.0578
Evaluate best model on test data for horizon 4, Test MAE: 11.0669, Test RMSE: 42.2879, Test MAPE: 15.1341, Test WMAPE: 0.0643
Evaluate best model on test data for horizon 5, Test MAE: 12.3165, Test RMSE: 47.2627, Test MAPE: 16.5727, Test WMAPE: 0.0716
Evaluate best model on test data for horizon 6, Test MAE: 12.8925, Test RMSE: 45.0565, Test MAPE: 17.1501, Test WMAPE: 0.0749
Evaluate best model on test data for horizon 7, Test MAE: 13.7109, Test RMSE: 45.9294, Test MAPE: 17.4995, Test WMAPE: 0.0797
Evaluate best model on test data for horizon 8, Test MAE: 14.4073, Test RMSE: 47.4810, Test MAPE: 17.5661, Test WMAPE: 0.0838
Evaluate best model on test data for horizon 9, Test MAE: 14.8881, Test RMSE: 47.6728, Test MAPE: 17.6915, Test WMAPE: 0.0866
Evaluate best model on test data for horizon 10, Test MAE: 14.8322, Test RMSE: 43.4617, Test MAPE: 17.6974, Test WMAPE: 0.0863
Evaluate best model on test data for horizon 11, Test MAE: 15.6028, Test RMSE: 48.6095, Test MAPE: 17.9837, Test WMAPE: 0.0908
Evaluate best model on test data for horizon 12, Test MAE: 15.6236, Test RMSE: 47.1377, Test MAPE: 17.8017, Test WMAPE: 0.0909
On average over 12 horizons, Test MAE: 12.8206, Test RMSE: 46.8861, Test MAPE: 15.5164, Test WMAPE: 0.0745
No update
Iter: 000, Train Loss: 6.0799, Train RMSE: 12.8506, Train MAPE: 0.7251, Train WMAPE: 0.0338
Iter: 050, Train Loss: 6.3164, Train RMSE: 12.9892, Train MAPE: 0.9760, Train WMAPE: 0.0346
Epoch: 187, Training Time: 14.5673 secs
Epoch: 187, Inference Time: 1.8140 secs
Epoch: 187, Train Loss: 6.0846, Train RMSE: 13.1854, Train MAPE: 0.9122, Train WMAPE: 0.0340, 
Epoch: 187, Valid Loss: 10.4748, Valid RMSE: 35.9139, Valid MAPE: 2.9045, Valid WMAPE: 0.0601
No update
Iter: 000, Train Loss: 6.2833, Train RMSE: 13.0225, Train MAPE: 0.9225, Train WMAPE: 0.0349
Iter: 050, Train Loss: 6.1093, Train RMSE: 12.5849, Train MAPE: 0.6876, Train WMAPE: 0.0335
Epoch: 188, Training Time: 15.0986 secs
Epoch: 188, Inference Time: 1.8733 secs
Epoch: 188, Train Loss: 6.0545, Train RMSE: 13.2221, Train MAPE: 0.8581, Train WMAPE: 0.0339, 
Epoch: 188, Valid Loss: 10.5623, Valid RMSE: 36.0805, Valid MAPE: 2.8814, Valid WMAPE: 0.0606
No update
Iter: 000, Train Loss: 6.2388, Train RMSE: 12.9967, Train MAPE: 0.9639, Train WMAPE: 0.0346
Iter: 050, Train Loss: 6.0318, Train RMSE: 12.4238, Train MAPE: 0.5882, Train WMAPE: 0.0331
Epoch: 189, Training Time: 14.6205 secs
Epoch: 189, Inference Time: 1.8691 secs
Epoch: 189, Train Loss: 6.0690, Train RMSE: 13.2010, Train MAPE: 0.8899, Train WMAPE: 0.0339, 
Epoch: 189, Valid Loss: 10.3662, Valid RMSE: 36.1208, Valid MAPE: 2.4376, Valid WMAPE: 0.0595
###Update tasks appear###
Evaluate best model on test data for horizon 1, Test MAE: 8.8005, Test RMSE: 57.9198, Test MAPE: 6.6455, Test WMAPE: 0.0511
Evaluate best model on test data for horizon 2, Test MAE: 9.6540, Test RMSE: 50.5035, Test MAPE: 10.4628, Test WMAPE: 0.0561
Evaluate best model on test data for horizon 3, Test MAE: 9.8473, Test RMSE: 39.7159, Test MAPE: 13.4755, Test WMAPE: 0.0572
Evaluate best model on test data for horizon 4, Test MAE: 11.1453, Test RMSE: 42.5579, Test MAPE: 14.5633, Test WMAPE: 0.0648
Evaluate best model on test data for horizon 5, Test MAE: 12.2450, Test RMSE: 47.6440, Test MAPE: 16.1294, Test WMAPE: 0.0712
Evaluate best model on test data for horizon 6, Test MAE: 12.7497, Test RMSE: 44.9800, Test MAPE: 16.5786, Test WMAPE: 0.0741
Evaluate best model on test data for horizon 7, Test MAE: 13.5792, Test RMSE: 46.1666, Test MAPE: 17.2179, Test WMAPE: 0.0789
Evaluate best model on test data for horizon 8, Test MAE: 14.2712, Test RMSE: 47.3980, Test MAPE: 17.1423, Test WMAPE: 0.0830
Evaluate best model on test data for horizon 9, Test MAE: 14.7877, Test RMSE: 47.5506, Test MAPE: 17.2892, Test WMAPE: 0.0860
Evaluate best model on test data for horizon 10, Test MAE: 14.7987, Test RMSE: 43.3917, Test MAPE: 17.1665, Test WMAPE: 0.0861
Evaluate best model on test data for horizon 11, Test MAE: 15.6941, Test RMSE: 48.7936, Test MAPE: 17.1065, Test WMAPE: 0.0913
Evaluate best model on test data for horizon 12, Test MAE: 15.8997, Test RMSE: 47.5962, Test MAPE: 17.9949, Test WMAPE: 0.0925
On average over 12 horizons, Test MAE: 12.7894, Test RMSE: 47.0181, Test MAPE: 15.1477, Test WMAPE: 0.0743
No update
Iter: 000, Train Loss: 6.1654, Train RMSE: 13.0464, Train MAPE: 0.7931, Train WMAPE: 0.0342
Iter: 050, Train Loss: 6.2316, Train RMSE: 12.7383, Train MAPE: 0.8120, Train WMAPE: 0.0342
Epoch: 190, Training Time: 14.9221 secs
Epoch: 190, Inference Time: 1.8466 secs
Epoch: 190, Train Loss: 5.9768, Train RMSE: 12.9401, Train MAPE: 0.8716, Train WMAPE: 0.0334, 
Epoch: 190, Valid Loss: 10.3364, Valid RMSE: 36.2670, Valid MAPE: 2.7574, Valid WMAPE: 0.0593
###Update tasks appear###
Evaluate best model on test data for horizon 1, Test MAE: 8.8795, Test RMSE: 57.9470, Test MAPE: 6.4207, Test WMAPE: 0.0515
Evaluate best model on test data for horizon 2, Test MAE: 9.9126, Test RMSE: 50.5897, Test MAPE: 10.5741, Test WMAPE: 0.0576
Evaluate best model on test data for horizon 3, Test MAE: 9.9836, Test RMSE: 39.7611, Test MAPE: 13.2670, Test WMAPE: 0.0580
Evaluate best model on test data for horizon 4, Test MAE: 11.0868, Test RMSE: 42.8828, Test MAPE: 14.5591, Test WMAPE: 0.0644
Evaluate best model on test data for horizon 5, Test MAE: 12.2993, Test RMSE: 48.0719, Test MAPE: 16.0501, Test WMAPE: 0.0715
Evaluate best model on test data for horizon 6, Test MAE: 12.8016, Test RMSE: 45.3546, Test MAPE: 16.5008, Test WMAPE: 0.0744
Evaluate best model on test data for horizon 7, Test MAE: 13.6447, Test RMSE: 46.5860, Test MAPE: 17.4888, Test WMAPE: 0.0793
Evaluate best model on test data for horizon 8, Test MAE: 14.2982, Test RMSE: 47.7451, Test MAPE: 17.4301, Test WMAPE: 0.0831
Evaluate best model on test data for horizon 9, Test MAE: 14.7729, Test RMSE: 47.9354, Test MAPE: 17.3876, Test WMAPE: 0.0859
Evaluate best model on test data for horizon 10, Test MAE: 14.7509, Test RMSE: 43.6411, Test MAPE: 17.2669, Test WMAPE: 0.0858
Evaluate best model on test data for horizon 11, Test MAE: 15.5409, Test RMSE: 48.8567, Test MAPE: 17.2402, Test WMAPE: 0.0904
Evaluate best model on test data for horizon 12, Test MAE: 15.6167, Test RMSE: 47.6563, Test MAPE: 17.2033, Test WMAPE: 0.0909
On average over 12 horizons, Test MAE: 12.7990, Test RMSE: 47.2523, Test MAPE: 15.1157, Test WMAPE: 0.0744
No update
Iter: 000, Train Loss: 6.1955, Train RMSE: 12.9752, Train MAPE: 0.9907, Train WMAPE: 0.0344
Iter: 050, Train Loss: 6.1789, Train RMSE: 12.7244, Train MAPE: 0.7387, Train WMAPE: 0.0339
Epoch: 191, Training Time: 14.8599 secs
Epoch: 191, Inference Time: 1.8179 secs
Epoch: 191, Train Loss: 6.0108, Train RMSE: 13.0605, Train MAPE: 0.8808, Train WMAPE: 0.0336, 
Epoch: 191, Valid Loss: 10.2577, Valid RMSE: 35.7503, Valid MAPE: 3.1784, Valid WMAPE: 0.0589
###Update tasks appear###
Evaluate best model on test data for horizon 1, Test MAE: 9.0131, Test RMSE: 57.8636, Test MAPE: 6.4274, Test WMAPE: 0.0523
Evaluate best model on test data for horizon 2, Test MAE: 10.0123, Test RMSE: 50.5471, Test MAPE: 10.6594, Test WMAPE: 0.0581
Evaluate best model on test data for horizon 3, Test MAE: 10.1008, Test RMSE: 39.7547, Test MAPE: 13.5147, Test WMAPE: 0.0587
Evaluate best model on test data for horizon 4, Test MAE: 11.0329, Test RMSE: 42.6115, Test MAPE: 15.1823, Test WMAPE: 0.0641
Evaluate best model on test data for horizon 5, Test MAE: 12.3858, Test RMSE: 47.6470, Test MAPE: 16.2027, Test WMAPE: 0.0720
Evaluate best model on test data for horizon 6, Test MAE: 12.8889, Test RMSE: 45.1806, Test MAPE: 17.0518, Test WMAPE: 0.0749
Evaluate best model on test data for horizon 7, Test MAE: 13.6753, Test RMSE: 46.2040, Test MAPE: 17.2294, Test WMAPE: 0.0795
Evaluate best model on test data for horizon 8, Test MAE: 14.3112, Test RMSE: 47.2401, Test MAPE: 17.2560, Test WMAPE: 0.0832
Evaluate best model on test data for horizon 9, Test MAE: 14.7272, Test RMSE: 47.3186, Test MAPE: 17.5922, Test WMAPE: 0.0857
Evaluate best model on test data for horizon 10, Test MAE: 14.7825, Test RMSE: 43.3289, Test MAPE: 18.0332, Test WMAPE: 0.0860
Evaluate best model on test data for horizon 11, Test MAE: 15.7030, Test RMSE: 48.4709, Test MAPE: 18.5353, Test WMAPE: 0.0913
Evaluate best model on test data for horizon 12, Test MAE: 15.8947, Test RMSE: 47.1752, Test MAPE: 18.6844, Test WMAPE: 0.0925
On average over 12 horizons, Test MAE: 12.8773, Test RMSE: 46.9452, Test MAPE: 15.5307, Test WMAPE: 0.0749
No update
Iter: 000, Train Loss: 6.2081, Train RMSE: 13.0115, Train MAPE: 0.9961, Train WMAPE: 0.0345
Iter: 050, Train Loss: 6.0996, Train RMSE: 12.7726, Train MAPE: 0.6240, Train WMAPE: 0.0334
Epoch: 192, Training Time: 14.9774 secs
Epoch: 192, Inference Time: 1.9044 secs
Epoch: 192, Train Loss: 5.9811, Train RMSE: 12.9631, Train MAPE: 0.9134, Train WMAPE: 0.0334, 
Epoch: 192, Valid Loss: 10.1739, Valid RMSE: 35.7396, Valid MAPE: 2.3375, Valid WMAPE: 0.0584
###Update tasks appear###
Evaluate best model on test data for horizon 1, Test MAE: 8.8816, Test RMSE: 58.0199, Test MAPE: 7.2734, Test WMAPE: 0.0516
Evaluate best model on test data for horizon 2, Test MAE: 9.6540, Test RMSE: 50.5686, Test MAPE: 11.1411, Test WMAPE: 0.0561
Evaluate best model on test data for horizon 3, Test MAE: 9.8336, Test RMSE: 39.7232, Test MAPE: 13.8904, Test WMAPE: 0.0571
Evaluate best model on test data for horizon 4, Test MAE: 10.9946, Test RMSE: 42.4751, Test MAPE: 15.1107, Test WMAPE: 0.0639
Evaluate best model on test data for horizon 5, Test MAE: 12.2269, Test RMSE: 47.4351, Test MAPE: 16.5117, Test WMAPE: 0.0711
Evaluate best model on test data for horizon 6, Test MAE: 12.7278, Test RMSE: 44.9903, Test MAPE: 16.9634, Test WMAPE: 0.0740
Evaluate best model on test data for horizon 7, Test MAE: 13.5529, Test RMSE: 45.9667, Test MAPE: 17.1900, Test WMAPE: 0.0788
Evaluate best model on test data for horizon 8, Test MAE: 14.2168, Test RMSE: 47.1751, Test MAPE: 17.3448, Test WMAPE: 0.0827
Evaluate best model on test data for horizon 9, Test MAE: 14.6752, Test RMSE: 47.1608, Test MAPE: 17.5581, Test WMAPE: 0.0854
Evaluate best model on test data for horizon 10, Test MAE: 14.7297, Test RMSE: 43.0268, Test MAPE: 17.4602, Test WMAPE: 0.0857
Evaluate best model on test data for horizon 11, Test MAE: 15.4936, Test RMSE: 48.4608, Test MAPE: 17.5354, Test WMAPE: 0.0901
Evaluate best model on test data for horizon 12, Test MAE: 15.6221, Test RMSE: 46.9710, Test MAPE: 17.5289, Test WMAPE: 0.0909
On average over 12 horizons, Test MAE: 12.7174, Test RMSE: 46.8311, Test MAPE: 15.4590, Test WMAPE: 0.0739
Test low! Updating! Test Loss: 12.717400709788004, Test low! Updating! Valid Loss: 10.173922674996513, epoch:  192
Iter: 000, Train Loss: 5.9841, Train RMSE: 12.6263, Train MAPE: 0.7295, Train WMAPE: 0.0332
Iter: 050, Train Loss: 6.1387, Train RMSE: 12.4127, Train MAPE: 0.9285, Train WMAPE: 0.0337
Epoch: 193, Training Time: 15.0731 secs
Epoch: 193, Inference Time: 1.8037 secs
Epoch: 193, Train Loss: 5.9868, Train RMSE: 12.8450, Train MAPE: 1.0010, Train WMAPE: 0.0335, 
Epoch: 193, Valid Loss: 10.2635, Valid RMSE: 35.8961, Valid MAPE: 4.1250, Valid WMAPE: 0.0589
No update
Iter: 000, Train Loss: 6.1142, Train RMSE: 12.6302, Train MAPE: 1.4326, Train WMAPE: 0.0339
Iter: 050, Train Loss: 6.0160, Train RMSE: 12.4944, Train MAPE: 0.6404, Train WMAPE: 0.0330
Epoch: 194, Training Time: 15.0050 secs
Epoch: 194, Inference Time: 1.8732 secs
Epoch: 194, Train Loss: 5.9499, Train RMSE: 12.7744, Train MAPE: 1.0432, Train WMAPE: 0.0333, 
Epoch: 194, Valid Loss: 10.2098, Valid RMSE: 35.6202, Valid MAPE: 2.9342, Valid WMAPE: 0.0586
No update
Iter: 000, Train Loss: 6.1476, Train RMSE: 12.8052, Train MAPE: 1.0231, Train WMAPE: 0.0341
Iter: 050, Train Loss: 5.8955, Train RMSE: 12.2607, Train MAPE: 0.7758, Train WMAPE: 0.0323
Epoch: 195, Training Time: 15.0787 secs
Epoch: 195, Inference Time: 1.9124 secs
Epoch: 195, Train Loss: 5.9551, Train RMSE: 12.7987, Train MAPE: 1.0718, Train WMAPE: 0.0333, 
Epoch: 195, Valid Loss: 10.1747, Valid RMSE: 35.5623, Valid MAPE: 2.1375, Valid WMAPE: 0.0584
No update
Iter: 000, Train Loss: 5.9477, Train RMSE: 12.6951, Train MAPE: 0.5951, Train WMAPE: 0.0330
Iter: 050, Train Loss: 6.1650, Train RMSE: 12.7018, Train MAPE: 1.1742, Train WMAPE: 0.0338
Epoch: 196, Training Time: 15.2028 secs
Epoch: 196, Inference Time: 1.9632 secs
Epoch: 196, Train Loss: 5.9561, Train RMSE: 12.8102, Train MAPE: 0.9899, Train WMAPE: 0.0333, 
Epoch: 196, Valid Loss: 10.1918, Valid RMSE: 35.5946, Valid MAPE: 2.6283, Valid WMAPE: 0.0585
No update
Iter: 000, Train Loss: 6.0872, Train RMSE: 12.7471, Train MAPE: 0.8637, Train WMAPE: 0.0338
Iter: 050, Train Loss: 6.0467, Train RMSE: 12.5417, Train MAPE: 0.5408, Train WMAPE: 0.0332
Epoch: 197, Training Time: 14.7929 secs
Epoch: 197, Inference Time: 1.8795 secs
Epoch: 197, Train Loss: 5.9215, Train RMSE: 12.8030, Train MAPE: 0.8519, Train WMAPE: 0.0331, 
Epoch: 197, Valid Loss: 10.2245, Valid RMSE: 35.7863, Valid MAPE: 2.0876, Valid WMAPE: 0.0587
No update
Iter: 000, Train Loss: 5.9886, Train RMSE: 12.6888, Train MAPE: 0.6338, Train WMAPE: 0.0332
Iter: 050, Train Loss: 6.0503, Train RMSE: 12.7012, Train MAPE: 0.5767, Train WMAPE: 0.0332
Epoch: 198, Training Time: 14.6712 secs
Epoch: 198, Inference Time: 1.8411 secs
Epoch: 198, Train Loss: 5.9866, Train RMSE: 12.9459, Train MAPE: 0.8868, Train WMAPE: 0.0335, 
Epoch: 198, Valid Loss: 10.2162, Valid RMSE: 35.6899, Valid MAPE: 2.1719, Valid WMAPE: 0.0587
No update
Iter: 000, Train Loss: 5.9731, Train RMSE: 12.6092, Train MAPE: 0.6468, Train WMAPE: 0.0332
Iter: 050, Train Loss: 6.1470, Train RMSE: 12.7218, Train MAPE: 0.6047, Train WMAPE: 0.0337
Epoch: 199, Training Time: 14.8740 secs
Epoch: 199, Inference Time: 1.9060 secs
Epoch: 199, Train Loss: 5.9704, Train RMSE: 12.9151, Train MAPE: 0.9128, Train WMAPE: 0.0334, 
Epoch: 199, Valid Loss: 10.4593, Valid RMSE: 35.5229, Valid MAPE: 3.6270, Valid WMAPE: 0.0600
No update
Iter: 000, Train Loss: 6.4250, Train RMSE: 13.9657, Train MAPE: 1.2502, Train WMAPE: 0.0357
Iter: 050, Train Loss: 6.0707, Train RMSE: 12.4485, Train MAPE: 0.7600, Train WMAPE: 0.0333
Epoch: 200, Training Time: 14.6778 secs
Epoch: 200, Inference Time: 1.8122 secs
Epoch: 200, Train Loss: 5.9670, Train RMSE: 12.8935, Train MAPE: 0.9277, Train WMAPE: 0.0334, 
Epoch: 200, Valid Loss: 10.3149, Valid RMSE: 35.7731, Valid MAPE: 2.1196, Valid WMAPE: 0.0592
No update
Iter: 000, Train Loss: 6.0366, Train RMSE: 12.7690, Train MAPE: 0.5774, Train WMAPE: 0.0335
Iter: 050, Train Loss: 5.9047, Train RMSE: 12.3576, Train MAPE: 0.6003, Train WMAPE: 0.0324
Epoch: 201, Training Time: 14.6143 secs
Epoch: 201, Inference Time: 1.8910 secs
Epoch: 201, Train Loss: 5.9143, Train RMSE: 12.7814, Train MAPE: 0.8551, Train WMAPE: 0.0331, 
Epoch: 201, Valid Loss: 10.1950, Valid RMSE: 35.4977, Valid MAPE: 2.1333, Valid WMAPE: 0.0585
No update
Iter: 000, Train Loss: 6.0351, Train RMSE: 12.7129, Train MAPE: 0.6537, Train WMAPE: 0.0335
Iter: 050, Train Loss: 6.3174, Train RMSE: 13.6079, Train MAPE: 0.6182, Train WMAPE: 0.0346
Epoch: 202, Training Time: 14.6919 secs
Epoch: 202, Inference Time: 1.8819 secs
Epoch: 202, Train Loss: 5.9879, Train RMSE: 12.9129, Train MAPE: 0.8405, Train WMAPE: 0.0335, 
Epoch: 202, Valid Loss: 10.2294, Valid RMSE: 35.6922, Valid MAPE: 2.5469, Valid WMAPE: 0.0587
No update
Iter: 000, Train Loss: 5.9643, Train RMSE: 12.5615, Train MAPE: 0.7826, Train WMAPE: 0.0331
Iter: 050, Train Loss: 5.9797, Train RMSE: 12.5004, Train MAPE: 0.6523, Train WMAPE: 0.0328
Epoch: 203, Training Time: 14.7606 secs
Epoch: 203, Inference Time: 1.8339 secs
Epoch: 203, Train Loss: 5.9337, Train RMSE: 12.8185, Train MAPE: 0.8776, Train WMAPE: 0.0332, 
Epoch: 203, Valid Loss: 10.2866, Valid RMSE: 35.8178, Valid MAPE: 2.4249, Valid WMAPE: 0.0591
No update
Iter: 000, Train Loss: 5.8839, Train RMSE: 12.3256, Train MAPE: 0.7453, Train WMAPE: 0.0327
Iter: 050, Train Loss: 5.8847, Train RMSE: 12.0513, Train MAPE: 0.5256, Train WMAPE: 0.0323
Epoch: 204, Training Time: 14.6821 secs
Epoch: 204, Inference Time: 1.8893 secs
Epoch: 204, Train Loss: 5.9217, Train RMSE: 12.7828, Train MAPE: 0.8453, Train WMAPE: 0.0331, 
Epoch: 204, Valid Loss: 10.2361, Valid RMSE: 35.6974, Valid MAPE: 1.9571, Valid WMAPE: 0.0588
No update
Iter: 000, Train Loss: 5.9700, Train RMSE: 12.5290, Train MAPE: 0.5985, Train WMAPE: 0.0331
Iter: 050, Train Loss: 5.9135, Train RMSE: 12.1183, Train MAPE: 0.5704, Train WMAPE: 0.0324
Epoch: 205, Training Time: 14.4892 secs
Epoch: 205, Inference Time: 1.8838 secs
Epoch: 205, Train Loss: 5.9568, Train RMSE: 12.8582, Train MAPE: 0.8366, Train WMAPE: 0.0333, 
Epoch: 205, Valid Loss: 10.3695, Valid RMSE: 35.7834, Valid MAPE: 2.5302, Valid WMAPE: 0.0595
No update
Iter: 000, Train Loss: 6.3231, Train RMSE: 13.4087, Train MAPE: 0.7331, Train WMAPE: 0.0351
Iter: 050, Train Loss: 5.8165, Train RMSE: 12.1522, Train MAPE: 0.5818, Train WMAPE: 0.0319
Epoch: 206, Training Time: 14.7012 secs
Epoch: 206, Inference Time: 1.8802 secs
Epoch: 206, Train Loss: 5.8747, Train RMSE: 12.7388, Train MAPE: 0.7700, Train WMAPE: 0.0328, 
Epoch: 206, Valid Loss: 10.3026, Valid RMSE: 35.5440, Valid MAPE: 2.4828, Valid WMAPE: 0.0591
No update
Iter: 000, Train Loss: 6.0782, Train RMSE: 12.6756, Train MAPE: 0.7360, Train WMAPE: 0.0337
Iter: 050, Train Loss: 5.8883, Train RMSE: 12.3433, Train MAPE: 0.5123, Train WMAPE: 0.0323
Epoch: 207, Training Time: 14.7858 secs
Epoch: 207, Inference Time: 1.8253 secs
Epoch: 207, Train Loss: 5.8630, Train RMSE: 12.6973, Train MAPE: 0.8149, Train WMAPE: 0.0328, 
Epoch: 207, Valid Loss: 10.1843, Valid RMSE: 35.6545, Valid MAPE: 2.3503, Valid WMAPE: 0.0585
No update
Iter: 000, Train Loss: 6.0945, Train RMSE: 13.9713, Train MAPE: 0.6813, Train WMAPE: 0.0338
Iter: 050, Train Loss: 5.8429, Train RMSE: 12.2619, Train MAPE: 0.5653, Train WMAPE: 0.0320
Epoch: 208, Training Time: 14.7720 secs
Epoch: 208, Inference Time: 1.9209 secs
Epoch: 208, Train Loss: 5.8629, Train RMSE: 12.7198, Train MAPE: 0.8563, Train WMAPE: 0.0328, 
Epoch: 208, Valid Loss: 10.1503, Valid RMSE: 35.5898, Valid MAPE: 2.4623, Valid WMAPE: 0.0583
###Update tasks appear###
Evaluate best model on test data for horizon 1, Test MAE: 8.9572, Test RMSE: 57.4911, Test MAPE: 6.6062, Test WMAPE: 0.0520
Evaluate best model on test data for horizon 2, Test MAE: 9.8832, Test RMSE: 50.1988, Test MAPE: 10.7174, Test WMAPE: 0.0574
Evaluate best model on test data for horizon 3, Test MAE: 10.0928, Test RMSE: 40.0179, Test MAPE: 13.4487, Test WMAPE: 0.0586
Evaluate best model on test data for horizon 4, Test MAE: 11.0950, Test RMSE: 42.3355, Test MAPE: 14.8008, Test WMAPE: 0.0645
Evaluate best model on test data for horizon 5, Test MAE: 12.3776, Test RMSE: 47.4286, Test MAPE: 16.3358, Test WMAPE: 0.0719
Evaluate best model on test data for horizon 6, Test MAE: 12.7338, Test RMSE: 44.7769, Test MAPE: 16.8949, Test WMAPE: 0.0740
Evaluate best model on test data for horizon 7, Test MAE: 13.5368, Test RMSE: 45.7434, Test MAPE: 17.2879, Test WMAPE: 0.0787
Evaluate best model on test data for horizon 8, Test MAE: 14.1317, Test RMSE: 46.4884, Test MAPE: 17.5202, Test WMAPE: 0.0822
Evaluate best model on test data for horizon 9, Test MAE: 14.6341, Test RMSE: 46.3447, Test MAPE: 17.7713, Test WMAPE: 0.0851
Evaluate best model on test data for horizon 10, Test MAE: 14.5695, Test RMSE: 42.6186, Test MAPE: 17.5857, Test WMAPE: 0.0847
Evaluate best model on test data for horizon 11, Test MAE: 15.3769, Test RMSE: 47.8331, Test MAPE: 17.9684, Test WMAPE: 0.0895
Evaluate best model on test data for horizon 12, Test MAE: 15.4606, Test RMSE: 46.6664, Test MAPE: 17.9212, Test WMAPE: 0.0899
On average over 12 horizons, Test MAE: 12.7374, Test RMSE: 46.4953, Test MAPE: 15.4049, Test WMAPE: 0.0740
No update
Iter: 000, Train Loss: 5.9800, Train RMSE: 12.5469, Train MAPE: 0.7945, Train WMAPE: 0.0332
Iter: 050, Train Loss: 5.9073, Train RMSE: 12.3563, Train MAPE: 0.5756, Train WMAPE: 0.0324
Epoch: 209, Training Time: 14.7734 secs
Epoch: 209, Inference Time: 1.8996 secs
Epoch: 209, Train Loss: 5.8642, Train RMSE: 12.7056, Train MAPE: 0.8373, Train WMAPE: 0.0328, 
Epoch: 209, Valid Loss: 10.2107, Valid RMSE: 35.5642, Valid MAPE: 2.7636, Valid WMAPE: 0.0586
No update
Iter: 000, Train Loss: 5.8443, Train RMSE: 12.3164, Train MAPE: 0.8322, Train WMAPE: 0.0324
Iter: 050, Train Loss: 5.9546, Train RMSE: 12.2171, Train MAPE: 0.6924, Train WMAPE: 0.0327
Epoch: 210, Training Time: 14.6705 secs
Epoch: 210, Inference Time: 1.9071 secs
Epoch: 210, Train Loss: 5.8441, Train RMSE: 12.6408, Train MAPE: 0.8425, Train WMAPE: 0.0327, 
Epoch: 210, Valid Loss: 10.1045, Valid RMSE: 35.6475, Valid MAPE: 2.0541, Valid WMAPE: 0.0580
###Update tasks appear###
Evaluate best model on test data for horizon 1, Test MAE: 8.8524, Test RMSE: 57.4374, Test MAPE: 6.4892, Test WMAPE: 0.0514
Evaluate best model on test data for horizon 2, Test MAE: 9.7376, Test RMSE: 50.2839, Test MAPE: 10.6650, Test WMAPE: 0.0565
Evaluate best model on test data for horizon 3, Test MAE: 9.9530, Test RMSE: 39.6293, Test MAPE: 13.5534, Test WMAPE: 0.0578
Evaluate best model on test data for horizon 4, Test MAE: 11.1014, Test RMSE: 42.1866, Test MAPE: 15.0701, Test WMAPE: 0.0645
Evaluate best model on test data for horizon 5, Test MAE: 12.3661, Test RMSE: 47.4308, Test MAPE: 16.5189, Test WMAPE: 0.0719
Evaluate best model on test data for horizon 6, Test MAE: 12.8808, Test RMSE: 45.0577, Test MAPE: 17.1428, Test WMAPE: 0.0749
Evaluate best model on test data for horizon 7, Test MAE: 13.6724, Test RMSE: 45.9523, Test MAPE: 17.6026, Test WMAPE: 0.0795
Evaluate best model on test data for horizon 8, Test MAE: 14.2864, Test RMSE: 46.8727, Test MAPE: 17.7545, Test WMAPE: 0.0831
Evaluate best model on test data for horizon 9, Test MAE: 14.7454, Test RMSE: 46.8128, Test MAPE: 17.7975, Test WMAPE: 0.0858
Evaluate best model on test data for horizon 10, Test MAE: 14.7367, Test RMSE: 43.1053, Test MAPE: 17.7506, Test WMAPE: 0.0857
Evaluate best model on test data for horizon 11, Test MAE: 15.5490, Test RMSE: 48.1941, Test MAPE: 17.9147, Test WMAPE: 0.0905
Evaluate best model on test data for horizon 12, Test MAE: 15.5950, Test RMSE: 46.8557, Test MAPE: 17.8766, Test WMAPE: 0.0907
On average over 12 horizons, Test MAE: 12.7897, Test RMSE: 46.6516, Test MAPE: 15.5113, Test WMAPE: 0.0743
No update
Iter: 000, Train Loss: 5.8513, Train RMSE: 12.4106, Train MAPE: 0.5747, Train WMAPE: 0.0325
Iter: 050, Train Loss: 5.9001, Train RMSE: 12.2108, Train MAPE: 0.6826, Train WMAPE: 0.0324
Epoch: 211, Training Time: 14.9667 secs
Epoch: 211, Inference Time: 1.8978 secs
Epoch: 211, Train Loss: 5.8457, Train RMSE: 12.6410, Train MAPE: 0.8231, Train WMAPE: 0.0327, 
Epoch: 211, Valid Loss: 10.4705, Valid RMSE: 35.9192, Valid MAPE: 3.2179, Valid WMAPE: 0.0601
No update
Iter: 000, Train Loss: 6.1541, Train RMSE: 12.9020, Train MAPE: 0.9818, Train WMAPE: 0.0342
Iter: 050, Train Loss: 5.9115, Train RMSE: 12.3984, Train MAPE: 0.5410, Train WMAPE: 0.0324
Epoch: 212, Training Time: 14.7831 secs
Epoch: 212, Inference Time: 1.9075 secs
Epoch: 212, Train Loss: 5.8646, Train RMSE: 12.6824, Train MAPE: 0.8660, Train WMAPE: 0.0328, 
Epoch: 212, Valid Loss: 10.0917, Valid RMSE: 35.4183, Valid MAPE: 2.3472, Valid WMAPE: 0.0579
###Update tasks appear###
Evaluate best model on test data for horizon 1, Test MAE: 8.9050, Test RMSE: 57.0922, Test MAPE: 6.8897, Test WMAPE: 0.0517
Evaluate best model on test data for horizon 2, Test MAE: 9.7654, Test RMSE: 49.9808, Test MAPE: 11.0361, Test WMAPE: 0.0567
Evaluate best model on test data for horizon 3, Test MAE: 9.9560, Test RMSE: 39.3336, Test MAPE: 13.9357, Test WMAPE: 0.0578
Evaluate best model on test data for horizon 4, Test MAE: 10.9889, Test RMSE: 41.5822, Test MAPE: 15.2821, Test WMAPE: 0.0638
Evaluate best model on test data for horizon 5, Test MAE: 12.2734, Test RMSE: 46.9523, Test MAPE: 16.3024, Test WMAPE: 0.0713
Evaluate best model on test data for horizon 6, Test MAE: 12.7322, Test RMSE: 44.6412, Test MAPE: 16.8828, Test WMAPE: 0.0740
Evaluate best model on test data for horizon 7, Test MAE: 13.5047, Test RMSE: 45.7046, Test MAPE: 17.3575, Test WMAPE: 0.0785
Evaluate best model on test data for horizon 8, Test MAE: 14.1292, Test RMSE: 46.6174, Test MAPE: 17.4847, Test WMAPE: 0.0822
Evaluate best model on test data for horizon 9, Test MAE: 14.5565, Test RMSE: 46.4661, Test MAPE: 17.7512, Test WMAPE: 0.0847
Evaluate best model on test data for horizon 10, Test MAE: 14.4950, Test RMSE: 42.8707, Test MAPE: 17.4105, Test WMAPE: 0.0843
Evaluate best model on test data for horizon 11, Test MAE: 15.3525, Test RMSE: 48.0234, Test MAPE: 17.8978, Test WMAPE: 0.0893
Evaluate best model on test data for horizon 12, Test MAE: 15.3482, Test RMSE: 46.7458, Test MAPE: 17.8127, Test WMAPE: 0.0893
On average over 12 horizons, Test MAE: 12.6673, Test RMSE: 46.3342, Test MAPE: 15.5036, Test WMAPE: 0.0736
Test low! Updating! Test Loss: 12.667253017425537, Test low! Updating! Valid Loss: 10.091696500778198, epoch:  212
Iter: 000, Train Loss: 5.8751, Train RMSE: 12.3746, Train MAPE: 0.6727, Train WMAPE: 0.0326
Iter: 050, Train Loss: 5.8063, Train RMSE: 12.0671, Train MAPE: 0.5165, Train WMAPE: 0.0318
Epoch: 213, Training Time: 14.7559 secs
Epoch: 213, Inference Time: 1.9813 secs
Epoch: 213, Train Loss: 5.8733, Train RMSE: 12.6644, Train MAPE: 0.8738, Train WMAPE: 0.0328, 
Epoch: 213, Valid Loss: 10.0916, Valid RMSE: 35.5475, Valid MAPE: 1.9877, Valid WMAPE: 0.0579
###Update tasks appear###
Evaluate best model on test data for horizon 1, Test MAE: 8.8094, Test RMSE: 57.1375, Test MAPE: 6.6691, Test WMAPE: 0.0511
Evaluate best model on test data for horizon 2, Test MAE: 9.6599, Test RMSE: 49.8673, Test MAPE: 10.7206, Test WMAPE: 0.0561
Evaluate best model on test data for horizon 3, Test MAE: 9.8560, Test RMSE: 39.3605, Test MAPE: 13.5693, Test WMAPE: 0.0572
Evaluate best model on test data for horizon 4, Test MAE: 10.9065, Test RMSE: 41.4965, Test MAPE: 14.9895, Test WMAPE: 0.0634
Evaluate best model on test data for horizon 5, Test MAE: 12.1727, Test RMSE: 46.9585, Test MAPE: 16.3393, Test WMAPE: 0.0707
Evaluate best model on test data for horizon 6, Test MAE: 12.6174, Test RMSE: 44.5447, Test MAPE: 16.7844, Test WMAPE: 0.0733
Evaluate best model on test data for horizon 7, Test MAE: 13.4116, Test RMSE: 45.7286, Test MAPE: 17.2930, Test WMAPE: 0.0780
Evaluate best model on test data for horizon 8, Test MAE: 14.0078, Test RMSE: 46.4592, Test MAPE: 17.3328, Test WMAPE: 0.0815
Evaluate best model on test data for horizon 9, Test MAE: 14.4136, Test RMSE: 46.1591, Test MAPE: 17.6987, Test WMAPE: 0.0838
Evaluate best model on test data for horizon 10, Test MAE: 14.4272, Test RMSE: 42.6080, Test MAPE: 17.4108, Test WMAPE: 0.0839
Evaluate best model on test data for horizon 11, Test MAE: 15.2488, Test RMSE: 47.8282, Test MAPE: 17.7557, Test WMAPE: 0.0887
Evaluate best model on test data for horizon 12, Test MAE: 15.2880, Test RMSE: 46.6432, Test MAPE: 17.6331, Test WMAPE: 0.0889
On average over 12 horizons, Test MAE: 12.5683, Test RMSE: 46.2326, Test MAPE: 15.3497, Test WMAPE: 0.0731
Test low! Updating! Test Loss: 12.568255742390951, Test low! Updating! Valid Loss: 10.09155603817531, epoch:  213
Iter: 000, Train Loss: 6.0101, Train RMSE: 12.6636, Train MAPE: 0.6504, Train WMAPE: 0.0334
Iter: 050, Train Loss: 6.0064, Train RMSE: 12.0730, Train MAPE: 1.2267, Train WMAPE: 0.0329
Epoch: 214, Training Time: 14.5437 secs
Epoch: 214, Inference Time: 1.8902 secs
Epoch: 214, Train Loss: 5.9095, Train RMSE: 12.6822, Train MAPE: 1.0818, Train WMAPE: 0.0330, 
Epoch: 214, Valid Loss: 10.1431, Valid RMSE: 35.4891, Valid MAPE: 2.6025, Valid WMAPE: 0.0582
No update
Iter: 000, Train Loss: 6.1070, Train RMSE: 13.6761, Train MAPE: 0.9582, Train WMAPE: 0.0339
Iter: 050, Train Loss: 6.0166, Train RMSE: 12.2093, Train MAPE: 0.6488, Train WMAPE: 0.0330
Epoch: 215, Training Time: 14.7875 secs
Epoch: 215, Inference Time: 1.8061 secs
Epoch: 215, Train Loss: 5.8806, Train RMSE: 12.6505, Train MAPE: 0.9364, Train WMAPE: 0.0329, 
Epoch: 215, Valid Loss: 10.1693, Valid RMSE: 35.8046, Valid MAPE: 2.3858, Valid WMAPE: 0.0584
No update
Iter: 000, Train Loss: 5.8293, Train RMSE: 12.2364, Train MAPE: 0.6902, Train WMAPE: 0.0324
Iter: 050, Train Loss: 6.0062, Train RMSE: 12.5696, Train MAPE: 0.4743, Train WMAPE: 0.0329
Epoch: 216, Training Time: 14.8773 secs
Epoch: 216, Inference Time: 1.9046 secs
Epoch: 216, Train Loss: 5.9112, Train RMSE: 12.6547, Train MAPE: 1.0526, Train WMAPE: 0.0330, 
Epoch: 216, Valid Loss: 10.2138, Valid RMSE: 35.8168, Valid MAPE: 2.5150, Valid WMAPE: 0.0586
No update
Iter: 000, Train Loss: 5.9560, Train RMSE: 13.6780, Train MAPE: 0.7027, Train WMAPE: 0.0331
Iter: 050, Train Loss: 5.9391, Train RMSE: 12.3132, Train MAPE: 0.7250, Train WMAPE: 0.0326
Epoch: 217, Training Time: 14.8146 secs
Epoch: 217, Inference Time: 2.0628 secs
Epoch: 217, Train Loss: 5.8444, Train RMSE: 12.5809, Train MAPE: 0.9410, Train WMAPE: 0.0327, 
Epoch: 217, Valid Loss: 10.3438, Valid RMSE: 35.8974, Valid MAPE: 3.3552, Valid WMAPE: 0.0594
No update
Iter: 000, Train Loss: 5.9893, Train RMSE: 12.4834, Train MAPE: 1.1608, Train WMAPE: 0.0333
Iter: 050, Train Loss: 5.8201, Train RMSE: 12.0355, Train MAPE: 0.5486, Train WMAPE: 0.0319
Epoch: 218, Training Time: 14.6783 secs
Epoch: 218, Inference Time: 2.0923 secs
Epoch: 218, Train Loss: 5.8159, Train RMSE: 12.5148, Train MAPE: 0.8663, Train WMAPE: 0.0325, 
Epoch: 218, Valid Loss: 10.3141, Valid RMSE: 35.8652, Valid MAPE: 3.6387, Valid WMAPE: 0.0592
No update
Iter: 000, Train Loss: 6.1850, Train RMSE: 12.7607, Train MAPE: 1.3816, Train WMAPE: 0.0343
Iter: 050, Train Loss: 5.7913, Train RMSE: 11.9558, Train MAPE: 0.9047, Train WMAPE: 0.0318
Epoch: 219, Training Time: 14.2806 secs
Epoch: 219, Inference Time: 1.8940 secs
Epoch: 219, Train Loss: 5.8132, Train RMSE: 12.4751, Train MAPE: 1.0393, Train WMAPE: 0.0325, 
Epoch: 219, Valid Loss: 10.1197, Valid RMSE: 35.3994, Valid MAPE: 2.1522, Valid WMAPE: 0.0581
No update
Iter: 000, Train Loss: 5.8457, Train RMSE: 12.2976, Train MAPE: 0.6691, Train WMAPE: 0.0325
Iter: 050, Train Loss: 5.8115, Train RMSE: 11.9611, Train MAPE: 0.4993, Train WMAPE: 0.0319
Epoch: 220, Training Time: 14.6932 secs
Epoch: 220, Inference Time: 1.9956 secs
Epoch: 220, Train Loss: 5.8189, Train RMSE: 12.5169, Train MAPE: 0.8930, Train WMAPE: 0.0325, 
Epoch: 220, Valid Loss: 10.2464, Valid RMSE: 35.7809, Valid MAPE: 2.0626, Valid WMAPE: 0.0588
No update
Iter: 000, Train Loss: 5.8250, Train RMSE: 12.4172, Train MAPE: 0.5802, Train WMAPE: 0.0323
Iter: 050, Train Loss: 5.7407, Train RMSE: 11.7843, Train MAPE: 0.6105, Train WMAPE: 0.0315
Epoch: 221, Training Time: 14.8840 secs
Epoch: 221, Inference Time: 1.9976 secs
Epoch: 221, Train Loss: 5.8185, Train RMSE: 12.5985, Train MAPE: 0.8341, Train WMAPE: 0.0325, 
Epoch: 221, Valid Loss: 10.1811, Valid RMSE: 35.5633, Valid MAPE: 2.0807, Valid WMAPE: 0.0585
No update
Iter: 000, Train Loss: 5.8275, Train RMSE: 12.2551, Train MAPE: 0.6436, Train WMAPE: 0.0324
Iter: 050, Train Loss: 5.7458, Train RMSE: 11.9397, Train MAPE: 0.5769, Train WMAPE: 0.0315
Epoch: 222, Training Time: 15.0879 secs
Epoch: 222, Inference Time: 2.1056 secs
Epoch: 222, Train Loss: 5.8027, Train RMSE: 12.5552, Train MAPE: 0.8085, Train WMAPE: 0.0324, 
Epoch: 222, Valid Loss: 10.3054, Valid RMSE: 36.0292, Valid MAPE: 2.4374, Valid WMAPE: 0.0592
No update
Iter: 000, Train Loss: 5.8455, Train RMSE: 12.4387, Train MAPE: 0.7083, Train WMAPE: 0.0325
Iter: 050, Train Loss: 5.7854, Train RMSE: 12.0665, Train MAPE: 0.5300, Train WMAPE: 0.0317
Epoch: 223, Training Time: 14.8613 secs
Epoch: 223, Inference Time: 1.9797 secs
Epoch: 223, Train Loss: 5.8149, Train RMSE: 12.5733, Train MAPE: 0.8665, Train WMAPE: 0.0325, 
Epoch: 223, Valid Loss: 10.2011, Valid RMSE: 35.3344, Valid MAPE: 2.4237, Valid WMAPE: 0.0586
No update
Iter: 000, Train Loss: 5.9379, Train RMSE: 12.5354, Train MAPE: 0.7881, Train WMAPE: 0.0330
Iter: 050, Train Loss: 5.8103, Train RMSE: 12.2072, Train MAPE: 0.5046, Train WMAPE: 0.0319
Epoch: 224, Training Time: 14.7998 secs
Epoch: 224, Inference Time: 1.8982 secs
Epoch: 224, Train Loss: 5.7801, Train RMSE: 12.4922, Train MAPE: 0.8867, Train WMAPE: 0.0323, 
Epoch: 224, Valid Loss: 10.1137, Valid RMSE: 35.6762, Valid MAPE: 1.9272, Valid WMAPE: 0.0581
No update
Iter: 000, Train Loss: 6.1781, Train RMSE: 13.0145, Train MAPE: 0.6514, Train WMAPE: 0.0343
Iter: 050, Train Loss: 5.6882, Train RMSE: 11.6717, Train MAPE: 0.4687, Train WMAPE: 0.0312
Epoch: 225, Training Time: 15.1831 secs
Epoch: 225, Inference Time: 2.0021 secs
Epoch: 225, Train Loss: 5.7899, Train RMSE: 12.4462, Train MAPE: 1.0126, Train WMAPE: 0.0324, 
Epoch: 225, Valid Loss: 10.2758, Valid RMSE: 35.6008, Valid MAPE: 3.5503, Valid WMAPE: 0.0590
No update
Iter: 000, Train Loss: 5.9518, Train RMSE: 12.3816, Train MAPE: 1.1070, Train WMAPE: 0.0330
Iter: 050, Train Loss: 5.8234, Train RMSE: 11.8443, Train MAPE: 0.8358, Train WMAPE: 0.0319
Epoch: 226, Training Time: 14.8432 secs
Epoch: 226, Inference Time: 1.9294 secs
Epoch: 226, Train Loss: 5.7710, Train RMSE: 12.3929, Train MAPE: 0.9869, Train WMAPE: 0.0323, 
Epoch: 226, Valid Loss: 10.4662, Valid RMSE: 35.8931, Valid MAPE: 3.5343, Valid WMAPE: 0.0601
No update
Iter: 000, Train Loss: 6.0039, Train RMSE: 12.4596, Train MAPE: 1.1076, Train WMAPE: 0.0333
Iter: 050, Train Loss: 5.8274, Train RMSE: 12.0398, Train MAPE: 0.6593, Train WMAPE: 0.0320
Epoch: 227, Training Time: 14.8813 secs
Epoch: 227, Inference Time: 1.8206 secs
Epoch: 227, Train Loss: 5.8169, Train RMSE: 12.4647, Train MAPE: 0.9820, Train WMAPE: 0.0325, 
Epoch: 227, Valid Loss: 10.1764, Valid RMSE: 35.6888, Valid MAPE: 3.1068, Valid WMAPE: 0.0584
No update
Iter: 000, Train Loss: 5.7681, Train RMSE: 12.1015, Train MAPE: 0.9824, Train WMAPE: 0.0320
Iter: 050, Train Loss: 5.7696, Train RMSE: 11.9089, Train MAPE: 0.5649, Train WMAPE: 0.0316
Epoch: 228, Training Time: 14.3383 secs
Epoch: 228, Inference Time: 1.8372 secs
Epoch: 228, Train Loss: 5.8574, Train RMSE: 12.5971, Train MAPE: 0.8660, Train WMAPE: 0.0328, 
Epoch: 228, Valid Loss: 10.2581, Valid RMSE: 35.7542, Valid MAPE: 2.2755, Valid WMAPE: 0.0589
No update
Iter: 000, Train Loss: 5.7728, Train RMSE: 12.2756, Train MAPE: 0.6943, Train WMAPE: 0.0320
Iter: 050, Train Loss: 5.7633, Train RMSE: 11.7979, Train MAPE: 0.6588, Train WMAPE: 0.0316
Epoch: 229, Training Time: 14.7995 secs
Epoch: 229, Inference Time: 1.9599 secs
Epoch: 229, Train Loss: 5.8298, Train RMSE: 12.6035, Train MAPE: 0.8333, Train WMAPE: 0.0326, 
Epoch: 229, Valid Loss: 10.2075, Valid RMSE: 35.4523, Valid MAPE: 2.6404, Valid WMAPE: 0.0586
No update
Iter: 000, Train Loss: 6.1044, Train RMSE: 13.5299, Train MAPE: 0.8104, Train WMAPE: 0.0339
Iter: 050, Train Loss: 5.7288, Train RMSE: 11.9126, Train MAPE: 0.6715, Train WMAPE: 0.0314
Epoch: 230, Training Time: 14.7641 secs
Epoch: 230, Inference Time: 1.8461 secs
Epoch: 230, Train Loss: 5.8252, Train RMSE: 12.6154, Train MAPE: 0.8344, Train WMAPE: 0.0326, 
Epoch: 230, Valid Loss: 10.3337, Valid RMSE: 35.4297, Valid MAPE: 2.4521, Valid WMAPE: 0.0593
No update
Iter: 000, Train Loss: 6.0118, Train RMSE: 12.5726, Train MAPE: 0.6721, Train WMAPE: 0.0334
Iter: 050, Train Loss: 5.7563, Train RMSE: 11.8831, Train MAPE: 0.5090, Train WMAPE: 0.0316
Epoch: 231, Training Time: 14.6266 secs
Epoch: 231, Inference Time: 1.8825 secs
Epoch: 231, Train Loss: 5.8703, Train RMSE: 12.7499, Train MAPE: 0.7980, Train WMAPE: 0.0328, 
Epoch: 231, Valid Loss: 10.2979, Valid RMSE: 35.5477, Valid MAPE: 2.6592, Valid WMAPE: 0.0591
No update
Iter: 000, Train Loss: 6.0011, Train RMSE: 12.6520, Train MAPE: 0.8430, Train WMAPE: 0.0333
Iter: 050, Train Loss: 6.1391, Train RMSE: 12.4675, Train MAPE: 0.6036, Train WMAPE: 0.0337
Epoch: 232, Training Time: 15.1075 secs
Epoch: 232, Inference Time: 1.8773 secs
Epoch: 232, Train Loss: 5.8274, Train RMSE: 12.6054, Train MAPE: 0.8134, Train WMAPE: 0.0326, 
Epoch: 232, Valid Loss: 10.2173, Valid RMSE: 35.5600, Valid MAPE: 2.8682, Valid WMAPE: 0.0587
No update
Iter: 000, Train Loss: 5.8908, Train RMSE: 12.4148, Train MAPE: 0.9302, Train WMAPE: 0.0327
Iter: 050, Train Loss: 5.7339, Train RMSE: 11.7600, Train MAPE: 0.6822, Train WMAPE: 0.0314
Epoch: 233, Training Time: 14.6736 secs
Epoch: 233, Inference Time: 1.9023 secs
Epoch: 233, Train Loss: 5.7843, Train RMSE: 12.4556, Train MAPE: 0.8317, Train WMAPE: 0.0323, 
Epoch: 233, Valid Loss: 10.2099, Valid RMSE: 35.6063, Valid MAPE: 2.3399, Valid WMAPE: 0.0586
No update
Iter: 000, Train Loss: 5.7844, Train RMSE: 12.2343, Train MAPE: 0.7278, Train WMAPE: 0.0321
Iter: 050, Train Loss: 5.8547, Train RMSE: 12.1305, Train MAPE: 0.6665, Train WMAPE: 0.0321
Epoch: 234, Training Time: 14.9754 secs
Epoch: 234, Inference Time: 1.8954 secs
Epoch: 234, Train Loss: 5.7809, Train RMSE: 12.5199, Train MAPE: 0.8426, Train WMAPE: 0.0323, 
Epoch: 234, Valid Loss: 10.2557, Valid RMSE: 35.8119, Valid MAPE: 2.0892, Valid WMAPE: 0.0589
No update
Iter: 000, Train Loss: 5.7545, Train RMSE: 12.2159, Train MAPE: 0.6247, Train WMAPE: 0.0319
Iter: 050, Train Loss: 5.7842, Train RMSE: 12.2166, Train MAPE: 0.6339, Train WMAPE: 0.0317
Epoch: 235, Training Time: 14.7880 secs
Epoch: 235, Inference Time: 1.9934 secs
Epoch: 235, Train Loss: 5.7638, Train RMSE: 12.4860, Train MAPE: 0.8119, Train WMAPE: 0.0322, 
Epoch: 235, Valid Loss: 10.2416, Valid RMSE: 35.5609, Valid MAPE: 2.0313, Valid WMAPE: 0.0588
No update
Iter: 000, Train Loss: 5.9748, Train RMSE: 12.4342, Train MAPE: 0.5865, Train WMAPE: 0.0332
Iter: 050, Train Loss: 5.7429, Train RMSE: 11.8537, Train MAPE: 0.7014, Train WMAPE: 0.0315
Epoch: 236, Training Time: 14.4763 secs
Epoch: 236, Inference Time: 1.8939 secs
Epoch: 236, Train Loss: 5.7508, Train RMSE: 12.4523, Train MAPE: 0.8164, Train WMAPE: 0.0322, 
Epoch: 236, Valid Loss: 10.1722, Valid RMSE: 35.5083, Valid MAPE: 2.3236, Valid WMAPE: 0.0584
No update
Iter: 000, Train Loss: 5.9373, Train RMSE: 12.7458, Train MAPE: 0.6833, Train WMAPE: 0.0330
Iter: 050, Train Loss: 5.6623, Train RMSE: 11.8595, Train MAPE: 0.5299, Train WMAPE: 0.0310
Epoch: 237, Training Time: 14.9823 secs
Epoch: 237, Inference Time: 1.9120 secs
Epoch: 237, Train Loss: 5.7325, Train RMSE: 12.4053, Train MAPE: 0.8206, Train WMAPE: 0.0321, 
Epoch: 237, Valid Loss: 10.2553, Valid RMSE: 36.3762, Valid MAPE: 2.3822, Valid WMAPE: 0.0589
No update
Iter: 000, Train Loss: 5.8555, Train RMSE: 12.6752, Train MAPE: 0.7248, Train WMAPE: 0.0325
Iter: 050, Train Loss: 5.8496, Train RMSE: 11.9988, Train MAPE: 0.5918, Train WMAPE: 0.0321
Epoch: 238, Training Time: 14.9651 secs
Epoch: 238, Inference Time: 1.8811 secs
Epoch: 238, Train Loss: 5.7295, Train RMSE: 12.3826, Train MAPE: 0.7821, Train WMAPE: 0.0320, 
Epoch: 238, Valid Loss: 10.1850, Valid RMSE: 35.6385, Valid MAPE: 2.8205, Valid WMAPE: 0.0585
No update
Iter: 000, Train Loss: 5.9510, Train RMSE: 12.4293, Train MAPE: 0.9687, Train WMAPE: 0.0330
Iter: 050, Train Loss: 5.7074, Train RMSE: 11.8891, Train MAPE: 0.5000, Train WMAPE: 0.0313
Epoch: 239, Training Time: 14.3989 secs
Epoch: 239, Inference Time: 1.8801 secs
Epoch: 239, Train Loss: 5.7136, Train RMSE: 12.3617, Train MAPE: 0.7976, Train WMAPE: 0.0319, 
Epoch: 239, Valid Loss: 10.1810, Valid RMSE: 35.6508, Valid MAPE: 2.3659, Valid WMAPE: 0.0585
No update
Iter: 000, Train Loss: 5.8435, Train RMSE: 12.4184, Train MAPE: 0.7406, Train WMAPE: 0.0324
Iter: 050, Train Loss: 5.7753, Train RMSE: 11.8769, Train MAPE: 0.5278, Train WMAPE: 0.0317
Epoch: 240, Training Time: 14.9084 secs
Epoch: 240, Inference Time: 1.9802 secs
Epoch: 240, Train Loss: 5.7460, Train RMSE: 12.4425, Train MAPE: 0.8135, Train WMAPE: 0.0321, 
Epoch: 240, Valid Loss: 10.2584, Valid RMSE: 35.5638, Valid MAPE: 1.9300, Valid WMAPE: 0.0589
No update
Iter: 000, Train Loss: 5.8094, Train RMSE: 12.3240, Train MAPE: 0.5380, Train WMAPE: 0.0323
Iter: 050, Train Loss: 5.7180, Train RMSE: 11.7587, Train MAPE: 0.5840, Train WMAPE: 0.0314
Epoch: 241, Training Time: 14.8350 secs
Epoch: 241, Inference Time: 1.8689 secs
Epoch: 241, Train Loss: 5.7510, Train RMSE: 12.4071, Train MAPE: 0.7530, Train WMAPE: 0.0322, 
Epoch: 241, Valid Loss: 10.2229, Valid RMSE: 35.6955, Valid MAPE: 2.5612, Valid WMAPE: 0.0587
No update
Iter: 000, Train Loss: 5.7992, Train RMSE: 12.2315, Train MAPE: 0.7828, Train WMAPE: 0.0322
Iter: 050, Train Loss: 5.6895, Train RMSE: 11.7075, Train MAPE: 0.8694, Train WMAPE: 0.0312
Epoch: 242, Training Time: 14.5610 secs
Epoch: 242, Inference Time: 1.8246 secs
Epoch: 242, Train Loss: 5.6910, Train RMSE: 12.2624, Train MAPE: 0.8136, Train WMAPE: 0.0318, 
Epoch: 242, Valid Loss: 10.0873, Valid RMSE: 35.3017, Valid MAPE: 2.0414, Valid WMAPE: 0.0579
###Update tasks appear###
Evaluate best model on test data for horizon 1, Test MAE: 8.8765, Test RMSE: 57.0672, Test MAPE: 7.4805, Test WMAPE: 0.0515
Evaluate best model on test data for horizon 2, Test MAE: 9.7286, Test RMSE: 50.2995, Test MAPE: 11.5395, Test WMAPE: 0.0565
Evaluate best model on test data for horizon 3, Test MAE: 9.9034, Test RMSE: 39.4109, Test MAPE: 14.2925, Test WMAPE: 0.0575
Evaluate best model on test data for horizon 4, Test MAE: 10.9050, Test RMSE: 41.1806, Test MAPE: 15.4497, Test WMAPE: 0.0634
Evaluate best model on test data for horizon 5, Test MAE: 12.1990, Test RMSE: 46.6918, Test MAPE: 16.3919, Test WMAPE: 0.0709
Evaluate best model on test data for horizon 6, Test MAE: 12.6846, Test RMSE: 44.1420, Test MAPE: 16.8257, Test WMAPE: 0.0737
Evaluate best model on test data for horizon 7, Test MAE: 13.3933, Test RMSE: 44.8799, Test MAPE: 17.2732, Test WMAPE: 0.0779
Evaluate best model on test data for horizon 8, Test MAE: 13.9876, Test RMSE: 45.5380, Test MAPE: 17.4764, Test WMAPE: 0.0813
Evaluate best model on test data for horizon 9, Test MAE: 14.4812, Test RMSE: 45.3383, Test MAPE: 17.7137, Test WMAPE: 0.0842
Evaluate best model on test data for horizon 10, Test MAE: 14.5228, Test RMSE: 42.2409, Test MAPE: 17.6357, Test WMAPE: 0.0845
Evaluate best model on test data for horizon 11, Test MAE: 15.4265, Test RMSE: 47.3992, Test MAPE: 17.9433, Test WMAPE: 0.0897
Evaluate best model on test data for horizon 12, Test MAE: 15.4524, Test RMSE: 46.2227, Test MAPE: 18.0445, Test WMAPE: 0.0899
On average over 12 horizons, Test MAE: 12.6301, Test RMSE: 45.8676, Test MAPE: 15.6722, Test WMAPE: 0.0734
No update
Iter: 000, Train Loss: 5.7216, Train RMSE: 12.0763, Train MAPE: 0.5858, Train WMAPE: 0.0318
Iter: 050, Train Loss: 5.6368, Train RMSE: 11.7381, Train MAPE: 0.4717, Train WMAPE: 0.0309
Epoch: 243, Training Time: 14.8516 secs
Epoch: 243, Inference Time: 1.9042 secs
Epoch: 243, Train Loss: 5.6919, Train RMSE: 12.3006, Train MAPE: 0.8036, Train WMAPE: 0.0318, 
Epoch: 243, Valid Loss: 10.2403, Valid RMSE: 35.8540, Valid MAPE: 2.3618, Valid WMAPE: 0.0588
No update
Iter: 000, Train Loss: 5.8586, Train RMSE: 12.4502, Train MAPE: 0.7909, Train WMAPE: 0.0325
Iter: 050, Train Loss: 5.7042, Train RMSE: 11.7479, Train MAPE: 0.5548, Train WMAPE: 0.0313
Epoch: 244, Training Time: 14.9324 secs
Epoch: 244, Inference Time: 1.8558 secs
Epoch: 244, Train Loss: 5.6849, Train RMSE: 12.2772, Train MAPE: 0.7816, Train WMAPE: 0.0318, 
Epoch: 244, Valid Loss: 10.1593, Valid RMSE: 35.2386, Valid MAPE: 2.3898, Valid WMAPE: 0.0583
No update
Iter: 000, Train Loss: 5.8066, Train RMSE: 12.3288, Train MAPE: 0.7210, Train WMAPE: 0.0322
Iter: 050, Train Loss: 5.6564, Train RMSE: 11.6954, Train MAPE: 0.4660, Train WMAPE: 0.0310
Epoch: 245, Training Time: 14.8674 secs
Epoch: 245, Inference Time: 1.9041 secs
Epoch: 245, Train Loss: 5.6699, Train RMSE: 12.2526, Train MAPE: 0.7508, Train WMAPE: 0.0317, 
Epoch: 245, Valid Loss: 10.1373, Valid RMSE: 35.5160, Valid MAPE: 2.4197, Valid WMAPE: 0.0582
No update
Iter: 000, Train Loss: 5.7201, Train RMSE: 11.9810, Train MAPE: 0.6623, Train WMAPE: 0.0318
Iter: 050, Train Loss: 5.7006, Train RMSE: 11.8018, Train MAPE: 0.4398, Train WMAPE: 0.0313
Epoch: 246, Training Time: 14.8853 secs
Epoch: 246, Inference Time: 1.9916 secs
Epoch: 246, Train Loss: 5.7258, Train RMSE: 12.3792, Train MAPE: 0.7757, Train WMAPE: 0.0320, 
Epoch: 246, Valid Loss: 10.1234, Valid RMSE: 35.2774, Valid MAPE: 1.9854, Valid WMAPE: 0.0581
No update
Iter: 000, Train Loss: 5.7499, Train RMSE: 12.1420, Train MAPE: 0.5148, Train WMAPE: 0.0319
Iter: 050, Train Loss: 5.7777, Train RMSE: 11.9347, Train MAPE: 0.7895, Train WMAPE: 0.0317
Epoch: 247, Training Time: 14.6874 secs
Epoch: 247, Inference Time: 1.9133 secs
Epoch: 247, Train Loss: 5.7664, Train RMSE: 12.4394, Train MAPE: 0.8187, Train WMAPE: 0.0322, 
Epoch: 247, Valid Loss: 10.2559, Valid RMSE: 35.2853, Valid MAPE: 2.5790, Valid WMAPE: 0.0589
No update
Iter: 000, Train Loss: 5.8942, Train RMSE: 12.3844, Train MAPE: 0.7369, Train WMAPE: 0.0327
Iter: 050, Train Loss: 5.6312, Train RMSE: 11.6158, Train MAPE: 0.6917, Train WMAPE: 0.0309
Epoch: 248, Training Time: 14.9587 secs
Epoch: 248, Inference Time: 1.9092 secs
Epoch: 248, Train Loss: 5.6905, Train RMSE: 12.2575, Train MAPE: 0.8100, Train WMAPE: 0.0318, 
Epoch: 248, Valid Loss: 10.1832, Valid RMSE: 35.3370, Valid MAPE: 2.2879, Valid WMAPE: 0.0585
No update
Iter: 000, Train Loss: 5.7562, Train RMSE: 12.2627, Train MAPE: 0.6607, Train WMAPE: 0.0320
Iter: 050, Train Loss: 5.5858, Train RMSE: 11.5293, Train MAPE: 0.5524, Train WMAPE: 0.0306
Epoch: 249, Training Time: 14.8693 secs
Epoch: 249, Inference Time: 2.0047 secs
Epoch: 249, Train Loss: 5.6628, Train RMSE: 12.2316, Train MAPE: 0.7954, Train WMAPE: 0.0317, 
Epoch: 249, Valid Loss: 10.1477, Valid RMSE: 35.5616, Valid MAPE: 2.6443, Valid WMAPE: 0.0583
No update
Iter: 000, Train Loss: 5.7054, Train RMSE: 12.0457, Train MAPE: 0.7822, Train WMAPE: 0.0317
Iter: 050, Train Loss: 5.7868, Train RMSE: 11.8556, Train MAPE: 0.7046, Train WMAPE: 0.0317
Epoch: 250, Training Time: 14.8750 secs
Epoch: 250, Inference Time: 2.1051 secs
Epoch: 250, Train Loss: 5.6362, Train RMSE: 12.1884, Train MAPE: 0.7968, Train WMAPE: 0.0315, 
Epoch: 250, Valid Loss: 10.3169, Valid RMSE: 35.8158, Valid MAPE: 2.5315, Valid WMAPE: 0.0592
No update
Iter: 000, Train Loss: 5.8055, Train RMSE: 12.3136, Train MAPE: 0.7452, Train WMAPE: 0.0322
Iter: 050, Train Loss: 5.8290, Train RMSE: 12.2479, Train MAPE: 0.6294, Train WMAPE: 0.0320
Epoch: 251, Training Time: 15.1023 secs
Epoch: 251, Inference Time: 1.7777 secs
Epoch: 251, Train Loss: 5.6730, Train RMSE: 12.2645, Train MAPE: 0.7853, Train WMAPE: 0.0317, 
Epoch: 251, Valid Loss: 10.2362, Valid RMSE: 35.7526, Valid MAPE: 2.3138, Valid WMAPE: 0.0588
No update
Iter: 000, Train Loss: 5.7873, Train RMSE: 12.1871, Train MAPE: 0.6120, Train WMAPE: 0.0321
Iter: 050, Train Loss: 5.6847, Train RMSE: 11.6973, Train MAPE: 0.5884, Train WMAPE: 0.0312
Epoch: 252, Training Time: 14.8721 secs
Epoch: 252, Inference Time: 1.9047 secs
Epoch: 252, Train Loss: 5.6774, Train RMSE: 12.2578, Train MAPE: 0.7857, Train WMAPE: 0.0317, 
Epoch: 252, Valid Loss: 10.1533, Valid RMSE: 35.3842, Valid MAPE: 2.1805, Valid WMAPE: 0.0583
No update
Iter: 000, Train Loss: 5.7049, Train RMSE: 12.2218, Train MAPE: 0.5769, Train WMAPE: 0.0317
Iter: 050, Train Loss: 5.7508, Train RMSE: 11.8491, Train MAPE: 0.7849, Train WMAPE: 0.0315
Epoch: 253, Training Time: 14.3736 secs
Epoch: 253, Inference Time: 1.8823 secs
Epoch: 253, Train Loss: 5.6681, Train RMSE: 12.2192, Train MAPE: 0.8180, Train WMAPE: 0.0317, 
Epoch: 253, Valid Loss: 10.1888, Valid RMSE: 35.3291, Valid MAPE: 2.3926, Valid WMAPE: 0.0585
No update
Iter: 000, Train Loss: 5.8099, Train RMSE: 12.2963, Train MAPE: 0.7193, Train WMAPE: 0.0323
Iter: 050, Train Loss: 5.6341, Train RMSE: 11.4598, Train MAPE: 0.5837, Train WMAPE: 0.0309
Epoch: 254, Training Time: 14.6963 secs
Epoch: 254, Inference Time: 1.8100 secs
Epoch: 254, Train Loss: 5.6513, Train RMSE: 12.1792, Train MAPE: 0.7744, Train WMAPE: 0.0316, 
Epoch: 254, Valid Loss: 10.0183, Valid RMSE: 35.2281, Valid MAPE: 1.9929, Valid WMAPE: 0.0575
###Update tasks appear###
Evaluate best model on test data for horizon 1, Test MAE: 8.7883, Test RMSE: 56.8868, Test MAPE: 7.2931, Test WMAPE: 0.0510
Evaluate best model on test data for horizon 2, Test MAE: 9.6575, Test RMSE: 50.1446, Test MAPE: 11.0661, Test WMAPE: 0.0561
Evaluate best model on test data for horizon 3, Test MAE: 9.8307, Test RMSE: 39.3885, Test MAPE: 13.8077, Test WMAPE: 0.0571
Evaluate best model on test data for horizon 4, Test MAE: 10.8712, Test RMSE: 41.2507, Test MAPE: 15.0092, Test WMAPE: 0.0632
Evaluate best model on test data for horizon 5, Test MAE: 12.1387, Test RMSE: 46.9835, Test MAPE: 16.1142, Test WMAPE: 0.0705
Evaluate best model on test data for horizon 6, Test MAE: 12.5855, Test RMSE: 44.1852, Test MAPE: 16.7806, Test WMAPE: 0.0732
Evaluate best model on test data for horizon 7, Test MAE: 13.3086, Test RMSE: 44.7918, Test MAPE: 17.0766, Test WMAPE: 0.0774
Evaluate best model on test data for horizon 8, Test MAE: 13.9517, Test RMSE: 45.7403, Test MAPE: 17.4044, Test WMAPE: 0.0811
Evaluate best model on test data for horizon 9, Test MAE: 14.3623, Test RMSE: 45.2689, Test MAPE: 17.6922, Test WMAPE: 0.0835
Evaluate best model on test data for horizon 10, Test MAE: 14.3781, Test RMSE: 42.1082, Test MAPE: 17.5689, Test WMAPE: 0.0836
Evaluate best model on test data for horizon 11, Test MAE: 15.2737, Test RMSE: 47.1413, Test MAPE: 17.6831, Test WMAPE: 0.0889
Evaluate best model on test data for horizon 12, Test MAE: 15.3405, Test RMSE: 46.2210, Test MAPE: 17.6166, Test WMAPE: 0.0892
On average over 12 horizons, Test MAE: 12.5406, Test RMSE: 45.8426, Test MAPE: 15.4261, Test WMAPE: 0.0729
Test low! Updating! Test Loss: 12.540570497512817, Test low! Updating! Valid Loss: 10.018299613680158, epoch:  254
Iter: 000, Train Loss: 5.6811, Train RMSE: 12.0401, Train MAPE: 0.5212, Train WMAPE: 0.0315
Iter: 050, Train Loss: 5.6189, Train RMSE: 11.6324, Train MAPE: 0.5905, Train WMAPE: 0.0308
Epoch: 255, Training Time: 14.6964 secs
Epoch: 255, Inference Time: 1.9648 secs
Epoch: 255, Train Loss: 5.6242, Train RMSE: 12.1490, Train MAPE: 0.7964, Train WMAPE: 0.0314, 
Epoch: 255, Valid Loss: 10.0434, Valid RMSE: 35.4603, Valid MAPE: 2.1441, Valid WMAPE: 0.0577
No update
Iter: 000, Train Loss: 5.7149, Train RMSE: 12.1861, Train MAPE: 0.6418, Train WMAPE: 0.0317
Iter: 050, Train Loss: 5.6092, Train RMSE: 11.4744, Train MAPE: 0.5667, Train WMAPE: 0.0308
Epoch: 256, Training Time: 14.6185 secs
Epoch: 256, Inference Time: 1.9521 secs
Epoch: 256, Train Loss: 5.6161, Train RMSE: 12.1378, Train MAPE: 0.7750, Train WMAPE: 0.0314, 
Epoch: 256, Valid Loss: 10.2077, Valid RMSE: 35.4917, Valid MAPE: 1.9708, Valid WMAPE: 0.0586
No update
Iter: 000, Train Loss: 5.7546, Train RMSE: 12.2748, Train MAPE: 0.5834, Train WMAPE: 0.0319
Iter: 050, Train Loss: 5.6043, Train RMSE: 11.3947, Train MAPE: 0.4484, Train WMAPE: 0.0307
Epoch: 257, Training Time: 14.8271 secs
Epoch: 257, Inference Time: 1.8583 secs
Epoch: 257, Train Loss: 5.6092, Train RMSE: 12.1451, Train MAPE: 0.7578, Train WMAPE: 0.0314, 
Epoch: 257, Valid Loss: 10.1480, Valid RMSE: 35.3895, Valid MAPE: 2.0775, Valid WMAPE: 0.0583
No update
Iter: 000, Train Loss: 5.6403, Train RMSE: 11.9011, Train MAPE: 0.6478, Train WMAPE: 0.0313
Iter: 050, Train Loss: 5.6682, Train RMSE: 11.6866, Train MAPE: 0.7535, Train WMAPE: 0.0311
Epoch: 258, Training Time: 14.5726 secs
Epoch: 258, Inference Time: 1.8909 secs
Epoch: 258, Train Loss: 5.6359, Train RMSE: 12.1579, Train MAPE: 0.7494, Train WMAPE: 0.0315, 
Epoch: 258, Valid Loss: 10.4016, Valid RMSE: 35.5802, Valid MAPE: 2.1529, Valid WMAPE: 0.0597
No update
Iter: 000, Train Loss: 5.7678, Train RMSE: 12.2180, Train MAPE: 0.6326, Train WMAPE: 0.0320
Iter: 050, Train Loss: 5.6329, Train RMSE: 11.4496, Train MAPE: 0.6020, Train WMAPE: 0.0309
Epoch: 259, Training Time: 14.6653 secs
Epoch: 259, Inference Time: 1.9172 secs
Epoch: 259, Train Loss: 5.6544, Train RMSE: 12.1922, Train MAPE: 0.7679, Train WMAPE: 0.0316, 
Epoch: 259, Valid Loss: 10.1912, Valid RMSE: 35.3665, Valid MAPE: 2.2888, Valid WMAPE: 0.0585
No update
Iter: 000, Train Loss: 5.6947, Train RMSE: 12.0215, Train MAPE: 0.6476, Train WMAPE: 0.0316
Iter: 050, Train Loss: 5.6733, Train RMSE: 11.6943, Train MAPE: 0.5892, Train WMAPE: 0.0311
Epoch: 260, Training Time: 14.6800 secs
Epoch: 260, Inference Time: 1.9928 secs
Epoch: 260, Train Loss: 5.6935, Train RMSE: 12.2402, Train MAPE: 0.9403, Train WMAPE: 0.0318, 
Epoch: 260, Valid Loss: 10.1373, Valid RMSE: 35.4735, Valid MAPE: 1.9653, Valid WMAPE: 0.0582
No update
Iter: 000, Train Loss: 5.7360, Train RMSE: 12.1312, Train MAPE: 0.6749, Train WMAPE: 0.0318
Iter: 050, Train Loss: 5.4340, Train RMSE: 11.2668, Train MAPE: 0.6950, Train WMAPE: 0.0298
Epoch: 261, Training Time: 14.7831 secs
Epoch: 261, Inference Time: 1.9104 secs
Epoch: 261, Train Loss: 5.6154, Train RMSE: 12.0080, Train MAPE: 1.0220, Train WMAPE: 0.0314, 
Epoch: 261, Valid Loss: 10.1471, Valid RMSE: 35.4377, Valid MAPE: 3.2376, Valid WMAPE: 0.0583
No update
Iter: 000, Train Loss: 5.7706, Train RMSE: 11.9055, Train MAPE: 1.0867, Train WMAPE: 0.0320
Iter: 050, Train Loss: 5.6228, Train RMSE: 11.5848, Train MAPE: 0.5364, Train WMAPE: 0.0308
Epoch: 262, Training Time: 15.0652 secs
Epoch: 262, Inference Time: 1.9923 secs
Epoch: 262, Train Loss: 5.6493, Train RMSE: 12.1214, Train MAPE: 0.9244, Train WMAPE: 0.0316, 
Epoch: 262, Valid Loss: 10.1487, Valid RMSE: 35.4103, Valid MAPE: 3.0316, Valid WMAPE: 0.0583
No update
Iter: 000, Train Loss: 5.7461, Train RMSE: 12.0801, Train MAPE: 0.8939, Train WMAPE: 0.0319
Iter: 050, Train Loss: 5.6343, Train RMSE: 11.5958, Train MAPE: 0.4888, Train WMAPE: 0.0309
Epoch: 263, Training Time: 14.8892 secs
Epoch: 263, Inference Time: 1.9112 secs
Epoch: 263, Train Loss: 5.6312, Train RMSE: 12.0564, Train MAPE: 1.0432, Train WMAPE: 0.0315, 
Epoch: 263, Valid Loss: 10.1850, Valid RMSE: 35.6394, Valid MAPE: 2.7488, Valid WMAPE: 0.0585
No update
Iter: 000, Train Loss: 5.6850, Train RMSE: 12.0942, Train MAPE: 0.7449, Train WMAPE: 0.0316
Iter: 050, Train Loss: 5.8127, Train RMSE: 11.8426, Train MAPE: 0.9097, Train WMAPE: 0.0319
Epoch: 264, Training Time: 15.1687 secs
Epoch: 264, Inference Time: 1.9971 secs
Epoch: 264, Train Loss: 5.6355, Train RMSE: 12.0623, Train MAPE: 0.9530, Train WMAPE: 0.0315, 
Epoch: 264, Valid Loss: 10.1277, Valid RMSE: 35.4619, Valid MAPE: 2.2445, Valid WMAPE: 0.0581
No update
Iter: 000, Train Loss: 5.6074, Train RMSE: 11.9858, Train MAPE: 0.6037, Train WMAPE: 0.0311
Iter: 050, Train Loss: 5.9069, Train RMSE: 12.3097, Train MAPE: 0.5165, Train WMAPE: 0.0324
Epoch: 265, Training Time: 14.6718 secs
Epoch: 265, Inference Time: 1.8963 secs
Epoch: 265, Train Loss: 5.6568, Train RMSE: 12.1288, Train MAPE: 0.8508, Train WMAPE: 0.0316, 
Epoch: 265, Valid Loss: 10.2215, Valid RMSE: 35.2411, Valid MAPE: 2.6217, Valid WMAPE: 0.0587
No update
Iter: 000, Train Loss: 5.7392, Train RMSE: 12.0811, Train MAPE: 0.8086, Train WMAPE: 0.0319
Iter: 050, Train Loss: 5.6208, Train RMSE: 11.6725, Train MAPE: 0.5840, Train WMAPE: 0.0308
Epoch: 266, Training Time: 14.8785 secs
Epoch: 266, Inference Time: 1.8120 secs
Epoch: 266, Train Loss: 5.6004, Train RMSE: 12.1109, Train MAPE: 0.8172, Train WMAPE: 0.0313, 
Epoch: 266, Valid Loss: 10.0853, Valid RMSE: 35.3720, Valid MAPE: 1.9880, Valid WMAPE: 0.0579
No update
Iter: 000, Train Loss: 5.7182, Train RMSE: 12.1467, Train MAPE: 0.5089, Train WMAPE: 0.0317
Iter: 050, Train Loss: 5.5406, Train RMSE: 11.4623, Train MAPE: 0.5175, Train WMAPE: 0.0304
Epoch: 267, Training Time: 15.1341 secs
Epoch: 267, Inference Time: 1.8709 secs
Epoch: 267, Train Loss: 5.6166, Train RMSE: 12.1926, Train MAPE: 0.7507, Train WMAPE: 0.0314, 
Epoch: 267, Valid Loss: 10.1518, Valid RMSE: 35.6281, Valid MAPE: 2.1081, Valid WMAPE: 0.0583
No update
Iter: 000, Train Loss: 5.9889, Train RMSE: 12.6049, Train MAPE: 0.5932, Train WMAPE: 0.0332
Iter: 050, Train Loss: 5.7402, Train RMSE: 11.6830, Train MAPE: 0.5690, Train WMAPE: 0.0315
Epoch: 268, Training Time: 14.7849 secs
Epoch: 268, Inference Time: 1.8931 secs
Epoch: 268, Train Loss: 5.6496, Train RMSE: 12.1811, Train MAPE: 0.8397, Train WMAPE: 0.0316, 
Epoch: 268, Valid Loss: 10.2138, Valid RMSE: 35.5114, Valid MAPE: 2.2729, Valid WMAPE: 0.0586
No update
Iter: 000, Train Loss: 5.7499, Train RMSE: 12.2085, Train MAPE: 0.6064, Train WMAPE: 0.0319
Iter: 050, Train Loss: 5.6940, Train RMSE: 11.9919, Train MAPE: 0.7335, Train WMAPE: 0.0312
Epoch: 269, Training Time: 14.8831 secs
Epoch: 269, Inference Time: 1.8164 secs
Epoch: 269, Train Loss: 5.5862, Train RMSE: 12.0529, Train MAPE: 0.7970, Train WMAPE: 0.0312, 
Epoch: 269, Valid Loss: 10.1152, Valid RMSE: 35.4286, Valid MAPE: 3.0430, Valid WMAPE: 0.0581
No update
Iter: 000, Train Loss: 5.6905, Train RMSE: 12.0524, Train MAPE: 0.8782, Train WMAPE: 0.0316
Iter: 050, Train Loss: 5.6045, Train RMSE: 11.4229, Train MAPE: 0.7449, Train WMAPE: 0.0307
Epoch: 270, Training Time: 15.0556 secs
Epoch: 270, Inference Time: 1.8144 secs
Epoch: 270, Train Loss: 5.5850, Train RMSE: 12.0306, Train MAPE: 0.7875, Train WMAPE: 0.0312, 
Epoch: 270, Valid Loss: 10.1671, Valid RMSE: 35.5978, Valid MAPE: 2.0086, Valid WMAPE: 0.0584
No update
Iter: 000, Train Loss: 5.6261, Train RMSE: 12.1022, Train MAPE: 0.5709, Train WMAPE: 0.0312
Iter: 050, Train Loss: 5.6569, Train RMSE: 11.5550, Train MAPE: 0.6443, Train WMAPE: 0.0310
Epoch: 271, Training Time: 14.6205 secs
Epoch: 271, Inference Time: 2.0710 secs
Epoch: 271, Train Loss: 5.5623, Train RMSE: 12.0011, Train MAPE: 0.7746, Train WMAPE: 0.0311, 
Epoch: 271, Valid Loss: 10.1588, Valid RMSE: 35.6631, Valid MAPE: 2.3458, Valid WMAPE: 0.0583
No update
Iter: 000, Train Loss: 5.6971, Train RMSE: 12.1299, Train MAPE: 0.6536, Train WMAPE: 0.0316
Iter: 050, Train Loss: 5.5265, Train RMSE: 11.4183, Train MAPE: 0.4049, Train WMAPE: 0.0303
Epoch: 272, Training Time: 14.7784 secs
Epoch: 272, Inference Time: 2.0081 secs
Epoch: 272, Train Loss: 5.5814, Train RMSE: 12.0309, Train MAPE: 0.7688, Train WMAPE: 0.0312, 
Epoch: 272, Valid Loss: 10.1842, Valid RMSE: 35.4266, Valid MAPE: 2.7050, Valid WMAPE: 0.0585
No update
Iter: 000, Train Loss: 5.6708, Train RMSE: 11.8799, Train MAPE: 0.7760, Train WMAPE: 0.0315
Iter: 050, Train Loss: 5.5286, Train RMSE: 11.4697, Train MAPE: 0.4890, Train WMAPE: 0.0303
Epoch: 273, Training Time: 14.6210 secs
Epoch: 273, Inference Time: 1.8523 secs
Epoch: 273, Train Loss: 5.5894, Train RMSE: 12.0698, Train MAPE: 0.7601, Train WMAPE: 0.0313, 
Epoch: 273, Valid Loss: 10.1530, Valid RMSE: 35.2267, Valid MAPE: 2.2970, Valid WMAPE: 0.0583
No update
Iter: 000, Train Loss: 5.7797, Train RMSE: 12.0257, Train MAPE: 0.6810, Train WMAPE: 0.0321
Iter: 050, Train Loss: 5.5852, Train RMSE: 11.5876, Train MAPE: 0.5407, Train WMAPE: 0.0306
Epoch: 274, Training Time: 14.6828 secs
Epoch: 274, Inference Time: 1.9070 secs
Epoch: 274, Train Loss: 5.5662, Train RMSE: 12.0255, Train MAPE: 0.7641, Train WMAPE: 0.0311, 
Epoch: 274, Valid Loss: 10.1919, Valid RMSE: 35.6343, Valid MAPE: 2.9094, Valid WMAPE: 0.0585
No update
Iter: 000, Train Loss: 5.8838, Train RMSE: 12.5690, Train MAPE: 0.9694, Train WMAPE: 0.0327
Iter: 050, Train Loss: 5.8652, Train RMSE: 12.4124, Train MAPE: 0.6239, Train WMAPE: 0.0322
Epoch: 275, Training Time: 14.7737 secs
Epoch: 275, Inference Time: 1.9019 secs
Epoch: 275, Train Loss: 5.6356, Train RMSE: 12.1621, Train MAPE: 0.8074, Train WMAPE: 0.0315, 
Epoch: 275, Valid Loss: 10.2927, Valid RMSE: 35.6561, Valid MAPE: 1.8753, Valid WMAPE: 0.0591
No update
Iter: 000, Train Loss: 5.6475, Train RMSE: 12.0147, Train MAPE: 0.6075, Train WMAPE: 0.0314
Iter: 050, Train Loss: 5.6448, Train RMSE: 11.6570, Train MAPE: 0.6389, Train WMAPE: 0.0310
Epoch: 276, Training Time: 14.7771 secs
Epoch: 276, Inference Time: 1.9977 secs
Epoch: 276, Train Loss: 5.5743, Train RMSE: 12.0179, Train MAPE: 0.7459, Train WMAPE: 0.0312, 
Epoch: 276, Valid Loss: 10.1459, Valid RMSE: 35.3832, Valid MAPE: 2.2124, Valid WMAPE: 0.0582
No update
Iter: 000, Train Loss: 5.5823, Train RMSE: 11.9374, Train MAPE: 0.6821, Train WMAPE: 0.0310
Iter: 050, Train Loss: 5.5558, Train RMSE: 11.4181, Train MAPE: 0.5816, Train WMAPE: 0.0305
Epoch: 277, Training Time: 15.0088 secs
Epoch: 277, Inference Time: 1.8731 secs
Epoch: 277, Train Loss: 5.5463, Train RMSE: 11.9929, Train MAPE: 0.7355, Train WMAPE: 0.0310, 
Epoch: 277, Valid Loss: 10.2625, Valid RMSE: 35.6490, Valid MAPE: 2.1784, Valid WMAPE: 0.0589
No update
Iter: 000, Train Loss: 5.7015, Train RMSE: 12.0535, Train MAPE: 0.6329, Train WMAPE: 0.0317
Iter: 050, Train Loss: 5.6123, Train RMSE: 11.5197, Train MAPE: 0.8634, Train WMAPE: 0.0308
Epoch: 278, Training Time: 14.7722 secs
Epoch: 278, Inference Time: 2.0054 secs
Epoch: 278, Train Loss: 5.6214, Train RMSE: 12.1207, Train MAPE: 0.7865, Train WMAPE: 0.0314, 
Epoch: 278, Valid Loss: 10.0454, Valid RMSE: 35.5354, Valid MAPE: 1.8912, Valid WMAPE: 0.0577
No update
Iter: 000, Train Loss: 5.6802, Train RMSE: 12.0797, Train MAPE: 0.5203, Train WMAPE: 0.0315
Iter: 050, Train Loss: 5.4667, Train RMSE: 11.3555, Train MAPE: 0.4770, Train WMAPE: 0.0300
Epoch: 279, Training Time: 14.9042 secs
Epoch: 279, Inference Time: 1.8758 secs
Epoch: 279, Train Loss: 5.5672, Train RMSE: 12.0134, Train MAPE: 0.7432, Train WMAPE: 0.0311, 
Epoch: 279, Valid Loss: 10.1344, Valid RMSE: 35.6544, Valid MAPE: 1.7729, Valid WMAPE: 0.0582
No update
Iter: 000, Train Loss: 5.8159, Train RMSE: 12.3951, Train MAPE: 0.5000, Train WMAPE: 0.0323
Iter: 050, Train Loss: 5.5375, Train RMSE: 11.3635, Train MAPE: 0.4939, Train WMAPE: 0.0304
Epoch: 280, Training Time: 15.1629 secs
Epoch: 280, Inference Time: 1.9870 secs
Epoch: 280, Train Loss: 5.5545, Train RMSE: 11.9779, Train MAPE: 0.7878, Train WMAPE: 0.0311, 
Epoch: 280, Valid Loss: 10.0652, Valid RMSE: 35.5960, Valid MAPE: 2.2069, Valid WMAPE: 0.0578
No update
Iter: 000, Train Loss: 5.5677, Train RMSE: 11.9082, Train MAPE: 0.7225, Train WMAPE: 0.0309
Iter: 050, Train Loss: 5.5354, Train RMSE: 11.3659, Train MAPE: 0.4379, Train WMAPE: 0.0304
Epoch: 281, Training Time: 14.8914 secs
Epoch: 281, Inference Time: 1.8777 secs
Epoch: 281, Train Loss: 5.5324, Train RMSE: 11.9185, Train MAPE: 0.7521, Train WMAPE: 0.0309, 
Epoch: 281, Valid Loss: 10.1354, Valid RMSE: 35.5740, Valid MAPE: 1.8768, Valid WMAPE: 0.0582
No update
Iter: 000, Train Loss: 5.5323, Train RMSE: 11.8596, Train MAPE: 0.5457, Train WMAPE: 0.0307
Iter: 050, Train Loss: 5.4698, Train RMSE: 11.2824, Train MAPE: 0.4245, Train WMAPE: 0.0300
Epoch: 282, Training Time: 14.9006 secs
Epoch: 282, Inference Time: 1.9818 secs
Epoch: 282, Train Loss: 5.5254, Train RMSE: 11.9333, Train MAPE: 0.7337, Train WMAPE: 0.0309, 
Epoch: 282, Valid Loss: 10.1655, Valid RMSE: 35.5288, Valid MAPE: 1.8568, Valid WMAPE: 0.0584
No update
Iter: 000, Train Loss: 5.5179, Train RMSE: 11.7498, Train MAPE: 0.4966, Train WMAPE: 0.0306
Iter: 050, Train Loss: 5.4944, Train RMSE: 11.3308, Train MAPE: 0.5799, Train WMAPE: 0.0301
Epoch: 283, Training Time: 14.5868 secs
Epoch: 283, Inference Time: 1.8989 secs
Epoch: 283, Train Loss: 5.5085, Train RMSE: 11.8616, Train MAPE: 0.7546, Train WMAPE: 0.0308, 
Epoch: 283, Valid Loss: 10.1379, Valid RMSE: 35.4994, Valid MAPE: 2.2987, Valid WMAPE: 0.0582
No update
Iter: 000, Train Loss: 5.5919, Train RMSE: 11.8963, Train MAPE: 0.6507, Train WMAPE: 0.0310
Iter: 050, Train Loss: 5.4695, Train RMSE: 11.3260, Train MAPE: 0.5566, Train WMAPE: 0.0300
Epoch: 284, Training Time: 14.2815 secs
Epoch: 284, Inference Time: 1.7223 secs
Epoch: 284, Train Loss: 5.5285, Train RMSE: 11.9604, Train MAPE: 0.7396, Train WMAPE: 0.0309, 
Epoch: 284, Valid Loss: 10.1444, Valid RMSE: 35.4834, Valid MAPE: 2.4511, Valid WMAPE: 0.0582
No update
Iter: 000, Train Loss: 5.6931, Train RMSE: 12.1477, Train MAPE: 0.7330, Train WMAPE: 0.0316
Iter: 050, Train Loss: 5.3631, Train RMSE: 10.9641, Train MAPE: 0.4752, Train WMAPE: 0.0294
Epoch: 285, Training Time: 14.4506 secs
Epoch: 285, Inference Time: 1.8214 secs
Epoch: 285, Train Loss: 5.5091, Train RMSE: 11.9044, Train MAPE: 0.7421, Train WMAPE: 0.0308, 
Epoch: 285, Valid Loss: 10.0885, Valid RMSE: 35.3477, Valid MAPE: 2.0641, Valid WMAPE: 0.0579
No update
Iter: 000, Train Loss: 5.8642, Train RMSE: 12.9069, Train MAPE: 0.6688, Train WMAPE: 0.0326
Iter: 050, Train Loss: 5.5398, Train RMSE: 11.5070, Train MAPE: 0.5316, Train WMAPE: 0.0304
Epoch: 286, Training Time: 14.5007 secs
Epoch: 286, Inference Time: 1.8813 secs
Epoch: 286, Train Loss: 5.5455, Train RMSE: 11.9634, Train MAPE: 0.7427, Train WMAPE: 0.0310, 
Epoch: 286, Valid Loss: 10.0782, Valid RMSE: 35.5194, Valid MAPE: 1.9053, Valid WMAPE: 0.0579
No update
Iter: 000, Train Loss: 5.5853, Train RMSE: 11.7665, Train MAPE: 0.5724, Train WMAPE: 0.0310
Iter: 050, Train Loss: 5.5748, Train RMSE: 11.5239, Train MAPE: 0.4492, Train WMAPE: 0.0306
Epoch: 287, Training Time: 14.6945 secs
Epoch: 287, Inference Time: 1.9069 secs
Epoch: 287, Train Loss: 5.4941, Train RMSE: 11.8416, Train MAPE: 0.7563, Train WMAPE: 0.0307, 
Epoch: 287, Valid Loss: 10.1408, Valid RMSE: 35.5421, Valid MAPE: 1.7829, Valid WMAPE: 0.0582
No update
Iter: 000, Train Loss: 5.5818, Train RMSE: 11.8987, Train MAPE: 0.4635, Train WMAPE: 0.0310
Iter: 050, Train Loss: 5.5458, Train RMSE: 11.5644, Train MAPE: 0.5036, Train WMAPE: 0.0304
Epoch: 288, Training Time: 14.9685 secs
Epoch: 288, Inference Time: 1.8871 secs
Epoch: 288, Train Loss: 5.4990, Train RMSE: 11.8752, Train MAPE: 0.7288, Train WMAPE: 0.0307, 
Epoch: 288, Valid Loss: 10.2057, Valid RMSE: 35.4995, Valid MAPE: 1.9346, Valid WMAPE: 0.0586
No update
Iter: 000, Train Loss: 5.4639, Train RMSE: 11.7286, Train MAPE: 0.6029, Train WMAPE: 0.0303
Iter: 050, Train Loss: 5.6587, Train RMSE: 11.3827, Train MAPE: 1.0011, Train WMAPE: 0.0310
Epoch: 289, Training Time: 14.8830 secs
Epoch: 289, Inference Time: 1.8919 secs
Epoch: 289, Train Loss: 5.5166, Train RMSE: 11.8328, Train MAPE: 0.8870, Train WMAPE: 0.0308, 
Epoch: 289, Valid Loss: 10.1631, Valid RMSE: 35.3986, Valid MAPE: 3.6012, Valid WMAPE: 0.0583
No update
Iter: 000, Train Loss: 5.6738, Train RMSE: 11.7821, Train MAPE: 1.0561, Train WMAPE: 0.0315
Iter: 050, Train Loss: 5.5358, Train RMSE: 11.2625, Train MAPE: 0.7519, Train WMAPE: 0.0304
Epoch: 290, Training Time: 15.0204 secs
Epoch: 290, Inference Time: 2.0653 secs
Epoch: 290, Train Loss: 5.5135, Train RMSE: 11.7770, Train MAPE: 0.9301, Train WMAPE: 0.0308, 
Epoch: 290, Valid Loss: 10.1660, Valid RMSE: 35.4893, Valid MAPE: 2.3535, Valid WMAPE: 0.0584
No update
Iter: 000, Train Loss: 5.6545, Train RMSE: 11.9163, Train MAPE: 0.6158, Train WMAPE: 0.0314
Iter: 050, Train Loss: 5.4178, Train RMSE: 11.2047, Train MAPE: 0.4018, Train WMAPE: 0.0297
Epoch: 291, Training Time: 14.9800 secs
Epoch: 291, Inference Time: 1.8111 secs
Epoch: 291, Train Loss: 5.5022, Train RMSE: 11.8536, Train MAPE: 0.7655, Train WMAPE: 0.0308, 
Epoch: 291, Valid Loss: 10.1275, Valid RMSE: 35.5502, Valid MAPE: 2.5666, Valid WMAPE: 0.0581
No update
Iter: 000, Train Loss: 5.7158, Train RMSE: 11.9929, Train MAPE: 0.7080, Train WMAPE: 0.0317
Iter: 050, Train Loss: 5.4741, Train RMSE: 11.2806, Train MAPE: 0.5615, Train WMAPE: 0.0300
Epoch: 292, Training Time: 14.8648 secs
Epoch: 292, Inference Time: 2.0018 secs
Epoch: 292, Train Loss: 5.4960, Train RMSE: 11.8417, Train MAPE: 0.7709, Train WMAPE: 0.0307, 
Epoch: 292, Valid Loss: 10.1381, Valid RMSE: 35.2332, Valid MAPE: 3.1315, Valid WMAPE: 0.0582
No update
Iter: 000, Train Loss: 5.7108, Train RMSE: 11.9838, Train MAPE: 0.9863, Train WMAPE: 0.0317
Iter: 050, Train Loss: 5.5064, Train RMSE: 11.3313, Train MAPE: 0.6338, Train WMAPE: 0.0302
Epoch: 293, Training Time: 14.9799 secs
Epoch: 293, Inference Time: 1.8981 secs
Epoch: 293, Train Loss: 5.4656, Train RMSE: 11.7803, Train MAPE: 0.7482, Train WMAPE: 0.0306, 
Epoch: 293, Valid Loss: 10.1096, Valid RMSE: 35.5524, Valid MAPE: 2.3959, Valid WMAPE: 0.0580
No update
Iter: 000, Train Loss: 5.5363, Train RMSE: 11.7350, Train MAPE: 0.6813, Train WMAPE: 0.0307
Iter: 050, Train Loss: 5.5035, Train RMSE: 11.2556, Train MAPE: 0.6951, Train WMAPE: 0.0302
Epoch: 294, Training Time: 14.9831 secs
Epoch: 294, Inference Time: 1.9067 secs
Epoch: 294, Train Loss: 5.4579, Train RMSE: 11.7560, Train MAPE: 0.7371, Train WMAPE: 0.0305, 
Epoch: 294, Valid Loss: 10.1242, Valid RMSE: 35.4946, Valid MAPE: 1.9658, Valid WMAPE: 0.0581
No update
Iter: 000, Train Loss: 5.6006, Train RMSE: 11.8848, Train MAPE: 0.5466, Train WMAPE: 0.0311
Iter: 050, Train Loss: 5.6324, Train RMSE: 11.5041, Train MAPE: 0.4820, Train WMAPE: 0.0309
Epoch: 295, Training Time: 14.9650 secs
Epoch: 295, Inference Time: 1.8881 secs
Epoch: 295, Train Loss: 5.5295, Train RMSE: 11.8668, Train MAPE: 0.7779, Train WMAPE: 0.0309, 
Epoch: 295, Valid Loss: 10.1320, Valid RMSE: 35.3841, Valid MAPE: 2.4392, Valid WMAPE: 0.0582
No update
Iter: 000, Train Loss: 5.6338, Train RMSE: 11.9358, Train MAPE: 0.7061, Train WMAPE: 0.0313
Iter: 050, Train Loss: 5.4872, Train RMSE: 11.5303, Train MAPE: 0.4943, Train WMAPE: 0.0301
Epoch: 296, Training Time: 14.7914 secs
Epoch: 296, Inference Time: 1.8889 secs
Epoch: 296, Train Loss: 5.4893, Train RMSE: 11.7926, Train MAPE: 0.7073, Train WMAPE: 0.0307, 
Epoch: 296, Valid Loss: 10.0673, Valid RMSE: 35.4998, Valid MAPE: 2.1303, Valid WMAPE: 0.0578
No update
Iter: 000, Train Loss: 5.5325, Train RMSE: 11.6924, Train MAPE: 0.5962, Train WMAPE: 0.0307
Iter: 050, Train Loss: 5.4107, Train RMSE: 11.2290, Train MAPE: 0.4836, Train WMAPE: 0.0297
Epoch: 297, Training Time: 14.7805 secs
Epoch: 297, Inference Time: 1.8225 secs
Epoch: 297, Train Loss: 5.4656, Train RMSE: 11.7735, Train MAPE: 0.7192, Train WMAPE: 0.0306, 
Epoch: 297, Valid Loss: 10.1468, Valid RMSE: 35.5080, Valid MAPE: 2.3041, Valid WMAPE: 0.0582
No update
Iter: 000, Train Loss: 5.5865, Train RMSE: 11.8222, Train MAPE: 0.6370, Train WMAPE: 0.0310
Iter: 050, Train Loss: 5.5877, Train RMSE: 11.6379, Train MAPE: 0.4902, Train WMAPE: 0.0306
Epoch: 298, Training Time: 14.4333 secs
Epoch: 298, Inference Time: 1.8646 secs
Epoch: 298, Train Loss: 5.4750, Train RMSE: 11.7981, Train MAPE: 0.7640, Train WMAPE: 0.0306, 
Epoch: 298, Valid Loss: 10.2282, Valid RMSE: 35.8251, Valid MAPE: 3.6497, Valid WMAPE: 0.0587
No update
Iter: 000, Train Loss: 5.8171, Train RMSE: 11.9543, Train MAPE: 1.1256, Train WMAPE: 0.0323
Iter: 050, Train Loss: 5.5431, Train RMSE: 11.2645, Train MAPE: 0.4819, Train WMAPE: 0.0304
Epoch: 299, Training Time: 14.5886 secs
Epoch: 299, Inference Time: 1.8014 secs
Epoch: 299, Train Loss: 5.5040, Train RMSE: 11.7859, Train MAPE: 0.8774, Train WMAPE: 0.0308, 
Epoch: 299, Valid Loss: 10.1467, Valid RMSE: 35.6233, Valid MAPE: 1.9842, Valid WMAPE: 0.0583
No update
Iter: 000, Train Loss: 5.6037, Train RMSE: 11.8877, Train MAPE: 0.5441, Train WMAPE: 0.0311
Iter: 050, Train Loss: 5.3968, Train RMSE: 11.0558, Train MAPE: 0.6843, Train WMAPE: 0.0296
Epoch: 300, Training Time: 14.5594 secs
Epoch: 300, Inference Time: 1.9013 secs
Epoch: 300, Train Loss: 5.4969, Train RMSE: 11.7465, Train MAPE: 0.9067, Train WMAPE: 0.0307, 
Epoch: 300, Valid Loss: 9.9912, Valid RMSE: 35.4268, Valid MAPE: 1.9459, Valid WMAPE: 0.0574
###Update tasks appear###
Evaluate best model on test data for horizon 1, Test MAE: 8.7153, Test RMSE: 57.0965, Test MAPE: 7.0080, Test WMAPE: 0.0506
Evaluate best model on test data for horizon 2, Test MAE: 9.5754, Test RMSE: 49.7269, Test MAPE: 11.1492, Test WMAPE: 0.0556
Evaluate best model on test data for horizon 3, Test MAE: 9.7807, Test RMSE: 38.9143, Test MAPE: 13.7058, Test WMAPE: 0.0568
Evaluate best model on test data for horizon 4, Test MAE: 10.9091, Test RMSE: 41.3779, Test MAPE: 15.0305, Test WMAPE: 0.0634
Evaluate best model on test data for horizon 5, Test MAE: 12.1890, Test RMSE: 47.3832, Test MAPE: 16.5007, Test WMAPE: 0.0708
Evaluate best model on test data for horizon 6, Test MAE: 12.5994, Test RMSE: 43.8883, Test MAPE: 17.0497, Test WMAPE: 0.0732
Evaluate best model on test data for horizon 7, Test MAE: 13.3828, Test RMSE: 45.9050, Test MAPE: 17.5431, Test WMAPE: 0.0778
Evaluate best model on test data for horizon 8, Test MAE: 13.9007, Test RMSE: 45.7664, Test MAPE: 17.7025, Test WMAPE: 0.0808
Evaluate best model on test data for horizon 9, Test MAE: 14.2193, Test RMSE: 44.5333, Test MAPE: 17.9036, Test WMAPE: 0.0827
Evaluate best model on test data for horizon 10, Test MAE: 14.2621, Test RMSE: 41.8607, Test MAPE: 17.8852, Test WMAPE: 0.0830
Evaluate best model on test data for horizon 11, Test MAE: 15.0976, Test RMSE: 46.9000, Test MAPE: 18.1325, Test WMAPE: 0.0878
Evaluate best model on test data for horizon 12, Test MAE: 15.0471, Test RMSE: 45.0952, Test MAPE: 18.0147, Test WMAPE: 0.0875
On average over 12 horizons, Test MAE: 12.4732, Test RMSE: 45.7040, Test MAPE: 15.6355, Test WMAPE: 0.0725
Test low! Updating! Test Loss: 12.473210255304972, Test low! Updating! Valid Loss: 9.991185801369804, epoch:  300
Average Training Time: 14.8125 secs/epoch
Average Inference Time: 1.9118 secs
Training ends
The epoch of the best result： 300
The valid loss of the best model 9.9912

[Info] Enabling gate recording for ClusterGatedFeedback...
Evaluate best model on test data for horizon 1, Test MAE: 8.7153, Test RMSE: 57.0965, Test MAPE: 7.0080, Test WMAPE: 0.0506
Evaluate best model on test data for horizon 2, Test MAE: 9.5754, Test RMSE: 49.7269, Test MAPE: 11.1492, Test WMAPE: 0.0556
Evaluate best model on test data for horizon 3, Test MAE: 9.7807, Test RMSE: 38.9143, Test MAPE: 13.7058, Test WMAPE: 0.0568
Evaluate best model on test data for horizon 4, Test MAE: 10.9091, Test RMSE: 41.3779, Test MAPE: 15.0305, Test WMAPE: 0.0634
Evaluate best model on test data for horizon 5, Test MAE: 12.1890, Test RMSE: 47.3832, Test MAPE: 16.5007, Test WMAPE: 0.0708
Evaluate best model on test data for horizon 6, Test MAE: 12.5994, Test RMSE: 43.8883, Test MAPE: 17.0497, Test WMAPE: 0.0732
Evaluate best model on test data for horizon 7, Test MAE: 13.3828, Test RMSE: 45.9050, Test MAPE: 17.5431, Test WMAPE: 0.0778
Evaluate best model on test data for horizon 8, Test MAE: 13.9007, Test RMSE: 45.7664, Test MAPE: 17.7025, Test WMAPE: 0.0808
Evaluate best model on test data for horizon 9, Test MAE: 14.2193, Test RMSE: 44.5333, Test MAPE: 17.9036, Test WMAPE: 0.0827
Evaluate best model on test data for horizon 10, Test MAE: 14.2621, Test RMSE: 41.8607, Test MAPE: 17.8852, Test WMAPE: 0.0830
Evaluate best model on test data for horizon 11, Test MAE: 15.0976, Test RMSE: 46.9000, Test MAPE: 18.1325, Test WMAPE: 0.0878
Evaluate best model on test data for horizon 12, Test MAE: 15.0471, Test RMSE: 45.0952, Test MAPE: 18.0147, Test WMAPE: 0.0875
On average over 12 horizons, Test MAE: 12.4732, Test RMSE: 45.7040, Test MAPE: 15.6355, Test WMAPE: 0.0725

================================================================================
[Info] Generating ClusterGatedFeedback Gate Analysis Report...
================================================================================
================================================================================
[GateReport] ClusterGatedFeedback Gate Analysis
================================================================================

[Overall Statistics]
  Total nodes: 68
  Channels: 64
  Average gate value (all nodes): 0.6112
  Std of gate values: 0.0047
  Min gate value: 0.5895
  Max gate value: 0.6197

[Gate Distribution]
  Low gate (< 0.3, mostly blocked): 0 nodes (0.0%)
  Mid gate (0.3-0.7, partial): 68 nodes (100.0%)
  High gate (> 0.7, mostly passed): 0 nodes (0.0%)

[Cluster-wise Statistics]

  cluster_0:
    Nodes: 4
    Gate mean: 0.6117
    Gate std:  0.0017
    Gate range: [0.6099, 0.6142]
    Tendency: PARTIAL (moderate gate)

  cluster_1:
    Nodes: 55
    Gate mean: 0.6122
    Gate std:  0.0030
    Gate range: [0.6022, 0.6197]
    Tendency: PARTIAL (moderate gate)

  cluster_2:
    Nodes: 8
    Gate mean: 0.6056
    Gate std:  0.0081
    Gate range: [0.5895, 0.6163]
    Tendency: PARTIAL (moderate gate)

  cluster_3:
    Nodes: 1
    Gate mean: 0.5979
    Gate std:  0.0000
    Gate range: [0.5979, 0.5979]
    Tendency: PARTIAL (moderate gate)

[Node-level Gate Values]
  Node ID | Cluster | Gate Mean | Status
  --------------------------------------------------
        0 |       1 |    0.6134 | PARTIAL
        1 |       1 |    0.6113 | PARTIAL
        2 |       1 |    0.6170 | PARTIAL
        3 |       1 |    0.6121 | PARTIAL
        4 |       2 |    0.6072 | PARTIAL
        5 |       0 |    0.6099 | PARTIAL
        6 |       2 |    0.5895 | PARTIAL
        7 |       1 |    0.6119 | PARTIAL
        8 |       1 |    0.6170 | PARTIAL
        9 |       2 |    0.6060 | PARTIAL
       10 |       1 |    0.6098 | PARTIAL
       11 |       1 |    0.6156 | PARTIAL
       12 |       1 |    0.6137 | PARTIAL
       13 |       1 |    0.6115 | PARTIAL
       14 |       1 |    0.6173 | PARTIAL
       15 |       1 |    0.6113 | PARTIAL
       16 |       1 |    0.6150 | PARTIAL
       17 |       1 |    0.6044 | PARTIAL
       18 |       1 |    0.6145 | PARTIAL
       19 |       1 |    0.6151 | PARTIAL
       20 |       1 |    0.6111 | PARTIAL
       21 |       1 |    0.6123 | PARTIAL
       22 |       1 |    0.6112 | PARTIAL
       23 |       1 |    0.6117 | PARTIAL
       24 |       1 |    0.6103 | PARTIAL
       25 |       1 |    0.6109 | PARTIAL
       26 |       1 |    0.6125 | PARTIAL
       27 |       1 |    0.6117 | PARTIAL
       28 |       1 |    0.6156 | PARTIAL
       29 |       1 |    0.6114 | PARTIAL
       30 |       0 |    0.6122 | PARTIAL
       31 |       1 |    0.6162 | PARTIAL
       32 |       1 |    0.6126 | PARTIAL
       33 |       1 |    0.6123 | PARTIAL
       34 |       1 |    0.6117 | PARTIAL
       35 |       1 |    0.6137 | PARTIAL
       36 |       1 |    0.6149 | PARTIAL
       37 |       1 |    0.6090 | PARTIAL
       38 |       1 |    0.6115 | PARTIAL
       39 |       1 |    0.6125 | PARTIAL
       40 |       1 |    0.6114 | PARTIAL
       41 |       1 |    0.6115 | PARTIAL
       42 |       1 |    0.6197 | PARTIAL
       43 |       1 |    0.6111 | PARTIAL
       44 |       1 |    0.6098 | PARTIAL
       45 |       1 |    0.6065 | PARTIAL
       46 |       1 |    0.6079 | PARTIAL
       47 |       1 |    0.6146 | PARTIAL
       48 |       1 |    0.6136 | PARTIAL
       49 |       1 |    0.6110 | PARTIAL
       50 |       0 |    0.6142 | PARTIAL
       51 |       1 |    0.6158 | PARTIAL
       52 |       2 |    0.6063 | PARTIAL
       53 |       1 |    0.6115 | PARTIAL
       54 |       1 |    0.6094 | PARTIAL
       55 |       1 |    0.6114 | PARTIAL
       56 |       1 |    0.6116 | PARTIAL
       57 |       1 |    0.6127 | PARTIAL
       58 |       1 |    0.6022 | PARTIAL
       59 |       2 |    0.6081 | PARTIAL
       60 |       1 |    0.6110 | PARTIAL
       61 |       0 |    0.6103 | PARTIAL
       62 |       2 |    0.6163 | PARTIAL
       63 |       1 |    0.6128 | PARTIAL
       64 |       2 |    0.5973 | PARTIAL
       65 |       1 |    0.6109 | PARTIAL
       66 |       2 |    0.6143 | PARTIAL
       67 |       3 |    0.5979 | PARTIAL
================================================================================
[Info] Gate analysis report saved to: ./logs/AttenAgg-GatedFb-PostAgg-K4electricityLondon//gate_analysis.log
Total time spent: 5099.8109
