nohup: ignoring input
Perform shuffle on the dataset
Namespace(batch_size=64, data='data//electricityLondon', device='cuda:0', dropout=0.1, epochs=300, es_patience=100, expid=1, input_dim=3, learning_rate=0.001, print_every=50, save='./logs/AttenAgg-LinearFb-PostAgg-K4', weight_decay=0.0001)
Ranger optimizer loaded. 
Gradient Centralization usage = True
GC applied to both conv and fc layers
The number of parameters: 511990
STIDGCN(
  (Temb): TemporalEmbedding()
  (start_conv): Conv2d(3, 32, kernel_size=(1, 1), stride=(1, 1))
  (tree): IDGCN_Tree(
    (IDGCN1): IDGCN(
      (split): Splitting()
      (conv1): Sequential(
        (0): ReplicationPad2d((3, 3, 0, 0))
        (1): Conv2d(64, 64, kernel_size=(1, 5), stride=(1, 1))
        (2): LeakyReLU(negative_slope=0.01, inplace=True)
        (3): Dropout(p=0.1, inplace=False)
        (4): Conv2d(64, 64, kernel_size=(1, 3), stride=(1, 1))
        (5): Tanh()
      )
      (conv2): Sequential(
        (0): ReplicationPad2d((3, 3, 0, 0))
        (1): Conv2d(64, 64, kernel_size=(1, 5), stride=(1, 1))
        (2): LeakyReLU(negative_slope=0.01, inplace=True)
        (3): Dropout(p=0.1, inplace=False)
        (4): Conv2d(64, 64, kernel_size=(1, 3), stride=(1, 1))
        (5): Tanh()
      )
      (conv3): Sequential(
        (0): ReplicationPad2d((3, 3, 0, 0))
        (1): Conv2d(64, 64, kernel_size=(1, 5), stride=(1, 1))
        (2): LeakyReLU(negative_slope=0.01, inplace=True)
        (3): Dropout(p=0.1, inplace=False)
        (4): Conv2d(64, 64, kernel_size=(1, 3), stride=(1, 1))
        (5): Tanh()
      )
      (conv4): Sequential(
        (0): ReplicationPad2d((3, 3, 0, 0))
        (1): Conv2d(64, 64, kernel_size=(1, 5), stride=(1, 1))
        (2): LeakyReLU(negative_slope=0.01, inplace=True)
        (3): Dropout(p=0.1, inplace=False)
        (4): Conv2d(64, 64, kernel_size=(1, 3), stride=(1, 1))
        (5): Tanh()
      )
      (dgcn): DGCN(
        (conv): Conv2d(64, 64, kernel_size=(1, 1), stride=(1, 1))
        (generator): Graph_Generator(
          (fc): Linear(in_features=2, out_features=1, bias=True)
        )
        (gcn): Diffusion_GCN(
          (conv): Conv2d(64, 64, kernel_size=(1, 1), stride=(1, 1))
          (dropout): Dropout(p=0.1, inplace=False)
        )
      )
    )
    (IDGCN2): IDGCN(
      (split): Splitting()
      (conv1): Sequential(
        (0): ReplicationPad2d((3, 3, 0, 0))
        (1): Conv2d(64, 64, kernel_size=(1, 5), stride=(1, 1))
        (2): LeakyReLU(negative_slope=0.01, inplace=True)
        (3): Dropout(p=0.1, inplace=False)
        (4): Conv2d(64, 64, kernel_size=(1, 3), stride=(1, 1))
        (5): Tanh()
      )
      (conv2): Sequential(
        (0): ReplicationPad2d((3, 3, 0, 0))
        (1): Conv2d(64, 64, kernel_size=(1, 5), stride=(1, 1))
        (2): LeakyReLU(negative_slope=0.01, inplace=True)
        (3): Dropout(p=0.1, inplace=False)
        (4): Conv2d(64, 64, kernel_size=(1, 3), stride=(1, 1))
        (5): Tanh()
      )
      (conv3): Sequential(
        (0): ReplicationPad2d((3, 3, 0, 0))
        (1): Conv2d(64, 64, kernel_size=(1, 5), stride=(1, 1))
        (2): LeakyReLU(negative_slope=0.01, inplace=True)
        (3): Dropout(p=0.1, inplace=False)
        (4): Conv2d(64, 64, kernel_size=(1, 3), stride=(1, 1))
        (5): Tanh()
      )
      (conv4): Sequential(
        (0): ReplicationPad2d((3, 3, 0, 0))
        (1): Conv2d(64, 64, kernel_size=(1, 5), stride=(1, 1))
        (2): LeakyReLU(negative_slope=0.01, inplace=True)
        (3): Dropout(p=0.1, inplace=False)
        (4): Conv2d(64, 64, kernel_size=(1, 3), stride=(1, 1))
        (5): Tanh()
      )
      (dgcn): DGCN(
        (conv): Conv2d(64, 64, kernel_size=(1, 1), stride=(1, 1))
        (generator): Graph_Generator(
          (fc): Linear(in_features=2, out_features=1, bias=True)
        )
        (gcn): Diffusion_GCN(
          (conv): Conv2d(64, 64, kernel_size=(1, 1), stride=(1, 1))
          (dropout): Dropout(p=0.1, inplace=False)
        )
      )
    )
    (IDGCN3): IDGCN(
      (split): Splitting()
      (conv1): Sequential(
        (0): ReplicationPad2d((3, 3, 0, 0))
        (1): Conv2d(64, 64, kernel_size=(1, 5), stride=(1, 1))
        (2): LeakyReLU(negative_slope=0.01, inplace=True)
        (3): Dropout(p=0.1, inplace=False)
        (4): Conv2d(64, 64, kernel_size=(1, 3), stride=(1, 1))
        (5): Tanh()
      )
      (conv2): Sequential(
        (0): ReplicationPad2d((3, 3, 0, 0))
        (1): Conv2d(64, 64, kernel_size=(1, 5), stride=(1, 1))
        (2): LeakyReLU(negative_slope=0.01, inplace=True)
        (3): Dropout(p=0.1, inplace=False)
        (4): Conv2d(64, 64, kernel_size=(1, 3), stride=(1, 1))
        (5): Tanh()
      )
      (conv3): Sequential(
        (0): ReplicationPad2d((3, 3, 0, 0))
        (1): Conv2d(64, 64, kernel_size=(1, 5), stride=(1, 1))
        (2): LeakyReLU(negative_slope=0.01, inplace=True)
        (3): Dropout(p=0.1, inplace=False)
        (4): Conv2d(64, 64, kernel_size=(1, 3), stride=(1, 1))
        (5): Tanh()
      )
      (conv4): Sequential(
        (0): ReplicationPad2d((3, 3, 0, 0))
        (1): Conv2d(64, 64, kernel_size=(1, 5), stride=(1, 1))
        (2): LeakyReLU(negative_slope=0.01, inplace=True)
        (3): Dropout(p=0.1, inplace=False)
        (4): Conv2d(64, 64, kernel_size=(1, 3), stride=(1, 1))
        (5): Tanh()
      )
      (dgcn): DGCN(
        (conv): Conv2d(64, 64, kernel_size=(1, 1), stride=(1, 1))
        (generator): Graph_Generator(
          (fc): Linear(in_features=2, out_features=1, bias=True)
        )
        (gcn): Diffusion_GCN(
          (conv): Conv2d(64, 64, kernel_size=(1, 1), stride=(1, 1))
          (dropout): Dropout(p=0.1, inplace=False)
        )
      )
    )
  )
  (glu): GLU(
    (conv1): Conv2d(64, 64, kernel_size=(1, 1), stride=(1, 1))
    (conv2): Conv2d(64, 64, kernel_size=(1, 1), stride=(1, 1))
    (conv3): Conv2d(64, 64, kernel_size=(1, 1), stride=(1, 1))
    (dropout): Dropout(p=0.1, inplace=False)
  )
  (regression_layer): Conv2d(64, 12, kernel_size=(1, 12), stride=(1, 1))
  (cluster_agg): ClusterAttentionAggregation(
    (score_layer): Linear(in_features=64, out_features=1, bias=True)
  )
  (cluster_feedback): ClusterLinearFeedback()
)
start training...
/dfs/data/Cluster-aware-STIDGCN/ranger21.py:131: UserWarning: This overload of addcmul_ is deprecated:
	addcmul_(Number value, Tensor tensor1, Tensor tensor2)
Consider using one of the following signatures instead:
	addcmul_(Tensor tensor1, Tensor tensor2, *, Number value) (Triggered internally at /opt/pytorch/pytorch/torch/csrc/utils/python_arg_parser.cpp:1488.)
  exp_avg_sq.mul_(beta2).addcmul_(1 - beta2, grad, grad)
Iter: 000, Train Loss: 151.0481, Train RMSE: 209.0335, Train MAPE: 155.7652, Train WMAPE: 0.8386
Iter: 050, Train Loss: 114.3932, Train RMSE: 171.7856, Train MAPE: 72.9609, Train WMAPE: 0.6273
Epoch: 001, Training Time: 16.1923 secs
Epoch: 001, Inference Time: 1.9285 secs
Epoch: 001, Train Loss: 117.1546, Train RMSE: 170.3328, Train MAPE: 96.9151, Train WMAPE: 0.6552, 
Epoch: 001, Valid Loss: 67.6760, Valid RMSE: 110.2340, Valid MAPE: 58.7442, Valid WMAPE: 0.3885
###Update tasks appear###
Updating! Valid Loss: 67.67598792484829, epoch:  1
Iter: 000, Train Loss: 66.0479, Train RMSE: 102.2092, Train MAPE: 24.6912, Train WMAPE: 0.3667
Iter: 050, Train Loss: 31.0875, Train RMSE: 54.0628, Train MAPE: 12.7984, Train WMAPE: 0.1705
Epoch: 002, Training Time: 15.0697 secs
Epoch: 002, Inference Time: 1.9123 secs
Epoch: 002, Train Loss: 37.3572, Train RMSE: 61.9795, Train MAPE: 15.0874, Train WMAPE: 0.2089, 
Epoch: 002, Valid Loss: 27.8435, Valid RMSE: 60.7818, Valid MAPE: 18.3571, Valid WMAPE: 0.1598
###Update tasks appear###
Updating! Valid Loss: 27.84345327104841, epoch:  2
Iter: 000, Train Loss: 26.3914, Train RMSE: 46.9534, Train MAPE: 8.4939, Train WMAPE: 0.1465
Iter: 050, Train Loss: 22.6927, Train RMSE: 38.9865, Train MAPE: 4.7295, Train WMAPE: 0.1244
Epoch: 003, Training Time: 14.7659 secs
Epoch: 003, Inference Time: 1.8887 secs
Epoch: 003, Train Loss: 22.6060, Train RMSE: 38.5437, Train MAPE: 6.0481, Train WMAPE: 0.1264, 
Epoch: 003, Valid Loss: 21.7631, Valid RMSE: 52.2531, Valid MAPE: 9.0816, Valid WMAPE: 0.1250
###Update tasks appear###
Updating! Valid Loss: 21.763075283595494, epoch:  3
Iter: 000, Train Loss: 20.2613, Train RMSE: 34.8532, Train MAPE: 4.3687, Train WMAPE: 0.1125
Iter: 050, Train Loss: 19.0720, Train RMSE: 33.8081, Train MAPE: 3.2654, Train WMAPE: 0.1046
Epoch: 004, Training Time: 14.9850 secs
Epoch: 004, Inference Time: 1.9146 secs
Epoch: 004, Train Loss: 18.3971, Train RMSE: 31.6754, Train MAPE: 4.5014, Train WMAPE: 0.1029, 
Epoch: 004, Valid Loss: 18.9293, Valid RMSE: 50.8261, Valid MAPE: 8.3113, Valid WMAPE: 0.1087
###Update tasks appear###
Updating! Valid Loss: 18.929345267159597, epoch:  4
Iter: 000, Train Loss: 16.9818, Train RMSE: 30.9277, Train MAPE: 4.0454, Train WMAPE: 0.0943
Iter: 050, Train Loss: 17.4216, Train RMSE: 32.2019, Train MAPE: 2.7162, Train WMAPE: 0.0955
Epoch: 005, Training Time: 15.1561 secs
Epoch: 005, Inference Time: 1.9054 secs
Epoch: 005, Train Loss: 16.0323, Train RMSE: 28.8895, Train MAPE: 3.9058, Train WMAPE: 0.0896, 
Epoch: 005, Valid Loss: 19.7132, Valid RMSE: 51.8509, Valid MAPE: 7.5641, Valid WMAPE: 0.1132
No update
Iter: 000, Train Loss: 17.7065, Train RMSE: 31.9310, Train MAPE: 3.8900, Train WMAPE: 0.0983
Iter: 050, Train Loss: 17.0566, Train RMSE: 31.8912, Train MAPE: 2.6800, Train WMAPE: 0.0935
Epoch: 006, Training Time: 15.1918 secs
Epoch: 006, Inference Time: 1.9806 secs
Epoch: 006, Train Loss: 15.2939, Train RMSE: 28.0427, Train MAPE: 3.6286, Train WMAPE: 0.0855, 
Epoch: 006, Valid Loss: 17.4169, Valid RMSE: 49.7177, Valid MAPE: 6.4895, Valid WMAPE: 0.1001
###Update tasks appear###
Updating! Valid Loss: 17.416893311909266, epoch:  6
Iter: 000, Train Loss: 14.8195, Train RMSE: 28.4790, Train MAPE: 3.2871, Train WMAPE: 0.0823
Iter: 050, Train Loss: 16.5843, Train RMSE: 31.1990, Train MAPE: 2.9101, Train WMAPE: 0.0909
Epoch: 007, Training Time: 15.2906 secs
Epoch: 007, Inference Time: 1.8996 secs
Epoch: 007, Train Loss: 14.2888, Train RMSE: 26.9373, Train MAPE: 3.2642, Train WMAPE: 0.0799, 
Epoch: 007, Valid Loss: 17.3300, Valid RMSE: 49.6567, Valid MAPE: 5.9709, Valid WMAPE: 0.0996
###Update tasks appear###
Updating! Valid Loss: 17.330010652542114, epoch:  7
Iter: 000, Train Loss: 14.5926, Train RMSE: 28.4130, Train MAPE: 2.8748, Train WMAPE: 0.0810
Iter: 050, Train Loss: 15.4074, Train RMSE: 30.2133, Train MAPE: 2.0486, Train WMAPE: 0.0845
Epoch: 008, Training Time: 15.0614 secs
Epoch: 008, Inference Time: 1.9847 secs
Epoch: 008, Train Loss: 13.6968, Train RMSE: 26.3123, Train MAPE: 3.1331, Train WMAPE: 0.0766, 
Epoch: 008, Valid Loss: 16.8336, Valid RMSE: 49.1452, Valid MAPE: 5.7698, Valid WMAPE: 0.0968
###Update tasks appear###
Updating! Valid Loss: 16.83357858657837, epoch:  8
Iter: 000, Train Loss: 13.8298, Train RMSE: 27.5297, Train MAPE: 2.7941, Train WMAPE: 0.0768
Iter: 050, Train Loss: 14.9092, Train RMSE: 29.6352, Train MAPE: 2.6753, Train WMAPE: 0.0818
Epoch: 009, Training Time: 14.8850 secs
Epoch: 009, Inference Time: 2.0060 secs
Epoch: 009, Train Loss: 13.2134, Train RMSE: 25.8029, Train MAPE: 2.8820, Train WMAPE: 0.0739, 
Epoch: 009, Valid Loss: 16.6145, Valid RMSE: 49.0005, Valid MAPE: 5.0306, Valid WMAPE: 0.0955
###Update tasks appear###
Updating! Valid Loss: 16.614512545721873, epoch:  9
Iter: 000, Train Loss: 13.5796, Train RMSE: 27.3428, Train MAPE: 2.3978, Train WMAPE: 0.0754
Iter: 050, Train Loss: 14.7335, Train RMSE: 29.5307, Train MAPE: 3.0258, Train WMAPE: 0.0808
Epoch: 010, Training Time: 15.3609 secs
Epoch: 010, Inference Time: 1.8871 secs
Epoch: 010, Train Loss: 12.7755, Train RMSE: 25.3240, Train MAPE: 2.7356, Train WMAPE: 0.0714, 
Epoch: 010, Valid Loss: 16.1937, Valid RMSE: 48.3704, Valid MAPE: 5.2659, Valid WMAPE: 0.0931
###Update tasks appear###
Updating! Valid Loss: 16.19373791558402, epoch:  10
Iter: 000, Train Loss: 12.7963, Train RMSE: 26.0255, Train MAPE: 2.4549, Train WMAPE: 0.0710
Iter: 050, Train Loss: 14.4982, Train RMSE: 29.0848, Train MAPE: 2.7010, Train WMAPE: 0.0795
Epoch: 011, Training Time: 15.0949 secs
Epoch: 011, Inference Time: 1.9761 secs
Epoch: 011, Train Loss: 12.4971, Train RMSE: 24.8623, Train MAPE: 2.7446, Train WMAPE: 0.0699, 
Epoch: 011, Valid Loss: 15.7638, Valid RMSE: 48.2131, Valid MAPE: 3.9302, Valid WMAPE: 0.0907
###Update tasks appear###
Updating! Valid Loss: 15.763847146715436, epoch:  11
Iter: 000, Train Loss: 12.3914, Train RMSE: 25.5566, Train MAPE: 2.1535, Train WMAPE: 0.0688
Iter: 050, Train Loss: 13.9720, Train RMSE: 28.6536, Train MAPE: 1.7793, Train WMAPE: 0.0766
Epoch: 012, Training Time: 14.4852 secs
Epoch: 012, Inference Time: 1.8815 secs
Epoch: 012, Train Loss: 12.4166, Train RMSE: 24.7036, Train MAPE: 2.7476, Train WMAPE: 0.0694, 
Epoch: 012, Valid Loss: 15.7294, Valid RMSE: 48.1693, Valid MAPE: 3.7063, Valid WMAPE: 0.0904
###Update tasks appear###
Updating! Valid Loss: 15.72938176563808, epoch:  12
Iter: 000, Train Loss: 12.4007, Train RMSE: 25.6355, Train MAPE: 2.0895, Train WMAPE: 0.0688
Iter: 050, Train Loss: 13.9452, Train RMSE: 28.5386, Train MAPE: 1.5346, Train WMAPE: 0.0765
Epoch: 013, Training Time: 14.8914 secs
Epoch: 013, Inference Time: 2.0165 secs
Epoch: 013, Train Loss: 12.0590, Train RMSE: 24.3068, Train MAPE: 2.7111, Train WMAPE: 0.0674, 
Epoch: 013, Valid Loss: 16.1665, Valid RMSE: 47.9310, Valid MAPE: 9.6692, Valid WMAPE: 0.0930
No update
Iter: 000, Train Loss: 12.7770, Train RMSE: 25.8104, Train MAPE: 4.1100, Train WMAPE: 0.0709
Iter: 050, Train Loss: 13.7917, Train RMSE: 28.2424, Train MAPE: 1.7780, Train WMAPE: 0.0756
Epoch: 014, Training Time: 15.2296 secs
Epoch: 014, Inference Time: 1.8823 secs
Epoch: 014, Train Loss: 11.7836, Train RMSE: 23.9594, Train MAPE: 2.4624, Train WMAPE: 0.0659, 
Epoch: 014, Valid Loss: 15.6269, Valid RMSE: 47.4334, Valid MAPE: 7.0205, Valid WMAPE: 0.0899
###Update tasks appear###
Updating! Valid Loss: 15.626867737088885, epoch:  14
Iter: 000, Train Loss: 12.1608, Train RMSE: 24.9279, Train MAPE: 3.0681, Train WMAPE: 0.0675
Iter: 050, Train Loss: 13.5214, Train RMSE: 27.7642, Train MAPE: 1.7732, Train WMAPE: 0.0741
Epoch: 015, Training Time: 15.1053 secs
Epoch: 015, Inference Time: 1.8629 secs
Epoch: 015, Train Loss: 11.7028, Train RMSE: 23.8153, Train MAPE: 2.5487, Train WMAPE: 0.0655, 
Epoch: 015, Valid Loss: 15.4086, Valid RMSE: 47.6106, Valid MAPE: 4.6233, Valid WMAPE: 0.0886
###Update tasks appear###
Updating! Valid Loss: 15.408615691321236, epoch:  15
Iter: 000, Train Loss: 12.2145, Train RMSE: 25.3545, Train MAPE: 2.1538, Train WMAPE: 0.0678
Iter: 050, Train Loss: 14.0718, Train RMSE: 28.4642, Train MAPE: 2.0555, Train WMAPE: 0.0772
Epoch: 016, Training Time: 15.0807 secs
Epoch: 016, Inference Time: 1.9160 secs
Epoch: 016, Train Loss: 11.5059, Train RMSE: 23.5612, Train MAPE: 2.5564, Train WMAPE: 0.0644, 
Epoch: 016, Valid Loss: 15.5301, Valid RMSE: 47.5291, Valid MAPE: 5.4707, Valid WMAPE: 0.0893
No update
Iter: 000, Train Loss: 12.4058, Train RMSE: 25.4384, Train MAPE: 2.4197, Train WMAPE: 0.0689
Iter: 050, Train Loss: 13.3586, Train RMSE: 27.5212, Train MAPE: 1.6475, Train WMAPE: 0.0733
Epoch: 017, Training Time: 14.9733 secs
Epoch: 017, Inference Time: 1.9104 secs
Epoch: 017, Train Loss: 11.4013, Train RMSE: 23.4029, Train MAPE: 2.4785, Train WMAPE: 0.0638, 
Epoch: 017, Valid Loss: 14.7264, Valid RMSE: 46.7831, Valid MAPE: 3.8381, Valid WMAPE: 0.0846
###Update tasks appear###
Updating! Valid Loss: 14.726413011550903, epoch:  17
Iter: 000, Train Loss: 11.4298, Train RMSE: 24.5199, Train MAPE: 1.8304, Train WMAPE: 0.0635
Iter: 050, Train Loss: 12.9453, Train RMSE: 27.2270, Train MAPE: 1.4956, Train WMAPE: 0.0710
Epoch: 018, Training Time: 15.1683 secs
Epoch: 018, Inference Time: 1.8091 secs
Epoch: 018, Train Loss: 11.2763, Train RMSE: 23.1508, Train MAPE: 2.4030, Train WMAPE: 0.0631, 
Epoch: 018, Valid Loss: 14.9469, Valid RMSE: 46.2341, Valid MAPE: 8.5097, Valid WMAPE: 0.0860
No update
Iter: 000, Train Loss: 11.4754, Train RMSE: 23.9305, Train MAPE: 3.6377, Train WMAPE: 0.0637
Iter: 050, Train Loss: 12.8047, Train RMSE: 27.0785, Train MAPE: 1.8573, Train WMAPE: 0.0702
Epoch: 019, Training Time: 14.8509 secs
Epoch: 019, Inference Time: 1.8683 secs
Epoch: 019, Train Loss: 11.1479, Train RMSE: 22.9603, Train MAPE: 2.4431, Train WMAPE: 0.0624, 
Epoch: 019, Valid Loss: 14.7769, Valid RMSE: 46.3040, Valid MAPE: 3.9157, Valid WMAPE: 0.0849
No update
Iter: 000, Train Loss: 11.6321, Train RMSE: 24.5645, Train MAPE: 1.8709, Train WMAPE: 0.0646
Iter: 050, Train Loss: 12.8100, Train RMSE: 27.1357, Train MAPE: 1.5282, Train WMAPE: 0.0702
Epoch: 020, Training Time: 15.0912 secs
Epoch: 020, Inference Time: 1.8946 secs
Epoch: 020, Train Loss: 10.9708, Train RMSE: 22.7653, Train MAPE: 2.3914, Train WMAPE: 0.0614, 
Epoch: 020, Valid Loss: 14.6996, Valid RMSE: 46.0509, Valid MAPE: 3.8959, Valid WMAPE: 0.0845
###Update tasks appear###
Updating! Valid Loss: 14.69955679348537, epoch:  20
Iter: 000, Train Loss: 11.5159, Train RMSE: 24.2399, Train MAPE: 1.8390, Train WMAPE: 0.0639
Iter: 050, Train Loss: 12.6778, Train RMSE: 26.5689, Train MAPE: 2.2791, Train WMAPE: 0.0695
Epoch: 021, Training Time: 14.8754 secs
Epoch: 021, Inference Time: 1.9131 secs
Epoch: 021, Train Loss: 10.9071, Train RMSE: 22.5772, Train MAPE: 2.4280, Train WMAPE: 0.0610, 
Epoch: 021, Valid Loss: 14.9740, Valid RMSE: 46.0211, Valid MAPE: 3.6851, Valid WMAPE: 0.0860
No update
Iter: 000, Train Loss: 12.0055, Train RMSE: 24.8976, Train MAPE: 1.6799, Train WMAPE: 0.0667
Iter: 050, Train Loss: 12.9663, Train RMSE: 26.7037, Train MAPE: 2.2008, Train WMAPE: 0.0711
Epoch: 022, Training Time: 14.7784 secs
Epoch: 022, Inference Time: 1.9034 secs
Epoch: 022, Train Loss: 10.9183, Train RMSE: 22.5667, Train MAPE: 2.4785, Train WMAPE: 0.0611, 
Epoch: 022, Valid Loss: 14.4774, Valid RMSE: 45.0056, Valid MAPE: 8.2976, Valid WMAPE: 0.0832
###Update tasks appear###
Updating! Valid Loss: 14.477387530463082, epoch:  22
Iter: 000, Train Loss: 11.3229, Train RMSE: 23.5753, Train MAPE: 3.6118, Train WMAPE: 0.0629
Iter: 050, Train Loss: 12.7338, Train RMSE: 26.9925, Train MAPE: 1.4375, Train WMAPE: 0.0698
Epoch: 023, Training Time: 14.8715 secs
Epoch: 023, Inference Time: 1.8950 secs
Epoch: 023, Train Loss: 10.7278, Train RMSE: 22.3834, Train MAPE: 2.1397, Train WMAPE: 0.0600, 
Epoch: 023, Valid Loss: 14.3476, Valid RMSE: 45.2133, Valid MAPE: 5.1865, Valid WMAPE: 0.0824
###Update tasks appear###
Updating! Valid Loss: 14.347557033811297, epoch:  23
Iter: 000, Train Loss: 11.2870, Train RMSE: 24.0520, Train MAPE: 2.2692, Train WMAPE: 0.0627
Iter: 050, Train Loss: 12.4121, Train RMSE: 26.3161, Train MAPE: 2.0147, Train WMAPE: 0.0681
Epoch: 024, Training Time: 14.8209 secs
Epoch: 024, Inference Time: 1.9503 secs
Epoch: 024, Train Loss: 10.6160, Train RMSE: 22.1482, Train MAPE: 2.2557, Train WMAPE: 0.0594, 
Epoch: 024, Valid Loss: 13.6678, Valid RMSE: 44.2019, Valid MAPE: 4.7408, Valid WMAPE: 0.0785
###Update tasks appear###
Updating! Valid Loss: 13.66780355998448, epoch:  24
Iter: 000, Train Loss: 10.6222, Train RMSE: 23.1757, Train MAPE: 1.8922, Train WMAPE: 0.0590
Iter: 050, Train Loss: 12.4251, Train RMSE: 26.3717, Train MAPE: 1.5695, Train WMAPE: 0.0681
Epoch: 025, Training Time: 14.5797 secs
Epoch: 025, Inference Time: 1.8145 secs
Epoch: 025, Train Loss: 10.5687, Train RMSE: 21.9977, Train MAPE: 2.2537, Train WMAPE: 0.0591, 
Epoch: 025, Valid Loss: 15.1994, Valid RMSE: 45.4342, Valid MAPE: 4.8482, Valid WMAPE: 0.0873
No update
Iter: 000, Train Loss: 12.3865, Train RMSE: 25.1580, Train MAPE: 1.9558, Train WMAPE: 0.0688
Iter: 050, Train Loss: 12.3947, Train RMSE: 26.0793, Train MAPE: 1.9920, Train WMAPE: 0.0680
Epoch: 026, Training Time: 14.4746 secs
Epoch: 026, Inference Time: 1.8885 secs
Epoch: 026, Train Loss: 10.5822, Train RMSE: 21.9357, Train MAPE: 2.3446, Train WMAPE: 0.0592, 
Epoch: 026, Valid Loss: 13.6479, Valid RMSE: 43.8760, Valid MAPE: 3.8671, Valid WMAPE: 0.0784
###Update tasks appear###
Updating! Valid Loss: 13.647865465709142, epoch:  26
Iter: 000, Train Loss: 10.7255, Train RMSE: 23.2956, Train MAPE: 1.6922, Train WMAPE: 0.0595
Iter: 050, Train Loss: 12.3601, Train RMSE: 25.8150, Train MAPE: 1.8774, Train WMAPE: 0.0678
Epoch: 027, Training Time: 14.8859 secs
Epoch: 027, Inference Time: 1.8877 secs
Epoch: 027, Train Loss: 10.3644, Train RMSE: 21.6084, Train MAPE: 2.2852, Train WMAPE: 0.0580, 
Epoch: 027, Valid Loss: 13.9345, Valid RMSE: 43.4705, Valid MAPE: 8.6112, Valid WMAPE: 0.0801
No update
Iter: 000, Train Loss: 11.0591, Train RMSE: 23.1598, Train MAPE: 3.3169, Train WMAPE: 0.0614
Iter: 050, Train Loss: 12.2104, Train RMSE: 25.5844, Train MAPE: 2.2043, Train WMAPE: 0.0670
Epoch: 028, Training Time: 14.7997 secs
Epoch: 028, Inference Time: 1.8994 secs
Epoch: 028, Train Loss: 10.3096, Train RMSE: 21.5217, Train MAPE: 2.2287, Train WMAPE: 0.0577, 
Epoch: 028, Valid Loss: 13.8499, Valid RMSE: 43.3469, Valid MAPE: 8.2759, Valid WMAPE: 0.0796
No update
Iter: 000, Train Loss: 10.9253, Train RMSE: 23.0236, Train MAPE: 3.1777, Train WMAPE: 0.0607
Iter: 050, Train Loss: 12.0594, Train RMSE: 25.7682, Train MAPE: 1.3229, Train WMAPE: 0.0661
Epoch: 029, Training Time: 15.1967 secs
Epoch: 029, Inference Time: 1.9770 secs
Epoch: 029, Train Loss: 10.1450, Train RMSE: 21.4094, Train MAPE: 1.8785, Train WMAPE: 0.0567, 
Epoch: 029, Valid Loss: 14.0842, Valid RMSE: 44.1698, Valid MAPE: 3.2209, Valid WMAPE: 0.0809
No update
Iter: 000, Train Loss: 11.0852, Train RMSE: 24.0075, Train MAPE: 1.4712, Train WMAPE: 0.0615
Iter: 050, Train Loss: 12.1012, Train RMSE: 25.4878, Train MAPE: 1.7151, Train WMAPE: 0.0664
Epoch: 030, Training Time: 15.1055 secs
Epoch: 030, Inference Time: 1.8957 secs
Epoch: 030, Train Loss: 10.2618, Train RMSE: 21.3838, Train MAPE: 2.2929, Train WMAPE: 0.0574, 
Epoch: 030, Valid Loss: 13.5784, Valid RMSE: 42.7512, Valid MAPE: 8.2980, Valid WMAPE: 0.0780
###Update tasks appear###
Updating! Valid Loss: 13.57835476739066, epoch:  30
Iter: 000, Train Loss: 10.7669, Train RMSE: 22.8397, Train MAPE: 3.3694, Train WMAPE: 0.0598
Iter: 050, Train Loss: 12.1271, Train RMSE: 25.1779, Train MAPE: 2.2044, Train WMAPE: 0.0665
Epoch: 031, Training Time: 15.2164 secs
Epoch: 031, Inference Time: 2.0507 secs
Epoch: 031, Train Loss: 10.0676, Train RMSE: 21.0621, Train MAPE: 2.1395, Train WMAPE: 0.0563, 
Epoch: 031, Valid Loss: 13.6684, Valid RMSE: 42.6475, Valid MAPE: 8.5390, Valid WMAPE: 0.0785
No update
Iter: 000, Train Loss: 10.7935, Train RMSE: 22.6442, Train MAPE: 3.4260, Train WMAPE: 0.0599
Iter: 050, Train Loss: 11.9879, Train RMSE: 25.1415, Train MAPE: 1.6717, Train WMAPE: 0.0657
Epoch: 032, Training Time: 15.1978 secs
Epoch: 032, Inference Time: 1.8017 secs
Epoch: 032, Train Loss: 10.0003, Train RMSE: 20.9687, Train MAPE: 2.0596, Train WMAPE: 0.0559, 
Epoch: 032, Valid Loss: 13.2223, Valid RMSE: 42.3725, Valid MAPE: 5.8846, Valid WMAPE: 0.0760
###Update tasks appear###
Updating! Valid Loss: 13.222329480307442, epoch:  32
Iter: 000, Train Loss: 10.4493, Train RMSE: 22.3011, Train MAPE: 2.4389, Train WMAPE: 0.0580
Iter: 050, Train Loss: 11.6729, Train RMSE: 24.4755, Train MAPE: 1.7018, Train WMAPE: 0.0640
Epoch: 033, Training Time: 14.9645 secs
Epoch: 033, Inference Time: 1.9083 secs
Epoch: 033, Train Loss: 9.9314, Train RMSE: 20.7633, Train MAPE: 2.1340, Train WMAPE: 0.0555, 
Epoch: 033, Valid Loss: 13.4091, Valid RMSE: 42.2808, Valid MAPE: 8.0664, Valid WMAPE: 0.0770
No update
Iter: 000, Train Loss: 10.6244, Train RMSE: 22.6117, Train MAPE: 3.3165, Train WMAPE: 0.0590
Iter: 050, Train Loss: 11.7244, Train RMSE: 24.5642, Train MAPE: 1.6351, Train WMAPE: 0.0643
Epoch: 034, Training Time: 14.8883 secs
Epoch: 034, Inference Time: 1.8001 secs
Epoch: 034, Train Loss: 9.8576, Train RMSE: 20.6509, Train MAPE: 2.1403, Train WMAPE: 0.0551, 
Epoch: 034, Valid Loss: 13.4351, Valid RMSE: 42.0259, Valid MAPE: 9.1319, Valid WMAPE: 0.0772
No update
Iter: 000, Train Loss: 10.7173, Train RMSE: 22.5142, Train MAPE: 3.7528, Train WMAPE: 0.0595
Iter: 050, Train Loss: 11.9373, Train RMSE: 25.0403, Train MAPE: 1.8626, Train WMAPE: 0.0655
Epoch: 035, Training Time: 15.0797 secs
Epoch: 035, Inference Time: 1.9068 secs
Epoch: 035, Train Loss: 9.8202, Train RMSE: 20.6152, Train MAPE: 2.0011, Train WMAPE: 0.0549, 
Epoch: 035, Valid Loss: 13.2729, Valid RMSE: 42.4868, Valid MAPE: 4.1164, Valid WMAPE: 0.0762
No update
Iter: 000, Train Loss: 10.4973, Train RMSE: 22.6558, Train MAPE: 1.8180, Train WMAPE: 0.0583
Iter: 050, Train Loss: 11.4850, Train RMSE: 24.0192, Train MAPE: 1.1065, Train WMAPE: 0.0630
Epoch: 036, Training Time: 14.9900 secs
Epoch: 036, Inference Time: 1.9850 secs
Epoch: 036, Train Loss: 9.7787, Train RMSE: 20.3858, Train MAPE: 2.2112, Train WMAPE: 0.0547, 
Epoch: 036, Valid Loss: 13.1447, Valid RMSE: 41.4606, Valid MAPE: 8.6791, Valid WMAPE: 0.0755
###Update tasks appear###
Updating! Valid Loss: 13.14469303403582, epoch:  36
Iter: 000, Train Loss: 10.2273, Train RMSE: 21.5735, Train MAPE: 3.4373, Train WMAPE: 0.0568
Iter: 050, Train Loss: 11.4747, Train RMSE: 23.3713, Train MAPE: 2.0723, Train WMAPE: 0.0629
Epoch: 037, Training Time: 15.0152 secs
Epoch: 037, Inference Time: 2.0689 secs
Epoch: 037, Train Loss: 9.6527, Train RMSE: 20.1346, Train MAPE: 2.0619, Train WMAPE: 0.0540, 
Epoch: 037, Valid Loss: 13.1916, Valid RMSE: 41.4106, Valid MAPE: 8.5343, Valid WMAPE: 0.0758
No update
Iter: 000, Train Loss: 10.3542, Train RMSE: 21.8015, Train MAPE: 3.2873, Train WMAPE: 0.0575
Iter: 050, Train Loss: 11.5384, Train RMSE: 24.0940, Train MAPE: 1.6024, Train WMAPE: 0.0633
Epoch: 038, Training Time: 15.1385 secs
Epoch: 038, Inference Time: 1.9435 secs
Epoch: 038, Train Loss: 9.7809, Train RMSE: 20.3790, Train MAPE: 2.0706, Train WMAPE: 0.0547, 
Epoch: 038, Valid Loss: 13.1495, Valid RMSE: 42.1513, Valid MAPE: 5.2155, Valid WMAPE: 0.0755
No update
Iter: 000, Train Loss: 10.2636, Train RMSE: 22.0457, Train MAPE: 2.1559, Train WMAPE: 0.0570
Iter: 050, Train Loss: 11.0475, Train RMSE: 22.7249, Train MAPE: 1.5980, Train WMAPE: 0.0606
Epoch: 039, Training Time: 14.7238 secs
Epoch: 039, Inference Time: 1.9506 secs
Epoch: 039, Train Loss: 9.5261, Train RMSE: 19.8820, Train MAPE: 2.1792, Train WMAPE: 0.0533, 
Epoch: 039, Valid Loss: 12.7654, Valid RMSE: 41.5720, Valid MAPE: 3.2674, Valid WMAPE: 0.0733
###Update tasks appear###
Updating! Valid Loss: 12.76542329788208, epoch:  39
Iter: 000, Train Loss: 9.8326, Train RMSE: 21.6166, Train MAPE: 1.2804, Train WMAPE: 0.0546
Iter: 050, Train Loss: 11.4746, Train RMSE: 23.6427, Train MAPE: 1.7449, Train WMAPE: 0.0629
Epoch: 040, Training Time: 14.7822 secs
Epoch: 040, Inference Time: 1.8833 secs
Epoch: 040, Train Loss: 9.4387, Train RMSE: 19.7478, Train MAPE: 2.0621, Train WMAPE: 0.0528, 
Epoch: 040, Valid Loss: 13.4804, Valid RMSE: 42.1323, Valid MAPE: 3.8451, Valid WMAPE: 0.0774
No update
Iter: 000, Train Loss: 10.7172, Train RMSE: 22.8398, Train MAPE: 1.4328, Train WMAPE: 0.0595
Iter: 050, Train Loss: 11.8819, Train RMSE: 24.6233, Train MAPE: 1.4030, Train WMAPE: 0.0652
Epoch: 041, Training Time: 14.7049 secs
Epoch: 041, Inference Time: 1.8109 secs
Epoch: 041, Train Loss: 9.6086, Train RMSE: 20.0159, Train MAPE: 2.0422, Train WMAPE: 0.0537, 
Epoch: 041, Valid Loss: 13.0037, Valid RMSE: 41.4788, Valid MAPE: 4.8020, Valid WMAPE: 0.0747
No update
Iter: 000, Train Loss: 10.0361, Train RMSE: 21.7724, Train MAPE: 1.9201, Train WMAPE: 0.0557
Iter: 050, Train Loss: 10.9371, Train RMSE: 22.8819, Train MAPE: 1.9050, Train WMAPE: 0.0600
Epoch: 042, Training Time: 14.8868 secs
Epoch: 042, Inference Time: 1.9022 secs
Epoch: 042, Train Loss: 9.2884, Train RMSE: 19.5567, Train MAPE: 1.9419, Train WMAPE: 0.0519, 
Epoch: 042, Valid Loss: 12.4468, Valid RMSE: 40.9221, Valid MAPE: 2.8954, Valid WMAPE: 0.0715
###Update tasks appear###
Updating! Valid Loss: 12.446830204554967, epoch:  42
Iter: 000, Train Loss: 9.5359, Train RMSE: 20.8599, Train MAPE: 1.2125, Train WMAPE: 0.0529
Iter: 050, Train Loss: 10.6617, Train RMSE: 21.8278, Train MAPE: 1.6085, Train WMAPE: 0.0585
Epoch: 043, Training Time: 15.1631 secs
Epoch: 043, Inference Time: 1.9128 secs
Epoch: 043, Train Loss: 9.2614, Train RMSE: 19.3581, Train MAPE: 2.1160, Train WMAPE: 0.0518, 
Epoch: 043, Valid Loss: 12.3833, Valid RMSE: 40.8018, Valid MAPE: 3.4550, Valid WMAPE: 0.0711
###Update tasks appear###
Updating! Valid Loss: 12.383314405168806, epoch:  43
Iter: 000, Train Loss: 9.4834, Train RMSE: 20.7689, Train MAPE: 1.3862, Train WMAPE: 0.0526
Iter: 050, Train Loss: 10.6367, Train RMSE: 22.0609, Train MAPE: 1.4224, Train WMAPE: 0.0583
Epoch: 044, Training Time: 14.7576 secs
Epoch: 044, Inference Time: 1.9024 secs
Epoch: 044, Train Loss: 9.2650, Train RMSE: 19.3616, Train MAPE: 2.0065, Train WMAPE: 0.0518, 
Epoch: 044, Valid Loss: 12.8725, Valid RMSE: 40.6748, Valid MAPE: 8.0164, Valid WMAPE: 0.0739
No update
Iter: 000, Train Loss: 10.0207, Train RMSE: 21.1110, Train MAPE: 3.2174, Train WMAPE: 0.0556
Iter: 050, Train Loss: 10.4764, Train RMSE: 21.5137, Train MAPE: 1.3220, Train WMAPE: 0.0574
Epoch: 045, Training Time: 14.8147 secs
Epoch: 045, Inference Time: 1.8751 secs
Epoch: 045, Train Loss: 9.1685, Train RMSE: 19.2744, Train MAPE: 1.9329, Train WMAPE: 0.0513, 
Epoch: 045, Valid Loss: 12.8103, Valid RMSE: 40.7813, Valid MAPE: 8.2175, Valid WMAPE: 0.0736
No update
Iter: 000, Train Loss: 9.8302, Train RMSE: 20.9664, Train MAPE: 3.1308, Train WMAPE: 0.0546
Iter: 050, Train Loss: 10.6112, Train RMSE: 21.4845, Train MAPE: 1.4213, Train WMAPE: 0.0582
Epoch: 046, Training Time: 15.0849 secs
Epoch: 046, Inference Time: 1.8985 secs
Epoch: 046, Train Loss: 9.1656, Train RMSE: 19.1943, Train MAPE: 1.9541, Train WMAPE: 0.0513, 
Epoch: 046, Valid Loss: 12.7247, Valid RMSE: 40.5958, Valid MAPE: 8.3849, Valid WMAPE: 0.0731
No update
Iter: 000, Train Loss: 9.7700, Train RMSE: 20.6325, Train MAPE: 3.2872, Train WMAPE: 0.0542
Iter: 050, Train Loss: 10.8979, Train RMSE: 22.2622, Train MAPE: 1.1589, Train WMAPE: 0.0598
Epoch: 047, Training Time: 14.9909 secs
Epoch: 047, Inference Time: 2.0898 secs
Epoch: 047, Train Loss: 9.1593, Train RMSE: 19.1400, Train MAPE: 2.0575, Train WMAPE: 0.0512, 
Epoch: 047, Valid Loss: 12.2196, Valid RMSE: 40.4299, Valid MAPE: 3.9389, Valid WMAPE: 0.0702
###Update tasks appear###
Updating! Valid Loss: 12.21957176072257, epoch:  47
Iter: 000, Train Loss: 9.3558, Train RMSE: 20.5494, Train MAPE: 1.6187, Train WMAPE: 0.0519
Iter: 050, Train Loss: 10.8302, Train RMSE: 22.4077, Train MAPE: 1.6086, Train WMAPE: 0.0594
Epoch: 048, Training Time: 14.6687 secs
Epoch: 048, Inference Time: 1.8877 secs
Epoch: 048, Train Loss: 9.1175, Train RMSE: 19.1322, Train MAPE: 1.9269, Train WMAPE: 0.0510, 
Epoch: 048, Valid Loss: 12.1651, Valid RMSE: 40.3688, Valid MAPE: 4.5840, Valid WMAPE: 0.0699
###Update tasks appear###
Updating! Valid Loss: 12.16505513872419, epoch:  48
Iter: 000, Train Loss: 9.1298, Train RMSE: 19.9811, Train MAPE: 1.8052, Train WMAPE: 0.0507
Iter: 050, Train Loss: 10.4153, Train RMSE: 21.4969, Train MAPE: 1.5855, Train WMAPE: 0.0571
Epoch: 049, Training Time: 14.8615 secs
Epoch: 049, Inference Time: 1.8847 secs
Epoch: 049, Train Loss: 8.9817, Train RMSE: 18.8621, Train MAPE: 1.9237, Train WMAPE: 0.0502, 
Epoch: 049, Valid Loss: 12.7090, Valid RMSE: 40.4064, Valid MAPE: 8.9222, Valid WMAPE: 0.0730
No update
Iter: 000, Train Loss: 9.7249, Train RMSE: 20.2558, Train MAPE: 3.6105, Train WMAPE: 0.0540
Iter: 050, Train Loss: 10.3169, Train RMSE: 21.2999, Train MAPE: 1.5877, Train WMAPE: 0.0566
Epoch: 050, Training Time: 15.1025 secs
Epoch: 050, Inference Time: 1.9090 secs
Epoch: 050, Train Loss: 8.9886, Train RMSE: 18.8420, Train MAPE: 1.9700, Train WMAPE: 0.0503, 
Epoch: 050, Valid Loss: 12.2821, Valid RMSE: 40.7605, Valid MAPE: 3.8664, Valid WMAPE: 0.0705
No update
Iter: 000, Train Loss: 9.2283, Train RMSE: 20.4097, Train MAPE: 1.7113, Train WMAPE: 0.0512
Iter: 050, Train Loss: 9.9443, Train RMSE: 20.7667, Train MAPE: 1.2529, Train WMAPE: 0.0545
Epoch: 051, Training Time: 15.1840 secs
Epoch: 051, Inference Time: 1.8959 secs
Epoch: 051, Train Loss: 8.8736, Train RMSE: 18.6864, Train MAPE: 1.9711, Train WMAPE: 0.0496, 
Epoch: 051, Valid Loss: 12.3619, Valid RMSE: 40.5555, Valid MAPE: 3.4093, Valid WMAPE: 0.0710
No update
Iter: 000, Train Loss: 9.2860, Train RMSE: 20.2968, Train MAPE: 1.3564, Train WMAPE: 0.0516
Iter: 050, Train Loss: 10.3179, Train RMSE: 20.9561, Train MAPE: 1.5452, Train WMAPE: 0.0566
Epoch: 052, Training Time: 14.5898 secs
Epoch: 052, Inference Time: 1.8856 secs
Epoch: 052, Train Loss: 8.8498, Train RMSE: 18.5760, Train MAPE: 1.9465, Train WMAPE: 0.0495, 
Epoch: 052, Valid Loss: 12.2334, Valid RMSE: 40.2947, Valid MAPE: 4.0316, Valid WMAPE: 0.0703
No update
Iter: 000, Train Loss: 9.0900, Train RMSE: 19.8989, Train MAPE: 1.4333, Train WMAPE: 0.0505
Iter: 050, Train Loss: 10.0867, Train RMSE: 20.9139, Train MAPE: 1.5822, Train WMAPE: 0.0553
Epoch: 053, Training Time: 14.4996 secs
Epoch: 053, Inference Time: 1.9923 secs
Epoch: 053, Train Loss: 8.8204, Train RMSE: 18.5766, Train MAPE: 1.9219, Train WMAPE: 0.0493, 
Epoch: 053, Valid Loss: 12.5040, Valid RMSE: 40.6425, Valid MAPE: 3.9002, Valid WMAPE: 0.0718
No update
Iter: 000, Train Loss: 9.4265, Train RMSE: 20.2286, Train MAPE: 1.5792, Train WMAPE: 0.0523
Iter: 050, Train Loss: 10.3742, Train RMSE: 21.1966, Train MAPE: 1.8981, Train WMAPE: 0.0569
Epoch: 054, Training Time: 15.0908 secs
Epoch: 054, Inference Time: 1.8942 secs
Epoch: 054, Train Loss: 8.9351, Train RMSE: 18.7080, Train MAPE: 1.9503, Train WMAPE: 0.0500, 
Epoch: 054, Valid Loss: 12.2216, Valid RMSE: 40.1958, Valid MAPE: 6.7526, Valid WMAPE: 0.0702
No update
Iter: 000, Train Loss: 9.0996, Train RMSE: 19.6970, Train MAPE: 2.5736, Train WMAPE: 0.0505
Iter: 050, Train Loss: 9.9973, Train RMSE: 20.1308, Train MAPE: 1.4059, Train WMAPE: 0.0548
Epoch: 055, Training Time: 14.9005 secs
Epoch: 055, Inference Time: 2.0018 secs
Epoch: 055, Train Loss: 8.8261, Train RMSE: 18.4958, Train MAPE: 1.8749, Train WMAPE: 0.0494, 
Epoch: 055, Valid Loss: 13.1390, Valid RMSE: 41.4852, Valid MAPE: 3.6364, Valid WMAPE: 0.0754
No update
Iter: 000, Train Loss: 10.0313, Train RMSE: 21.0310, Train MAPE: 1.4964, Train WMAPE: 0.0557
Iter: 050, Train Loss: 9.7786, Train RMSE: 20.1447, Train MAPE: 1.0328, Train WMAPE: 0.0536
Epoch: 056, Training Time: 15.5208 secs
Epoch: 056, Inference Time: 2.0507 secs
Epoch: 056, Train Loss: 8.7369, Train RMSE: 18.4192, Train MAPE: 1.8329, Train WMAPE: 0.0489, 
Epoch: 056, Valid Loss: 11.9220, Valid RMSE: 40.1795, Valid MAPE: 3.2277, Valid WMAPE: 0.0685
###Update tasks appear###
Updating! Valid Loss: 11.922037703650338, epoch:  56
Iter: 000, Train Loss: 8.9182, Train RMSE: 19.5799, Train MAPE: 1.3243, Train WMAPE: 0.0495
Iter: 050, Train Loss: 9.8051, Train RMSE: 20.2125, Train MAPE: 1.0221, Train WMAPE: 0.0538
Epoch: 057, Training Time: 14.6749 secs
Epoch: 057, Inference Time: 1.8871 secs
Epoch: 057, Train Loss: 8.6018, Train RMSE: 18.1765, Train MAPE: 1.8248, Train WMAPE: 0.0481, 
Epoch: 057, Valid Loss: 12.2474, Valid RMSE: 39.8881, Valid MAPE: 7.7176, Valid WMAPE: 0.0703
No update
Iter: 000, Train Loss: 9.1165, Train RMSE: 19.2082, Train MAPE: 2.7190, Train WMAPE: 0.0506
Iter: 050, Train Loss: 9.6108, Train RMSE: 20.0192, Train MAPE: 1.2086, Train WMAPE: 0.0527
Epoch: 058, Training Time: 14.8956 secs
Epoch: 058, Inference Time: 1.8871 secs
Epoch: 058, Train Loss: 8.6115, Train RMSE: 18.1410, Train MAPE: 1.7788, Train WMAPE: 0.0482, 
Epoch: 058, Valid Loss: 12.1984, Valid RMSE: 39.8597, Valid MAPE: 7.6789, Valid WMAPE: 0.0701
No update
Iter: 000, Train Loss: 9.2060, Train RMSE: 19.5603, Train MAPE: 3.1264, Train WMAPE: 0.0511
Iter: 050, Train Loss: 9.5597, Train RMSE: 19.5903, Train MAPE: 1.1770, Train WMAPE: 0.0524
Epoch: 059, Training Time: 15.0950 secs
Epoch: 059, Inference Time: 1.9187 secs
Epoch: 059, Train Loss: 8.5624, Train RMSE: 18.0707, Train MAPE: 1.8279, Train WMAPE: 0.0479, 
Epoch: 059, Valid Loss: 12.0976, Valid RMSE: 40.1529, Valid MAPE: 5.8405, Valid WMAPE: 0.0695
No update
Iter: 000, Train Loss: 8.9940, Train RMSE: 19.4707, Train MAPE: 2.2393, Train WMAPE: 0.0499
Iter: 050, Train Loss: 9.1525, Train RMSE: 18.9755, Train MAPE: 1.2861, Train WMAPE: 0.0502
Epoch: 060, Training Time: 15.1707 secs
Epoch: 060, Inference Time: 1.9043 secs
Epoch: 060, Train Loss: 8.5640, Train RMSE: 18.0477, Train MAPE: 1.9125, Train WMAPE: 0.0479, 
Epoch: 060, Valid Loss: 11.8319, Valid RMSE: 39.7529, Valid MAPE: 3.6740, Valid WMAPE: 0.0679
###Update tasks appear###
Updating! Valid Loss: 11.831947088241577, epoch:  60
Iter: 000, Train Loss: 8.6077, Train RMSE: 18.8636, Train MAPE: 1.3758, Train WMAPE: 0.0478
Iter: 050, Train Loss: 9.9195, Train RMSE: 20.3348, Train MAPE: 1.9898, Train WMAPE: 0.0544
Epoch: 061, Training Time: 14.8643 secs
Epoch: 061, Inference Time: 1.9092 secs
Epoch: 061, Train Loss: 8.5218, Train RMSE: 17.9604, Train MAPE: 1.9662, Train WMAPE: 0.0477, 
Epoch: 061, Valid Loss: 12.1626, Valid RMSE: 39.7988, Valid MAPE: 8.0135, Valid WMAPE: 0.0698
No update
Iter: 000, Train Loss: 9.1268, Train RMSE: 19.0600, Train MAPE: 3.1490, Train WMAPE: 0.0507
Iter: 050, Train Loss: 9.3477, Train RMSE: 19.0282, Train MAPE: 1.4858, Train WMAPE: 0.0513
Epoch: 062, Training Time: 15.1835 secs
Epoch: 062, Inference Time: 2.0004 secs
Epoch: 062, Train Loss: 8.4221, Train RMSE: 17.7786, Train MAPE: 1.7666, Train WMAPE: 0.0471, 
Epoch: 062, Valid Loss: 12.1795, Valid RMSE: 39.5876, Valid MAPE: 7.8515, Valid WMAPE: 0.0699
No update
Iter: 000, Train Loss: 9.0770, Train RMSE: 19.1409, Train MAPE: 3.1081, Train WMAPE: 0.0504
Iter: 050, Train Loss: 9.3304, Train RMSE: 19.3402, Train MAPE: 1.1899, Train WMAPE: 0.0512
Epoch: 063, Training Time: 15.0722 secs
Epoch: 063, Inference Time: 1.8053 secs
Epoch: 063, Train Loss: 8.4070, Train RMSE: 17.8608, Train MAPE: 1.6904, Train WMAPE: 0.0470, 
Epoch: 063, Valid Loss: 11.7905, Valid RMSE: 39.5452, Valid MAPE: 3.9274, Valid WMAPE: 0.0677
###Update tasks appear###
Updating! Valid Loss: 11.790464162826538, epoch:  63
Iter: 000, Train Loss: 8.5425, Train RMSE: 18.8317, Train MAPE: 1.3150, Train WMAPE: 0.0474
Iter: 050, Train Loss: 9.7438, Train RMSE: 19.5624, Train MAPE: 1.3261, Train WMAPE: 0.0534
Epoch: 064, Training Time: 14.3753 secs
Epoch: 064, Inference Time: 1.9046 secs
Epoch: 064, Train Loss: 8.4234, Train RMSE: 17.8062, Train MAPE: 1.7835, Train WMAPE: 0.0471, 
Epoch: 064, Valid Loss: 11.9984, Valid RMSE: 39.4591, Valid MAPE: 7.3861, Valid WMAPE: 0.0689
No update
Iter: 000, Train Loss: 8.8276, Train RMSE: 18.7457, Train MAPE: 2.6454, Train WMAPE: 0.0490
Iter: 050, Train Loss: 9.3834, Train RMSE: 19.3063, Train MAPE: 0.9728, Train WMAPE: 0.0515
Epoch: 065, Training Time: 14.7810 secs
Epoch: 065, Inference Time: 1.9034 secs
Epoch: 065, Train Loss: 8.4369, Train RMSE: 17.8737, Train MAPE: 1.6940, Train WMAPE: 0.0472, 
Epoch: 065, Valid Loss: 11.9942, Valid RMSE: 39.7909, Valid MAPE: 6.9703, Valid WMAPE: 0.0689
No update
Iter: 000, Train Loss: 8.6816, Train RMSE: 18.6875, Train MAPE: 2.6904, Train WMAPE: 0.0482
Iter: 050, Train Loss: 9.1558, Train RMSE: 18.6175, Train MAPE: 1.4377, Train WMAPE: 0.0502
Epoch: 066, Training Time: 14.7828 secs
Epoch: 066, Inference Time: 1.9100 secs
Epoch: 066, Train Loss: 8.2730, Train RMSE: 17.4539, Train MAPE: 1.7391, Train WMAPE: 0.0463, 
Epoch: 066, Valid Loss: 11.5449, Valid RMSE: 39.3837, Valid MAPE: 3.8074, Valid WMAPE: 0.0663
###Update tasks appear###
Updating! Valid Loss: 11.54487909589495, epoch:  66
Iter: 000, Train Loss: 8.3769, Train RMSE: 18.3097, Train MAPE: 1.4643, Train WMAPE: 0.0465
Iter: 050, Train Loss: 9.0937, Train RMSE: 18.6119, Train MAPE: 1.2034, Train WMAPE: 0.0499
Epoch: 067, Training Time: 15.0593 secs
Epoch: 067, Inference Time: 1.9919 secs
Epoch: 067, Train Loss: 8.1706, Train RMSE: 17.4491, Train MAPE: 1.4830, Train WMAPE: 0.0457, 
Epoch: 067, Valid Loss: 11.9386, Valid RMSE: 39.6119, Valid MAPE: 3.9389, Valid WMAPE: 0.0686
No update
Iter: 000, Train Loss: 8.6104, Train RMSE: 18.4293, Train MAPE: 1.4290, Train WMAPE: 0.0478
Iter: 050, Train Loss: 8.7664, Train RMSE: 18.1558, Train MAPE: 0.9279, Train WMAPE: 0.0481
Epoch: 068, Training Time: 14.9886 secs
Epoch: 068, Inference Time: 1.8973 secs
Epoch: 068, Train Loss: 8.1891, Train RMSE: 17.3958, Train MAPE: 1.6063, Train WMAPE: 0.0458, 
Epoch: 068, Valid Loss: 11.6322, Valid RMSE: 39.5085, Valid MAPE: 2.5047, Valid WMAPE: 0.0668
No update
Iter: 000, Train Loss: 8.3021, Train RMSE: 18.3028, Train MAPE: 0.9775, Train WMAPE: 0.0461
Iter: 050, Train Loss: 8.8865, Train RMSE: 18.1855, Train MAPE: 1.2341, Train WMAPE: 0.0487
Epoch: 069, Training Time: 14.4879 secs
Epoch: 069, Inference Time: 1.9210 secs
Epoch: 069, Train Loss: 8.1286, Train RMSE: 17.1970, Train MAPE: 1.7146, Train WMAPE: 0.0455, 
Epoch: 069, Valid Loss: 11.8664, Valid RMSE: 39.3766, Valid MAPE: 7.7274, Valid WMAPE: 0.0681
No update
Iter: 000, Train Loss: 8.5143, Train RMSE: 18.2000, Train MAPE: 2.9017, Train WMAPE: 0.0473
Iter: 050, Train Loss: 8.9587, Train RMSE: 18.4845, Train MAPE: 1.1380, Train WMAPE: 0.0491
Epoch: 070, Training Time: 14.3730 secs
Epoch: 070, Inference Time: 1.8963 secs
Epoch: 070, Train Loss: 8.1103, Train RMSE: 17.1679, Train MAPE: 1.7183, Train WMAPE: 0.0454, 
Epoch: 070, Valid Loss: 11.5688, Valid RMSE: 39.3888, Valid MAPE: 4.7372, Valid WMAPE: 0.0664
No update
Iter: 000, Train Loss: 8.5063, Train RMSE: 18.5729, Train MAPE: 1.7884, Train WMAPE: 0.0472
Iter: 050, Train Loss: 9.6456, Train RMSE: 20.2796, Train MAPE: 1.1093, Train WMAPE: 0.0529
Epoch: 071, Training Time: 14.7932 secs
Epoch: 071, Inference Time: 1.9033 secs
Epoch: 071, Train Loss: 8.1109, Train RMSE: 17.2461, Train MAPE: 1.5833, Train WMAPE: 0.0454, 
Epoch: 071, Valid Loss: 12.0908, Valid RMSE: 39.8484, Valid MAPE: 3.8982, Valid WMAPE: 0.0694
No update
Iter: 000, Train Loss: 9.0330, Train RMSE: 19.2068, Train MAPE: 1.4061, Train WMAPE: 0.0501
Iter: 050, Train Loss: 9.1034, Train RMSE: 18.9494, Train MAPE: 1.3989, Train WMAPE: 0.0499
Epoch: 072, Training Time: 15.0780 secs
Epoch: 072, Inference Time: 1.9102 secs
Epoch: 072, Train Loss: 8.1160, Train RMSE: 17.1458, Train MAPE: 1.6807, Train WMAPE: 0.0454, 
Epoch: 072, Valid Loss: 11.5207, Valid RMSE: 39.0423, Valid MAPE: 4.7948, Valid WMAPE: 0.0662
###Update tasks appear###
Updating! Valid Loss: 11.520748717444283, epoch:  72
Iter: 000, Train Loss: 8.1156, Train RMSE: 17.7983, Train MAPE: 1.8360, Train WMAPE: 0.0451
Iter: 050, Train Loss: 9.1611, Train RMSE: 18.7463, Train MAPE: 0.9014, Train WMAPE: 0.0502
Epoch: 073, Training Time: 15.1599 secs
Epoch: 073, Inference Time: 1.9125 secs
Epoch: 073, Train Loss: 8.0985, Train RMSE: 17.0308, Train MAPE: 1.6809, Train WMAPE: 0.0453, 
Epoch: 073, Valid Loss: 11.9278, Valid RMSE: 39.4394, Valid MAPE: 6.8662, Valid WMAPE: 0.0685
No update
Iter: 000, Train Loss: 8.6523, Train RMSE: 18.4791, Train MAPE: 2.5442, Train WMAPE: 0.0480
Iter: 050, Train Loss: 8.6178, Train RMSE: 17.9596, Train MAPE: 1.2925, Train WMAPE: 0.0473
Epoch: 074, Training Time: 14.9774 secs
Epoch: 074, Inference Time: 1.9912 secs
Epoch: 074, Train Loss: 7.9510, Train RMSE: 16.8413, Train MAPE: 1.6869, Train WMAPE: 0.0445, 
Epoch: 074, Valid Loss: 11.4590, Valid RMSE: 39.3116, Valid MAPE: 2.5175, Valid WMAPE: 0.0658
###Update tasks appear###
Updating! Valid Loss: 11.458965573992048, epoch:  74
Iter: 000, Train Loss: 8.1339, Train RMSE: 17.9264, Train MAPE: 0.9960, Train WMAPE: 0.0452
Iter: 050, Train Loss: 8.4512, Train RMSE: 17.2734, Train MAPE: 1.0845, Train WMAPE: 0.0463
Epoch: 075, Training Time: 15.2693 secs
Epoch: 075, Inference Time: 2.0009 secs
Epoch: 075, Train Loss: 7.9482, Train RMSE: 16.8010, Train MAPE: 1.6791, Train WMAPE: 0.0445, 
Epoch: 075, Valid Loss: 11.7201, Valid RMSE: 39.7332, Valid MAPE: 5.9730, Valid WMAPE: 0.0673
No update
Iter: 000, Train Loss: 8.1856, Train RMSE: 18.0185, Train MAPE: 2.1933, Train WMAPE: 0.0454
Iter: 050, Train Loss: 9.2875, Train RMSE: 19.5978, Train MAPE: 1.1684, Train WMAPE: 0.0509
Epoch: 076, Training Time: 14.9956 secs
Epoch: 076, Inference Time: 1.8845 secs
Epoch: 076, Train Loss: 7.9349, Train RMSE: 16.8938, Train MAPE: 1.5640, Train WMAPE: 0.0444, 
Epoch: 076, Valid Loss: 11.9799, Valid RMSE: 39.8226, Valid MAPE: 3.4500, Valid WMAPE: 0.0688
No update
Iter: 000, Train Loss: 8.5748, Train RMSE: 18.3758, Train MAPE: 1.0373, Train WMAPE: 0.0476
Iter: 050, Train Loss: 8.7453, Train RMSE: 17.5404, Train MAPE: 1.4803, Train WMAPE: 0.0480
Epoch: 077, Training Time: 14.6967 secs
Epoch: 077, Inference Time: 1.8990 secs
Epoch: 077, Train Loss: 7.8613, Train RMSE: 16.6059, Train MAPE: 1.7002, Train WMAPE: 0.0440, 
Epoch: 077, Valid Loss: 11.7774, Valid RMSE: 39.3064, Valid MAPE: 7.0145, Valid WMAPE: 0.0676
No update
Iter: 000, Train Loss: 8.2693, Train RMSE: 17.8773, Train MAPE: 2.5345, Train WMAPE: 0.0459
Iter: 050, Train Loss: 8.5349, Train RMSE: 17.4356, Train MAPE: 1.4924, Train WMAPE: 0.0468
Epoch: 078, Training Time: 14.5970 secs
Epoch: 078, Inference Time: 1.8807 secs
Epoch: 078, Train Loss: 7.8862, Train RMSE: 16.7573, Train MAPE: 1.5824, Train WMAPE: 0.0441, 
Epoch: 078, Valid Loss: 11.3298, Valid RMSE: 39.1106, Valid MAPE: 2.5336, Valid WMAPE: 0.0651
###Update tasks appear###
Updating! Valid Loss: 11.329763889312744, epoch:  78
Iter: 000, Train Loss: 7.9302, Train RMSE: 17.7475, Train MAPE: 0.9096, Train WMAPE: 0.0440
Iter: 050, Train Loss: 8.5958, Train RMSE: 17.9467, Train MAPE: 1.2742, Train WMAPE: 0.0471
Epoch: 079, Training Time: 14.7713 secs
Epoch: 079, Inference Time: 1.9106 secs
Epoch: 079, Train Loss: 7.7892, Train RMSE: 16.5266, Train MAPE: 1.6586, Train WMAPE: 0.0436, 
Epoch: 079, Valid Loss: 12.1687, Valid RMSE: 39.6720, Valid MAPE: 4.1293, Valid WMAPE: 0.0699
No update
Iter: 000, Train Loss: 8.6491, Train RMSE: 17.9221, Train MAPE: 1.2581, Train WMAPE: 0.0480
Iter: 050, Train Loss: 8.7614, Train RMSE: 18.0701, Train MAPE: 1.5133, Train WMAPE: 0.0480
Epoch: 080, Training Time: 15.0814 secs
Epoch: 080, Inference Time: 1.8935 secs
Epoch: 080, Train Loss: 7.7949, Train RMSE: 16.4762, Train MAPE: 1.6484, Train WMAPE: 0.0436, 
Epoch: 080, Valid Loss: 11.7023, Valid RMSE: 39.3661, Valid MAPE: 7.3826, Valid WMAPE: 0.0672
No update
Iter: 000, Train Loss: 8.2146, Train RMSE: 17.7728, Train MAPE: 2.6801, Train WMAPE: 0.0456
Iter: 050, Train Loss: 8.5002, Train RMSE: 17.2932, Train MAPE: 1.2063, Train WMAPE: 0.0466
Epoch: 081, Training Time: 14.6925 secs
Epoch: 081, Inference Time: 1.9963 secs
Epoch: 081, Train Loss: 7.6920, Train RMSE: 16.3156, Train MAPE: 1.5708, Train WMAPE: 0.0430, 
Epoch: 081, Valid Loss: 11.5658, Valid RMSE: 39.1335, Valid MAPE: 6.4947, Valid WMAPE: 0.0664
No update
Iter: 000, Train Loss: 8.1476, Train RMSE: 17.7866, Train MAPE: 2.3177, Train WMAPE: 0.0452
Iter: 050, Train Loss: 8.5061, Train RMSE: 17.1625, Train MAPE: 1.5264, Train WMAPE: 0.0466
Epoch: 082, Training Time: 14.6950 secs
Epoch: 082, Inference Time: 1.9050 secs
Epoch: 082, Train Loss: 7.6968, Train RMSE: 16.3233, Train MAPE: 1.5400, Train WMAPE: 0.0430, 
Epoch: 082, Valid Loss: 11.5666, Valid RMSE: 39.2692, Valid MAPE: 6.7590, Valid WMAPE: 0.0664
No update
Iter: 000, Train Loss: 7.9178, Train RMSE: 17.2112, Train MAPE: 2.5099, Train WMAPE: 0.0440
Iter: 050, Train Loss: 8.2914, Train RMSE: 17.2980, Train MAPE: 1.1405, Train WMAPE: 0.0455
Epoch: 083, Training Time: 15.2182 secs
Epoch: 083, Inference Time: 2.1539 secs
Epoch: 083, Train Loss: 7.6387, Train RMSE: 16.1998, Train MAPE: 1.5846, Train WMAPE: 0.0427, 
Epoch: 083, Valid Loss: 11.4478, Valid RMSE: 39.6344, Valid MAPE: 4.4735, Valid WMAPE: 0.0657
No update
Iter: 000, Train Loss: 7.8626, Train RMSE: 17.5313, Train MAPE: 1.4890, Train WMAPE: 0.0437
Iter: 050, Train Loss: 8.5074, Train RMSE: 17.6087, Train MAPE: 1.0376, Train WMAPE: 0.0467
Epoch: 084, Training Time: 15.2042 secs
Epoch: 084, Inference Time: 2.0857 secs
Epoch: 084, Train Loss: 7.7220, Train RMSE: 16.3741, Train MAPE: 1.6237, Train WMAPE: 0.0432, 
Epoch: 084, Valid Loss: 11.2259, Valid RMSE: 38.9195, Valid MAPE: 3.9394, Valid WMAPE: 0.0645
###Update tasks appear###
Updating! Valid Loss: 11.225863286427089, epoch:  84
Iter: 000, Train Loss: 7.7833, Train RMSE: 17.3805, Train MAPE: 1.5909, Train WMAPE: 0.0432
Iter: 050, Train Loss: 8.2627, Train RMSE: 16.7851, Train MAPE: 1.0157, Train WMAPE: 0.0453
Epoch: 085, Training Time: 14.6948 secs
Epoch: 085, Inference Time: 1.8944 secs
Epoch: 085, Train Loss: 7.5965, Train RMSE: 16.1322, Train MAPE: 1.5595, Train WMAPE: 0.0425, 
Epoch: 085, Valid Loss: 11.6150, Valid RMSE: 39.0145, Valid MAPE: 7.4414, Valid WMAPE: 0.0667
No update
Iter: 000, Train Loss: 8.3202, Train RMSE: 17.8419, Train MAPE: 2.6277, Train WMAPE: 0.0462
Iter: 050, Train Loss: 8.2223, Train RMSE: 17.0734, Train MAPE: 0.9323, Train WMAPE: 0.0451
Epoch: 086, Training Time: 14.9228 secs
Epoch: 086, Inference Time: 1.9409 secs
Epoch: 086, Train Loss: 7.6454, Train RMSE: 16.2687, Train MAPE: 1.4886, Train WMAPE: 0.0428, 
Epoch: 086, Valid Loss: 11.4712, Valid RMSE: 39.5257, Valid MAPE: 3.1693, Valid WMAPE: 0.0659
No update
Iter: 000, Train Loss: 8.1336, Train RMSE: 17.9768, Train MAPE: 1.1865, Train WMAPE: 0.0452
Iter: 050, Train Loss: 7.8897, Train RMSE: 16.1856, Train MAPE: 1.0385, Train WMAPE: 0.0433
Epoch: 087, Training Time: 14.5191 secs
Epoch: 087, Inference Time: 1.8782 secs
Epoch: 087, Train Loss: 7.5751, Train RMSE: 16.1300, Train MAPE: 1.4699, Train WMAPE: 0.0424, 
Epoch: 087, Valid Loss: 11.3462, Valid RMSE: 38.8309, Valid MAPE: 4.2013, Valid WMAPE: 0.0652
No update
Iter: 000, Train Loss: 7.8114, Train RMSE: 17.2410, Train MAPE: 1.4863, Train WMAPE: 0.0434
Iter: 050, Train Loss: 8.4092, Train RMSE: 17.2159, Train MAPE: 1.4332, Train WMAPE: 0.0461
Epoch: 088, Training Time: 14.9824 secs
Epoch: 088, Inference Time: 1.9139 secs
Epoch: 088, Train Loss: 7.4716, Train RMSE: 15.9216, Train MAPE: 1.5201, Train WMAPE: 0.0418, 
Epoch: 088, Valid Loss: 11.5852, Valid RMSE: 39.0754, Valid MAPE: 6.2624, Valid WMAPE: 0.0665
No update
Iter: 000, Train Loss: 7.8585, Train RMSE: 17.0953, Train MAPE: 2.2190, Train WMAPE: 0.0436
Iter: 050, Train Loss: 7.8981, Train RMSE: 16.2467, Train MAPE: 0.7821, Train WMAPE: 0.0433
Epoch: 089, Training Time: 14.8751 secs
Epoch: 089, Inference Time: 1.8970 secs
Epoch: 089, Train Loss: 7.5056, Train RMSE: 15.9051, Train MAPE: 1.5439, Train WMAPE: 0.0420, 
Epoch: 089, Valid Loss: 11.4900, Valid RMSE: 39.1455, Valid MAPE: 5.0699, Valid WMAPE: 0.0660
No update
Iter: 000, Train Loss: 7.8965, Train RMSE: 17.4664, Train MAPE: 1.8065, Train WMAPE: 0.0438
Iter: 050, Train Loss: 8.6992, Train RMSE: 18.2162, Train MAPE: 1.4972, Train WMAPE: 0.0477
Epoch: 090, Training Time: 14.7832 secs
Epoch: 090, Inference Time: 1.8795 secs
Epoch: 090, Train Loss: 7.5622, Train RMSE: 15.9914, Train MAPE: 1.6214, Train WMAPE: 0.0423, 
Epoch: 090, Valid Loss: 11.2186, Valid RMSE: 39.0742, Valid MAPE: 3.6863, Valid WMAPE: 0.0644
###Update tasks appear###
Updating! Valid Loss: 11.21858971459525, epoch:  90
Iter: 000, Train Loss: 7.6501, Train RMSE: 17.1280, Train MAPE: 1.3224, Train WMAPE: 0.0425
Iter: 050, Train Loss: 7.8298, Train RMSE: 16.1880, Train MAPE: 1.1710, Train WMAPE: 0.0429
Epoch: 091, Training Time: 14.0998 secs
Epoch: 091, Inference Time: 1.8782 secs
Epoch: 091, Train Loss: 7.4394, Train RMSE: 15.8167, Train MAPE: 1.5083, Train WMAPE: 0.0416, 
Epoch: 091, Valid Loss: 11.5255, Valid RMSE: 39.1057, Valid MAPE: 6.8818, Valid WMAPE: 0.0662
No update
Iter: 000, Train Loss: 7.9609, Train RMSE: 17.2116, Train MAPE: 2.5894, Train WMAPE: 0.0442
Iter: 050, Train Loss: 7.7921, Train RMSE: 16.0290, Train MAPE: 0.9627, Train WMAPE: 0.0427
Epoch: 092, Training Time: 14.7921 secs
Epoch: 092, Inference Time: 1.8129 secs
Epoch: 092, Train Loss: 7.4342, Train RMSE: 15.8215, Train MAPE: 1.4605, Train WMAPE: 0.0416, 
Epoch: 092, Valid Loss: 11.4315, Valid RMSE: 39.0106, Valid MAPE: 4.9328, Valid WMAPE: 0.0657
No update
Iter: 000, Train Loss: 7.8413, Train RMSE: 16.9809, Train MAPE: 1.6611, Train WMAPE: 0.0435
Iter: 050, Train Loss: 7.5804, Train RMSE: 15.5590, Train MAPE: 0.7950, Train WMAPE: 0.0416
Epoch: 093, Training Time: 14.7687 secs
Epoch: 093, Inference Time: 1.8014 secs
Epoch: 093, Train Loss: 7.3976, Train RMSE: 15.7325, Train MAPE: 1.4996, Train WMAPE: 0.0414, 
Epoch: 093, Valid Loss: 11.2765, Valid RMSE: 39.1826, Valid MAPE: 3.1929, Valid WMAPE: 0.0648
No update
Iter: 000, Train Loss: 7.7772, Train RMSE: 17.0984, Train MAPE: 1.0604, Train WMAPE: 0.0432
Iter: 050, Train Loss: 8.0235, Train RMSE: 16.6555, Train MAPE: 0.9974, Train WMAPE: 0.0440
Epoch: 094, Training Time: 14.8169 secs
Epoch: 094, Inference Time: 1.8747 secs
Epoch: 094, Train Loss: 7.3726, Train RMSE: 15.8408, Train MAPE: 1.3305, Train WMAPE: 0.0412, 
Epoch: 094, Valid Loss: 11.3957, Valid RMSE: 39.3795, Valid MAPE: 3.1621, Valid WMAPE: 0.0654
No update
Iter: 000, Train Loss: 7.8608, Train RMSE: 17.4442, Train MAPE: 1.1134, Train WMAPE: 0.0436
Iter: 050, Train Loss: 7.9741, Train RMSE: 16.4185, Train MAPE: 0.7372, Train WMAPE: 0.0437
Epoch: 095, Training Time: 14.7872 secs
Epoch: 095, Inference Time: 1.8828 secs
Epoch: 095, Train Loss: 7.4076, Train RMSE: 15.8257, Train MAPE: 1.3113, Train WMAPE: 0.0414, 
Epoch: 095, Valid Loss: 11.3632, Valid RMSE: 39.7367, Valid MAPE: 3.3796, Valid WMAPE: 0.0652
No update
Iter: 000, Train Loss: 7.6454, Train RMSE: 17.0419, Train MAPE: 1.2676, Train WMAPE: 0.0424
Iter: 050, Train Loss: 7.5697, Train RMSE: 15.5354, Train MAPE: 0.8402, Train WMAPE: 0.0415
Epoch: 096, Training Time: 14.6045 secs
Epoch: 096, Inference Time: 1.9038 secs
Epoch: 096, Train Loss: 7.3235, Train RMSE: 15.6975, Train MAPE: 1.2901, Train WMAPE: 0.0410, 
Epoch: 096, Valid Loss: 11.1339, Valid RMSE: 39.3247, Valid MAPE: 3.3874, Valid WMAPE: 0.0639
###Update tasks appear###
Updating! Valid Loss: 11.133856637137276, epoch:  96
Iter: 000, Train Loss: 7.4307, Train RMSE: 16.7335, Train MAPE: 1.1278, Train WMAPE: 0.0413
Iter: 050, Train Loss: 7.4864, Train RMSE: 15.6441, Train MAPE: 1.0224, Train WMAPE: 0.0411
Epoch: 097, Training Time: 15.2137 secs
Epoch: 097, Inference Time: 1.8399 secs
Epoch: 097, Train Loss: 7.3073, Train RMSE: 15.6185, Train MAPE: 1.3579, Train WMAPE: 0.0409, 
Epoch: 097, Valid Loss: 11.4746, Valid RMSE: 39.3608, Valid MAPE: 3.8671, Valid WMAPE: 0.0659
No update
Iter: 000, Train Loss: 7.9770, Train RMSE: 16.9752, Train MAPE: 1.3464, Train WMAPE: 0.0443
Iter: 050, Train Loss: 7.6649, Train RMSE: 15.5560, Train MAPE: 1.1594, Train WMAPE: 0.0420
Epoch: 098, Training Time: 14.5965 secs
Epoch: 098, Inference Time: 1.7979 secs
Epoch: 098, Train Loss: 7.2232, Train RMSE: 15.3030, Train MAPE: 1.5219, Train WMAPE: 0.0404, 
Epoch: 098, Valid Loss: 11.2700, Valid RMSE: 39.3819, Valid MAPE: 5.5226, Valid WMAPE: 0.0647
No update
Iter: 000, Train Loss: 7.6343, Train RMSE: 16.6905, Train MAPE: 2.0964, Train WMAPE: 0.0424
Iter: 050, Train Loss: 7.5492, Train RMSE: 15.8532, Train MAPE: 0.9019, Train WMAPE: 0.0414
Epoch: 099, Training Time: 14.8176 secs
Epoch: 099, Inference Time: 1.8707 secs
Epoch: 099, Train Loss: 7.2330, Train RMSE: 15.5145, Train MAPE: 1.2972, Train WMAPE: 0.0405, 
Epoch: 099, Valid Loss: 11.0978, Valid RMSE: 39.2074, Valid MAPE: 3.5929, Valid WMAPE: 0.0637
###Update tasks appear###
Updating! Valid Loss: 11.097785915647234, epoch:  99
Iter: 000, Train Loss: 7.5100, Train RMSE: 16.7617, Train MAPE: 1.2836, Train WMAPE: 0.0417
Iter: 050, Train Loss: 8.0181, Train RMSE: 16.4539, Train MAPE: 1.3321, Train WMAPE: 0.0440
Epoch: 100, Training Time: 14.9935 secs
Epoch: 100, Inference Time: 1.8871 secs
Epoch: 100, Train Loss: 7.1746, Train RMSE: 15.3494, Train MAPE: 1.3280, Train WMAPE: 0.0401, 
Epoch: 100, Valid Loss: 11.1373, Valid RMSE: 39.0846, Valid MAPE: 4.4727, Valid WMAPE: 0.0640
No update
Iter: 000, Train Loss: 7.7447, Train RMSE: 16.9331, Train MAPE: 1.5473, Train WMAPE: 0.0430
Iter: 050, Train Loss: 7.9128, Train RMSE: 16.5830, Train MAPE: 0.9847, Train WMAPE: 0.0434
Epoch: 101, Training Time: 14.9715 secs
Epoch: 101, Inference Time: 1.8911 secs
Epoch: 101, Train Loss: 7.2021, Train RMSE: 15.4793, Train MAPE: 1.2552, Train WMAPE: 0.0403, 
Epoch: 101, Valid Loss: 11.2764, Valid RMSE: 39.5931, Valid MAPE: 2.5464, Valid WMAPE: 0.0647
No update
Iter: 000, Train Loss: 7.3141, Train RMSE: 16.4108, Train MAPE: 0.8435, Train WMAPE: 0.0406
Iter: 050, Train Loss: 7.7198, Train RMSE: 16.0898, Train MAPE: 0.8811, Train WMAPE: 0.0423
Epoch: 102, Training Time: 14.6998 secs
Epoch: 102, Inference Time: 2.0040 secs
Epoch: 102, Train Loss: 7.0996, Train RMSE: 15.2848, Train MAPE: 1.2280, Train WMAPE: 0.0397, 
Epoch: 102, Valid Loss: 10.8843, Valid RMSE: 38.9501, Valid MAPE: 2.6280, Valid WMAPE: 0.0625
###Update tasks appear###
Evaluate best model on test data for horizon 1, Test MAE: 9.1060, Test RMSE: 55.8083, Test MAPE: 6.7959, Test WMAPE: 0.0529
Evaluate best model on test data for horizon 2, Test MAE: 9.6623, Test RMSE: 46.4086, Test MAPE: 10.3358, Test WMAPE: 0.0561
Evaluate best model on test data for horizon 3, Test MAE: 10.2002, Test RMSE: 39.6099, Test MAPE: 12.5532, Test WMAPE: 0.0592
Evaluate best model on test data for horizon 4, Test MAE: 11.6372, Test RMSE: 46.1147, Test MAPE: 14.7138, Test WMAPE: 0.0676
Evaluate best model on test data for horizon 5, Test MAE: 12.7826, Test RMSE: 50.9615, Test MAPE: 16.2260, Test WMAPE: 0.0743
Evaluate best model on test data for horizon 6, Test MAE: 13.0862, Test RMSE: 46.0259, Test MAPE: 17.4702, Test WMAPE: 0.0761
Evaluate best model on test data for horizon 7, Test MAE: 14.0183, Test RMSE: 49.4574, Test MAPE: 17.4200, Test WMAPE: 0.0815
Evaluate best model on test data for horizon 8, Test MAE: 14.9138, Test RMSE: 52.8346, Test MAPE: 17.1522, Test WMAPE: 0.0867
Evaluate best model on test data for horizon 9, Test MAE: 15.3375, Test RMSE: 52.3249, Test MAPE: 17.1306, Test WMAPE: 0.0892
Evaluate best model on test data for horizon 10, Test MAE: 15.2647, Test RMSE: 47.7195, Test MAPE: 17.2017, Test WMAPE: 0.0888
Evaluate best model on test data for horizon 11, Test MAE: 16.3128, Test RMSE: 55.3033, Test MAPE: 17.0637, Test WMAPE: 0.0949
Evaluate best model on test data for horizon 12, Test MAE: 16.5543, Test RMSE: 54.9821, Test MAPE: 16.9624, Test WMAPE: 0.0963
On average over 12 horizons, Test MAE: 13.2397, Test RMSE: 49.7959, Test MAPE: 15.0854, Test WMAPE: 0.0770
Test low! Updating! Test Loss: 13.239656527837118, Test low! Updating! Valid Loss: 10.884288106645856, epoch:  102
Iter: 000, Train Loss: 7.2953, Train RMSE: 16.5589, Train MAPE: 0.8815, Train WMAPE: 0.0405
Iter: 050, Train Loss: 7.3268, Train RMSE: 15.3882, Train MAPE: 0.8517, Train WMAPE: 0.0402
Epoch: 103, Training Time: 14.6938 secs
Epoch: 103, Inference Time: 1.9664 secs
Epoch: 103, Train Loss: 7.0199, Train RMSE: 15.1039, Train MAPE: 1.2170, Train WMAPE: 0.0393, 
Epoch: 103, Valid Loss: 11.3544, Valid RMSE: 39.7187, Valid MAPE: 3.4476, Valid WMAPE: 0.0652
No update
Iter: 000, Train Loss: 7.7592, Train RMSE: 16.9741, Train MAPE: 1.1819, Train WMAPE: 0.0431
Iter: 050, Train Loss: 7.1814, Train RMSE: 14.7506, Train MAPE: 0.6336, Train WMAPE: 0.0394
Epoch: 104, Training Time: 15.1980 secs
Epoch: 104, Inference Time: 2.0977 secs
Epoch: 104, Train Loss: 7.0856, Train RMSE: 15.2160, Train MAPE: 1.2074, Train WMAPE: 0.0396, 
Epoch: 104, Valid Loss: 11.3857, Valid RMSE: 39.3539, Valid MAPE: 5.9687, Valid WMAPE: 0.0654
No update
Iter: 000, Train Loss: 7.7436, Train RMSE: 16.7528, Train MAPE: 2.1082, Train WMAPE: 0.0430
Iter: 050, Train Loss: 7.0966, Train RMSE: 14.5339, Train MAPE: 0.8855, Train WMAPE: 0.0389
Epoch: 105, Training Time: 15.2496 secs
Epoch: 105, Inference Time: 1.8400 secs
Epoch: 105, Train Loss: 7.0788, Train RMSE: 14.9725, Train MAPE: 1.5387, Train WMAPE: 0.0396, 
Epoch: 105, Valid Loss: 10.8669, Valid RMSE: 39.3610, Valid MAPE: 3.3425, Valid WMAPE: 0.0624
###Update tasks appear###
Evaluate best model on test data for horizon 1, Test MAE: 9.0519, Test RMSE: 56.5982, Test MAPE: 7.0376, Test WMAPE: 0.0525
Evaluate best model on test data for horizon 2, Test MAE: 9.7669, Test RMSE: 47.1994, Test MAPE: 10.6867, Test WMAPE: 0.0567
Evaluate best model on test data for horizon 3, Test MAE: 10.4319, Test RMSE: 40.0464, Test MAPE: 13.1552, Test WMAPE: 0.0606
Evaluate best model on test data for horizon 4, Test MAE: 11.6977, Test RMSE: 46.5162, Test MAPE: 15.3801, Test WMAPE: 0.0680
Evaluate best model on test data for horizon 5, Test MAE: 12.8357, Test RMSE: 51.3641, Test MAPE: 16.5080, Test WMAPE: 0.0746
Evaluate best model on test data for horizon 6, Test MAE: 13.1534, Test RMSE: 46.7107, Test MAPE: 17.4745, Test WMAPE: 0.0765
Evaluate best model on test data for horizon 7, Test MAE: 13.9765, Test RMSE: 49.7849, Test MAPE: 17.3520, Test WMAPE: 0.0813
Evaluate best model on test data for horizon 8, Test MAE: 14.8739, Test RMSE: 53.4160, Test MAPE: 17.3366, Test WMAPE: 0.0865
Evaluate best model on test data for horizon 9, Test MAE: 15.2621, Test RMSE: 52.8638, Test MAPE: 17.2948, Test WMAPE: 0.0888
Evaluate best model on test data for horizon 10, Test MAE: 15.1442, Test RMSE: 47.8332, Test MAPE: 17.4748, Test WMAPE: 0.0881
Evaluate best model on test data for horizon 11, Test MAE: 16.1541, Test RMSE: 55.5101, Test MAPE: 17.3793, Test WMAPE: 0.0940
Evaluate best model on test data for horizon 12, Test MAE: 16.3946, Test RMSE: 54.8876, Test MAPE: 17.2008, Test WMAPE: 0.0954
On average over 12 horizons, Test MAE: 13.2286, Test RMSE: 50.2275, Test MAPE: 15.3567, Test WMAPE: 0.0769
Test low! Updating! Test Loss: 13.228575944900513, Test low! Updating! Valid Loss: 10.866917950766426, epoch:  105
Iter: 000, Train Loss: 7.3398, Train RMSE: 16.5056, Train MAPE: 1.1540, Train WMAPE: 0.0407
Iter: 050, Train Loss: 7.4099, Train RMSE: 15.3481, Train MAPE: 0.8994, Train WMAPE: 0.0406
Epoch: 106, Training Time: 15.3498 secs
Epoch: 106, Inference Time: 1.9021 secs
Epoch: 106, Train Loss: 7.0290, Train RMSE: 14.9243, Train MAPE: 1.4214, Train WMAPE: 0.0393, 
Epoch: 106, Valid Loss: 11.1647, Valid RMSE: 39.8537, Valid MAPE: 3.9486, Valid WMAPE: 0.0641
No update
Iter: 000, Train Loss: 7.1746, Train RMSE: 16.1981, Train MAPE: 1.5362, Train WMAPE: 0.0398
Iter: 050, Train Loss: 7.0402, Train RMSE: 14.3745, Train MAPE: 0.8091, Train WMAPE: 0.0386
Epoch: 107, Training Time: 14.6796 secs
Epoch: 107, Inference Time: 1.8974 secs
Epoch: 107, Train Loss: 6.9741, Train RMSE: 14.8300, Train MAPE: 1.4288, Train WMAPE: 0.0390, 
Epoch: 107, Valid Loss: 10.9326, Valid RMSE: 39.5570, Valid MAPE: 2.4660, Valid WMAPE: 0.0628
No update
Iter: 000, Train Loss: 7.0928, Train RMSE: 16.1227, Train MAPE: 0.9172, Train WMAPE: 0.0394
Iter: 050, Train Loss: 7.2629, Train RMSE: 14.6151, Train MAPE: 1.1382, Train WMAPE: 0.0398
Epoch: 108, Training Time: 14.6041 secs
Epoch: 108, Inference Time: 2.1021 secs
Epoch: 108, Train Loss: 6.9597, Train RMSE: 14.8177, Train MAPE: 1.4347, Train WMAPE: 0.0389, 
Epoch: 108, Valid Loss: 10.9321, Valid RMSE: 39.4818, Valid MAPE: 2.6982, Valid WMAPE: 0.0628
No update
Iter: 000, Train Loss: 7.1499, Train RMSE: 16.3122, Train MAPE: 0.8741, Train WMAPE: 0.0397
Iter: 050, Train Loss: 7.2981, Train RMSE: 15.1855, Train MAPE: 0.9153, Train WMAPE: 0.0400
Epoch: 109, Training Time: 14.8743 secs
Epoch: 109, Inference Time: 1.9084 secs
Epoch: 109, Train Loss: 7.0076, Train RMSE: 14.9668, Train MAPE: 1.3870, Train WMAPE: 0.0392, 
Epoch: 109, Valid Loss: 11.3600, Valid RMSE: 39.3535, Valid MAPE: 5.0038, Valid WMAPE: 0.0652
No update
Iter: 000, Train Loss: 7.7158, Train RMSE: 16.4431, Train MAPE: 1.6455, Train WMAPE: 0.0428
Iter: 050, Train Loss: 7.3075, Train RMSE: 14.7864, Train MAPE: 0.9842, Train WMAPE: 0.0401
Epoch: 110, Training Time: 15.0735 secs
Epoch: 110, Inference Time: 2.0109 secs
Epoch: 110, Train Loss: 6.9568, Train RMSE: 14.7706, Train MAPE: 1.4472, Train WMAPE: 0.0389, 
Epoch: 110, Valid Loss: 11.1533, Valid RMSE: 39.3445, Valid MAPE: 5.8308, Valid WMAPE: 0.0640
No update
Iter: 000, Train Loss: 7.2572, Train RMSE: 15.9791, Train MAPE: 2.0089, Train WMAPE: 0.0403
Iter: 050, Train Loss: 7.1335, Train RMSE: 14.6315, Train MAPE: 0.6676, Train WMAPE: 0.0391
Epoch: 111, Training Time: 14.7723 secs
Epoch: 111, Inference Time: 1.9807 secs
Epoch: 111, Train Loss: 7.0095, Train RMSE: 14.8944, Train MAPE: 1.3853, Train WMAPE: 0.0392, 
Epoch: 111, Valid Loss: 10.9876, Valid RMSE: 39.5289, Valid MAPE: 4.2129, Valid WMAPE: 0.0631
No update
Iter: 000, Train Loss: 7.1597, Train RMSE: 16.3037, Train MAPE: 1.3646, Train WMAPE: 0.0397
Iter: 050, Train Loss: 7.2828, Train RMSE: 14.8286, Train MAPE: 1.3079, Train WMAPE: 0.0399
Epoch: 112, Training Time: 15.1034 secs
Epoch: 112, Inference Time: 1.9875 secs
Epoch: 112, Train Loss: 6.9094, Train RMSE: 14.7161, Train MAPE: 1.4070, Train WMAPE: 0.0386, 
Epoch: 112, Valid Loss: 11.0889, Valid RMSE: 39.3571, Valid MAPE: 5.2486, Valid WMAPE: 0.0637
No update
Iter: 000, Train Loss: 7.1747, Train RMSE: 15.9813, Train MAPE: 1.8550, Train WMAPE: 0.0398
Iter: 050, Train Loss: 7.3238, Train RMSE: 15.0243, Train MAPE: 0.9081, Train WMAPE: 0.0402
Epoch: 113, Training Time: 15.1923 secs
Epoch: 113, Inference Time: 1.9914 secs
Epoch: 113, Train Loss: 6.9037, Train RMSE: 14.6801, Train MAPE: 1.4021, Train WMAPE: 0.0386, 
Epoch: 113, Valid Loss: 10.9346, Valid RMSE: 39.4651, Valid MAPE: 4.4049, Valid WMAPE: 0.0628
No update
Iter: 000, Train Loss: 7.1386, Train RMSE: 16.2766, Train MAPE: 1.6047, Train WMAPE: 0.0396
Iter: 050, Train Loss: 7.0220, Train RMSE: 14.5970, Train MAPE: 0.8707, Train WMAPE: 0.0385
Epoch: 114, Training Time: 14.8208 secs
Epoch: 114, Inference Time: 1.9614 secs
Epoch: 114, Train Loss: 6.8937, Train RMSE: 14.7075, Train MAPE: 1.4354, Train WMAPE: 0.0386, 
Epoch: 114, Valid Loss: 10.8435, Valid RMSE: 39.3454, Valid MAPE: 2.8397, Valid WMAPE: 0.0623
###Update tasks appear###
Evaluate best model on test data for horizon 1, Test MAE: 8.9276, Test RMSE: 56.6054, Test MAPE: 6.6164, Test WMAPE: 0.0518
Evaluate best model on test data for horizon 2, Test MAE: 9.6273, Test RMSE: 47.1110, Test MAPE: 10.3024, Test WMAPE: 0.0559
Evaluate best model on test data for horizon 3, Test MAE: 10.2058, Test RMSE: 39.9182, Test MAPE: 12.5915, Test WMAPE: 0.0593
Evaluate best model on test data for horizon 4, Test MAE: 11.5820, Test RMSE: 46.2149, Test MAPE: 14.5996, Test WMAPE: 0.0673
Evaluate best model on test data for horizon 5, Test MAE: 12.8007, Test RMSE: 50.9667, Test MAPE: 16.0224, Test WMAPE: 0.0744
Evaluate best model on test data for horizon 6, Test MAE: 13.1068, Test RMSE: 46.4706, Test MAPE: 16.9578, Test WMAPE: 0.0762
Evaluate best model on test data for horizon 7, Test MAE: 14.0030, Test RMSE: 49.7143, Test MAPE: 16.9909, Test WMAPE: 0.0814
Evaluate best model on test data for horizon 8, Test MAE: 14.8921, Test RMSE: 53.2168, Test MAPE: 16.8331, Test WMAPE: 0.0866
Evaluate best model on test data for horizon 9, Test MAE: 15.2742, Test RMSE: 52.6199, Test MAPE: 16.9389, Test WMAPE: 0.0888
Evaluate best model on test data for horizon 10, Test MAE: 15.1103, Test RMSE: 47.7296, Test MAPE: 17.0811, Test WMAPE: 0.0879
Evaluate best model on test data for horizon 11, Test MAE: 16.0740, Test RMSE: 55.3845, Test MAPE: 17.0293, Test WMAPE: 0.0935
Evaluate best model on test data for horizon 12, Test MAE: 16.2914, Test RMSE: 55.0879, Test MAPE: 16.9899, Test WMAPE: 0.0948
On average over 12 horizons, Test MAE: 13.1579, Test RMSE: 50.0866, Test MAPE: 14.9128, Test WMAPE: 0.0765
Test low! Updating! Test Loss: 13.157947063446045, Test low! Updating! Valid Loss: 10.843533073152814, epoch:  114
Iter: 000, Train Loss: 6.9774, Train RMSE: 15.8491, Train MAPE: 1.0188, Train WMAPE: 0.0387
Iter: 050, Train Loss: 7.1162, Train RMSE: 14.5115, Train MAPE: 1.0674, Train WMAPE: 0.0390
Epoch: 115, Training Time: 14.3370 secs
Epoch: 115, Inference Time: 1.9230 secs
Epoch: 115, Train Loss: 6.9310, Train RMSE: 14.8049, Train MAPE: 1.4069, Train WMAPE: 0.0388, 
Epoch: 115, Valid Loss: 11.1410, Valid RMSE: 39.0541, Valid MAPE: 5.0751, Valid WMAPE: 0.0640
No update
Iter: 000, Train Loss: 7.8056, Train RMSE: 16.9975, Train MAPE: 1.8558, Train WMAPE: 0.0433
Iter: 050, Train Loss: 7.0472, Train RMSE: 14.6857, Train MAPE: 0.7804, Train WMAPE: 0.0386
Epoch: 116, Training Time: 14.6584 secs
Epoch: 116, Inference Time: 1.8062 secs
Epoch: 116, Train Loss: 6.9649, Train RMSE: 14.9640, Train MAPE: 1.3046, Train WMAPE: 0.0389, 
Epoch: 116, Valid Loss: 11.0017, Valid RMSE: 39.4186, Valid MAPE: 3.3419, Valid WMAPE: 0.0632
No update
Iter: 000, Train Loss: 7.4145, Train RMSE: 16.9332, Train MAPE: 1.2124, Train WMAPE: 0.0412
Iter: 050, Train Loss: 7.1596, Train RMSE: 15.0129, Train MAPE: 0.8946, Train WMAPE: 0.0393
Epoch: 117, Training Time: 14.4071 secs
Epoch: 117, Inference Time: 2.0063 secs
Epoch: 117, Train Loss: 6.8621, Train RMSE: 14.6838, Train MAPE: 1.2855, Train WMAPE: 0.0384, 
Epoch: 117, Valid Loss: 10.7896, Valid RMSE: 38.9338, Valid MAPE: 4.0443, Valid WMAPE: 0.0620
###Update tasks appear###
Evaluate best model on test data for horizon 1, Test MAE: 9.1009, Test RMSE: 56.1315, Test MAPE: 7.7135, Test WMAPE: 0.0528
Evaluate best model on test data for horizon 2, Test MAE: 9.8404, Test RMSE: 46.9079, Test MAPE: 11.4682, Test WMAPE: 0.0571
Evaluate best model on test data for horizon 3, Test MAE: 10.3484, Test RMSE: 39.7476, Test MAPE: 13.3901, Test WMAPE: 0.0601
Evaluate best model on test data for horizon 4, Test MAE: 11.6556, Test RMSE: 45.9068, Test MAPE: 15.6545, Test WMAPE: 0.0677
Evaluate best model on test data for horizon 5, Test MAE: 12.8177, Test RMSE: 50.6620, Test MAPE: 16.9277, Test WMAPE: 0.0745
Evaluate best model on test data for horizon 6, Test MAE: 13.1379, Test RMSE: 46.3744, Test MAPE: 17.8724, Test WMAPE: 0.0764
Evaluate best model on test data for horizon 7, Test MAE: 13.9480, Test RMSE: 49.3741, Test MAPE: 17.8639, Test WMAPE: 0.0811
Evaluate best model on test data for horizon 8, Test MAE: 14.7812, Test RMSE: 52.8245, Test MAPE: 17.7085, Test WMAPE: 0.0860
Evaluate best model on test data for horizon 9, Test MAE: 15.1416, Test RMSE: 52.1756, Test MAPE: 17.5953, Test WMAPE: 0.0881
Evaluate best model on test data for horizon 10, Test MAE: 15.0031, Test RMSE: 47.4691, Test MAPE: 17.8178, Test WMAPE: 0.0873
Evaluate best model on test data for horizon 11, Test MAE: 15.9843, Test RMSE: 55.1681, Test MAPE: 17.8701, Test WMAPE: 0.0930
Evaluate best model on test data for horizon 12, Test MAE: 16.2264, Test RMSE: 54.6993, Test MAPE: 17.7393, Test WMAPE: 0.0944
On average over 12 horizons, Test MAE: 13.1655, Test RMSE: 49.7867, Test MAPE: 15.8018, Test WMAPE: 0.0765
No update
Iter: 000, Train Loss: 7.1083, Train RMSE: 16.0483, Train MAPE: 1.2019, Train WMAPE: 0.0395
Iter: 050, Train Loss: 7.0563, Train RMSE: 14.2306, Train MAPE: 1.0385, Train WMAPE: 0.0387
Epoch: 118, Training Time: 14.7806 secs
Epoch: 118, Inference Time: 1.9927 secs
Epoch: 118, Train Loss: 6.8856, Train RMSE: 14.6475, Train MAPE: 1.3599, Train WMAPE: 0.0385, 
Epoch: 118, Valid Loss: 10.8526, Valid RMSE: 39.4443, Valid MAPE: 2.3549, Valid WMAPE: 0.0623
No update
Iter: 000, Train Loss: 7.1596, Train RMSE: 16.2309, Train MAPE: 0.8693, Train WMAPE: 0.0397
Iter: 050, Train Loss: 8.7193, Train RMSE: 19.0396, Train MAPE: 1.0916, Train WMAPE: 0.0478
Epoch: 119, Training Time: 14.7905 secs
Epoch: 119, Inference Time: 1.8990 secs
Epoch: 119, Train Loss: 6.8949, Train RMSE: 14.8559, Train MAPE: 1.2259, Train WMAPE: 0.0386, 
Epoch: 119, Valid Loss: 11.0906, Valid RMSE: 39.8159, Valid MAPE: 3.4476, Valid WMAPE: 0.0637
No update
Iter: 000, Train Loss: 7.4559, Train RMSE: 16.8216, Train MAPE: 1.1029, Train WMAPE: 0.0414
Iter: 050, Train Loss: 7.0650, Train RMSE: 15.1042, Train MAPE: 0.7305, Train WMAPE: 0.0387
Epoch: 120, Training Time: 15.3907 secs
Epoch: 120, Inference Time: 1.9010 secs
Epoch: 120, Train Loss: 6.8351, Train RMSE: 14.6424, Train MAPE: 1.2652, Train WMAPE: 0.0382, 
Epoch: 120, Valid Loss: 10.7812, Valid RMSE: 39.2785, Valid MAPE: 3.3380, Valid WMAPE: 0.0619
###Update tasks appear###
Evaluate best model on test data for horizon 1, Test MAE: 8.9792, Test RMSE: 56.2179, Test MAPE: 7.0234, Test WMAPE: 0.0521
Evaluate best model on test data for horizon 2, Test MAE: 9.7146, Test RMSE: 47.1376, Test MAPE: 10.6381, Test WMAPE: 0.0564
Evaluate best model on test data for horizon 3, Test MAE: 10.2753, Test RMSE: 40.0486, Test MAPE: 12.8987, Test WMAPE: 0.0597
Evaluate best model on test data for horizon 4, Test MAE: 11.6680, Test RMSE: 46.3692, Test MAPE: 14.8654, Test WMAPE: 0.0678
Evaluate best model on test data for horizon 5, Test MAE: 12.8174, Test RMSE: 51.0512, Test MAPE: 16.1731, Test WMAPE: 0.0745
Evaluate best model on test data for horizon 6, Test MAE: 13.1429, Test RMSE: 46.9282, Test MAPE: 17.0474, Test WMAPE: 0.0764
Evaluate best model on test data for horizon 7, Test MAE: 13.9856, Test RMSE: 49.7353, Test MAPE: 17.1704, Test WMAPE: 0.0813
Evaluate best model on test data for horizon 8, Test MAE: 14.8691, Test RMSE: 53.4115, Test MAPE: 16.9667, Test WMAPE: 0.0865
Evaluate best model on test data for horizon 9, Test MAE: 15.1922, Test RMSE: 52.7210, Test MAPE: 16.9906, Test WMAPE: 0.0884
Evaluate best model on test data for horizon 10, Test MAE: 15.0286, Test RMSE: 47.9459, Test MAPE: 17.1037, Test WMAPE: 0.0874
Evaluate best model on test data for horizon 11, Test MAE: 15.9397, Test RMSE: 55.4628, Test MAPE: 17.1695, Test WMAPE: 0.0927
Evaluate best model on test data for horizon 12, Test MAE: 16.1140, Test RMSE: 54.8217, Test MAPE: 17.0994, Test WMAPE: 0.0937
On average over 12 horizons, Test MAE: 13.1439, Test RMSE: 50.1542, Test MAPE: 15.0955, Test WMAPE: 0.0764
Test low! Updating! Test Loss: 13.143886168797811, Test low! Updating! Valid Loss: 10.781225306647164, epoch:  120
Iter: 000, Train Loss: 7.0281, Train RMSE: 15.8406, Train MAPE: 1.1650, Train WMAPE: 0.0390
Iter: 050, Train Loss: 6.8905, Train RMSE: 14.1119, Train MAPE: 0.9711, Train WMAPE: 0.0378
Epoch: 121, Training Time: 15.0160 secs
Epoch: 121, Inference Time: 1.8891 secs
Epoch: 121, Train Loss: 6.7887, Train RMSE: 14.5412, Train MAPE: 1.3328, Train WMAPE: 0.0380, 
Epoch: 121, Valid Loss: 11.1172, Valid RMSE: 39.3681, Valid MAPE: 4.6112, Valid WMAPE: 0.0638
No update
Iter: 000, Train Loss: 7.3006, Train RMSE: 15.9840, Train MAPE: 1.6159, Train WMAPE: 0.0405
Iter: 050, Train Loss: 6.9165, Train RMSE: 14.3136, Train MAPE: 0.7535, Train WMAPE: 0.0379
Epoch: 122, Training Time: 14.7867 secs
Epoch: 122, Inference Time: 1.8957 secs
Epoch: 122, Train Loss: 6.8033, Train RMSE: 14.5614, Train MAPE: 1.3063, Train WMAPE: 0.0380, 
Epoch: 122, Valid Loss: 10.8176, Valid RMSE: 39.7214, Valid MAPE: 2.6419, Valid WMAPE: 0.0621
No update
Iter: 000, Train Loss: 7.2520, Train RMSE: 16.5964, Train MAPE: 0.9727, Train WMAPE: 0.0403
Iter: 050, Train Loss: 6.7440, Train RMSE: 13.7124, Train MAPE: 0.7241, Train WMAPE: 0.0370
Epoch: 123, Training Time: 14.7968 secs
Epoch: 123, Inference Time: 1.9088 secs
Epoch: 123, Train Loss: 6.6956, Train RMSE: 14.3260, Train MAPE: 1.3611, Train WMAPE: 0.0374, 
Epoch: 123, Valid Loss: 10.7513, Valid RMSE: 39.3162, Valid MAPE: 3.4944, Valid WMAPE: 0.0617
###Update tasks appear###
Evaluate best model on test data for horizon 1, Test MAE: 9.0568, Test RMSE: 56.4918, Test MAPE: 7.6540, Test WMAPE: 0.0526
Evaluate best model on test data for horizon 2, Test MAE: 9.7472, Test RMSE: 47.1305, Test MAPE: 11.2537, Test WMAPE: 0.0566
Evaluate best model on test data for horizon 3, Test MAE: 10.2764, Test RMSE: 39.9909, Test MAPE: 13.3498, Test WMAPE: 0.0597
Evaluate best model on test data for horizon 4, Test MAE: 11.5435, Test RMSE: 46.2033, Test MAPE: 15.4298, Test WMAPE: 0.0671
Evaluate best model on test data for horizon 5, Test MAE: 12.7038, Test RMSE: 50.8820, Test MAPE: 16.8594, Test WMAPE: 0.0738
Evaluate best model on test data for horizon 6, Test MAE: 13.0198, Test RMSE: 46.7836, Test MAPE: 17.6534, Test WMAPE: 0.0757
Evaluate best model on test data for horizon 7, Test MAE: 13.8230, Test RMSE: 49.5804, Test MAPE: 17.7017, Test WMAPE: 0.0804
Evaluate best model on test data for horizon 8, Test MAE: 14.7035, Test RMSE: 53.3380, Test MAPE: 17.3495, Test WMAPE: 0.0855
Evaluate best model on test data for horizon 9, Test MAE: 15.0880, Test RMSE: 52.6583, Test MAPE: 17.3914, Test WMAPE: 0.0878
Evaluate best model on test data for horizon 10, Test MAE: 14.9600, Test RMSE: 47.9443, Test MAPE: 17.5931, Test WMAPE: 0.0870
Evaluate best model on test data for horizon 11, Test MAE: 15.8747, Test RMSE: 55.3185, Test MAPE: 17.5246, Test WMAPE: 0.0923
Evaluate best model on test data for horizon 12, Test MAE: 16.0497, Test RMSE: 54.6964, Test MAPE: 17.3348, Test WMAPE: 0.0934
On average over 12 horizons, Test MAE: 13.0705, Test RMSE: 50.0848, Test MAPE: 15.5912, Test WMAPE: 0.0760
Test low! Updating! Test Loss: 13.070525328318277, Test low! Updating! Valid Loss: 10.751348427363805, epoch:  123
Iter: 000, Train Loss: 6.9602, Train RMSE: 15.7688, Train MAPE: 1.1353, Train WMAPE: 0.0386
Iter: 050, Train Loss: 6.8534, Train RMSE: 13.8409, Train MAPE: 1.0797, Train WMAPE: 0.0376
Epoch: 124, Training Time: 14.4628 secs
Epoch: 124, Inference Time: 1.7947 secs
Epoch: 124, Train Loss: 6.6554, Train RMSE: 14.2443, Train MAPE: 1.3182, Train WMAPE: 0.0372, 
Epoch: 124, Valid Loss: 10.9668, Valid RMSE: 39.2124, Valid MAPE: 5.1137, Valid WMAPE: 0.0630
No update
Iter: 000, Train Loss: 7.0631, Train RMSE: 15.8001, Train MAPE: 1.6929, Train WMAPE: 0.0392
Iter: 050, Train Loss: 7.1235, Train RMSE: 14.7807, Train MAPE: 0.9424, Train WMAPE: 0.0391
Epoch: 125, Training Time: 15.1958 secs
Epoch: 125, Inference Time: 1.8794 secs
Epoch: 125, Train Loss: 6.7030, Train RMSE: 14.2998, Train MAPE: 1.3090, Train WMAPE: 0.0375, 
Epoch: 125, Valid Loss: 10.9076, Valid RMSE: 39.7725, Valid MAPE: 4.4598, Valid WMAPE: 0.0626
No update
Iter: 000, Train Loss: 6.9251, Train RMSE: 15.8697, Train MAPE: 1.4980, Train WMAPE: 0.0384
Iter: 050, Train Loss: 6.8616, Train RMSE: 14.0913, Train MAPE: 1.0274, Train WMAPE: 0.0376
Epoch: 126, Training Time: 14.6997 secs
Epoch: 126, Inference Time: 1.9040 secs
Epoch: 126, Train Loss: 6.6619, Train RMSE: 14.2096, Train MAPE: 1.3803, Train WMAPE: 0.0373, 
Epoch: 126, Valid Loss: 10.7117, Valid RMSE: 39.4917, Valid MAPE: 2.6579, Valid WMAPE: 0.0615
###Update tasks appear###
Evaluate best model on test data for horizon 1, Test MAE: 8.8982, Test RMSE: 56.6545, Test MAPE: 6.7086, Test WMAPE: 0.0517
Evaluate best model on test data for horizon 2, Test MAE: 9.6129, Test RMSE: 47.4914, Test MAPE: 10.3361, Test WMAPE: 0.0558
Evaluate best model on test data for horizon 3, Test MAE: 10.1543, Test RMSE: 40.1611, Test MAPE: 12.6774, Test WMAPE: 0.0590
Evaluate best model on test data for horizon 4, Test MAE: 11.5501, Test RMSE: 46.5342, Test MAPE: 14.6444, Test WMAPE: 0.0671
Evaluate best model on test data for horizon 5, Test MAE: 12.7510, Test RMSE: 51.2614, Test MAPE: 16.0033, Test WMAPE: 0.0741
Evaluate best model on test data for horizon 6, Test MAE: 13.1047, Test RMSE: 47.2324, Test MAPE: 16.7937, Test WMAPE: 0.0762
Evaluate best model on test data for horizon 7, Test MAE: 13.9239, Test RMSE: 49.9070, Test MAPE: 16.9131, Test WMAPE: 0.0810
Evaluate best model on test data for horizon 8, Test MAE: 14.7946, Test RMSE: 53.7119, Test MAPE: 16.7276, Test WMAPE: 0.0860
Evaluate best model on test data for horizon 9, Test MAE: 15.1312, Test RMSE: 53.0119, Test MAPE: 16.8542, Test WMAPE: 0.0880
Evaluate best model on test data for horizon 10, Test MAE: 14.9645, Test RMSE: 48.2689, Test MAPE: 16.9715, Test WMAPE: 0.0870
Evaluate best model on test data for horizon 11, Test MAE: 15.8460, Test RMSE: 55.6301, Test MAPE: 16.9487, Test WMAPE: 0.0922
Evaluate best model on test data for horizon 12, Test MAE: 15.9842, Test RMSE: 54.8296, Test MAPE: 16.9250, Test WMAPE: 0.0930
On average over 12 horizons, Test MAE: 13.0596, Test RMSE: 50.3912, Test MAPE: 14.8753, Test WMAPE: 0.0759
Test low! Updating! Test Loss: 13.059635321299234, Test low! Updating! Valid Loss: 10.711681297847203, epoch:  126
Iter: 000, Train Loss: 6.7549, Train RMSE: 15.6033, Train MAPE: 1.0259, Train WMAPE: 0.0375
Iter: 050, Train Loss: 6.7615, Train RMSE: 13.7666, Train MAPE: 1.0233, Train WMAPE: 0.0371
Epoch: 127, Training Time: 14.7271 secs
Epoch: 127, Inference Time: 1.8050 secs
Epoch: 127, Train Loss: 6.6886, Train RMSE: 14.2491, Train MAPE: 1.3667, Train WMAPE: 0.0374, 
Epoch: 127, Valid Loss: 11.0261, Valid RMSE: 39.4842, Valid MAPE: 6.0888, Valid WMAPE: 0.0633
No update
Iter: 000, Train Loss: 7.1426, Train RMSE: 15.7925, Train MAPE: 2.2349, Train WMAPE: 0.0397
Iter: 050, Train Loss: 6.7029, Train RMSE: 13.5824, Train MAPE: 0.8048, Train WMAPE: 0.0368
Epoch: 128, Training Time: 14.8835 secs
Epoch: 128, Inference Time: 1.8093 secs
Epoch: 128, Train Loss: 6.6359, Train RMSE: 14.1909, Train MAPE: 1.3053, Train WMAPE: 0.0371, 
Epoch: 128, Valid Loss: 10.9503, Valid RMSE: 39.6441, Valid MAPE: 3.7668, Valid WMAPE: 0.0629
No update
Iter: 000, Train Loss: 6.8844, Train RMSE: 15.6719, Train MAPE: 1.3508, Train WMAPE: 0.0382
Iter: 050, Train Loss: 6.7581, Train RMSE: 14.1745, Train MAPE: 1.0341, Train WMAPE: 0.0371
Epoch: 129, Training Time: 14.9795 secs
Epoch: 129, Inference Time: 1.9084 secs
Epoch: 129, Train Loss: 6.6626, Train RMSE: 14.2458, Train MAPE: 1.3507, Train WMAPE: 0.0373, 
Epoch: 129, Valid Loss: 10.8045, Valid RMSE: 39.4701, Valid MAPE: 2.6227, Valid WMAPE: 0.0620
No update
Iter: 000, Train Loss: 6.8918, Train RMSE: 15.7813, Train MAPE: 0.8047, Train WMAPE: 0.0383
Iter: 050, Train Loss: 7.1762, Train RMSE: 14.7447, Train MAPE: 0.9118, Train WMAPE: 0.0394
Epoch: 130, Training Time: 14.9683 secs
Epoch: 130, Inference Time: 1.8052 secs
Epoch: 130, Train Loss: 6.6892, Train RMSE: 14.3116, Train MAPE: 1.3392, Train WMAPE: 0.0374, 
Epoch: 130, Valid Loss: 10.8877, Valid RMSE: 39.3535, Valid MAPE: 5.3171, Valid WMAPE: 0.0625
No update
Iter: 000, Train Loss: 6.9445, Train RMSE: 15.4605, Train MAPE: 1.8207, Train WMAPE: 0.0386
Iter: 050, Train Loss: 7.2029, Train RMSE: 14.9936, Train MAPE: 0.8934, Train WMAPE: 0.0395
Epoch: 131, Training Time: 14.6862 secs
Epoch: 131, Inference Time: 1.9030 secs
Epoch: 131, Train Loss: 6.7028, Train RMSE: 14.2675, Train MAPE: 1.2675, Train WMAPE: 0.0375, 
Epoch: 131, Valid Loss: 10.9167, Valid RMSE: 39.8982, Valid MAPE: 4.1217, Valid WMAPE: 0.0627
No update
Iter: 000, Train Loss: 6.9511, Train RMSE: 15.8561, Train MAPE: 1.4233, Train WMAPE: 0.0386
Iter: 050, Train Loss: 6.7845, Train RMSE: 14.0793, Train MAPE: 1.2281, Train WMAPE: 0.0372
Epoch: 132, Training Time: 14.8869 secs
Epoch: 132, Inference Time: 1.8884 secs
Epoch: 132, Train Loss: 6.6664, Train RMSE: 14.2384, Train MAPE: 1.3825, Train WMAPE: 0.0373, 
Epoch: 132, Valid Loss: 10.6335, Valid RMSE: 39.6693, Valid MAPE: 2.6630, Valid WMAPE: 0.0611
###Update tasks appear###
Evaluate best model on test data for horizon 1, Test MAE: 8.9403, Test RMSE: 56.7851, Test MAPE: 6.8084, Test WMAPE: 0.0519
Evaluate best model on test data for horizon 2, Test MAE: 9.6971, Test RMSE: 47.7781, Test MAPE: 10.4477, Test WMAPE: 0.0563
Evaluate best model on test data for horizon 3, Test MAE: 10.2131, Test RMSE: 40.4934, Test MAPE: 12.7792, Test WMAPE: 0.0593
Evaluate best model on test data for horizon 4, Test MAE: 11.5851, Test RMSE: 46.7042, Test MAPE: 14.7145, Test WMAPE: 0.0673
Evaluate best model on test data for horizon 5, Test MAE: 12.8033, Test RMSE: 51.5169, Test MAPE: 16.0322, Test WMAPE: 0.0744
Evaluate best model on test data for horizon 6, Test MAE: 13.1473, Test RMSE: 47.5593, Test MAPE: 16.8951, Test WMAPE: 0.0764
Evaluate best model on test data for horizon 7, Test MAE: 13.9627, Test RMSE: 50.2031, Test MAPE: 17.0309, Test WMAPE: 0.0812
Evaluate best model on test data for horizon 8, Test MAE: 14.8112, Test RMSE: 53.8418, Test MAPE: 16.8300, Test WMAPE: 0.0861
Evaluate best model on test data for horizon 9, Test MAE: 15.1359, Test RMSE: 53.0637, Test MAPE: 16.9004, Test WMAPE: 0.0880
Evaluate best model on test data for horizon 10, Test MAE: 14.9672, Test RMSE: 48.4337, Test MAPE: 16.9607, Test WMAPE: 0.0871
Evaluate best model on test data for horizon 11, Test MAE: 15.8647, Test RMSE: 55.8423, Test MAPE: 17.0243, Test WMAPE: 0.0923
Evaluate best model on test data for horizon 12, Test MAE: 15.9563, Test RMSE: 54.9154, Test MAPE: 17.0231, Test WMAPE: 0.0928
On average over 12 horizons, Test MAE: 13.0904, Test RMSE: 50.5948, Test MAPE: 14.9539, Test WMAPE: 0.0761
No update
Iter: 000, Train Loss: 6.8002, Train RMSE: 15.6351, Train MAPE: 0.8902, Train WMAPE: 0.0378
Iter: 050, Train Loss: 6.7920, Train RMSE: 14.0357, Train MAPE: 1.1225, Train WMAPE: 0.0372
Epoch: 133, Training Time: 14.7698 secs
Epoch: 133, Inference Time: 1.8934 secs
Epoch: 133, Train Loss: 6.6684, Train RMSE: 14.2564, Train MAPE: 1.2702, Train WMAPE: 0.0373, 
Epoch: 133, Valid Loss: 10.9528, Valid RMSE: 39.4277, Valid MAPE: 4.7302, Valid WMAPE: 0.0629
No update
Iter: 000, Train Loss: 7.1334, Train RMSE: 15.8399, Train MAPE: 1.6601, Train WMAPE: 0.0396
Iter: 050, Train Loss: 6.7265, Train RMSE: 13.6903, Train MAPE: 1.0651, Train WMAPE: 0.0369
Epoch: 134, Training Time: 14.7929 secs
Epoch: 134, Inference Time: 1.7952 secs
Epoch: 134, Train Loss: 6.6635, Train RMSE: 14.2863, Train MAPE: 1.2320, Train WMAPE: 0.0373, 
Epoch: 134, Valid Loss: 10.8274, Valid RMSE: 39.5854, Valid MAPE: 2.7466, Valid WMAPE: 0.0622
No update
Iter: 000, Train Loss: 6.9058, Train RMSE: 15.8425, Train MAPE: 0.9377, Train WMAPE: 0.0383
Iter: 050, Train Loss: 6.5223, Train RMSE: 13.4200, Train MAPE: 0.6905, Train WMAPE: 0.0358
Epoch: 135, Training Time: 14.4901 secs
Epoch: 135, Inference Time: 1.9105 secs
Epoch: 135, Train Loss: 6.6215, Train RMSE: 14.2295, Train MAPE: 1.1788, Train WMAPE: 0.0370, 
Epoch: 135, Valid Loss: 11.5709, Valid RMSE: 40.8799, Valid MAPE: 2.6984, Valid WMAPE: 0.0664
No update
Iter: 000, Train Loss: 7.5125, Train RMSE: 17.8048, Train MAPE: 1.0364, Train WMAPE: 0.0417
Iter: 050, Train Loss: 7.6611, Train RMSE: 16.3954, Train MAPE: 0.8716, Train WMAPE: 0.0420
Epoch: 136, Training Time: 14.9771 secs
Epoch: 136, Inference Time: 1.8083 secs
Epoch: 136, Train Loss: 6.7045, Train RMSE: 14.4363, Train MAPE: 1.2349, Train WMAPE: 0.0375, 
Epoch: 136, Valid Loss: 10.7694, Valid RMSE: 39.5752, Valid MAPE: 3.9178, Valid WMAPE: 0.0618
No update
Iter: 000, Train Loss: 7.0297, Train RMSE: 16.1552, Train MAPE: 1.3550, Train WMAPE: 0.0390
Iter: 050, Train Loss: 6.7010, Train RMSE: 14.0346, Train MAPE: 0.8613, Train WMAPE: 0.0367
Epoch: 137, Training Time: 14.8828 secs
Epoch: 137, Inference Time: 1.8828 secs
Epoch: 137, Train Loss: 6.5485, Train RMSE: 14.0329, Train MAPE: 1.2900, Train WMAPE: 0.0366, 
Epoch: 137, Valid Loss: 10.7069, Valid RMSE: 39.4584, Valid MAPE: 2.2461, Valid WMAPE: 0.0615
###Update tasks appear###
Evaluate best model on test data for horizon 1, Test MAE: 8.8463, Test RMSE: 56.5246, Test MAPE: 6.8810, Test WMAPE: 0.0514
Evaluate best model on test data for horizon 2, Test MAE: 9.6255, Test RMSE: 47.3356, Test MAPE: 10.5614, Test WMAPE: 0.0559
Evaluate best model on test data for horizon 3, Test MAE: 10.1452, Test RMSE: 40.1227, Test MAPE: 12.8889, Test WMAPE: 0.0589
Evaluate best model on test data for horizon 4, Test MAE: 11.4853, Test RMSE: 46.1909, Test MAPE: 14.6085, Test WMAPE: 0.0667
Evaluate best model on test data for horizon 5, Test MAE: 12.7279, Test RMSE: 50.9866, Test MAPE: 15.9345, Test WMAPE: 0.0740
Evaluate best model on test data for horizon 6, Test MAE: 13.0630, Test RMSE: 47.0501, Test MAPE: 16.7540, Test WMAPE: 0.0759
Evaluate best model on test data for horizon 7, Test MAE: 13.8751, Test RMSE: 49.8239, Test MAPE: 16.8661, Test WMAPE: 0.0807
Evaluate best model on test data for horizon 8, Test MAE: 14.7008, Test RMSE: 53.3302, Test MAPE: 16.6694, Test WMAPE: 0.0855
Evaluate best model on test data for horizon 9, Test MAE: 15.0130, Test RMSE: 52.4720, Test MAPE: 16.7080, Test WMAPE: 0.0873
Evaluate best model on test data for horizon 10, Test MAE: 14.8658, Test RMSE: 48.1554, Test MAPE: 16.8972, Test WMAPE: 0.0865
Evaluate best model on test data for horizon 11, Test MAE: 15.7365, Test RMSE: 55.3980, Test MAPE: 16.9513, Test WMAPE: 0.0915
Evaluate best model on test data for horizon 12, Test MAE: 15.8287, Test RMSE: 54.3957, Test MAPE: 16.8440, Test WMAPE: 0.0921
On average over 12 horizons, Test MAE: 12.9928, Test RMSE: 50.1488, Test MAPE: 14.8803, Test WMAPE: 0.0755
Test low! Updating! Test Loss: 12.992762804031372, Test low! Updating! Valid Loss: 10.706930467060634, epoch:  137
Iter: 000, Train Loss: 6.6769, Train RMSE: 15.4058, Train MAPE: 0.8462, Train WMAPE: 0.0371
Iter: 050, Train Loss: 6.7060, Train RMSE: 13.6994, Train MAPE: 0.6961, Train WMAPE: 0.0368
Epoch: 138, Training Time: 14.7484 secs
Epoch: 138, Inference Time: 1.9058 secs
Epoch: 138, Train Loss: 6.5424, Train RMSE: 14.0255, Train MAPE: 1.2719, Train WMAPE: 0.0366, 
Epoch: 138, Valid Loss: 10.6975, Valid RMSE: 39.3671, Valid MAPE: 3.2004, Valid WMAPE: 0.0614
###Update tasks appear###
Evaluate best model on test data for horizon 1, Test MAE: 8.9183, Test RMSE: 56.6775, Test MAPE: 7.2421, Test WMAPE: 0.0518
Evaluate best model on test data for horizon 2, Test MAE: 9.6750, Test RMSE: 47.5230, Test MAPE: 11.0859, Test WMAPE: 0.0562
Evaluate best model on test data for horizon 3, Test MAE: 10.1693, Test RMSE: 40.3071, Test MAPE: 13.1548, Test WMAPE: 0.0591
Evaluate best model on test data for horizon 4, Test MAE: 11.5246, Test RMSE: 46.4347, Test MAPE: 14.9939, Test WMAPE: 0.0670
Evaluate best model on test data for horizon 5, Test MAE: 12.6951, Test RMSE: 51.0295, Test MAPE: 16.5086, Test WMAPE: 0.0738
Evaluate best model on test data for horizon 6, Test MAE: 13.0379, Test RMSE: 47.0083, Test MAPE: 17.4717, Test WMAPE: 0.0758
Evaluate best model on test data for horizon 7, Test MAE: 13.8590, Test RMSE: 49.6935, Test MAPE: 17.5522, Test WMAPE: 0.0806
Evaluate best model on test data for horizon 8, Test MAE: 14.6689, Test RMSE: 53.2436, Test MAPE: 17.3017, Test WMAPE: 0.0853
Evaluate best model on test data for horizon 9, Test MAE: 15.0263, Test RMSE: 52.3914, Test MAPE: 17.2847, Test WMAPE: 0.0874
Evaluate best model on test data for horizon 10, Test MAE: 14.8813, Test RMSE: 48.0604, Test MAPE: 17.3328, Test WMAPE: 0.0866
Evaluate best model on test data for horizon 11, Test MAE: 15.8096, Test RMSE: 55.3252, Test MAPE: 17.4913, Test WMAPE: 0.0920
Evaluate best model on test data for horizon 12, Test MAE: 15.8649, Test RMSE: 54.3256, Test MAPE: 17.2836, Test WMAPE: 0.0923
On average over 12 horizons, Test MAE: 13.0109, Test RMSE: 50.1683, Test MAPE: 15.3919, Test WMAPE: 0.0756
No update
Iter: 000, Train Loss: 6.7410, Train RMSE: 15.4776, Train MAPE: 0.9332, Train WMAPE: 0.0374
Iter: 050, Train Loss: 6.7173, Train RMSE: 13.3868, Train MAPE: 1.3379, Train WMAPE: 0.0368
Epoch: 139, Training Time: 14.6664 secs
Epoch: 139, Inference Time: 1.9036 secs
Epoch: 139, Train Loss: 6.4756, Train RMSE: 13.8589, Train MAPE: 1.2567, Train WMAPE: 0.0362, 
Epoch: 139, Valid Loss: 11.0987, Valid RMSE: 39.7782, Valid MAPE: 4.5958, Valid WMAPE: 0.0637
No update
Iter: 000, Train Loss: 6.9463, Train RMSE: 15.5065, Train MAPE: 1.6392, Train WMAPE: 0.0386
Iter: 050, Train Loss: 6.4663, Train RMSE: 12.9412, Train MAPE: 1.0574, Train WMAPE: 0.0355
Epoch: 140, Training Time: 14.6865 secs
Epoch: 140, Inference Time: 1.8942 secs
Epoch: 140, Train Loss: 6.5080, Train RMSE: 13.9613, Train MAPE: 1.2675, Train WMAPE: 0.0364, 
Epoch: 140, Valid Loss: 10.8597, Valid RMSE: 39.7800, Valid MAPE: 4.3438, Valid WMAPE: 0.0624
No update
Iter: 000, Train Loss: 7.3866, Train RMSE: 17.2359, Train MAPE: 1.4101, Train WMAPE: 0.0410
Iter: 050, Train Loss: 6.6332, Train RMSE: 13.7962, Train MAPE: 0.6917, Train WMAPE: 0.0364
Epoch: 141, Training Time: 14.7853 secs
Epoch: 141, Inference Time: 1.8113 secs
Epoch: 141, Train Loss: 6.5653, Train RMSE: 14.1610, Train MAPE: 1.0983, Train WMAPE: 0.0367, 
Epoch: 141, Valid Loss: 10.9793, Valid RMSE: 39.8269, Valid MAPE: 3.0645, Valid WMAPE: 0.0630
No update
Iter: 000, Train Loss: 7.0804, Train RMSE: 15.9459, Train MAPE: 1.1502, Train WMAPE: 0.0393
Iter: 050, Train Loss: 6.7953, Train RMSE: 14.2359, Train MAPE: 0.5979, Train WMAPE: 0.0373
Epoch: 142, Training Time: 14.6643 secs
Epoch: 142, Inference Time: 1.8860 secs
Epoch: 142, Train Loss: 6.5515, Train RMSE: 14.1465, Train MAPE: 1.0866, Train WMAPE: 0.0366, 
Epoch: 142, Valid Loss: 10.8678, Valid RMSE: 39.4822, Valid MAPE: 3.3341, Valid WMAPE: 0.0624
No update
Iter: 000, Train Loss: 7.0709, Train RMSE: 16.0060, Train MAPE: 1.1116, Train WMAPE: 0.0393
Iter: 050, Train Loss: 6.7580, Train RMSE: 13.9238, Train MAPE: 1.1151, Train WMAPE: 0.0371
Epoch: 143, Training Time: 14.7894 secs
Epoch: 143, Inference Time: 1.8963 secs
Epoch: 143, Train Loss: 6.5087, Train RMSE: 14.0013, Train MAPE: 1.1840, Train WMAPE: 0.0364, 
Epoch: 143, Valid Loss: 10.5828, Valid RMSE: 39.3746, Valid MAPE: 2.4698, Valid WMAPE: 0.0608
###Update tasks appear###
Evaluate best model on test data for horizon 1, Test MAE: 8.8849, Test RMSE: 56.7872, Test MAPE: 6.9911, Test WMAPE: 0.0516
Evaluate best model on test data for horizon 2, Test MAE: 9.6848, Test RMSE: 47.3257, Test MAPE: 10.5794, Test WMAPE: 0.0562
Evaluate best model on test data for horizon 3, Test MAE: 10.1474, Test RMSE: 40.2537, Test MAPE: 12.6799, Test WMAPE: 0.0589
Evaluate best model on test data for horizon 4, Test MAE: 11.4446, Test RMSE: 46.2601, Test MAPE: 14.5514, Test WMAPE: 0.0665
Evaluate best model on test data for horizon 5, Test MAE: 12.6392, Test RMSE: 51.0243, Test MAPE: 15.8525, Test WMAPE: 0.0734
Evaluate best model on test data for horizon 6, Test MAE: 12.9842, Test RMSE: 47.1290, Test MAPE: 17.0568, Test WMAPE: 0.0755
Evaluate best model on test data for horizon 7, Test MAE: 13.7641, Test RMSE: 49.6314, Test MAPE: 16.9929, Test WMAPE: 0.0800
Evaluate best model on test data for horizon 8, Test MAE: 14.5974, Test RMSE: 53.3278, Test MAPE: 16.8327, Test WMAPE: 0.0849
Evaluate best model on test data for horizon 9, Test MAE: 14.9067, Test RMSE: 52.4586, Test MAPE: 16.7690, Test WMAPE: 0.0867
Evaluate best model on test data for horizon 10, Test MAE: 14.7355, Test RMSE: 48.0412, Test MAPE: 16.9004, Test WMAPE: 0.0857
Evaluate best model on test data for horizon 11, Test MAE: 15.6323, Test RMSE: 55.3208, Test MAPE: 17.2707, Test WMAPE: 0.0909
Evaluate best model on test data for horizon 12, Test MAE: 15.7042, Test RMSE: 54.0277, Test MAPE: 17.0319, Test WMAPE: 0.0914
On average over 12 horizons, Test MAE: 12.9271, Test RMSE: 50.1323, Test MAPE: 14.9591, Test WMAPE: 0.0751
Test low! Updating! Test Loss: 12.927115360895792, Test low! Updating! Valid Loss: 10.582821539470128, epoch:  143
Iter: 000, Train Loss: 6.6823, Train RMSE: 15.3641, Train MAPE: 0.7958, Train WMAPE: 0.0371
Iter: 050, Train Loss: 6.6018, Train RMSE: 13.5524, Train MAPE: 0.7756, Train WMAPE: 0.0362
Epoch: 144, Training Time: 14.8155 secs
Epoch: 144, Inference Time: 1.8892 secs
Epoch: 144, Train Loss: 6.4835, Train RMSE: 13.8835, Train MAPE: 1.2126, Train WMAPE: 0.0363, 
Epoch: 144, Valid Loss: 10.6543, Valid RMSE: 39.3094, Valid MAPE: 2.7771, Valid WMAPE: 0.0612
No update
Iter: 000, Train Loss: 6.5549, Train RMSE: 15.2492, Train MAPE: 0.8659, Train WMAPE: 0.0364
Iter: 050, Train Loss: 6.5739, Train RMSE: 13.0669, Train MAPE: 1.2279, Train WMAPE: 0.0360
Epoch: 145, Training Time: 14.6879 secs
Epoch: 145, Inference Time: 1.7971 secs
Epoch: 145, Train Loss: 6.3960, Train RMSE: 13.7230, Train MAPE: 1.2111, Train WMAPE: 0.0358, 
Epoch: 145, Valid Loss: 10.8346, Valid RMSE: 39.2426, Valid MAPE: 4.6103, Valid WMAPE: 0.0622
No update
Iter: 000, Train Loss: 6.8061, Train RMSE: 15.3314, Train MAPE: 1.3621, Train WMAPE: 0.0378
Iter: 050, Train Loss: 6.5209, Train RMSE: 13.3444, Train MAPE: 0.6531, Train WMAPE: 0.0358
Epoch: 146, Training Time: 14.7793 secs
Epoch: 146, Inference Time: 1.9149 secs
Epoch: 146, Train Loss: 6.4235, Train RMSE: 13.7225, Train MAPE: 1.2555, Train WMAPE: 0.0359, 
Epoch: 146, Valid Loss: 10.7832, Valid RMSE: 39.3984, Valid MAPE: 2.4514, Valid WMAPE: 0.0619
No update
Iter: 000, Train Loss: 6.7403, Train RMSE: 15.4217, Train MAPE: 0.9976, Train WMAPE: 0.0374
Iter: 050, Train Loss: 6.6117, Train RMSE: 13.6903, Train MAPE: 0.6628, Train WMAPE: 0.0363
Epoch: 147, Training Time: 14.9704 secs
Epoch: 147, Inference Time: 1.8799 secs
Epoch: 147, Train Loss: 6.4716, Train RMSE: 13.8635, Train MAPE: 1.2669, Train WMAPE: 0.0362, 
Epoch: 147, Valid Loss: 10.8732, Valid RMSE: 39.6178, Valid MAPE: 4.4545, Valid WMAPE: 0.0624
No update
Iter: 000, Train Loss: 7.0456, Train RMSE: 15.8814, Train MAPE: 1.5002, Train WMAPE: 0.0391
Iter: 050, Train Loss: 6.7256, Train RMSE: 13.4628, Train MAPE: 1.1090, Train WMAPE: 0.0369
Epoch: 148, Training Time: 15.0106 secs
Epoch: 148, Inference Time: 2.0827 secs
Epoch: 148, Train Loss: 6.4616, Train RMSE: 13.8268, Train MAPE: 1.2523, Train WMAPE: 0.0361, 
Epoch: 148, Valid Loss: 10.9078, Valid RMSE: 39.6920, Valid MAPE: 5.0070, Valid WMAPE: 0.0626
No update
Iter: 000, Train Loss: 6.7431, Train RMSE: 15.2487, Train MAPE: 1.7578, Train WMAPE: 0.0374
Iter: 050, Train Loss: 6.4103, Train RMSE: 13.1928, Train MAPE: 1.0978, Train WMAPE: 0.0352
Epoch: 149, Training Time: 14.5226 secs
Epoch: 149, Inference Time: 1.9775 secs
Epoch: 149, Train Loss: 6.4350, Train RMSE: 13.7360, Train MAPE: 1.2818, Train WMAPE: 0.0360, 
Epoch: 149, Valid Loss: 10.6492, Valid RMSE: 39.3834, Valid MAPE: 2.8174, Valid WMAPE: 0.0612
No update
Iter: 000, Train Loss: 6.6322, Train RMSE: 15.3598, Train MAPE: 0.8668, Train WMAPE: 0.0368
Iter: 050, Train Loss: 6.4603, Train RMSE: 13.2695, Train MAPE: 0.8339, Train WMAPE: 0.0354
Epoch: 150, Training Time: 14.8126 secs
Epoch: 150, Inference Time: 1.9780 secs
Epoch: 150, Train Loss: 6.4472, Train RMSE: 13.7844, Train MAPE: 1.3005, Train WMAPE: 0.0361, 
Epoch: 150, Valid Loss: 10.7604, Valid RMSE: 39.2558, Valid MAPE: 3.7694, Valid WMAPE: 0.0618
No update
Iter: 000, Train Loss: 6.7628, Train RMSE: 15.2799, Train MAPE: 1.4244, Train WMAPE: 0.0375
Iter: 050, Train Loss: 6.3868, Train RMSE: 13.1846, Train MAPE: 0.6191, Train WMAPE: 0.0350
Epoch: 151, Training Time: 14.9643 secs
Epoch: 151, Inference Time: 1.8887 secs
Epoch: 151, Train Loss: 6.4196, Train RMSE: 13.7586, Train MAPE: 1.1906, Train WMAPE: 0.0359, 
Epoch: 151, Valid Loss: 10.9501, Valid RMSE: 39.2428, Valid MAPE: 3.3010, Valid WMAPE: 0.0629
No update
Iter: 000, Train Loss: 7.0722, Train RMSE: 15.8283, Train MAPE: 1.2638, Train WMAPE: 0.0393
Iter: 050, Train Loss: 6.3184, Train RMSE: 13.0786, Train MAPE: 0.6483, Train WMAPE: 0.0346
Epoch: 152, Training Time: 14.3916 secs
Epoch: 152, Inference Time: 1.9883 secs
Epoch: 152, Train Loss: 6.4070, Train RMSE: 13.8768, Train MAPE: 1.0674, Train WMAPE: 0.0358, 
Epoch: 152, Valid Loss: 11.0076, Valid RMSE: 39.1432, Valid MAPE: 2.9772, Valid WMAPE: 0.0632
No update
Iter: 000, Train Loss: 6.8655, Train RMSE: 15.6538, Train MAPE: 1.0392, Train WMAPE: 0.0381
Iter: 050, Train Loss: 6.4554, Train RMSE: 13.3285, Train MAPE: 0.8026, Train WMAPE: 0.0354
Epoch: 153, Training Time: 14.4945 secs
Epoch: 153, Inference Time: 2.0053 secs
Epoch: 153, Train Loss: 6.4094, Train RMSE: 13.8203, Train MAPE: 1.1400, Train WMAPE: 0.0358, 
Epoch: 153, Valid Loss: 10.7784, Valid RMSE: 38.8804, Valid MAPE: 3.2697, Valid WMAPE: 0.0619
No update
Iter: 000, Train Loss: 6.7005, Train RMSE: 15.3566, Train MAPE: 1.2300, Train WMAPE: 0.0372
Iter: 050, Train Loss: 6.5316, Train RMSE: 13.3748, Train MAPE: 0.8048, Train WMAPE: 0.0358
Epoch: 154, Training Time: 14.8768 secs
Epoch: 154, Inference Time: 1.8955 secs
Epoch: 154, Train Loss: 6.4011, Train RMSE: 13.7262, Train MAPE: 1.1630, Train WMAPE: 0.0358, 
Epoch: 154, Valid Loss: 10.5215, Valid RMSE: 38.8220, Valid MAPE: 2.8018, Valid WMAPE: 0.0604
###Update tasks appear###
Evaluate best model on test data for horizon 1, Test MAE: 8.8816, Test RMSE: 56.1196, Test MAPE: 7.6291, Test WMAPE: 0.0516
Evaluate best model on test data for horizon 2, Test MAE: 9.6076, Test RMSE: 46.7992, Test MAPE: 11.2063, Test WMAPE: 0.0558
Evaluate best model on test data for horizon 3, Test MAE: 10.1151, Test RMSE: 39.8384, Test MAPE: 13.3847, Test WMAPE: 0.0587
Evaluate best model on test data for horizon 4, Test MAE: 11.4283, Test RMSE: 45.3373, Test MAPE: 15.2020, Test WMAPE: 0.0664
Evaluate best model on test data for horizon 5, Test MAE: 12.6002, Test RMSE: 50.0970, Test MAPE: 16.3606, Test WMAPE: 0.0732
Evaluate best model on test data for horizon 6, Test MAE: 12.9361, Test RMSE: 46.3785, Test MAPE: 17.1628, Test WMAPE: 0.0752
Evaluate best model on test data for horizon 7, Test MAE: 13.7084, Test RMSE: 48.8042, Test MAPE: 17.3022, Test WMAPE: 0.0797
Evaluate best model on test data for horizon 8, Test MAE: 14.5096, Test RMSE: 52.1877, Test MAPE: 17.0503, Test WMAPE: 0.0844
Evaluate best model on test data for horizon 9, Test MAE: 14.7626, Test RMSE: 51.3033, Test MAPE: 16.8531, Test WMAPE: 0.0859
Evaluate best model on test data for horizon 10, Test MAE: 14.6200, Test RMSE: 47.3314, Test MAPE: 17.0152, Test WMAPE: 0.0850
Evaluate best model on test data for horizon 11, Test MAE: 15.4752, Test RMSE: 54.4473, Test MAPE: 17.1441, Test WMAPE: 0.0900
Evaluate best model on test data for horizon 12, Test MAE: 15.5037, Test RMSE: 53.3138, Test MAPE: 16.9898, Test WMAPE: 0.0902
On average over 12 horizons, Test MAE: 12.8457, Test RMSE: 49.3298, Test MAPE: 15.2750, Test WMAPE: 0.0747
Test low! Updating! Test Loss: 12.845712423324585, Test low! Updating! Valid Loss: 10.521505798612322, epoch:  154
Iter: 000, Train Loss: 6.5455, Train RMSE: 15.2340, Train MAPE: 0.9104, Train WMAPE: 0.0363
Iter: 050, Train Loss: 6.5429, Train RMSE: 12.9515, Train MAPE: 0.9867, Train WMAPE: 0.0359
Epoch: 155, Training Time: 14.9578 secs
Epoch: 155, Inference Time: 1.9852 secs
Epoch: 155, Train Loss: 6.2990, Train RMSE: 13.5190, Train MAPE: 1.1986, Train WMAPE: 0.0352, 
Epoch: 155, Valid Loss: 10.7915, Valid RMSE: 39.0183, Valid MAPE: 4.7260, Valid WMAPE: 0.0620
No update
Iter: 000, Train Loss: 6.7160, Train RMSE: 15.1390, Train MAPE: 1.4607, Train WMAPE: 0.0373
Iter: 050, Train Loss: 6.3335, Train RMSE: 12.9673, Train MAPE: 0.7647, Train WMAPE: 0.0347
Epoch: 156, Training Time: 14.7227 secs
Epoch: 156, Inference Time: 1.9645 secs
Epoch: 156, Train Loss: 6.2937, Train RMSE: 13.4897, Train MAPE: 1.1878, Train WMAPE: 0.0352, 
Epoch: 156, Valid Loss: 10.5772, Valid RMSE: 38.9422, Valid MAPE: 3.7429, Valid WMAPE: 0.0607
No update
Iter: 000, Train Loss: 6.4426, Train RMSE: 14.8420, Train MAPE: 1.1767, Train WMAPE: 0.0358
Iter: 050, Train Loss: 6.4078, Train RMSE: 13.0925, Train MAPE: 0.8177, Train WMAPE: 0.0351
Epoch: 157, Training Time: 14.7853 secs
Epoch: 157, Inference Time: 1.8191 secs
Epoch: 157, Train Loss: 6.3769, Train RMSE: 13.6940, Train MAPE: 1.1861, Train WMAPE: 0.0357, 
Epoch: 157, Valid Loss: 10.9505, Valid RMSE: 39.1532, Valid MAPE: 5.1215, Valid WMAPE: 0.0629
No update
Iter: 000, Train Loss: 6.9567, Train RMSE: 15.5304, Train MAPE: 1.6471, Train WMAPE: 0.0386
Iter: 050, Train Loss: 6.2678, Train RMSE: 12.9609, Train MAPE: 0.6578, Train WMAPE: 0.0344
Epoch: 158, Training Time: 14.7130 secs
Epoch: 158, Inference Time: 1.8741 secs
Epoch: 158, Train Loss: 6.3252, Train RMSE: 13.5099, Train MAPE: 1.2212, Train WMAPE: 0.0354, 
Epoch: 158, Valid Loss: 10.5814, Valid RMSE: 39.0958, Valid MAPE: 1.9925, Valid WMAPE: 0.0608
No update
Iter: 000, Train Loss: 6.7912, Train RMSE: 15.6056, Train MAPE: 0.7950, Train WMAPE: 0.0377
Iter: 050, Train Loss: 6.1816, Train RMSE: 12.7482, Train MAPE: 0.5997, Train WMAPE: 0.0339
Epoch: 159, Training Time: 14.8035 secs
Epoch: 159, Inference Time: 1.8215 secs
Epoch: 159, Train Loss: 6.3217, Train RMSE: 13.6055, Train MAPE: 1.0901, Train WMAPE: 0.0354, 
Epoch: 159, Valid Loss: 10.6244, Valid RMSE: 38.9843, Valid MAPE: 2.4860, Valid WMAPE: 0.0610
No update
Iter: 000, Train Loss: 7.1949, Train RMSE: 16.6621, Train MAPE: 0.9058, Train WMAPE: 0.0399
Iter: 050, Train Loss: 6.4772, Train RMSE: 13.2862, Train MAPE: 0.7497, Train WMAPE: 0.0355
Epoch: 160, Training Time: 14.8078 secs
Epoch: 160, Inference Time: 2.0108 secs
Epoch: 160, Train Loss: 6.3460, Train RMSE: 13.6751, Train MAPE: 1.0790, Train WMAPE: 0.0355, 
Epoch: 160, Valid Loss: 10.6370, Valid RMSE: 38.7172, Valid MAPE: 3.0225, Valid WMAPE: 0.0611
No update
Iter: 000, Train Loss: 6.7514, Train RMSE: 15.3898, Train MAPE: 0.9869, Train WMAPE: 0.0375
Iter: 050, Train Loss: 6.5394, Train RMSE: 14.1975, Train MAPE: 0.8103, Train WMAPE: 0.0359
Epoch: 161, Training Time: 15.1662 secs
Epoch: 161, Inference Time: 1.8888 secs
Epoch: 161, Train Loss: 6.2925, Train RMSE: 13.4822, Train MAPE: 1.2477, Train WMAPE: 0.0352, 
Epoch: 161, Valid Loss: 10.5361, Valid RMSE: 39.0743, Valid MAPE: 2.2611, Valid WMAPE: 0.0605
No update
Iter: 000, Train Loss: 6.5904, Train RMSE: 15.0592, Train MAPE: 0.8063, Train WMAPE: 0.0366
Iter: 050, Train Loss: 6.3767, Train RMSE: 12.7089, Train MAPE: 0.8971, Train WMAPE: 0.0350
Epoch: 162, Training Time: 15.0835 secs
Epoch: 162, Inference Time: 1.9014 secs
Epoch: 162, Train Loss: 6.2909, Train RMSE: 13.4264, Train MAPE: 1.2092, Train WMAPE: 0.0352, 
Epoch: 162, Valid Loss: 10.6825, Valid RMSE: 39.1240, Valid MAPE: 4.8036, Valid WMAPE: 0.0613
No update
Iter: 000, Train Loss: 6.5027, Train RMSE: 14.3182, Train MAPE: 1.5364, Train WMAPE: 0.0361
Iter: 050, Train Loss: 6.3954, Train RMSE: 12.8138, Train MAPE: 1.1199, Train WMAPE: 0.0351
Epoch: 163, Training Time: 15.0010 secs
Epoch: 163, Inference Time: 1.9975 secs
Epoch: 163, Train Loss: 6.2297, Train RMSE: 13.3872, Train MAPE: 1.1866, Train WMAPE: 0.0348, 
Epoch: 163, Valid Loss: 10.7819, Valid RMSE: 39.1869, Valid MAPE: 4.9495, Valid WMAPE: 0.0619
No update
Iter: 000, Train Loss: 6.6624, Train RMSE: 15.0814, Train MAPE: 1.7419, Train WMAPE: 0.0370
Iter: 050, Train Loss: 6.4463, Train RMSE: 12.9316, Train MAPE: 0.9486, Train WMAPE: 0.0353
Epoch: 164, Training Time: 14.9771 secs
Epoch: 164, Inference Time: 1.8110 secs
Epoch: 164, Train Loss: 6.2549, Train RMSE: 13.3709, Train MAPE: 1.1494, Train WMAPE: 0.0350, 
Epoch: 164, Valid Loss: 10.6363, Valid RMSE: 38.8392, Valid MAPE: 3.5502, Valid WMAPE: 0.0611
No update
Iter: 000, Train Loss: 6.6243, Train RMSE: 14.7249, Train MAPE: 1.0801, Train WMAPE: 0.0368
Iter: 050, Train Loss: 6.3981, Train RMSE: 13.1017, Train MAPE: 0.8455, Train WMAPE: 0.0351
Epoch: 165, Training Time: 15.0761 secs
Epoch: 165, Inference Time: 1.8966 secs
Epoch: 165, Train Loss: 6.2443, Train RMSE: 13.3459, Train MAPE: 1.2226, Train WMAPE: 0.0349, 
Epoch: 165, Valid Loss: 10.6993, Valid RMSE: 39.2318, Valid MAPE: 4.6644, Valid WMAPE: 0.0614
No update
Iter: 000, Train Loss: 6.7958, Train RMSE: 14.5876, Train MAPE: 1.6949, Train WMAPE: 0.0377
Iter: 050, Train Loss: 6.1607, Train RMSE: 12.6487, Train MAPE: 0.6598, Train WMAPE: 0.0338
Epoch: 166, Training Time: 14.8171 secs
Epoch: 166, Inference Time: 1.8689 secs
Epoch: 166, Train Loss: 6.2618, Train RMSE: 13.3721, Train MAPE: 1.1511, Train WMAPE: 0.0350, 
Epoch: 166, Valid Loss: 10.6094, Valid RMSE: 39.2296, Valid MAPE: 3.2334, Valid WMAPE: 0.0609
No update
Iter: 000, Train Loss: 6.6442, Train RMSE: 15.3288, Train MAPE: 1.1287, Train WMAPE: 0.0369
Iter: 050, Train Loss: 6.4314, Train RMSE: 12.9198, Train MAPE: 1.2229, Train WMAPE: 0.0353
Epoch: 167, Training Time: 14.7823 secs
Epoch: 167, Inference Time: 1.9014 secs
Epoch: 167, Train Loss: 6.2519, Train RMSE: 13.4050, Train MAPE: 1.1875, Train WMAPE: 0.0350, 
Epoch: 167, Valid Loss: 10.5017, Valid RMSE: 38.8738, Valid MAPE: 2.0502, Valid WMAPE: 0.0603
###Update tasks appear###
Evaluate best model on test data for horizon 1, Test MAE: 8.8673, Test RMSE: 56.7196, Test MAPE: 7.3277, Test WMAPE: 0.0515
Evaluate best model on test data for horizon 2, Test MAE: 9.6157, Test RMSE: 47.1653, Test MAPE: 10.8347, Test WMAPE: 0.0558
Evaluate best model on test data for horizon 3, Test MAE: 10.1492, Test RMSE: 40.5253, Test MAPE: 13.0251, Test WMAPE: 0.0589
Evaluate best model on test data for horizon 4, Test MAE: 11.4980, Test RMSE: 46.0084, Test MAPE: 14.6700, Test WMAPE: 0.0668
Evaluate best model on test data for horizon 5, Test MAE: 12.6687, Test RMSE: 50.3181, Test MAPE: 16.0825, Test WMAPE: 0.0736
Evaluate best model on test data for horizon 6, Test MAE: 13.0089, Test RMSE: 46.5803, Test MAPE: 16.5619, Test WMAPE: 0.0756
Evaluate best model on test data for horizon 7, Test MAE: 13.7978, Test RMSE: 49.0355, Test MAPE: 16.7029, Test WMAPE: 0.0802
Evaluate best model on test data for horizon 8, Test MAE: 14.6171, Test RMSE: 52.6601, Test MAPE: 16.4557, Test WMAPE: 0.0850
Evaluate best model on test data for horizon 9, Test MAE: 14.9019, Test RMSE: 51.5349, Test MAPE: 16.4809, Test WMAPE: 0.0867
Evaluate best model on test data for horizon 10, Test MAE: 14.7089, Test RMSE: 47.5176, Test MAPE: 16.6215, Test WMAPE: 0.0856
Evaluate best model on test data for horizon 11, Test MAE: 15.4805, Test RMSE: 54.3444, Test MAPE: 16.7229, Test WMAPE: 0.0901
Evaluate best model on test data for horizon 12, Test MAE: 15.5011, Test RMSE: 53.3671, Test MAPE: 16.5953, Test WMAPE: 0.0902
On average over 12 horizons, Test MAE: 12.9013, Test RMSE: 49.6480, Test MAPE: 14.8401, Test WMAPE: 0.0750
No update
Iter: 000, Train Loss: 6.5251, Train RMSE: 14.6623, Train MAPE: 0.7926, Train WMAPE: 0.0362
Iter: 050, Train Loss: 6.9450, Train RMSE: 14.1244, Train MAPE: 1.2839, Train WMAPE: 0.0381
Epoch: 168, Training Time: 14.8065 secs
Epoch: 168, Inference Time: 2.0825 secs
Epoch: 168, Train Loss: 6.3085, Train RMSE: 13.4545, Train MAPE: 1.1802, Train WMAPE: 0.0353, 
Epoch: 168, Valid Loss: 10.7581, Valid RMSE: 39.0539, Valid MAPE: 5.6412, Valid WMAPE: 0.0618
No update
Iter: 000, Train Loss: 6.6156, Train RMSE: 14.4688, Train MAPE: 1.8824, Train WMAPE: 0.0367
Iter: 050, Train Loss: 6.7378, Train RMSE: 13.3422, Train MAPE: 1.6314, Train WMAPE: 0.0369
Epoch: 169, Training Time: 14.5613 secs
Epoch: 169, Inference Time: 1.9008 secs
Epoch: 169, Train Loss: 6.3278, Train RMSE: 13.5059, Train MAPE: 1.2104, Train WMAPE: 0.0354, 
Epoch: 169, Valid Loss: 10.7745, Valid RMSE: 38.8689, Valid MAPE: 4.5569, Valid WMAPE: 0.0619
No update
Iter: 000, Train Loss: 6.7421, Train RMSE: 14.5570, Train MAPE: 1.7061, Train WMAPE: 0.0374
Iter: 050, Train Loss: 6.3128, Train RMSE: 12.8656, Train MAPE: 0.9382, Train WMAPE: 0.0346
Epoch: 170, Training Time: 14.4781 secs
Epoch: 170, Inference Time: 1.8885 secs
Epoch: 170, Train Loss: 6.2659, Train RMSE: 13.4131, Train MAPE: 1.1770, Train WMAPE: 0.0350, 
Epoch: 170, Valid Loss: 10.5315, Valid RMSE: 38.9952, Valid MAPE: 2.1934, Valid WMAPE: 0.0605
No update
Iter: 000, Train Loss: 6.3540, Train RMSE: 13.8265, Train MAPE: 0.7590, Train WMAPE: 0.0353
Iter: 050, Train Loss: 6.3468, Train RMSE: 13.0483, Train MAPE: 0.5529, Train WMAPE: 0.0348
Epoch: 171, Training Time: 14.9644 secs
Epoch: 171, Inference Time: 1.9299 secs
Epoch: 171, Train Loss: 6.2417, Train RMSE: 13.3368, Train MAPE: 1.1073, Train WMAPE: 0.0349, 
Epoch: 171, Valid Loss: 10.5061, Valid RMSE: 39.0051, Valid MAPE: 3.0569, Valid WMAPE: 0.0603
###Update tasks appear###
Evaluate best model on test data for horizon 1, Test MAE: 9.0747, Test RMSE: 56.8636, Test MAPE: 7.7868, Test WMAPE: 0.0527
Evaluate best model on test data for horizon 2, Test MAE: 9.7167, Test RMSE: 47.4241, Test MAPE: 11.1882, Test WMAPE: 0.0564
Evaluate best model on test data for horizon 3, Test MAE: 10.2855, Test RMSE: 40.5577, Test MAPE: 13.2960, Test WMAPE: 0.0597
Evaluate best model on test data for horizon 4, Test MAE: 11.5201, Test RMSE: 46.1769, Test MAPE: 14.8200, Test WMAPE: 0.0669
Evaluate best model on test data for horizon 5, Test MAE: 12.6233, Test RMSE: 50.3859, Test MAPE: 16.1544, Test WMAPE: 0.0734
Evaluate best model on test data for horizon 6, Test MAE: 12.9424, Test RMSE: 46.7799, Test MAPE: 17.0035, Test WMAPE: 0.0752
Evaluate best model on test data for horizon 7, Test MAE: 13.6631, Test RMSE: 48.8286, Test MAPE: 17.0585, Test WMAPE: 0.0794
Evaluate best model on test data for horizon 8, Test MAE: 14.4967, Test RMSE: 52.4147, Test MAPE: 17.0313, Test WMAPE: 0.0843
Evaluate best model on test data for horizon 9, Test MAE: 14.8232, Test RMSE: 51.5676, Test MAPE: 16.9517, Test WMAPE: 0.0862
Evaluate best model on test data for horizon 10, Test MAE: 14.6864, Test RMSE: 47.4927, Test MAPE: 16.9568, Test WMAPE: 0.0854
Evaluate best model on test data for horizon 11, Test MAE: 15.5350, Test RMSE: 54.3273, Test MAPE: 17.1125, Test WMAPE: 0.0904
Evaluate best model on test data for horizon 12, Test MAE: 15.6285, Test RMSE: 53.4557, Test MAPE: 16.9918, Test WMAPE: 0.0909
On average over 12 horizons, Test MAE: 12.9163, Test RMSE: 49.6896, Test MAPE: 15.1960, Test WMAPE: 0.0751
No update
Iter: 000, Train Loss: 6.3385, Train RMSE: 13.4281, Train MAPE: 0.9295, Train WMAPE: 0.0352
Iter: 050, Train Loss: 6.2854, Train RMSE: 12.6312, Train MAPE: 1.0346, Train WMAPE: 0.0345
Epoch: 172, Training Time: 14.7542 secs
Epoch: 172, Inference Time: 2.0085 secs
Epoch: 172, Train Loss: 6.1729, Train RMSE: 13.2069, Train MAPE: 1.1703, Train WMAPE: 0.0345, 
Epoch: 172, Valid Loss: 10.7106, Valid RMSE: 39.0063, Valid MAPE: 4.5187, Valid WMAPE: 0.0615
No update
Iter: 000, Train Loss: 6.5156, Train RMSE: 14.1397, Train MAPE: 1.4605, Train WMAPE: 0.0362
Iter: 050, Train Loss: 6.1932, Train RMSE: 12.5232, Train MAPE: 0.7075, Train WMAPE: 0.0340
Epoch: 173, Training Time: 14.8754 secs
Epoch: 173, Inference Time: 1.9038 secs
Epoch: 173, Train Loss: 6.1664, Train RMSE: 13.1615, Train MAPE: 1.1744, Train WMAPE: 0.0345, 
Epoch: 173, Valid Loss: 10.5114, Valid RMSE: 38.9257, Valid MAPE: 4.1381, Valid WMAPE: 0.0604
###Update tasks appear###
Evaluate best model on test data for horizon 1, Test MAE: 8.9381, Test RMSE: 56.6910, Test MAPE: 8.1188, Test WMAPE: 0.0519
Evaluate best model on test data for horizon 2, Test MAE: 9.7375, Test RMSE: 47.1449, Test MAPE: 11.7303, Test WMAPE: 0.0565
Evaluate best model on test data for horizon 3, Test MAE: 10.1636, Test RMSE: 40.5215, Test MAPE: 13.5332, Test WMAPE: 0.0590
Evaluate best model on test data for horizon 4, Test MAE: 11.4578, Test RMSE: 45.9549, Test MAPE: 15.2078, Test WMAPE: 0.0666
Evaluate best model on test data for horizon 5, Test MAE: 12.5719, Test RMSE: 50.1529, Test MAPE: 16.4383, Test WMAPE: 0.0731
Evaluate best model on test data for horizon 6, Test MAE: 12.9905, Test RMSE: 46.7078, Test MAPE: 17.2490, Test WMAPE: 0.0755
Evaluate best model on test data for horizon 7, Test MAE: 13.7386, Test RMSE: 48.9402, Test MAPE: 17.1320, Test WMAPE: 0.0799
Evaluate best model on test data for horizon 8, Test MAE: 14.5617, Test RMSE: 52.4111, Test MAPE: 16.9688, Test WMAPE: 0.0847
Evaluate best model on test data for horizon 9, Test MAE: 14.8726, Test RMSE: 51.5076, Test MAPE: 16.8919, Test WMAPE: 0.0865
Evaluate best model on test data for horizon 10, Test MAE: 14.6662, Test RMSE: 47.4572, Test MAPE: 16.9130, Test WMAPE: 0.0853
Evaluate best model on test data for horizon 11, Test MAE: 15.5082, Test RMSE: 54.4781, Test MAPE: 17.0416, Test WMAPE: 0.0902
Evaluate best model on test data for horizon 12, Test MAE: 15.5178, Test RMSE: 53.3884, Test MAPE: 16.8584, Test WMAPE: 0.0903
On average over 12 horizons, Test MAE: 12.8937, Test RMSE: 49.6130, Test MAPE: 15.3402, Test WMAPE: 0.0750
No update
Iter: 000, Train Loss: 6.4363, Train RMSE: 14.2782, Train MAPE: 1.4212, Train WMAPE: 0.0357
Iter: 050, Train Loss: 6.4217, Train RMSE: 13.0973, Train MAPE: 1.3908, Train WMAPE: 0.0352
Epoch: 174, Training Time: 14.8815 secs
Epoch: 174, Inference Time: 1.8967 secs
Epoch: 174, Train Loss: 6.2129, Train RMSE: 13.2587, Train MAPE: 1.1797, Train WMAPE: 0.0347, 
Epoch: 174, Valid Loss: 10.4543, Valid RMSE: 38.5666, Valid MAPE: 2.2196, Valid WMAPE: 0.0600
###Update tasks appear###
Evaluate best model on test data for horizon 1, Test MAE: 9.0206, Test RMSE: 56.1876, Test MAPE: 7.5346, Test WMAPE: 0.0524
Evaluate best model on test data for horizon 2, Test MAE: 9.6462, Test RMSE: 46.6425, Test MAPE: 11.0093, Test WMAPE: 0.0560
Evaluate best model on test data for horizon 3, Test MAE: 10.1475, Test RMSE: 40.2391, Test MAPE: 13.2072, Test WMAPE: 0.0589
Evaluate best model on test data for horizon 4, Test MAE: 11.5219, Test RMSE: 45.8835, Test MAPE: 14.9497, Test WMAPE: 0.0669
Evaluate best model on test data for horizon 5, Test MAE: 12.6513, Test RMSE: 49.7675, Test MAPE: 16.3625, Test WMAPE: 0.0735
Evaluate best model on test data for horizon 6, Test MAE: 13.0074, Test RMSE: 46.2641, Test MAPE: 16.6978, Test WMAPE: 0.0756
Evaluate best model on test data for horizon 7, Test MAE: 13.8372, Test RMSE: 48.6604, Test MAPE: 16.7301, Test WMAPE: 0.0804
Evaluate best model on test data for horizon 8, Test MAE: 14.5554, Test RMSE: 52.1336, Test MAPE: 16.6407, Test WMAPE: 0.0846
Evaluate best model on test data for horizon 9, Test MAE: 14.8016, Test RMSE: 51.1102, Test MAPE: 16.7086, Test WMAPE: 0.0861
Evaluate best model on test data for horizon 10, Test MAE: 14.6801, Test RMSE: 47.5668, Test MAPE: 16.7812, Test WMAPE: 0.0854
Evaluate best model on test data for horizon 11, Test MAE: 15.5320, Test RMSE: 54.4684, Test MAPE: 16.8101, Test WMAPE: 0.0904
Evaluate best model on test data for horizon 12, Test MAE: 15.4872, Test RMSE: 53.3414, Test MAPE: 16.8076, Test WMAPE: 0.0901
On average over 12 horizons, Test MAE: 12.9074, Test RMSE: 49.3554, Test MAPE: 15.0199, Test WMAPE: 0.0750
No update
Iter: 000, Train Loss: 6.2281, Train RMSE: 13.5058, Train MAPE: 0.8463, Train WMAPE: 0.0346
Iter: 050, Train Loss: 6.2409, Train RMSE: 12.8148, Train MAPE: 1.0005, Train WMAPE: 0.0342
Epoch: 175, Training Time: 14.8621 secs
Epoch: 175, Inference Time: 1.8948 secs
Epoch: 175, Train Loss: 6.2159, Train RMSE: 13.3261, Train MAPE: 1.0960, Train WMAPE: 0.0348, 
Epoch: 175, Valid Loss: 10.6194, Valid RMSE: 38.9932, Valid MAPE: 2.5595, Valid WMAPE: 0.0610
No update
Iter: 000, Train Loss: 6.5025, Train RMSE: 13.9686, Train MAPE: 0.8710, Train WMAPE: 0.0361
Iter: 050, Train Loss: 6.4275, Train RMSE: 13.6437, Train MAPE: 0.8212, Train WMAPE: 0.0352
Epoch: 176, Training Time: 14.8858 secs
Epoch: 176, Inference Time: 1.7856 secs
Epoch: 176, Train Loss: 6.1871, Train RMSE: 13.3236, Train MAPE: 0.9987, Train WMAPE: 0.0346, 
Epoch: 176, Valid Loss: 10.5393, Valid RMSE: 38.8016, Valid MAPE: 2.9793, Valid WMAPE: 0.0605
No update
Iter: 000, Train Loss: 6.5222, Train RMSE: 13.9925, Train MAPE: 1.0396, Train WMAPE: 0.0362
Iter: 050, Train Loss: 6.1354, Train RMSE: 12.6124, Train MAPE: 0.7188, Train WMAPE: 0.0336
Epoch: 177, Training Time: 14.8793 secs
Epoch: 177, Inference Time: 1.9015 secs
Epoch: 177, Train Loss: 6.2178, Train RMSE: 13.4487, Train MAPE: 1.0097, Train WMAPE: 0.0348, 
Epoch: 177, Valid Loss: 10.5323, Valid RMSE: 38.9473, Valid MAPE: 2.9712, Valid WMAPE: 0.0605
No update
Iter: 000, Train Loss: 6.7422, Train RMSE: 14.3188, Train MAPE: 0.9744, Train WMAPE: 0.0374
Iter: 050, Train Loss: 6.5472, Train RMSE: 13.2242, Train MAPE: 0.8637, Train WMAPE: 0.0359
Epoch: 178, Training Time: 14.7808 secs
Epoch: 178, Inference Time: 1.8949 secs
Epoch: 178, Train Loss: 6.2684, Train RMSE: 13.4607, Train MAPE: 1.0425, Train WMAPE: 0.0351, 
Epoch: 178, Valid Loss: 10.6390, Valid RMSE: 38.8565, Valid MAPE: 2.7756, Valid WMAPE: 0.0611
No update
Iter: 000, Train Loss: 6.5773, Train RMSE: 14.0533, Train MAPE: 0.9599, Train WMAPE: 0.0365
Iter: 050, Train Loss: 6.1840, Train RMSE: 12.8808, Train MAPE: 0.6199, Train WMAPE: 0.0339
Epoch: 179, Training Time: 14.7858 secs
Epoch: 179, Inference Time: 2.0012 secs
Epoch: 179, Train Loss: 6.1678, Train RMSE: 13.2158, Train MAPE: 1.0718, Train WMAPE: 0.0345, 
Epoch: 179, Valid Loss: 10.4137, Valid RMSE: 39.0899, Valid MAPE: 2.0878, Valid WMAPE: 0.0598
###Update tasks appear###
Evaluate best model on test data for horizon 1, Test MAE: 8.9045, Test RMSE: 56.8505, Test MAPE: 7.1650, Test WMAPE: 0.0517
Evaluate best model on test data for horizon 2, Test MAE: 9.6497, Test RMSE: 47.5362, Test MAPE: 10.6554, Test WMAPE: 0.0560
Evaluate best model on test data for horizon 3, Test MAE: 10.1459, Test RMSE: 40.4057, Test MAPE: 12.9523, Test WMAPE: 0.0589
Evaluate best model on test data for horizon 4, Test MAE: 11.4090, Test RMSE: 46.2789, Test MAPE: 14.5246, Test WMAPE: 0.0663
Evaluate best model on test data for horizon 5, Test MAE: 12.5496, Test RMSE: 50.6921, Test MAPE: 15.9035, Test WMAPE: 0.0729
Evaluate best model on test data for horizon 6, Test MAE: 12.8868, Test RMSE: 46.8461, Test MAPE: 16.4319, Test WMAPE: 0.0749
Evaluate best model on test data for horizon 7, Test MAE: 13.6132, Test RMSE: 48.8202, Test MAPE: 16.4962, Test WMAPE: 0.0791
Evaluate best model on test data for horizon 8, Test MAE: 14.3871, Test RMSE: 52.4351, Test MAPE: 16.3690, Test WMAPE: 0.0837
Evaluate best model on test data for horizon 9, Test MAE: 14.6742, Test RMSE: 51.3189, Test MAPE: 16.3585, Test WMAPE: 0.0853
Evaluate best model on test data for horizon 10, Test MAE: 14.4795, Test RMSE: 47.3814, Test MAPE: 16.4620, Test WMAPE: 0.0842
Evaluate best model on test data for horizon 11, Test MAE: 15.2718, Test RMSE: 54.4662, Test MAPE: 16.6116, Test WMAPE: 0.0888
Evaluate best model on test data for horizon 12, Test MAE: 15.2594, Test RMSE: 53.0860, Test MAPE: 16.5044, Test WMAPE: 0.0888
On average over 12 horizons, Test MAE: 12.7692, Test RMSE: 49.6764, Test MAPE: 14.7029, Test WMAPE: 0.0742
Test low! Updating! Test Loss: 12.769222815831503, Test low! Updating! Valid Loss: 10.413684981209892, epoch:  179
Iter: 000, Train Loss: 6.2380, Train RMSE: 13.5802, Train MAPE: 0.7188, Train WMAPE: 0.0346
Iter: 050, Train Loss: 6.3362, Train RMSE: 13.1546, Train MAPE: 0.6409, Train WMAPE: 0.0347
Epoch: 180, Training Time: 14.6196 secs
Epoch: 180, Inference Time: 2.0020 secs
Epoch: 180, Train Loss: 6.1174, Train RMSE: 13.2112, Train MAPE: 0.9670, Train WMAPE: 0.0342, 
Epoch: 180, Valid Loss: 10.4899, Valid RMSE: 38.8511, Valid MAPE: 2.1044, Valid WMAPE: 0.0602
No update
Iter: 000, Train Loss: 6.2879, Train RMSE: 13.4734, Train MAPE: 0.6893, Train WMAPE: 0.0349
Iter: 050, Train Loss: 6.1972, Train RMSE: 12.5848, Train MAPE: 0.9692, Train WMAPE: 0.0340
Epoch: 181, Training Time: 14.4751 secs
Epoch: 181, Inference Time: 1.8866 secs
Epoch: 181, Train Loss: 6.1427, Train RMSE: 13.1141, Train MAPE: 1.1344, Train WMAPE: 0.0343, 
Epoch: 181, Valid Loss: 10.6516, Valid RMSE: 38.7524, Valid MAPE: 3.4375, Valid WMAPE: 0.0612
No update
Iter: 000, Train Loss: 6.5629, Train RMSE: 13.8758, Train MAPE: 1.2601, Train WMAPE: 0.0364
Iter: 050, Train Loss: 6.0892, Train RMSE: 12.4500, Train MAPE: 0.9230, Train WMAPE: 0.0334
Epoch: 182, Training Time: 14.5959 secs
Epoch: 182, Inference Time: 1.9167 secs
Epoch: 182, Train Loss: 6.1098, Train RMSE: 13.0660, Train MAPE: 1.1627, Train WMAPE: 0.0342, 
Epoch: 182, Valid Loss: 10.4301, Valid RMSE: 39.0104, Valid MAPE: 2.2387, Valid WMAPE: 0.0599
No update
Iter: 000, Train Loss: 6.3242, Train RMSE: 13.7559, Train MAPE: 0.8656, Train WMAPE: 0.0351
Iter: 050, Train Loss: 6.0492, Train RMSE: 12.5382, Train MAPE: 0.5872, Train WMAPE: 0.0332
Epoch: 183, Training Time: 14.8409 secs
Epoch: 183, Inference Time: 1.8563 secs
Epoch: 183, Train Loss: 6.1062, Train RMSE: 13.1047, Train MAPE: 0.9840, Train WMAPE: 0.0341, 
Epoch: 183, Valid Loss: 10.6087, Valid RMSE: 39.0164, Valid MAPE: 2.5519, Valid WMAPE: 0.0609
No update
Iter: 000, Train Loss: 6.4212, Train RMSE: 13.7619, Train MAPE: 0.8986, Train WMAPE: 0.0356
Iter: 050, Train Loss: 6.1107, Train RMSE: 12.5381, Train MAPE: 0.5563, Train WMAPE: 0.0335
Epoch: 184, Training Time: 15.2969 secs
Epoch: 184, Inference Time: 1.9034 secs
Epoch: 184, Train Loss: 6.0912, Train RMSE: 13.0895, Train MAPE: 0.9989, Train WMAPE: 0.0341, 
Epoch: 184, Valid Loss: 11.0691, Valid RMSE: 39.4316, Valid MAPE: 2.9169, Valid WMAPE: 0.0635
No update
Iter: 000, Train Loss: 6.9259, Train RMSE: 15.7297, Train MAPE: 1.0950, Train WMAPE: 0.0385
Iter: 050, Train Loss: 7.0924, Train RMSE: 15.2122, Train MAPE: 0.6223, Train WMAPE: 0.0389
Epoch: 185, Training Time: 14.5833 secs
Epoch: 185, Inference Time: 1.8148 secs
Epoch: 185, Train Loss: 6.2181, Train RMSE: 13.4443, Train MAPE: 0.9158, Train WMAPE: 0.0348, 
Epoch: 185, Valid Loss: 10.7292, Valid RMSE: 38.9174, Valid MAPE: 2.6288, Valid WMAPE: 0.0616
No update
Iter: 000, Train Loss: 6.4453, Train RMSE: 13.7551, Train MAPE: 0.8875, Train WMAPE: 0.0358
Iter: 050, Train Loss: 6.2012, Train RMSE: 12.7866, Train MAPE: 0.4965, Train WMAPE: 0.0340
Epoch: 186, Training Time: 14.4089 secs
Epoch: 186, Inference Time: 1.8041 secs
Epoch: 186, Train Loss: 6.1546, Train RMSE: 13.2584, Train MAPE: 0.9980, Train WMAPE: 0.0344, 
Epoch: 186, Valid Loss: 10.4555, Valid RMSE: 38.7473, Valid MAPE: 2.4615, Valid WMAPE: 0.0600
No update
Iter: 000, Train Loss: 6.1998, Train RMSE: 13.3460, Train MAPE: 0.8347, Train WMAPE: 0.0344
Iter: 050, Train Loss: 6.1849, Train RMSE: 12.5711, Train MAPE: 0.6773, Train WMAPE: 0.0339
Epoch: 187, Training Time: 14.6810 secs
Epoch: 187, Inference Time: 1.8840 secs
Epoch: 187, Train Loss: 6.0495, Train RMSE: 12.9220, Train MAPE: 1.1513, Train WMAPE: 0.0338, 
Epoch: 187, Valid Loss: 10.4040, Valid RMSE: 38.5745, Valid MAPE: 2.1951, Valid WMAPE: 0.0597
###Update tasks appear###
Evaluate best model on test data for horizon 1, Test MAE: 8.8470, Test RMSE: 56.4017, Test MAPE: 7.6677, Test WMAPE: 0.0514
Evaluate best model on test data for horizon 2, Test MAE: 9.5717, Test RMSE: 46.9501, Test MAPE: 10.9933, Test WMAPE: 0.0556
Evaluate best model on test data for horizon 3, Test MAE: 10.1032, Test RMSE: 40.2816, Test MAPE: 13.2595, Test WMAPE: 0.0587
Evaluate best model on test data for horizon 4, Test MAE: 11.3565, Test RMSE: 45.6987, Test MAPE: 14.7417, Test WMAPE: 0.0660
Evaluate best model on test data for horizon 5, Test MAE: 12.5274, Test RMSE: 49.9805, Test MAPE: 16.2846, Test WMAPE: 0.0728
Evaluate best model on test data for horizon 6, Test MAE: 12.8700, Test RMSE: 46.2743, Test MAPE: 16.6657, Test WMAPE: 0.0748
Evaluate best model on test data for horizon 7, Test MAE: 13.5476, Test RMSE: 48.1249, Test MAPE: 16.7326, Test WMAPE: 0.0788
Evaluate best model on test data for horizon 8, Test MAE: 14.3423, Test RMSE: 51.8940, Test MAPE: 16.4618, Test WMAPE: 0.0834
Evaluate best model on test data for horizon 9, Test MAE: 14.6194, Test RMSE: 50.8879, Test MAPE: 16.5532, Test WMAPE: 0.0850
Evaluate best model on test data for horizon 10, Test MAE: 14.4339, Test RMSE: 47.0427, Test MAPE: 16.6642, Test WMAPE: 0.0840
Evaluate best model on test data for horizon 11, Test MAE: 15.2003, Test RMSE: 53.8695, Test MAPE: 16.6674, Test WMAPE: 0.0884
Evaluate best model on test data for horizon 12, Test MAE: 15.1911, Test RMSE: 52.6122, Test MAPE: 16.6734, Test WMAPE: 0.0884
On average over 12 horizons, Test MAE: 12.7175, Test RMSE: 49.1682, Test MAPE: 14.9471, Test WMAPE: 0.0739
Test low! Updating! Test Loss: 12.71752413113912, Test low! Updating! Valid Loss: 10.403995888573784, epoch:  187
Iter: 000, Train Loss: 6.1848, Train RMSE: 13.2928, Train MAPE: 0.7304, Train WMAPE: 0.0343
Iter: 050, Train Loss: 6.0916, Train RMSE: 12.7582, Train MAPE: 0.6198, Train WMAPE: 0.0334
Epoch: 188, Training Time: 14.7622 secs
Epoch: 188, Inference Time: 1.9171 secs
Epoch: 188, Train Loss: 6.0290, Train RMSE: 12.8950, Train MAPE: 1.1618, Train WMAPE: 0.0337, 
Epoch: 188, Valid Loss: 10.5469, Valid RMSE: 38.7822, Valid MAPE: 3.2160, Valid WMAPE: 0.0606
No update
Iter: 000, Train Loss: 6.2780, Train RMSE: 13.3470, Train MAPE: 1.0953, Train WMAPE: 0.0349
Iter: 050, Train Loss: 6.1230, Train RMSE: 12.3524, Train MAPE: 1.0146, Train WMAPE: 0.0336
Epoch: 189, Training Time: 15.0071 secs
Epoch: 189, Inference Time: 1.9043 secs
Epoch: 189, Train Loss: 6.0040, Train RMSE: 12.8284, Train MAPE: 1.1319, Train WMAPE: 0.0336, 
Epoch: 189, Valid Loss: 10.5908, Valid RMSE: 38.6976, Valid MAPE: 4.3467, Valid WMAPE: 0.0608
No update
Iter: 000, Train Loss: 6.3302, Train RMSE: 13.2796, Train MAPE: 1.4235, Train WMAPE: 0.0351
Iter: 050, Train Loss: 6.0537, Train RMSE: 12.3744, Train MAPE: 0.7023, Train WMAPE: 0.0332
Epoch: 190, Training Time: 14.9825 secs
Epoch: 190, Inference Time: 1.9020 secs
Epoch: 190, Train Loss: 6.0416, Train RMSE: 12.8823, Train MAPE: 1.1405, Train WMAPE: 0.0338, 
Epoch: 190, Valid Loss: 10.5150, Valid RMSE: 38.7564, Valid MAPE: 3.7027, Valid WMAPE: 0.0604
No update
Iter: 000, Train Loss: 6.1767, Train RMSE: 13.0724, Train MAPE: 1.1005, Train WMAPE: 0.0343
Iter: 050, Train Loss: 6.1189, Train RMSE: 12.4431, Train MAPE: 0.7591, Train WMAPE: 0.0336
Epoch: 191, Training Time: 14.8751 secs
Epoch: 191, Inference Time: 1.9013 secs
Epoch: 191, Train Loss: 6.0791, Train RMSE: 12.9503, Train MAPE: 1.1018, Train WMAPE: 0.0340, 
Epoch: 191, Valid Loss: 10.4147, Valid RMSE: 38.7719, Valid MAPE: 1.9847, Valid WMAPE: 0.0598
No update
Iter: 000, Train Loss: 6.1721, Train RMSE: 13.2167, Train MAPE: 0.6683, Train WMAPE: 0.0343
Iter: 050, Train Loss: 5.9399, Train RMSE: 12.3191, Train MAPE: 0.6095, Train WMAPE: 0.0326
Epoch: 192, Training Time: 14.8918 secs
Epoch: 192, Inference Time: 1.8867 secs
Epoch: 192, Train Loss: 6.0067, Train RMSE: 12.8466, Train MAPE: 1.1285, Train WMAPE: 0.0336, 
Epoch: 192, Valid Loss: 10.3835, Valid RMSE: 38.7825, Valid MAPE: 1.9109, Valid WMAPE: 0.0596
###Update tasks appear###
Evaluate best model on test data for horizon 1, Test MAE: 8.8133, Test RMSE: 56.9342, Test MAPE: 7.5460, Test WMAPE: 0.0512
Evaluate best model on test data for horizon 2, Test MAE: 9.5386, Test RMSE: 47.3338, Test MAPE: 10.7561, Test WMAPE: 0.0554
Evaluate best model on test data for horizon 3, Test MAE: 10.1063, Test RMSE: 40.7993, Test MAPE: 12.9179, Test WMAPE: 0.0587
Evaluate best model on test data for horizon 4, Test MAE: 11.3677, Test RMSE: 46.0813, Test MAPE: 14.4908, Test WMAPE: 0.0660
Evaluate best model on test data for horizon 5, Test MAE: 12.5259, Test RMSE: 50.4187, Test MAPE: 16.0544, Test WMAPE: 0.0728
Evaluate best model on test data for horizon 6, Test MAE: 12.8476, Test RMSE: 46.5880, Test MAPE: 16.4259, Test WMAPE: 0.0747
Evaluate best model on test data for horizon 7, Test MAE: 13.5946, Test RMSE: 48.5558, Test MAPE: 16.5428, Test WMAPE: 0.0790
Evaluate best model on test data for horizon 8, Test MAE: 14.3989, Test RMSE: 52.1299, Test MAPE: 16.3356, Test WMAPE: 0.0837
Evaluate best model on test data for horizon 9, Test MAE: 14.6454, Test RMSE: 51.0563, Test MAPE: 16.4108, Test WMAPE: 0.0852
Evaluate best model on test data for horizon 10, Test MAE: 14.4551, Test RMSE: 46.9751, Test MAPE: 16.4781, Test WMAPE: 0.0841
Evaluate best model on test data for horizon 11, Test MAE: 15.2336, Test RMSE: 53.8936, Test MAPE: 16.5580, Test WMAPE: 0.0886
Evaluate best model on test data for horizon 12, Test MAE: 15.2218, Test RMSE: 52.9153, Test MAPE: 16.4983, Test WMAPE: 0.0886
On average over 12 horizons, Test MAE: 12.7291, Test RMSE: 49.4734, Test MAPE: 14.7512, Test WMAPE: 0.0740
No update
Iter: 000, Train Loss: 6.1004, Train RMSE: 13.2014, Train MAPE: 0.6864, Train WMAPE: 0.0339
Iter: 050, Train Loss: 5.9675, Train RMSE: 12.3658, Train MAPE: 0.5677, Train WMAPE: 0.0327
Epoch: 193, Training Time: 14.5729 secs
Epoch: 193, Inference Time: 1.8961 secs
Epoch: 193, Train Loss: 6.0252, Train RMSE: 12.9295, Train MAPE: 1.0416, Train WMAPE: 0.0337, 
Epoch: 193, Valid Loss: 10.5086, Valid RMSE: 38.8270, Valid MAPE: 2.6817, Valid WMAPE: 0.0603
No update
Iter: 000, Train Loss: 6.2175, Train RMSE: 13.1330, Train MAPE: 0.9052, Train WMAPE: 0.0345
Iter: 050, Train Loss: 6.1157, Train RMSE: 12.5518, Train MAPE: 0.6844, Train WMAPE: 0.0335
Epoch: 194, Training Time: 15.0910 secs
Epoch: 194, Inference Time: 2.1020 secs
Epoch: 194, Train Loss: 6.0443, Train RMSE: 12.9923, Train MAPE: 0.9767, Train WMAPE: 0.0338, 
Epoch: 194, Valid Loss: 10.5155, Valid RMSE: 38.6635, Valid MAPE: 2.3017, Valid WMAPE: 0.0604
No update
Iter: 000, Train Loss: 6.4236, Train RMSE: 13.7311, Train MAPE: 0.6451, Train WMAPE: 0.0357
Iter: 050, Train Loss: 5.9662, Train RMSE: 12.3304, Train MAPE: 0.7340, Train WMAPE: 0.0327
Epoch: 195, Training Time: 15.0786 secs
Epoch: 195, Inference Time: 1.9036 secs
Epoch: 195, Train Loss: 6.0878, Train RMSE: 13.1490, Train MAPE: 0.9568, Train WMAPE: 0.0340, 
Epoch: 195, Valid Loss: 10.6283, Valid RMSE: 39.1782, Valid MAPE: 2.1388, Valid WMAPE: 0.0610
No update
Iter: 000, Train Loss: 6.3755, Train RMSE: 13.6035, Train MAPE: 0.7306, Train WMAPE: 0.0354
Iter: 050, Train Loss: 6.4076, Train RMSE: 12.9687, Train MAPE: 0.9411, Train WMAPE: 0.0351
Epoch: 196, Training Time: 14.8720 secs
Epoch: 196, Inference Time: 1.8896 secs
Epoch: 196, Train Loss: 6.0411, Train RMSE: 13.0123, Train MAPE: 0.9230, Train WMAPE: 0.0338, 
Epoch: 196, Valid Loss: 10.5011, Valid RMSE: 38.6960, Valid MAPE: 3.1802, Valid WMAPE: 0.0603
No update
Iter: 000, Train Loss: 6.2600, Train RMSE: 13.4046, Train MAPE: 0.9830, Train WMAPE: 0.0348
Iter: 050, Train Loss: 6.0369, Train RMSE: 12.4423, Train MAPE: 0.5317, Train WMAPE: 0.0331
Epoch: 197, Training Time: 14.8048 secs
Epoch: 197, Inference Time: 1.9933 secs
Epoch: 197, Train Loss: 5.9752, Train RMSE: 12.9053, Train MAPE: 0.8908, Train WMAPE: 0.0334, 
Epoch: 197, Valid Loss: 10.6698, Valid RMSE: 39.0925, Valid MAPE: 1.9972, Valid WMAPE: 0.0613
No update
Iter: 000, Train Loss: 6.4695, Train RMSE: 13.7155, Train MAPE: 0.7259, Train WMAPE: 0.0359
Iter: 050, Train Loss: 6.2068, Train RMSE: 12.7254, Train MAPE: 0.6986, Train WMAPE: 0.0340
Epoch: 198, Training Time: 14.6767 secs
Epoch: 198, Inference Time: 1.8014 secs
Epoch: 198, Train Loss: 6.0686, Train RMSE: 13.0928, Train MAPE: 0.9277, Train WMAPE: 0.0339, 
Epoch: 198, Valid Loss: 10.4810, Valid RMSE: 38.6744, Valid MAPE: 1.9763, Valid WMAPE: 0.0602
No update
Iter: 000, Train Loss: 6.1011, Train RMSE: 13.0226, Train MAPE: 0.6688, Train WMAPE: 0.0339
Iter: 050, Train Loss: 6.0443, Train RMSE: 12.4637, Train MAPE: 0.6377, Train WMAPE: 0.0331
Epoch: 199, Training Time: 14.8649 secs
Epoch: 199, Inference Time: 1.8231 secs
Epoch: 199, Train Loss: 6.0106, Train RMSE: 12.9472, Train MAPE: 0.9745, Train WMAPE: 0.0336, 
Epoch: 199, Valid Loss: 10.5852, Valid RMSE: 38.7314, Valid MAPE: 3.1438, Valid WMAPE: 0.0608
No update
Iter: 000, Train Loss: 6.5008, Train RMSE: 13.6698, Train MAPE: 1.2871, Train WMAPE: 0.0361
Iter: 050, Train Loss: 5.9623, Train RMSE: 12.2208, Train MAPE: 0.8035, Train WMAPE: 0.0327
Epoch: 200, Training Time: 14.5146 secs
Epoch: 200, Inference Time: 1.8784 secs
Epoch: 200, Train Loss: 5.9696, Train RMSE: 12.7888, Train MAPE: 1.1311, Train WMAPE: 0.0334, 
Epoch: 200, Valid Loss: 10.4706, Valid RMSE: 38.8841, Valid MAPE: 2.1745, Valid WMAPE: 0.0601
No update
Iter: 000, Train Loss: 6.0136, Train RMSE: 12.9627, Train MAPE: 0.8187, Train WMAPE: 0.0334
Iter: 050, Train Loss: 5.8953, Train RMSE: 12.3440, Train MAPE: 0.5864, Train WMAPE: 0.0323
Epoch: 201, Training Time: 14.6193 secs
Epoch: 201, Inference Time: 2.0003 secs
Epoch: 201, Train Loss: 5.9531, Train RMSE: 12.7428, Train MAPE: 1.1151, Train WMAPE: 0.0333, 
Epoch: 201, Valid Loss: 10.3952, Valid RMSE: 38.8925, Valid MAPE: 2.5942, Valid WMAPE: 0.0597
###Update tasks appear###
Evaluate best model on test data for horizon 1, Test MAE: 9.0249, Test RMSE: 57.3545, Test MAPE: 8.0094, Test WMAPE: 0.0524
Evaluate best model on test data for horizon 2, Test MAE: 9.7069, Test RMSE: 47.7838, Test MAPE: 11.1847, Test WMAPE: 0.0564
Evaluate best model on test data for horizon 3, Test MAE: 10.3189, Test RMSE: 41.0986, Test MAPE: 13.6637, Test WMAPE: 0.0599
Evaluate best model on test data for horizon 4, Test MAE: 11.5362, Test RMSE: 46.5800, Test MAPE: 15.0596, Test WMAPE: 0.0670
Evaluate best model on test data for horizon 5, Test MAE: 12.6268, Test RMSE: 50.8785, Test MAPE: 16.3776, Test WMAPE: 0.0734
Evaluate best model on test data for horizon 6, Test MAE: 12.9068, Test RMSE: 47.0333, Test MAPE: 17.0459, Test WMAPE: 0.0750
Evaluate best model on test data for horizon 7, Test MAE: 13.5600, Test RMSE: 48.4337, Test MAPE: 17.0891, Test WMAPE: 0.0788
Evaluate best model on test data for horizon 8, Test MAE: 14.3191, Test RMSE: 52.3381, Test MAPE: 16.6392, Test WMAPE: 0.0833
Evaluate best model on test data for horizon 9, Test MAE: 14.5870, Test RMSE: 51.4333, Test MAPE: 16.6559, Test WMAPE: 0.0848
Evaluate best model on test data for horizon 10, Test MAE: 14.3508, Test RMSE: 46.8434, Test MAPE: 16.8212, Test WMAPE: 0.0835
Evaluate best model on test data for horizon 11, Test MAE: 15.1991, Test RMSE: 54.0246, Test MAPE: 16.9110, Test WMAPE: 0.0884
Evaluate best model on test data for horizon 12, Test MAE: 15.2309, Test RMSE: 52.8538, Test MAPE: 16.9668, Test WMAPE: 0.0886
On average over 12 horizons, Test MAE: 12.7806, Test RMSE: 49.7213, Test MAPE: 15.2020, Test WMAPE: 0.0743
No update
Iter: 000, Train Loss: 6.1097, Train RMSE: 12.8846, Train MAPE: 0.6906, Train WMAPE: 0.0339
Iter: 050, Train Loss: 6.1404, Train RMSE: 12.3731, Train MAPE: 1.0083, Train WMAPE: 0.0337
Epoch: 202, Training Time: 14.7225 secs
Epoch: 202, Inference Time: 1.7285 secs
Epoch: 202, Train Loss: 5.9914, Train RMSE: 12.7890, Train MAPE: 1.0933, Train WMAPE: 0.0335, 
Epoch: 202, Valid Loss: 10.5675, Valid RMSE: 38.9219, Valid MAPE: 4.0496, Valid WMAPE: 0.0607
No update
Iter: 000, Train Loss: 6.3023, Train RMSE: 12.9706, Train MAPE: 1.3351, Train WMAPE: 0.0350
Iter: 050, Train Loss: 6.6030, Train RMSE: 13.4463, Train MAPE: 0.5132, Train WMAPE: 0.0362
Epoch: 203, Training Time: 14.6914 secs
Epoch: 203, Inference Time: 1.8995 secs
Epoch: 203, Train Loss: 6.1119, Train RMSE: 12.9974, Train MAPE: 1.1412, Train WMAPE: 0.0342, 
Epoch: 203, Valid Loss: 10.3742, Valid RMSE: 38.6233, Valid MAPE: 2.1908, Valid WMAPE: 0.0596
###Update tasks appear###
Evaluate best model on test data for horizon 1, Test MAE: 8.9589, Test RMSE: 56.9630, Test MAPE: 7.5026, Test WMAPE: 0.0520
Evaluate best model on test data for horizon 2, Test MAE: 9.7823, Test RMSE: 47.3641, Test MAPE: 10.9224, Test WMAPE: 0.0568
Evaluate best model on test data for horizon 3, Test MAE: 10.3192, Test RMSE: 40.9881, Test MAPE: 13.1766, Test WMAPE: 0.0599
Evaluate best model on test data for horizon 4, Test MAE: 11.5567, Test RMSE: 46.4903, Test MAPE: 14.6935, Test WMAPE: 0.0671
Evaluate best model on test data for horizon 5, Test MAE: 12.7293, Test RMSE: 50.5472, Test MAPE: 16.1557, Test WMAPE: 0.0740
Evaluate best model on test data for horizon 6, Test MAE: 13.1326, Test RMSE: 46.9436, Test MAPE: 16.6346, Test WMAPE: 0.0763
Evaluate best model on test data for horizon 7, Test MAE: 13.8358, Test RMSE: 48.4753, Test MAPE: 16.7677, Test WMAPE: 0.0804
Evaluate best model on test data for horizon 8, Test MAE: 14.6460, Test RMSE: 52.1689, Test MAPE: 16.4771, Test WMAPE: 0.0852
Evaluate best model on test data for horizon 9, Test MAE: 14.9581, Test RMSE: 51.2712, Test MAPE: 16.5280, Test WMAPE: 0.0870
Evaluate best model on test data for horizon 10, Test MAE: 14.7485, Test RMSE: 47.1649, Test MAPE: 16.5995, Test WMAPE: 0.0858
Evaluate best model on test data for horizon 11, Test MAE: 15.5814, Test RMSE: 54.1960, Test MAPE: 16.6712, Test WMAPE: 0.0906
Evaluate best model on test data for horizon 12, Test MAE: 15.5314, Test RMSE: 52.9545, Test MAPE: 16.5687, Test WMAPE: 0.0904
On average over 12 horizons, Test MAE: 12.9817, Test RMSE: 49.6273, Test MAPE: 14.8915, Test WMAPE: 0.0755
No update
Iter: 000, Train Loss: 6.1508, Train RMSE: 13.1818, Train MAPE: 0.8631, Train WMAPE: 0.0341
Iter: 050, Train Loss: 6.1488, Train RMSE: 12.4955, Train MAPE: 1.0394, Train WMAPE: 0.0337
Epoch: 204, Training Time: 14.5733 secs
Epoch: 204, Inference Time: 1.9045 secs
Epoch: 204, Train Loss: 6.0065, Train RMSE: 12.8041, Train MAPE: 1.1184, Train WMAPE: 0.0336, 
Epoch: 204, Valid Loss: 10.4216, Valid RMSE: 39.1547, Valid MAPE: 2.0966, Valid WMAPE: 0.0598
No update
Iter: 000, Train Loss: 6.0517, Train RMSE: 12.9357, Train MAPE: 0.8259, Train WMAPE: 0.0336
Iter: 050, Train Loss: 6.2339, Train RMSE: 12.6731, Train MAPE: 1.4195, Train WMAPE: 0.0342
Epoch: 205, Training Time: 14.8740 secs
Epoch: 205, Inference Time: 1.8938 secs
Epoch: 205, Train Loss: 6.0406, Train RMSE: 12.8941, Train MAPE: 1.0560, Train WMAPE: 0.0338, 
Epoch: 205, Valid Loss: 10.4927, Valid RMSE: 38.8729, Valid MAPE: 3.0238, Valid WMAPE: 0.0603
No update
Iter: 000, Train Loss: 6.2428, Train RMSE: 13.2112, Train MAPE: 0.9824, Train WMAPE: 0.0347
Iter: 050, Train Loss: 6.0951, Train RMSE: 12.1979, Train MAPE: 1.0633, Train WMAPE: 0.0334
Epoch: 206, Training Time: 14.7896 secs
Epoch: 206, Inference Time: 1.8161 secs
Epoch: 206, Train Loss: 6.0061, Train RMSE: 12.8659, Train MAPE: 1.1243, Train WMAPE: 0.0336, 
Epoch: 206, Valid Loss: 10.5966, Valid RMSE: 38.7169, Valid MAPE: 4.4689, Valid WMAPE: 0.0608
No update
Iter: 000, Train Loss: 6.2140, Train RMSE: 12.9470, Train MAPE: 1.5146, Train WMAPE: 0.0345
Iter: 050, Train Loss: 5.9837, Train RMSE: 12.3320, Train MAPE: 0.7047, Train WMAPE: 0.0328
Epoch: 207, Training Time: 14.7916 secs
Epoch: 207, Inference Time: 1.8609 secs
Epoch: 207, Train Loss: 5.9316, Train RMSE: 12.6992, Train MAPE: 1.0802, Train WMAPE: 0.0332, 
Epoch: 207, Valid Loss: 10.4131, Valid RMSE: 38.7779, Valid MAPE: 3.4306, Valid WMAPE: 0.0598
No update
Iter: 000, Train Loss: 6.0384, Train RMSE: 12.8043, Train MAPE: 1.2381, Train WMAPE: 0.0335
Iter: 050, Train Loss: 6.0571, Train RMSE: 12.3143, Train MAPE: 0.8846, Train WMAPE: 0.0332
Epoch: 208, Training Time: 14.5924 secs
Epoch: 208, Inference Time: 1.8953 secs
Epoch: 208, Train Loss: 5.9299, Train RMSE: 12.7190, Train MAPE: 1.0745, Train WMAPE: 0.0332, 
Epoch: 208, Valid Loss: 10.5715, Valid RMSE: 38.7665, Valid MAPE: 3.9118, Valid WMAPE: 0.0607
No update
Iter: 000, Train Loss: 6.1343, Train RMSE: 12.6752, Train MAPE: 1.1990, Train WMAPE: 0.0341
Iter: 050, Train Loss: 6.0289, Train RMSE: 12.4154, Train MAPE: 0.7388, Train WMAPE: 0.0331
Epoch: 209, Training Time: 14.6826 secs
Epoch: 209, Inference Time: 1.9199 secs
Epoch: 209, Train Loss: 5.9223, Train RMSE: 12.6694, Train MAPE: 1.0653, Train WMAPE: 0.0331, 
Epoch: 209, Valid Loss: 10.4515, Valid RMSE: 38.9939, Valid MAPE: 3.5532, Valid WMAPE: 0.0600
No update
Iter: 000, Train Loss: 6.0313, Train RMSE: 12.8589, Train MAPE: 1.1257, Train WMAPE: 0.0335
Iter: 050, Train Loss: 5.9295, Train RMSE: 12.1368, Train MAPE: 0.8103, Train WMAPE: 0.0325
Epoch: 210, Training Time: 14.5551 secs
Epoch: 210, Inference Time: 1.9087 secs
Epoch: 210, Train Loss: 5.9201, Train RMSE: 12.6609, Train MAPE: 1.1433, Train WMAPE: 0.0331, 
Epoch: 210, Valid Loss: 10.4798, Valid RMSE: 38.6523, Valid MAPE: 2.7392, Valid WMAPE: 0.0602
No update
Iter: 000, Train Loss: 6.0555, Train RMSE: 12.8364, Train MAPE: 0.9199, Train WMAPE: 0.0336
Iter: 050, Train Loss: 5.9885, Train RMSE: 12.3611, Train MAPE: 0.6590, Train WMAPE: 0.0328
Epoch: 211, Training Time: 14.7062 secs
Epoch: 211, Inference Time: 2.0555 secs
Epoch: 211, Train Loss: 5.9772, Train RMSE: 12.7788, Train MAPE: 1.0104, Train WMAPE: 0.0334, 
Epoch: 211, Valid Loss: 10.6065, Valid RMSE: 38.6654, Valid MAPE: 3.3137, Valid WMAPE: 0.0609
No update
Iter: 000, Train Loss: 6.3515, Train RMSE: 12.8756, Train MAPE: 1.2317, Train WMAPE: 0.0353
Iter: 050, Train Loss: 6.1349, Train RMSE: 12.3205, Train MAPE: 0.9505, Train WMAPE: 0.0336
Epoch: 212, Training Time: 14.7905 secs
Epoch: 212, Inference Time: 2.0091 secs
Epoch: 212, Train Loss: 6.0973, Train RMSE: 12.9942, Train MAPE: 1.1159, Train WMAPE: 0.0341, 
Epoch: 212, Valid Loss: 10.5191, Valid RMSE: 38.9968, Valid MAPE: 2.6581, Valid WMAPE: 0.0604
No update
Iter: 000, Train Loss: 6.5096, Train RMSE: 14.5750, Train MAPE: 0.9773, Train WMAPE: 0.0361
Iter: 050, Train Loss: 5.8856, Train RMSE: 12.1784, Train MAPE: 0.6694, Train WMAPE: 0.0323
Epoch: 213, Training Time: 14.7680 secs
Epoch: 213, Inference Time: 1.8968 secs
Epoch: 213, Train Loss: 5.9812, Train RMSE: 12.8126, Train MAPE: 1.1049, Train WMAPE: 0.0334, 
Epoch: 213, Valid Loss: 10.5951, Valid RMSE: 38.8696, Valid MAPE: 2.7880, Valid WMAPE: 0.0608
No update
Iter: 000, Train Loss: 6.1476, Train RMSE: 12.9409, Train MAPE: 0.8327, Train WMAPE: 0.0341
Iter: 050, Train Loss: 6.0724, Train RMSE: 12.2494, Train MAPE: 0.8073, Train WMAPE: 0.0333
Epoch: 214, Training Time: 14.7803 secs
Epoch: 214, Inference Time: 1.8929 secs
Epoch: 214, Train Loss: 5.9146, Train RMSE: 12.6553, Train MAPE: 1.0715, Train WMAPE: 0.0331, 
Epoch: 214, Valid Loss: 10.6003, Valid RMSE: 39.1052, Valid MAPE: 4.4421, Valid WMAPE: 0.0609
No update
Iter: 000, Train Loss: 6.1943, Train RMSE: 12.9886, Train MAPE: 1.3919, Train WMAPE: 0.0344
Iter: 050, Train Loss: 6.3668, Train RMSE: 12.6436, Train MAPE: 0.7701, Train WMAPE: 0.0349
Epoch: 215, Training Time: 14.5858 secs
Epoch: 215, Inference Time: 1.8803 secs
Epoch: 215, Train Loss: 5.9874, Train RMSE: 12.7294, Train MAPE: 1.1101, Train WMAPE: 0.0335, 
Epoch: 215, Valid Loss: 10.4187, Valid RMSE: 39.0628, Valid MAPE: 2.1526, Valid WMAPE: 0.0598
No update
Iter: 000, Train Loss: 6.0512, Train RMSE: 12.8298, Train MAPE: 0.6936, Train WMAPE: 0.0336
Iter: 050, Train Loss: 6.0297, Train RMSE: 12.2114, Train MAPE: 1.0704, Train WMAPE: 0.0331
Epoch: 216, Training Time: 14.9022 secs
Epoch: 216, Inference Time: 1.8003 secs
Epoch: 216, Train Loss: 5.9232, Train RMSE: 12.6529, Train MAPE: 1.0835, Train WMAPE: 0.0331, 
Epoch: 216, Valid Loss: 10.5067, Valid RMSE: 38.9148, Valid MAPE: 1.8887, Valid WMAPE: 0.0603
No update
Iter: 000, Train Loss: 5.9483, Train RMSE: 12.6929, Train MAPE: 0.6179, Train WMAPE: 0.0330
Iter: 050, Train Loss: 6.0153, Train RMSE: 12.2361, Train MAPE: 0.5621, Train WMAPE: 0.0330
Epoch: 217, Training Time: 14.9734 secs
Epoch: 217, Inference Time: 1.8924 secs
Epoch: 217, Train Loss: 6.0869, Train RMSE: 12.9957, Train MAPE: 0.9819, Train WMAPE: 0.0340, 
Epoch: 217, Valid Loss: 10.5981, Valid RMSE: 38.7968, Valid MAPE: 3.7952, Valid WMAPE: 0.0608
No update
Iter: 000, Train Loss: 6.1485, Train RMSE: 12.8187, Train MAPE: 1.0982, Train WMAPE: 0.0341
Iter: 050, Train Loss: 6.1514, Train RMSE: 12.3215, Train MAPE: 0.7746, Train WMAPE: 0.0337
Epoch: 218, Training Time: 14.7894 secs
Epoch: 218, Inference Time: 1.8112 secs
Epoch: 218, Train Loss: 5.9719, Train RMSE: 12.7614, Train MAPE: 1.0709, Train WMAPE: 0.0334, 
Epoch: 218, Valid Loss: 10.4096, Valid RMSE: 38.6820, Valid MAPE: 3.0145, Valid WMAPE: 0.0598
No update
Iter: 000, Train Loss: 6.0972, Train RMSE: 12.8132, Train MAPE: 0.9819, Train WMAPE: 0.0338
Iter: 050, Train Loss: 5.9109, Train RMSE: 12.1571, Train MAPE: 0.6197, Train WMAPE: 0.0324
Epoch: 219, Training Time: 14.5771 secs
Epoch: 219, Inference Time: 1.9124 secs
Epoch: 219, Train Loss: 5.9509, Train RMSE: 12.8233, Train MAPE: 0.9643, Train WMAPE: 0.0333, 
Epoch: 219, Valid Loss: 10.5031, Valid RMSE: 38.7635, Valid MAPE: 2.8449, Valid WMAPE: 0.0603
No update
Iter: 000, Train Loss: 6.2429, Train RMSE: 13.1431, Train MAPE: 0.8495, Train WMAPE: 0.0347
Iter: 050, Train Loss: 6.1641, Train RMSE: 12.5240, Train MAPE: 0.4849, Train WMAPE: 0.0338
Epoch: 220, Training Time: 14.5610 secs
Epoch: 220, Inference Time: 1.8176 secs
Epoch: 220, Train Loss: 6.0239, Train RMSE: 12.9876, Train MAPE: 0.9014, Train WMAPE: 0.0337, 
Epoch: 220, Valid Loss: 10.7893, Valid RMSE: 39.1970, Valid MAPE: 3.8624, Valid WMAPE: 0.0619
No update
Iter: 000, Train Loss: 6.6016, Train RMSE: 14.2248, Train MAPE: 1.3572, Train WMAPE: 0.0366
Iter: 050, Train Loss: 5.9036, Train RMSE: 12.0154, Train MAPE: 0.6366, Train WMAPE: 0.0324
Epoch: 221, Training Time: 14.7675 secs
Epoch: 221, Inference Time: 1.9867 secs
Epoch: 221, Train Loss: 5.9839, Train RMSE: 12.8332, Train MAPE: 0.9437, Train WMAPE: 0.0335, 
Epoch: 221, Valid Loss: 10.4242, Valid RMSE: 39.0491, Valid MAPE: 2.7134, Valid WMAPE: 0.0599
No update
Iter: 000, Train Loss: 6.1272, Train RMSE: 13.0101, Train MAPE: 0.7798, Train WMAPE: 0.0340
Iter: 050, Train Loss: 5.9566, Train RMSE: 12.2329, Train MAPE: 0.7019, Train WMAPE: 0.0327
Epoch: 222, Training Time: 14.7938 secs
Epoch: 222, Inference Time: 1.7938 secs
Epoch: 222, Train Loss: 5.9036, Train RMSE: 12.6924, Train MAPE: 0.9416, Train WMAPE: 0.0330, 
Epoch: 222, Valid Loss: 10.3858, Valid RMSE: 38.8033, Valid MAPE: 2.4631, Valid WMAPE: 0.0596
###Update tasks appear###
Evaluate best model on test data for horizon 1, Test MAE: 8.8786, Test RMSE: 57.1757, Test MAPE: 7.6863, Test WMAPE: 0.0515
Evaluate best model on test data for horizon 2, Test MAE: 9.7820, Test RMSE: 48.2058, Test MAPE: 10.8577, Test WMAPE: 0.0568
Evaluate best model on test data for horizon 3, Test MAE: 10.2666, Test RMSE: 41.3865, Test MAPE: 13.2852, Test WMAPE: 0.0596
Evaluate best model on test data for horizon 4, Test MAE: 11.5620, Test RMSE: 47.2672, Test MAPE: 15.1927, Test WMAPE: 0.0672
Evaluate best model on test data for horizon 5, Test MAE: 12.6788, Test RMSE: 51.0463, Test MAPE: 16.2153, Test WMAPE: 0.0737
Evaluate best model on test data for horizon 6, Test MAE: 13.0420, Test RMSE: 46.8719, Test MAPE: 16.7028, Test WMAPE: 0.0758
Evaluate best model on test data for horizon 7, Test MAE: 13.6960, Test RMSE: 48.2679, Test MAPE: 16.8691, Test WMAPE: 0.0796
Evaluate best model on test data for horizon 8, Test MAE: 14.3682, Test RMSE: 51.8587, Test MAPE: 16.4525, Test WMAPE: 0.0836
Evaluate best model on test data for horizon 9, Test MAE: 14.6884, Test RMSE: 51.4505, Test MAPE: 16.5462, Test WMAPE: 0.0854
Evaluate best model on test data for horizon 10, Test MAE: 14.3581, Test RMSE: 46.8655, Test MAPE: 16.6328, Test WMAPE: 0.0835
Evaluate best model on test data for horizon 11, Test MAE: 15.1891, Test RMSE: 54.0465, Test MAPE: 17.0660, Test WMAPE: 0.0884
Evaluate best model on test data for horizon 12, Test MAE: 15.1495, Test RMSE: 52.3836, Test MAPE: 16.9425, Test WMAPE: 0.0881
On average over 12 horizons, Test MAE: 12.8049, Test RMSE: 49.7355, Test MAPE: 15.0374, Test WMAPE: 0.0744
No update
Iter: 000, Train Loss: 5.9074, Train RMSE: 12.5830, Train MAPE: 0.7674, Train WMAPE: 0.0328
Iter: 050, Train Loss: 5.9150, Train RMSE: 12.1923, Train MAPE: 0.5603, Train WMAPE: 0.0324
Epoch: 223, Training Time: 14.7783 secs
Epoch: 223, Inference Time: 1.9061 secs
Epoch: 223, Train Loss: 5.8939, Train RMSE: 12.6616, Train MAPE: 0.9103, Train WMAPE: 0.0330, 
Epoch: 223, Valid Loss: 10.6942, Valid RMSE: 38.5698, Valid MAPE: 3.5197, Valid WMAPE: 0.0614
No update
Iter: 000, Train Loss: 6.4528, Train RMSE: 13.4507, Train MAPE: 1.1566, Train WMAPE: 0.0358
Iter: 050, Train Loss: 5.9701, Train RMSE: 12.1124, Train MAPE: 0.9725, Train WMAPE: 0.0327
Epoch: 224, Training Time: 14.7703 secs
Epoch: 224, Inference Time: 1.8176 secs
Epoch: 224, Train Loss: 5.9111, Train RMSE: 12.6486, Train MAPE: 1.0512, Train WMAPE: 0.0331, 
Epoch: 224, Valid Loss: 10.5782, Valid RMSE: 38.6767, Valid MAPE: 4.2004, Valid WMAPE: 0.0607
No update
Iter: 000, Train Loss: 6.1770, Train RMSE: 12.7068, Train MAPE: 1.2933, Train WMAPE: 0.0343
Iter: 050, Train Loss: 5.8211, Train RMSE: 12.1168, Train MAPE: 0.4420, Train WMAPE: 0.0319
Epoch: 225, Training Time: 14.7129 secs
Epoch: 225, Inference Time: 1.8378 secs
Epoch: 225, Train Loss: 5.8689, Train RMSE: 12.5831, Train MAPE: 0.9489, Train WMAPE: 0.0328, 
Epoch: 225, Valid Loss: 10.4655, Valid RMSE: 38.9862, Valid MAPE: 2.8014, Valid WMAPE: 0.0601
No update
Iter: 000, Train Loss: 6.1230, Train RMSE: 12.8850, Train MAPE: 0.8652, Train WMAPE: 0.0340
Iter: 050, Train Loss: 5.9744, Train RMSE: 12.1878, Train MAPE: 0.6977, Train WMAPE: 0.0328
Epoch: 226, Training Time: 14.6971 secs
Epoch: 226, Inference Time: 1.8839 secs
Epoch: 226, Train Loss: 5.8260, Train RMSE: 12.5888, Train MAPE: 0.9176, Train WMAPE: 0.0326, 
Epoch: 226, Valid Loss: 10.5631, Valid RMSE: 39.1612, Valid MAPE: 3.1401, Valid WMAPE: 0.0606
No update
Iter: 000, Train Loss: 6.2646, Train RMSE: 13.3101, Train MAPE: 0.9126, Train WMAPE: 0.0348
Iter: 050, Train Loss: 5.9282, Train RMSE: 12.0609, Train MAPE: 0.5775, Train WMAPE: 0.0325
Epoch: 227, Training Time: 14.9312 secs
Epoch: 227, Inference Time: 1.8546 secs
Epoch: 227, Train Loss: 5.8603, Train RMSE: 12.6006, Train MAPE: 0.9076, Train WMAPE: 0.0328, 
Epoch: 227, Valid Loss: 10.5402, Valid RMSE: 38.9202, Valid MAPE: 3.4211, Valid WMAPE: 0.0605
No update
Iter: 000, Train Loss: 6.1514, Train RMSE: 13.0117, Train MAPE: 1.1098, Train WMAPE: 0.0342
Iter: 050, Train Loss: 5.7853, Train RMSE: 11.9664, Train MAPE: 0.6010, Train WMAPE: 0.0317
Epoch: 228, Training Time: 14.7938 secs
Epoch: 228, Inference Time: 1.9906 secs
Epoch: 228, Train Loss: 5.8571, Train RMSE: 12.6108, Train MAPE: 0.9332, Train WMAPE: 0.0327, 
Epoch: 228, Valid Loss: 10.4018, Valid RMSE: 38.6775, Valid MAPE: 2.5691, Valid WMAPE: 0.0597
###Update tasks appear###
Evaluate best model on test data for horizon 1, Test MAE: 8.9904, Test RMSE: 57.5579, Test MAPE: 7.7674, Test WMAPE: 0.0522
Evaluate best model on test data for horizon 2, Test MAE: 9.7546, Test RMSE: 48.0065, Test MAPE: 10.9971, Test WMAPE: 0.0566
Evaluate best model on test data for horizon 3, Test MAE: 10.2943, Test RMSE: 41.1823, Test MAPE: 13.2647, Test WMAPE: 0.0598
Evaluate best model on test data for horizon 4, Test MAE: 11.6066, Test RMSE: 47.2124, Test MAPE: 14.9369, Test WMAPE: 0.0674
Evaluate best model on test data for horizon 5, Test MAE: 12.7554, Test RMSE: 51.2370, Test MAPE: 16.2161, Test WMAPE: 0.0741
Evaluate best model on test data for horizon 6, Test MAE: 13.0580, Test RMSE: 46.7886, Test MAPE: 16.7600, Test WMAPE: 0.0759
Evaluate best model on test data for horizon 7, Test MAE: 13.7497, Test RMSE: 48.3216, Test MAPE: 16.9024, Test WMAPE: 0.0799
Evaluate best model on test data for horizon 8, Test MAE: 14.5179, Test RMSE: 52.2996, Test MAPE: 16.5421, Test WMAPE: 0.0844
Evaluate best model on test data for horizon 9, Test MAE: 14.7647, Test RMSE: 51.5948, Test MAPE: 16.5357, Test WMAPE: 0.0859
Evaluate best model on test data for horizon 10, Test MAE: 14.4627, Test RMSE: 46.8332, Test MAPE: 16.6344, Test WMAPE: 0.0841
Evaluate best model on test data for horizon 11, Test MAE: 15.3277, Test RMSE: 54.1620, Test MAPE: 16.8194, Test WMAPE: 0.0892
Evaluate best model on test data for horizon 12, Test MAE: 15.2646, Test RMSE: 52.4827, Test MAPE: 16.7593, Test WMAPE: 0.0888
On average over 12 horizons, Test MAE: 12.8789, Test RMSE: 49.8065, Test MAPE: 15.0113, Test WMAPE: 0.0749
No update
Iter: 000, Train Loss: 5.9567, Train RMSE: 12.7148, Train MAPE: 0.8184, Train WMAPE: 0.0331
Iter: 050, Train Loss: 5.8505, Train RMSE: 12.0696, Train MAPE: 0.5013, Train WMAPE: 0.0321
Epoch: 229, Training Time: 14.7689 secs
Epoch: 229, Inference Time: 1.9961 secs
Epoch: 229, Train Loss: 5.8361, Train RMSE: 12.5648, Train MAPE: 0.9071, Train WMAPE: 0.0326, 
Epoch: 229, Valid Loss: 10.5566, Valid RMSE: 38.6927, Valid MAPE: 2.3607, Valid WMAPE: 0.0606
No update
Iter: 000, Train Loss: 6.1164, Train RMSE: 12.9591, Train MAPE: 0.8008, Train WMAPE: 0.0340
Iter: 050, Train Loss: 5.8129, Train RMSE: 11.8846, Train MAPE: 0.6640, Train WMAPE: 0.0319
Epoch: 230, Training Time: 14.8829 secs
Epoch: 230, Inference Time: 1.8066 secs
Epoch: 230, Train Loss: 5.8625, Train RMSE: 12.6112, Train MAPE: 0.9032, Train WMAPE: 0.0328, 
Epoch: 230, Valid Loss: 10.3491, Valid RMSE: 38.8686, Valid MAPE: 2.0520, Valid WMAPE: 0.0594
###Update tasks appear###
Evaluate best model on test data for horizon 1, Test MAE: 9.0111, Test RMSE: 57.3832, Test MAPE: 7.4936, Test WMAPE: 0.0523
Evaluate best model on test data for horizon 2, Test MAE: 9.8492, Test RMSE: 48.3049, Test MAPE: 10.6529, Test WMAPE: 0.0572
Evaluate best model on test data for horizon 3, Test MAE: 10.3866, Test RMSE: 41.5089, Test MAPE: 12.9577, Test WMAPE: 0.0603
Evaluate best model on test data for horizon 4, Test MAE: 11.5875, Test RMSE: 47.2978, Test MAPE: 14.5241, Test WMAPE: 0.0673
Evaluate best model on test data for horizon 5, Test MAE: 12.7067, Test RMSE: 51.2168, Test MAPE: 15.8746, Test WMAPE: 0.0738
Evaluate best model on test data for horizon 6, Test MAE: 12.9994, Test RMSE: 47.0597, Test MAPE: 16.5457, Test WMAPE: 0.0756
Evaluate best model on test data for horizon 7, Test MAE: 13.6558, Test RMSE: 48.5944, Test MAPE: 16.6068, Test WMAPE: 0.0794
Evaluate best model on test data for horizon 8, Test MAE: 14.4175, Test RMSE: 52.3569, Test MAPE: 16.3204, Test WMAPE: 0.0838
Evaluate best model on test data for horizon 9, Test MAE: 14.7385, Test RMSE: 51.8669, Test MAPE: 16.1720, Test WMAPE: 0.0857
Evaluate best model on test data for horizon 10, Test MAE: 14.4856, Test RMSE: 46.9446, Test MAPE: 16.2990, Test WMAPE: 0.0843
Evaluate best model on test data for horizon 11, Test MAE: 15.3298, Test RMSE: 54.3627, Test MAPE: 16.3779, Test WMAPE: 0.0892
Evaluate best model on test data for horizon 12, Test MAE: 15.2954, Test RMSE: 52.6338, Test MAPE: 16.2860, Test WMAPE: 0.0890
On average over 12 horizons, Test MAE: 12.8719, Test RMSE: 49.9609, Test MAPE: 14.6759, Test WMAPE: 0.0748
No update
Iter: 000, Train Loss: 6.1029, Train RMSE: 13.1052, Train MAPE: 0.6869, Train WMAPE: 0.0339
Iter: 050, Train Loss: 5.8363, Train RMSE: 12.0254, Train MAPE: 0.6994, Train WMAPE: 0.0320
Epoch: 231, Training Time: 14.7384 secs
Epoch: 231, Inference Time: 2.0255 secs
Epoch: 231, Train Loss: 5.8522, Train RMSE: 12.6463, Train MAPE: 0.8903, Train WMAPE: 0.0327, 
Epoch: 231, Valid Loss: 10.5881, Valid RMSE: 39.0266, Valid MAPE: 3.2089, Valid WMAPE: 0.0608
No update
Iter: 000, Train Loss: 6.1288, Train RMSE: 12.9784, Train MAPE: 1.0613, Train WMAPE: 0.0340
Iter: 050, Train Loss: 5.9388, Train RMSE: 12.1320, Train MAPE: 0.8706, Train WMAPE: 0.0326
Epoch: 232, Training Time: 14.5690 secs
Epoch: 232, Inference Time: 1.9166 secs
Epoch: 232, Train Loss: 5.8372, Train RMSE: 12.6436, Train MAPE: 0.8488, Train WMAPE: 0.0326, 
Epoch: 232, Valid Loss: 10.3519, Valid RMSE: 38.6490, Valid MAPE: 3.0003, Valid WMAPE: 0.0594
###Update tasks appear###
Evaluate best model on test data for horizon 1, Test MAE: 8.8664, Test RMSE: 57.3191, Test MAPE: 7.7811, Test WMAPE: 0.0515
Evaluate best model on test data for horizon 2, Test MAE: 9.6826, Test RMSE: 48.4137, Test MAPE: 10.8245, Test WMAPE: 0.0562
Evaluate best model on test data for horizon 3, Test MAE: 10.2364, Test RMSE: 41.8177, Test MAPE: 13.0858, Test WMAPE: 0.0595
Evaluate best model on test data for horizon 4, Test MAE: 11.4906, Test RMSE: 47.2430, Test MAPE: 14.6684, Test WMAPE: 0.0668
Evaluate best model on test data for horizon 5, Test MAE: 12.7605, Test RMSE: 50.8942, Test MAPE: 16.0108, Test WMAPE: 0.0742
Evaluate best model on test data for horizon 6, Test MAE: 13.0694, Test RMSE: 46.3200, Test MAPE: 16.4678, Test WMAPE: 0.0760
Evaluate best model on test data for horizon 7, Test MAE: 13.6481, Test RMSE: 47.8664, Test MAPE: 16.4819, Test WMAPE: 0.0793
Evaluate best model on test data for horizon 8, Test MAE: 14.3101, Test RMSE: 51.8902, Test MAPE: 16.6428, Test WMAPE: 0.0832
Evaluate best model on test data for horizon 9, Test MAE: 14.5624, Test RMSE: 51.1792, Test MAPE: 16.2645, Test WMAPE: 0.0847
Evaluate best model on test data for horizon 10, Test MAE: 14.3208, Test RMSE: 46.5280, Test MAPE: 16.3259, Test WMAPE: 0.0833
Evaluate best model on test data for horizon 11, Test MAE: 15.1470, Test RMSE: 53.7076, Test MAPE: 16.3654, Test WMAPE: 0.0881
Evaluate best model on test data for horizon 12, Test MAE: 15.1408, Test RMSE: 52.2041, Test MAPE: 16.5523, Test WMAPE: 0.0881
On average over 12 horizons, Test MAE: 12.7696, Test RMSE: 49.6153, Test MAPE: 14.7893, Test WMAPE: 0.0742
No update
Iter: 000, Train Loss: 6.1200, Train RMSE: 12.9007, Train MAPE: 0.9775, Train WMAPE: 0.0340
Iter: 050, Train Loss: 5.9517, Train RMSE: 11.9987, Train MAPE: 0.9991, Train WMAPE: 0.0326
Epoch: 233, Training Time: 15.0685 secs
Epoch: 233, Inference Time: 1.8989 secs
Epoch: 233, Train Loss: 5.8182, Train RMSE: 12.4413, Train MAPE: 1.0248, Train WMAPE: 0.0325, 
Epoch: 233, Valid Loss: 10.4954, Valid RMSE: 38.8418, Valid MAPE: 3.9236, Valid WMAPE: 0.0603
No update
Iter: 000, Train Loss: 6.0130, Train RMSE: 12.5622, Train MAPE: 1.1895, Train WMAPE: 0.0334
Iter: 050, Train Loss: 5.8289, Train RMSE: 11.9372, Train MAPE: 0.6973, Train WMAPE: 0.0320
Epoch: 234, Training Time: 14.7906 secs
Epoch: 234, Inference Time: 1.8062 secs
Epoch: 234, Train Loss: 5.7835, Train RMSE: 12.3686, Train MAPE: 1.0752, Train WMAPE: 0.0323, 
Epoch: 234, Valid Loss: 10.3651, Valid RMSE: 38.8032, Valid MAPE: 2.4707, Valid WMAPE: 0.0595
###Update tasks appear###
Evaluate best model on test data for horizon 1, Test MAE: 8.9307, Test RMSE: 57.5237, Test MAPE: 8.0517, Test WMAPE: 0.0518
Evaluate best model on test data for horizon 2, Test MAE: 9.7390, Test RMSE: 48.7142, Test MAPE: 11.3107, Test WMAPE: 0.0566
Evaluate best model on test data for horizon 3, Test MAE: 10.2965, Test RMSE: 41.7893, Test MAPE: 13.6599, Test WMAPE: 0.0598
Evaluate best model on test data for horizon 4, Test MAE: 11.5641, Test RMSE: 47.5746, Test MAPE: 15.4033, Test WMAPE: 0.0672
Evaluate best model on test data for horizon 5, Test MAE: 12.6392, Test RMSE: 51.3881, Test MAPE: 16.5332, Test WMAPE: 0.0734
Evaluate best model on test data for horizon 6, Test MAE: 12.8973, Test RMSE: 46.6809, Test MAPE: 16.9930, Test WMAPE: 0.0750
Evaluate best model on test data for horizon 7, Test MAE: 13.5552, Test RMSE: 48.0943, Test MAPE: 17.1854, Test WMAPE: 0.0788
Evaluate best model on test data for horizon 8, Test MAE: 14.3344, Test RMSE: 52.0224, Test MAPE: 16.8278, Test WMAPE: 0.0834
Evaluate best model on test data for horizon 9, Test MAE: 14.6408, Test RMSE: 51.2756, Test MAPE: 16.7484, Test WMAPE: 0.0852
Evaluate best model on test data for horizon 10, Test MAE: 14.3303, Test RMSE: 46.4733, Test MAPE: 16.7153, Test WMAPE: 0.0834
Evaluate best model on test data for horizon 11, Test MAE: 15.1859, Test RMSE: 53.7654, Test MAPE: 16.8273, Test WMAPE: 0.0883
Evaluate best model on test data for horizon 12, Test MAE: 15.1356, Test RMSE: 52.0691, Test MAPE: 16.7151, Test WMAPE: 0.0881
On average over 12 horizons, Test MAE: 12.7708, Test RMSE: 49.7809, Test MAPE: 15.2476, Test WMAPE: 0.0742
No update
Iter: 000, Train Loss: 5.8207, Train RMSE: 12.4167, Train MAPE: 0.6650, Train WMAPE: 0.0323
Iter: 050, Train Loss: 6.0101, Train RMSE: 12.0743, Train MAPE: 0.8783, Train WMAPE: 0.0330
Epoch: 235, Training Time: 14.1768 secs
Epoch: 235, Inference Time: 1.8130 secs
Epoch: 235, Train Loss: 5.7799, Train RMSE: 12.3874, Train MAPE: 1.0272, Train WMAPE: 0.0323, 
Epoch: 235, Valid Loss: 10.4926, Valid RMSE: 38.7972, Valid MAPE: 3.3798, Valid WMAPE: 0.0602
No update
Iter: 000, Train Loss: 5.9798, Train RMSE: 12.4076, Train MAPE: 0.9646, Train WMAPE: 0.0332
Iter: 050, Train Loss: 5.8459, Train RMSE: 11.9487, Train MAPE: 0.8870, Train WMAPE: 0.0321
Epoch: 236, Training Time: 14.2686 secs
Epoch: 236, Inference Time: 1.9072 secs
Epoch: 236, Train Loss: 5.7962, Train RMSE: 12.3814, Train MAPE: 1.0647, Train WMAPE: 0.0324, 
Epoch: 236, Valid Loss: 10.3606, Valid RMSE: 38.6232, Valid MAPE: 2.5534, Valid WMAPE: 0.0595
###Update tasks appear###
Evaluate best model on test data for horizon 1, Test MAE: 8.9868, Test RMSE: 57.4733, Test MAPE: 8.1552, Test WMAPE: 0.0522
Evaluate best model on test data for horizon 2, Test MAE: 9.7509, Test RMSE: 48.5803, Test MAPE: 11.3923, Test WMAPE: 0.0566
Evaluate best model on test data for horizon 3, Test MAE: 10.2806, Test RMSE: 41.8585, Test MAPE: 13.5006, Test WMAPE: 0.0597
Evaluate best model on test data for horizon 4, Test MAE: 11.5977, Test RMSE: 47.5281, Test MAPE: 15.5591, Test WMAPE: 0.0674
Evaluate best model on test data for horizon 5, Test MAE: 12.5819, Test RMSE: 51.3069, Test MAPE: 16.4367, Test WMAPE: 0.0731
Evaluate best model on test data for horizon 6, Test MAE: 12.8619, Test RMSE: 46.5041, Test MAPE: 17.0294, Test WMAPE: 0.0748
Evaluate best model on test data for horizon 7, Test MAE: 13.5038, Test RMSE: 48.0385, Test MAPE: 17.0809, Test WMAPE: 0.0785
Evaluate best model on test data for horizon 8, Test MAE: 14.2181, Test RMSE: 51.6671, Test MAPE: 16.5751, Test WMAPE: 0.0827
Evaluate best model on test data for horizon 9, Test MAE: 14.5201, Test RMSE: 50.8759, Test MAPE: 16.5475, Test WMAPE: 0.0844
Evaluate best model on test data for horizon 10, Test MAE: 14.2385, Test RMSE: 46.1889, Test MAPE: 16.5107, Test WMAPE: 0.0828
Evaluate best model on test data for horizon 11, Test MAE: 15.1224, Test RMSE: 53.3752, Test MAPE: 16.6943, Test WMAPE: 0.0880
Evaluate best model on test data for horizon 12, Test MAE: 15.1224, Test RMSE: 51.7876, Test MAPE: 16.6890, Test WMAPE: 0.0880
On average over 12 horizons, Test MAE: 12.7321, Test RMSE: 49.5987, Test MAPE: 15.1809, Test WMAPE: 0.0740
No update
Iter: 000, Train Loss: 5.9261, Train RMSE: 12.6334, Train MAPE: 0.8747, Train WMAPE: 0.0329
Iter: 050, Train Loss: 5.7791, Train RMSE: 11.8664, Train MAPE: 0.7515, Train WMAPE: 0.0317
Epoch: 237, Training Time: 14.9440 secs
Epoch: 237, Inference Time: 1.9268 secs
Epoch: 237, Train Loss: 5.8298, Train RMSE: 12.4026, Train MAPE: 1.0666, Train WMAPE: 0.0326, 
Epoch: 237, Valid Loss: 10.4248, Valid RMSE: 38.7866, Valid MAPE: 2.8706, Valid WMAPE: 0.0599
No update
Iter: 000, Train Loss: 5.9621, Train RMSE: 12.6130, Train MAPE: 1.0741, Train WMAPE: 0.0331
Iter: 050, Train Loss: 5.9154, Train RMSE: 11.8723, Train MAPE: 0.6542, Train WMAPE: 0.0324
Epoch: 238, Training Time: 14.8956 secs
Epoch: 238, Inference Time: 1.8963 secs
Epoch: 238, Train Loss: 5.7757, Train RMSE: 12.3751, Train MAPE: 1.0667, Train WMAPE: 0.0323, 
Epoch: 238, Valid Loss: 10.4205, Valid RMSE: 38.7462, Valid MAPE: 3.0296, Valid WMAPE: 0.0598
No update
Iter: 000, Train Loss: 6.0488, Train RMSE: 12.6792, Train MAPE: 1.0689, Train WMAPE: 0.0336
Iter: 050, Train Loss: 5.8775, Train RMSE: 11.9854, Train MAPE: 1.0258, Train WMAPE: 0.0322
Epoch: 239, Training Time: 14.7754 secs
Epoch: 239, Inference Time: 1.9074 secs
Epoch: 239, Train Loss: 5.8195, Train RMSE: 12.4596, Train MAPE: 0.9993, Train WMAPE: 0.0325, 
Epoch: 239, Valid Loss: 10.4373, Valid RMSE: 38.9810, Valid MAPE: 2.3353, Valid WMAPE: 0.0599
No update
Iter: 000, Train Loss: 5.8783, Train RMSE: 12.4228, Train MAPE: 0.6856, Train WMAPE: 0.0326
Iter: 050, Train Loss: 5.9048, Train RMSE: 12.2150, Train MAPE: 0.5282, Train WMAPE: 0.0324
Epoch: 240, Training Time: 14.9369 secs
Epoch: 240, Inference Time: 2.0206 secs
Epoch: 240, Train Loss: 5.8080, Train RMSE: 12.5366, Train MAPE: 0.8840, Train WMAPE: 0.0325, 
Epoch: 240, Valid Loss: 10.3763, Valid RMSE: 38.8774, Valid MAPE: 2.5854, Valid WMAPE: 0.0596
###Update tasks appear###
Evaluate best model on test data for horizon 1, Test MAE: 8.8494, Test RMSE: 57.4317, Test MAPE: 7.8169, Test WMAPE: 0.0514
Evaluate best model on test data for horizon 2, Test MAE: 9.6652, Test RMSE: 48.5487, Test MAPE: 11.2442, Test WMAPE: 0.0561
Evaluate best model on test data for horizon 3, Test MAE: 10.2015, Test RMSE: 41.8951, Test MAPE: 13.1833, Test WMAPE: 0.0593
Evaluate best model on test data for horizon 4, Test MAE: 11.4995, Test RMSE: 47.5287, Test MAPE: 14.8586, Test WMAPE: 0.0668
Evaluate best model on test data for horizon 5, Test MAE: 12.5938, Test RMSE: 51.4456, Test MAPE: 16.4242, Test WMAPE: 0.0732
Evaluate best model on test data for horizon 6, Test MAE: 12.8968, Test RMSE: 46.9439, Test MAPE: 16.9133, Test WMAPE: 0.0750
Evaluate best model on test data for horizon 7, Test MAE: 13.5980, Test RMSE: 48.3453, Test MAPE: 17.2568, Test WMAPE: 0.0791
Evaluate best model on test data for horizon 8, Test MAE: 14.3389, Test RMSE: 52.0227, Test MAPE: 16.8980, Test WMAPE: 0.0834
Evaluate best model on test data for horizon 9, Test MAE: 14.6719, Test RMSE: 51.6193, Test MAPE: 16.6826, Test WMAPE: 0.0853
Evaluate best model on test data for horizon 10, Test MAE: 14.4457, Test RMSE: 46.8611, Test MAPE: 16.9463, Test WMAPE: 0.0840
Evaluate best model on test data for horizon 11, Test MAE: 15.2843, Test RMSE: 53.7858, Test MAPE: 17.1045, Test WMAPE: 0.0889
Evaluate best model on test data for horizon 12, Test MAE: 15.2085, Test RMSE: 52.1776, Test MAPE: 16.5995, Test WMAPE: 0.0885
On average over 12 horizons, Test MAE: 12.7711, Test RMSE: 49.8838, Test MAPE: 15.1607, Test WMAPE: 0.0742
No update
Iter: 000, Train Loss: 5.8431, Train RMSE: 12.5075, Train MAPE: 0.7919, Train WMAPE: 0.0324
Iter: 050, Train Loss: 6.0611, Train RMSE: 12.6020, Train MAPE: 0.8879, Train WMAPE: 0.0332
Epoch: 241, Training Time: 14.4767 secs
Epoch: 241, Inference Time: 1.9894 secs
Epoch: 241, Train Loss: 5.8477, Train RMSE: 12.5389, Train MAPE: 1.0511, Train WMAPE: 0.0327, 
Epoch: 241, Valid Loss: 10.5030, Valid RMSE: 38.8057, Valid MAPE: 3.8632, Valid WMAPE: 0.0603
No update
Iter: 000, Train Loss: 6.0116, Train RMSE: 12.4819, Train MAPE: 1.1393, Train WMAPE: 0.0334
Iter: 050, Train Loss: 5.7689, Train RMSE: 11.8256, Train MAPE: 0.6316, Train WMAPE: 0.0316
Epoch: 242, Training Time: 15.1860 secs
Epoch: 242, Inference Time: 1.8919 secs
Epoch: 242, Train Loss: 5.7640, Train RMSE: 12.3512, Train MAPE: 1.0371, Train WMAPE: 0.0322, 
Epoch: 242, Valid Loss: 10.4150, Valid RMSE: 38.7331, Valid MAPE: 3.1660, Valid WMAPE: 0.0598
No update
Iter: 000, Train Loss: 5.8983, Train RMSE: 12.5036, Train MAPE: 0.9896, Train WMAPE: 0.0327
Iter: 050, Train Loss: 5.7080, Train RMSE: 11.7169, Train MAPE: 0.8503, Train WMAPE: 0.0313
Epoch: 243, Training Time: 14.8386 secs
Epoch: 243, Inference Time: 1.8403 secs
Epoch: 243, Train Loss: 5.7447, Train RMSE: 12.3222, Train MAPE: 1.0491, Train WMAPE: 0.0321, 
Epoch: 243, Valid Loss: 10.3516, Valid RMSE: 38.8147, Valid MAPE: 2.0260, Valid WMAPE: 0.0594
###Update tasks appear###
Evaluate best model on test data for horizon 1, Test MAE: 8.9047, Test RMSE: 57.8407, Test MAPE: 7.5067, Test WMAPE: 0.0517
Evaluate best model on test data for horizon 2, Test MAE: 9.7082, Test RMSE: 48.5150, Test MAPE: 10.6633, Test WMAPE: 0.0564
Evaluate best model on test data for horizon 3, Test MAE: 10.3117, Test RMSE: 41.9154, Test MAPE: 13.0085, Test WMAPE: 0.0599
Evaluate best model on test data for horizon 4, Test MAE: 11.5645, Test RMSE: 47.5575, Test MAPE: 14.6066, Test WMAPE: 0.0672
Evaluate best model on test data for horizon 5, Test MAE: 12.7429, Test RMSE: 51.4588, Test MAPE: 16.0889, Test WMAPE: 0.0740
Evaluate best model on test data for horizon 6, Test MAE: 13.0228, Test RMSE: 46.8881, Test MAPE: 16.3555, Test WMAPE: 0.0757
Evaluate best model on test data for horizon 7, Test MAE: 13.7005, Test RMSE: 48.2121, Test MAPE: 16.4645, Test WMAPE: 0.0797
Evaluate best model on test data for horizon 8, Test MAE: 14.4792, Test RMSE: 51.8311, Test MAPE: 16.0392, Test WMAPE: 0.0842
Evaluate best model on test data for horizon 9, Test MAE: 14.7911, Test RMSE: 51.5017, Test MAPE: 16.0052, Test WMAPE: 0.0860
Evaluate best model on test data for horizon 10, Test MAE: 14.5118, Test RMSE: 46.5883, Test MAPE: 16.1032, Test WMAPE: 0.0844
Evaluate best model on test data for horizon 11, Test MAE: 15.2995, Test RMSE: 53.6375, Test MAPE: 16.1920, Test WMAPE: 0.0890
Evaluate best model on test data for horizon 12, Test MAE: 15.2098, Test RMSE: 51.9627, Test MAPE: 16.2297, Test WMAPE: 0.0885
On average over 12 horizons, Test MAE: 12.8539, Test RMSE: 49.8258, Test MAPE: 14.6053, Test WMAPE: 0.0747
No update
Iter: 000, Train Loss: 5.9148, Train RMSE: 12.5682, Train MAPE: 0.6670, Train WMAPE: 0.0328
Iter: 050, Train Loss: 6.1215, Train RMSE: 12.2567, Train MAPE: 1.0768, Train WMAPE: 0.0336
Epoch: 244, Training Time: 14.7638 secs
Epoch: 244, Inference Time: 2.0011 secs
Epoch: 244, Train Loss: 5.8650, Train RMSE: 12.5615, Train MAPE: 1.0087, Train WMAPE: 0.0328, 
Epoch: 244, Valid Loss: 10.5113, Valid RMSE: 38.9896, Valid MAPE: 2.4778, Valid WMAPE: 0.0603
No update
Iter: 000, Train Loss: 5.9967, Train RMSE: 12.6886, Train MAPE: 0.9439, Train WMAPE: 0.0333
Iter: 050, Train Loss: 6.0077, Train RMSE: 12.2252, Train MAPE: 0.7205, Train WMAPE: 0.0329
Epoch: 245, Training Time: 15.4692 secs
Epoch: 245, Inference Time: 2.1087 secs
Epoch: 245, Train Loss: 5.8877, Train RMSE: 12.5940, Train MAPE: 0.9682, Train WMAPE: 0.0329, 
Epoch: 245, Valid Loss: 10.4880, Valid RMSE: 38.8918, Valid MAPE: 1.8400, Valid WMAPE: 0.0602
No update
Iter: 000, Train Loss: 6.0207, Train RMSE: 12.8766, Train MAPE: 0.5165, Train WMAPE: 0.0334
Iter: 050, Train Loss: 5.8320, Train RMSE: 11.9778, Train MAPE: 0.4823, Train WMAPE: 0.0320
Epoch: 246, Training Time: 15.3017 secs
Epoch: 246, Inference Time: 2.0796 secs
Epoch: 246, Train Loss: 5.8903, Train RMSE: 12.6979, Train MAPE: 0.9028, Train WMAPE: 0.0329, 
Epoch: 246, Valid Loss: 10.5327, Valid RMSE: 38.7719, Valid MAPE: 2.7142, Valid WMAPE: 0.0605
No update
Iter: 000, Train Loss: 5.9232, Train RMSE: 12.5714, Train MAPE: 0.9377, Train WMAPE: 0.0329
Iter: 050, Train Loss: 5.8288, Train RMSE: 12.0531, Train MAPE: 0.5498, Train WMAPE: 0.0320
Epoch: 247, Training Time: 15.2672 secs
Epoch: 247, Inference Time: 2.1121 secs
Epoch: 247, Train Loss: 5.8755, Train RMSE: 12.6431, Train MAPE: 0.9045, Train WMAPE: 0.0329, 
Epoch: 247, Valid Loss: 10.5775, Valid RMSE: 38.8797, Valid MAPE: 2.5517, Valid WMAPE: 0.0607
No update
Iter: 000, Train Loss: 6.1087, Train RMSE: 12.7999, Train MAPE: 0.7892, Train WMAPE: 0.0339
Iter: 050, Train Loss: 5.7042, Train RMSE: 11.8072, Train MAPE: 0.5043, Train WMAPE: 0.0313
Epoch: 248, Training Time: 15.6014 secs
Epoch: 248, Inference Time: 2.0536 secs
Epoch: 248, Train Loss: 5.7469, Train RMSE: 12.3791, Train MAPE: 0.8991, Train WMAPE: 0.0321, 
Epoch: 248, Valid Loss: 10.4058, Valid RMSE: 38.8587, Valid MAPE: 3.2338, Valid WMAPE: 0.0597
No update
Iter: 000, Train Loss: 5.9080, Train RMSE: 12.4106, Train MAPE: 1.0538, Train WMAPE: 0.0328
Iter: 050, Train Loss: 5.7013, Train RMSE: 11.9241, Train MAPE: 0.5908, Train WMAPE: 0.0313
Epoch: 249, Training Time: 15.4841 secs
Epoch: 249, Inference Time: 2.0205 secs
Epoch: 249, Train Loss: 5.7476, Train RMSE: 12.3087, Train MAPE: 1.0621, Train WMAPE: 0.0321, 
Epoch: 249, Valid Loss: 10.3955, Valid RMSE: 39.0564, Valid MAPE: 1.8213, Valid WMAPE: 0.0597
###Update tasks appear###
Evaluate best model on test data for horizon 1, Test MAE: 8.8762, Test RMSE: 57.7970, Test MAPE: 7.5674, Test WMAPE: 0.0515
Evaluate best model on test data for horizon 2, Test MAE: 9.6217, Test RMSE: 48.5264, Test MAPE: 10.6238, Test WMAPE: 0.0559
Evaluate best model on test data for horizon 3, Test MAE: 10.2049, Test RMSE: 41.9219, Test MAPE: 12.9475, Test WMAPE: 0.0593
Evaluate best model on test data for horizon 4, Test MAE: 11.4651, Test RMSE: 47.6027, Test MAPE: 14.5992, Test WMAPE: 0.0666
Evaluate best model on test data for horizon 5, Test MAE: 12.5949, Test RMSE: 51.5715, Test MAPE: 16.0653, Test WMAPE: 0.0732
Evaluate best model on test data for horizon 6, Test MAE: 12.8703, Test RMSE: 47.0015, Test MAPE: 16.6687, Test WMAPE: 0.0748
Evaluate best model on test data for horizon 7, Test MAE: 13.5180, Test RMSE: 48.3154, Test MAPE: 16.6219, Test WMAPE: 0.0786
Evaluate best model on test data for horizon 8, Test MAE: 14.3004, Test RMSE: 52.1360, Test MAPE: 16.2183, Test WMAPE: 0.0832
Evaluate best model on test data for horizon 9, Test MAE: 14.6343, Test RMSE: 51.5561, Test MAPE: 16.2314, Test WMAPE: 0.0851
Evaluate best model on test data for horizon 10, Test MAE: 14.3509, Test RMSE: 46.4101, Test MAPE: 16.2259, Test WMAPE: 0.0835
Evaluate best model on test data for horizon 11, Test MAE: 15.2157, Test RMSE: 53.8660, Test MAPE: 16.2755, Test WMAPE: 0.0885
Evaluate best model on test data for horizon 12, Test MAE: 15.1756, Test RMSE: 51.9840, Test MAPE: 16.2857, Test WMAPE: 0.0883
On average over 12 horizons, Test MAE: 12.7357, Test RMSE: 49.8907, Test MAPE: 14.6942, Test WMAPE: 0.0740
No update
Iter: 000, Train Loss: 5.9040, Train RMSE: 12.5193, Train MAPE: 0.5949, Train WMAPE: 0.0328
Iter: 050, Train Loss: 5.8892, Train RMSE: 12.0090, Train MAPE: 1.0446, Train WMAPE: 0.0323
Epoch: 250, Training Time: 15.7138 secs
Epoch: 250, Inference Time: 2.0659 secs
Epoch: 250, Train Loss: 5.7301, Train RMSE: 12.2819, Train MAPE: 1.0235, Train WMAPE: 0.0320, 
Epoch: 250, Valid Loss: 10.4694, Valid RMSE: 38.7369, Valid MAPE: 3.1815, Valid WMAPE: 0.0601
No update
Iter: 000, Train Loss: 5.9729, Train RMSE: 12.3944, Train MAPE: 1.0864, Train WMAPE: 0.0332
Iter: 050, Train Loss: 5.7806, Train RMSE: 11.8992, Train MAPE: 0.5081, Train WMAPE: 0.0317
Epoch: 251, Training Time: 15.3825 secs
Epoch: 251, Inference Time: 2.0923 secs
Epoch: 251, Train Loss: 5.7486, Train RMSE: 12.2853, Train MAPE: 1.0705, Train WMAPE: 0.0321, 
Epoch: 251, Valid Loss: 10.4448, Valid RMSE: 38.8565, Valid MAPE: 3.8618, Valid WMAPE: 0.0600
No update
Iter: 000, Train Loss: 5.9021, Train RMSE: 12.4065, Train MAPE: 1.2309, Train WMAPE: 0.0328
Iter: 050, Train Loss: 5.7947, Train RMSE: 11.6535, Train MAPE: 0.9664, Train WMAPE: 0.0318
Epoch: 252, Training Time: 15.9129 secs
Epoch: 252, Inference Time: 2.0537 secs
Epoch: 252, Train Loss: 5.7074, Train RMSE: 12.2293, Train MAPE: 0.9919, Train WMAPE: 0.0319, 
Epoch: 252, Valid Loss: 10.4804, Valid RMSE: 38.9077, Valid MAPE: 3.8980, Valid WMAPE: 0.0602
No update
Iter: 000, Train Loss: 5.8118, Train RMSE: 12.2939, Train MAPE: 1.2484, Train WMAPE: 0.0323
Iter: 050, Train Loss: 5.7992, Train RMSE: 11.8616, Train MAPE: 0.7213, Train WMAPE: 0.0318
Epoch: 253, Training Time: 15.2719 secs
Epoch: 253, Inference Time: 1.8119 secs
Epoch: 253, Train Loss: 5.7193, Train RMSE: 12.2421, Train MAPE: 1.0442, Train WMAPE: 0.0320, 
Epoch: 253, Valid Loss: 10.4118, Valid RMSE: 38.6875, Valid MAPE: 3.5014, Valid WMAPE: 0.0598
No update
Iter: 000, Train Loss: 5.9311, Train RMSE: 12.4602, Train MAPE: 1.0205, Train WMAPE: 0.0329
Iter: 050, Train Loss: 5.6816, Train RMSE: 11.8666, Train MAPE: 0.5375, Train WMAPE: 0.0312
Epoch: 254, Training Time: 15.1343 secs
Epoch: 254, Inference Time: 1.9737 secs
Epoch: 254, Train Loss: 5.7297, Train RMSE: 12.2957, Train MAPE: 1.0257, Train WMAPE: 0.0320, 
Epoch: 254, Valid Loss: 10.3775, Valid RMSE: 38.9249, Valid MAPE: 1.9355, Valid WMAPE: 0.0596
###Update tasks appear###
Evaluate best model on test data for horizon 1, Test MAE: 8.9350, Test RMSE: 57.7372, Test MAPE: 7.6046, Test WMAPE: 0.0519
Evaluate best model on test data for horizon 2, Test MAE: 9.7308, Test RMSE: 48.6312, Test MAPE: 10.7122, Test WMAPE: 0.0565
Evaluate best model on test data for horizon 3, Test MAE: 10.3150, Test RMSE: 42.0036, Test MAPE: 13.0617, Test WMAPE: 0.0599
Evaluate best model on test data for horizon 4, Test MAE: 11.5741, Test RMSE: 47.6923, Test MAPE: 14.6710, Test WMAPE: 0.0672
Evaluate best model on test data for horizon 5, Test MAE: 12.7077, Test RMSE: 51.5783, Test MAPE: 16.0147, Test WMAPE: 0.0738
Evaluate best model on test data for horizon 6, Test MAE: 12.9629, Test RMSE: 47.0189, Test MAPE: 16.4997, Test WMAPE: 0.0753
Evaluate best model on test data for horizon 7, Test MAE: 13.6008, Test RMSE: 48.1152, Test MAPE: 16.5585, Test WMAPE: 0.0791
Evaluate best model on test data for horizon 8, Test MAE: 14.4071, Test RMSE: 52.0407, Test MAPE: 16.1758, Test WMAPE: 0.0838
Evaluate best model on test data for horizon 9, Test MAE: 14.7044, Test RMSE: 51.3887, Test MAPE: 16.2234, Test WMAPE: 0.0855
Evaluate best model on test data for horizon 10, Test MAE: 14.4311, Test RMSE: 46.5193, Test MAPE: 16.2428, Test WMAPE: 0.0839
Evaluate best model on test data for horizon 11, Test MAE: 15.2687, Test RMSE: 53.8988, Test MAPE: 16.2577, Test WMAPE: 0.0888
Evaluate best model on test data for horizon 12, Test MAE: 15.1949, Test RMSE: 51.8942, Test MAPE: 16.1946, Test WMAPE: 0.0884
On average over 12 horizons, Test MAE: 12.8194, Test RMSE: 49.8765, Test MAPE: 14.6847, Test WMAPE: 0.0745
No update
Iter: 000, Train Loss: 5.8841, Train RMSE: 12.5629, Train MAPE: 0.6133, Train WMAPE: 0.0327
Iter: 050, Train Loss: 5.8328, Train RMSE: 11.8227, Train MAPE: 0.8635, Train WMAPE: 0.0320
Epoch: 255, Training Time: 15.7460 secs
Epoch: 255, Inference Time: 1.9443 secs
Epoch: 255, Train Loss: 5.7100, Train RMSE: 12.2369, Train MAPE: 0.9732, Train WMAPE: 0.0319, 
Epoch: 255, Valid Loss: 10.5076, Valid RMSE: 38.6849, Valid MAPE: 3.4823, Valid WMAPE: 0.0603
No update
Iter: 000, Train Loss: 6.0219, Train RMSE: 12.3288, Train MAPE: 1.2904, Train WMAPE: 0.0334
Iter: 050, Train Loss: 5.8001, Train RMSE: 11.9115, Train MAPE: 0.5269, Train WMAPE: 0.0318
Epoch: 256, Training Time: 15.5861 secs
Epoch: 256, Inference Time: 1.9561 secs
Epoch: 256, Train Loss: 5.7553, Train RMSE: 12.2948, Train MAPE: 0.9809, Train WMAPE: 0.0322, 
Epoch: 256, Valid Loss: 10.4476, Valid RMSE: 38.7493, Valid MAPE: 2.2345, Valid WMAPE: 0.0600
No update
Iter: 000, Train Loss: 5.9763, Train RMSE: 12.6262, Train MAPE: 0.7078, Train WMAPE: 0.0332
Iter: 050, Train Loss: 5.9745, Train RMSE: 12.3601, Train MAPE: 0.5968, Train WMAPE: 0.0328
Epoch: 257, Training Time: 15.3903 secs
Epoch: 257, Inference Time: 2.0180 secs
Epoch: 257, Train Loss: 5.7864, Train RMSE: 12.4383, Train MAPE: 0.9207, Train WMAPE: 0.0324, 
Epoch: 257, Valid Loss: 10.3584, Valid RMSE: 38.6745, Valid MAPE: 2.6470, Valid WMAPE: 0.0595
###Update tasks appear###
Evaluate best model on test data for horizon 1, Test MAE: 8.9628, Test RMSE: 57.0820, Test MAPE: 8.1963, Test WMAPE: 0.0520
Evaluate best model on test data for horizon 2, Test MAE: 9.8408, Test RMSE: 47.7966, Test MAPE: 11.3373, Test WMAPE: 0.0571
Evaluate best model on test data for horizon 3, Test MAE: 10.4613, Test RMSE: 41.7547, Test MAPE: 13.6929, Test WMAPE: 0.0608
Evaluate best model on test data for horizon 4, Test MAE: 11.7496, Test RMSE: 47.3986, Test MAPE: 15.6107, Test WMAPE: 0.0683
Evaluate best model on test data for horizon 5, Test MAE: 12.8880, Test RMSE: 51.3912, Test MAPE: 17.0178, Test WMAPE: 0.0749
Evaluate best model on test data for horizon 6, Test MAE: 13.1548, Test RMSE: 46.9239, Test MAPE: 17.3545, Test WMAPE: 0.0765
Evaluate best model on test data for horizon 7, Test MAE: 13.7903, Test RMSE: 48.1672, Test MAPE: 17.1669, Test WMAPE: 0.0802
Evaluate best model on test data for horizon 8, Test MAE: 14.5987, Test RMSE: 52.2330, Test MAPE: 17.0064, Test WMAPE: 0.0849
Evaluate best model on test data for horizon 9, Test MAE: 14.9358, Test RMSE: 51.5123, Test MAPE: 17.1442, Test WMAPE: 0.0869
Evaluate best model on test data for horizon 10, Test MAE: 14.6199, Test RMSE: 46.9063, Test MAPE: 16.6684, Test WMAPE: 0.0850
Evaluate best model on test data for horizon 11, Test MAE: 15.5086, Test RMSE: 54.2663, Test MAPE: 16.8008, Test WMAPE: 0.0902
Evaluate best model on test data for horizon 12, Test MAE: 15.4226, Test RMSE: 52.6228, Test MAPE: 16.5891, Test WMAPE: 0.0897
On average over 12 horizons, Test MAE: 12.9944, Test RMSE: 49.8379, Test MAPE: 15.3821, Test WMAPE: 0.0755
No update
Iter: 000, Train Loss: 5.8723, Train RMSE: 12.5512, Train MAPE: 0.7381, Train WMAPE: 0.0326
Iter: 050, Train Loss: 5.8793, Train RMSE: 12.0791, Train MAPE: 0.7001, Train WMAPE: 0.0322
Epoch: 258, Training Time: 15.5030 secs
Epoch: 258, Inference Time: 2.0803 secs
Epoch: 258, Train Loss: 5.7571, Train RMSE: 12.4031, Train MAPE: 0.9035, Train WMAPE: 0.0322, 
Epoch: 258, Valid Loss: 10.3861, Valid RMSE: 38.7470, Valid MAPE: 2.3414, Valid WMAPE: 0.0596
###Update tasks appear###
Evaluate best model on test data for horizon 1, Test MAE: 8.9206, Test RMSE: 57.4987, Test MAPE: 8.2267, Test WMAPE: 0.0518
Evaluate best model on test data for horizon 2, Test MAE: 9.7441, Test RMSE: 47.6451, Test MAPE: 11.0587, Test WMAPE: 0.0566
Evaluate best model on test data for horizon 3, Test MAE: 10.2529, Test RMSE: 41.3591, Test MAPE: 13.5843, Test WMAPE: 0.0596
Evaluate best model on test data for horizon 4, Test MAE: 11.6654, Test RMSE: 47.4491, Test MAPE: 16.0857, Test WMAPE: 0.0678
Evaluate best model on test data for horizon 5, Test MAE: 12.7345, Test RMSE: 51.4184, Test MAPE: 17.3742, Test WMAPE: 0.0740
Evaluate best model on test data for horizon 6, Test MAE: 12.9744, Test RMSE: 46.8927, Test MAPE: 16.9953, Test WMAPE: 0.0754
Evaluate best model on test data for horizon 7, Test MAE: 13.6682, Test RMSE: 48.2346, Test MAPE: 16.9980, Test WMAPE: 0.0795
Evaluate best model on test data for horizon 8, Test MAE: 14.4410, Test RMSE: 52.2097, Test MAPE: 16.6808, Test WMAPE: 0.0840
Evaluate best model on test data for horizon 9, Test MAE: 14.7587, Test RMSE: 51.6892, Test MAPE: 16.4361, Test WMAPE: 0.0858
Evaluate best model on test data for horizon 10, Test MAE: 14.5054, Test RMSE: 46.9120, Test MAPE: 16.4817, Test WMAPE: 0.0844
Evaluate best model on test data for horizon 11, Test MAE: 15.3583, Test RMSE: 54.1594, Test MAPE: 16.4977, Test WMAPE: 0.0893
Evaluate best model on test data for horizon 12, Test MAE: 15.3267, Test RMSE: 52.5628, Test MAPE: 16.5148, Test WMAPE: 0.0892
On average over 12 horizons, Test MAE: 12.8625, Test RMSE: 49.8359, Test MAPE: 15.2445, Test WMAPE: 0.0748
No update
Iter: 000, Train Loss: 5.7536, Train RMSE: 12.4322, Train MAPE: 0.7427, Train WMAPE: 0.0319
Iter: 050, Train Loss: 6.0110, Train RMSE: 12.3572, Train MAPE: 0.6822, Train WMAPE: 0.0330
Epoch: 259, Training Time: 15.3531 secs
Epoch: 259, Inference Time: 2.0954 secs
Epoch: 259, Train Loss: 5.8509, Train RMSE: 12.5939, Train MAPE: 0.9001, Train WMAPE: 0.0327, 
Epoch: 259, Valid Loss: 10.7425, Valid RMSE: 39.1108, Valid MAPE: 4.5043, Valid WMAPE: 0.0617
No update
Iter: 000, Train Loss: 6.2843, Train RMSE: 12.7225, Train MAPE: 1.7454, Train WMAPE: 0.0349
Iter: 050, Train Loss: 5.7319, Train RMSE: 11.6969, Train MAPE: 0.7049, Train WMAPE: 0.0314
Epoch: 260, Training Time: 15.1861 secs
Epoch: 260, Inference Time: 1.9742 secs
Epoch: 260, Train Loss: 5.7518, Train RMSE: 12.3071, Train MAPE: 1.0489, Train WMAPE: 0.0322, 
Epoch: 260, Valid Loss: 10.3907, Valid RMSE: 38.8207, Valid MAPE: 2.8399, Valid WMAPE: 0.0597
###Update tasks appear###
Evaluate best model on test data for horizon 1, Test MAE: 8.9905, Test RMSE: 57.9119, Test MAPE: 8.2432, Test WMAPE: 0.0522
Evaluate best model on test data for horizon 2, Test MAE: 9.7028, Test RMSE: 48.3545, Test MAPE: 11.3618, Test WMAPE: 0.0563
Evaluate best model on test data for horizon 3, Test MAE: 10.2976, Test RMSE: 41.4642, Test MAPE: 13.7999, Test WMAPE: 0.0598
Evaluate best model on test data for horizon 4, Test MAE: 11.5919, Test RMSE: 47.5286, Test MAPE: 15.4537, Test WMAPE: 0.0673
Evaluate best model on test data for horizon 5, Test MAE: 12.6486, Test RMSE: 51.4858, Test MAPE: 16.7342, Test WMAPE: 0.0735
Evaluate best model on test data for horizon 6, Test MAE: 12.9507, Test RMSE: 46.6260, Test MAPE: 17.2557, Test WMAPE: 0.0753
Evaluate best model on test data for horizon 7, Test MAE: 13.5617, Test RMSE: 47.7943, Test MAPE: 17.1713, Test WMAPE: 0.0788
Evaluate best model on test data for horizon 8, Test MAE: 14.3573, Test RMSE: 51.8531, Test MAPE: 16.7198, Test WMAPE: 0.0835
Evaluate best model on test data for horizon 9, Test MAE: 14.6584, Test RMSE: 51.1969, Test MAPE: 16.6939, Test WMAPE: 0.0853
Evaluate best model on test data for horizon 10, Test MAE: 14.4114, Test RMSE: 46.4014, Test MAPE: 16.7971, Test WMAPE: 0.0838
Evaluate best model on test data for horizon 11, Test MAE: 15.2414, Test RMSE: 53.7359, Test MAPE: 16.6962, Test WMAPE: 0.0887
Evaluate best model on test data for horizon 12, Test MAE: 15.1905, Test RMSE: 51.9902, Test MAPE: 16.6555, Test WMAPE: 0.0884
On average over 12 horizons, Test MAE: 12.8002, Test RMSE: 49.6952, Test MAPE: 15.2985, Test WMAPE: 0.0744
No update
Iter: 000, Train Loss: 5.8380, Train RMSE: 12.3598, Train MAPE: 0.7606, Train WMAPE: 0.0324
Iter: 050, Train Loss: 5.7146, Train RMSE: 11.5687, Train MAPE: 0.8465, Train WMAPE: 0.0313
Epoch: 261, Training Time: 15.8052 secs
Epoch: 261, Inference Time: 2.0537 secs
Epoch: 261, Train Loss: 5.6699, Train RMSE: 12.1634, Train MAPE: 0.9933, Train WMAPE: 0.0317, 
Epoch: 261, Valid Loss: 10.4336, Valid RMSE: 38.6215, Valid MAPE: 4.1665, Valid WMAPE: 0.0599
No update
Iter: 000, Train Loss: 5.9653, Train RMSE: 12.6850, Train MAPE: 1.3773, Train WMAPE: 0.0331
Iter: 050, Train Loss: 5.7005, Train RMSE: 11.6694, Train MAPE: 0.5231, Train WMAPE: 0.0313
Epoch: 262, Training Time: 15.3846 secs
Epoch: 262, Inference Time: 1.8930 secs
Epoch: 262, Train Loss: 5.6981, Train RMSE: 12.2029, Train MAPE: 1.0115, Train WMAPE: 0.0319, 
Epoch: 262, Valid Loss: 10.5227, Valid RMSE: 39.0212, Valid MAPE: 3.8874, Valid WMAPE: 0.0604
No update
Iter: 000, Train Loss: 6.0724, Train RMSE: 12.7805, Train MAPE: 1.3864, Train WMAPE: 0.0337
Iter: 050, Train Loss: 5.8104, Train RMSE: 11.8040, Train MAPE: 0.6833, Train WMAPE: 0.0319
Epoch: 263, Training Time: 15.2904 secs
Epoch: 263, Inference Time: 2.0025 secs
Epoch: 263, Train Loss: 5.7062, Train RMSE: 12.2263, Train MAPE: 1.0368, Train WMAPE: 0.0319, 
Epoch: 263, Valid Loss: 10.4018, Valid RMSE: 38.7088, Valid MAPE: 3.2831, Valid WMAPE: 0.0597
###Update tasks appear###
Evaluate best model on test data for horizon 1, Test MAE: 8.9918, Test RMSE: 57.8617, Test MAPE: 8.2122, Test WMAPE: 0.0522
Evaluate best model on test data for horizon 2, Test MAE: 9.8161, Test RMSE: 48.3960, Test MAPE: 11.4573, Test WMAPE: 0.0570
Evaluate best model on test data for horizon 3, Test MAE: 10.3146, Test RMSE: 41.6009, Test MAPE: 13.8682, Test WMAPE: 0.0599
Evaluate best model on test data for horizon 4, Test MAE: 11.5605, Test RMSE: 47.5957, Test MAPE: 15.6202, Test WMAPE: 0.0672
Evaluate best model on test data for horizon 5, Test MAE: 12.6746, Test RMSE: 51.3624, Test MAPE: 16.7440, Test WMAPE: 0.0737
Evaluate best model on test data for horizon 6, Test MAE: 12.9315, Test RMSE: 46.5095, Test MAPE: 17.3151, Test WMAPE: 0.0752
Evaluate best model on test data for horizon 7, Test MAE: 13.5636, Test RMSE: 47.6818, Test MAPE: 17.3647, Test WMAPE: 0.0789
Evaluate best model on test data for horizon 8, Test MAE: 14.2941, Test RMSE: 51.5275, Test MAPE: 17.0311, Test WMAPE: 0.0831
Evaluate best model on test data for horizon 9, Test MAE: 14.5774, Test RMSE: 50.7266, Test MAPE: 16.9146, Test WMAPE: 0.0848
Evaluate best model on test data for horizon 10, Test MAE: 14.2719, Test RMSE: 46.0201, Test MAPE: 16.7290, Test WMAPE: 0.0830
Evaluate best model on test data for horizon 11, Test MAE: 15.1762, Test RMSE: 53.4448, Test MAPE: 17.0261, Test WMAPE: 0.0883
Evaluate best model on test data for horizon 12, Test MAE: 15.1051, Test RMSE: 51.6307, Test MAPE: 16.8818, Test WMAPE: 0.0879
On average over 12 horizons, Test MAE: 12.7731, Test RMSE: 49.5298, Test MAPE: 15.4304, Test WMAPE: 0.0743
No update
Iter: 000, Train Loss: 5.7770, Train RMSE: 12.3081, Train MAPE: 0.9458, Train WMAPE: 0.0321
Iter: 050, Train Loss: 5.8121, Train RMSE: 12.0185, Train MAPE: 0.5241, Train WMAPE: 0.0319
Epoch: 264, Training Time: 14.8718 secs
Epoch: 264, Inference Time: 1.9839 secs
Epoch: 264, Train Loss: 5.7424, Train RMSE: 12.2697, Train MAPE: 1.0143, Train WMAPE: 0.0321, 
Epoch: 264, Valid Loss: 10.3062, Valid RMSE: 38.6294, Valid MAPE: 2.4044, Valid WMAPE: 0.0592
###Update tasks appear###
Evaluate best model on test data for horizon 1, Test MAE: 8.8902, Test RMSE: 57.6706, Test MAPE: 7.7827, Test WMAPE: 0.0516
Evaluate best model on test data for horizon 2, Test MAE: 9.6083, Test RMSE: 47.8916, Test MAPE: 10.9815, Test WMAPE: 0.0558
Evaluate best model on test data for horizon 3, Test MAE: 10.1368, Test RMSE: 41.1913, Test MAPE: 13.3606, Test WMAPE: 0.0589
Evaluate best model on test data for horizon 4, Test MAE: 11.4260, Test RMSE: 47.2347, Test MAPE: 15.0013, Test WMAPE: 0.0664
Evaluate best model on test data for horizon 5, Test MAE: 12.5148, Test RMSE: 51.1082, Test MAPE: 16.4658, Test WMAPE: 0.0727
Evaluate best model on test data for horizon 6, Test MAE: 12.7539, Test RMSE: 46.2828, Test MAPE: 16.5104, Test WMAPE: 0.0741
Evaluate best model on test data for horizon 7, Test MAE: 13.3956, Test RMSE: 47.5878, Test MAPE: 16.5971, Test WMAPE: 0.0779
Evaluate best model on test data for horizon 8, Test MAE: 14.1613, Test RMSE: 51.6081, Test MAPE: 16.2261, Test WMAPE: 0.0823
Evaluate best model on test data for horizon 9, Test MAE: 14.4662, Test RMSE: 50.8370, Test MAPE: 16.2678, Test WMAPE: 0.0841
Evaluate best model on test data for horizon 10, Test MAE: 14.2051, Test RMSE: 45.9224, Test MAPE: 16.2804, Test WMAPE: 0.0826
Evaluate best model on test data for horizon 11, Test MAE: 15.0381, Test RMSE: 53.5285, Test MAPE: 16.3146, Test WMAPE: 0.0875
Evaluate best model on test data for horizon 12, Test MAE: 14.9714, Test RMSE: 51.5601, Test MAPE: 16.3080, Test WMAPE: 0.0871
On average over 12 horizons, Test MAE: 12.6306, Test RMSE: 49.3686, Test MAPE: 14.8414, Test WMAPE: 0.0734
Test low! Updating! Test Loss: 12.630632479985556, Test low! Updating! Valid Loss: 10.306201321738106, epoch:  264
Iter: 000, Train Loss: 5.8531, Train RMSE: 12.4898, Train MAPE: 0.9641, Train WMAPE: 0.0325
Iter: 050, Train Loss: 5.7144, Train RMSE: 11.7836, Train MAPE: 0.6983, Train WMAPE: 0.0313
Epoch: 265, Training Time: 15.4496 secs
Epoch: 265, Inference Time: 2.1872 secs
Epoch: 265, Train Loss: 5.6973, Train RMSE: 12.1926, Train MAPE: 0.9933, Train WMAPE: 0.0319, 
Epoch: 265, Valid Loss: 10.6671, Valid RMSE: 38.7038, Valid MAPE: 3.8993, Valid WMAPE: 0.0612
No update
Iter: 000, Train Loss: 6.0503, Train RMSE: 12.4893, Train MAPE: 1.5796, Train WMAPE: 0.0336
Iter: 050, Train Loss: 5.7409, Train RMSE: 11.5872, Train MAPE: 0.8465, Train WMAPE: 0.0315
Epoch: 266, Training Time: 15.3832 secs
Epoch: 266, Inference Time: 1.9977 secs
Epoch: 266, Train Loss: 5.6908, Train RMSE: 12.1710, Train MAPE: 1.0187, Train WMAPE: 0.0318, 
Epoch: 266, Valid Loss: 10.2533, Valid RMSE: 38.3575, Valid MAPE: 2.2899, Valid WMAPE: 0.0589
###Update tasks appear###
Evaluate best model on test data for horizon 1, Test MAE: 8.9247, Test RMSE: 57.3656, Test MAPE: 8.0097, Test WMAPE: 0.0518
Evaluate best model on test data for horizon 2, Test MAE: 9.7222, Test RMSE: 47.7037, Test MAPE: 11.0166, Test WMAPE: 0.0565
Evaluate best model on test data for horizon 3, Test MAE: 10.2879, Test RMSE: 41.1768, Test MAPE: 13.4382, Test WMAPE: 0.0598
Evaluate best model on test data for horizon 4, Test MAE: 11.5452, Test RMSE: 47.0626, Test MAPE: 15.0982, Test WMAPE: 0.0671
Evaluate best model on test data for horizon 5, Test MAE: 12.6868, Test RMSE: 51.0197, Test MAPE: 16.5632, Test WMAPE: 0.0737
Evaluate best model on test data for horizon 6, Test MAE: 12.8730, Test RMSE: 46.0672, Test MAPE: 16.6942, Test WMAPE: 0.0748
Evaluate best model on test data for horizon 7, Test MAE: 13.5044, Test RMSE: 47.3179, Test MAPE: 16.7471, Test WMAPE: 0.0785
Evaluate best model on test data for horizon 8, Test MAE: 14.2585, Test RMSE: 51.4274, Test MAPE: 16.3510, Test WMAPE: 0.0829
Evaluate best model on test data for horizon 9, Test MAE: 14.4817, Test RMSE: 50.7424, Test MAPE: 16.3689, Test WMAPE: 0.0842
Evaluate best model on test data for horizon 10, Test MAE: 14.2089, Test RMSE: 45.9552, Test MAPE: 16.4627, Test WMAPE: 0.0826
Evaluate best model on test data for horizon 11, Test MAE: 15.0631, Test RMSE: 53.2807, Test MAPE: 16.5649, Test WMAPE: 0.0876
Evaluate best model on test data for horizon 12, Test MAE: 15.0041, Test RMSE: 51.6176, Test MAPE: 16.4811, Test WMAPE: 0.0873
On average over 12 horizons, Test MAE: 12.7134, Test RMSE: 49.2281, Test MAPE: 14.9830, Test WMAPE: 0.0739
No update
Iter: 000, Train Loss: 5.8476, Train RMSE: 12.4457, Train MAPE: 0.7921, Train WMAPE: 0.0325
Iter: 050, Train Loss: 5.6092, Train RMSE: 11.5655, Train MAPE: 0.5593, Train WMAPE: 0.0308
Epoch: 267, Training Time: 15.2698 secs
Epoch: 267, Inference Time: 1.8955 secs
Epoch: 267, Train Loss: 5.6662, Train RMSE: 12.1514, Train MAPE: 1.0873, Train WMAPE: 0.0317, 
Epoch: 267, Valid Loss: 10.4008, Valid RMSE: 38.7591, Valid MAPE: 3.8792, Valid WMAPE: 0.0597
No update
Iter: 000, Train Loss: 5.8544, Train RMSE: 12.2826, Train MAPE: 1.1799, Train WMAPE: 0.0325
Iter: 050, Train Loss: 5.8309, Train RMSE: 11.7398, Train MAPE: 0.7621, Train WMAPE: 0.0320
Epoch: 268, Training Time: 15.3832 secs
Epoch: 268, Inference Time: 2.0018 secs
Epoch: 268, Train Loss: 5.7074, Train RMSE: 12.2456, Train MAPE: 0.9164, Train WMAPE: 0.0319, 
Epoch: 268, Valid Loss: 10.5390, Valid RMSE: 38.6284, Valid MAPE: 4.0977, Valid WMAPE: 0.0605
No update
Iter: 000, Train Loss: 6.0766, Train RMSE: 12.7305, Train MAPE: 1.3221, Train WMAPE: 0.0337
Iter: 050, Train Loss: 5.7753, Train RMSE: 11.7160, Train MAPE: 0.5002, Train WMAPE: 0.0317
Epoch: 269, Training Time: 15.4745 secs
Epoch: 269, Inference Time: 2.0959 secs
Epoch: 269, Train Loss: 5.7104, Train RMSE: 12.2686, Train MAPE: 0.9092, Train WMAPE: 0.0319, 
Epoch: 269, Valid Loss: 10.3532, Valid RMSE: 38.6085, Valid MAPE: 2.2678, Valid WMAPE: 0.0594
No update
Iter: 000, Train Loss: 5.7627, Train RMSE: 12.3081, Train MAPE: 0.6891, Train WMAPE: 0.0320
Iter: 050, Train Loss: 6.2650, Train RMSE: 12.5482, Train MAPE: 1.0805, Train WMAPE: 0.0344
Epoch: 270, Training Time: 15.2790 secs
Epoch: 270, Inference Time: 1.9045 secs
Epoch: 270, Train Loss: 5.8515, Train RMSE: 12.4555, Train MAPE: 1.0177, Train WMAPE: 0.0327, 
Epoch: 270, Valid Loss: 10.3783, Valid RMSE: 38.4873, Valid MAPE: 2.0463, Valid WMAPE: 0.0596
No update
Iter: 000, Train Loss: 5.7825, Train RMSE: 12.3994, Train MAPE: 0.6767, Train WMAPE: 0.0321
Iter: 050, Train Loss: 5.7837, Train RMSE: 11.8132, Train MAPE: 0.4731, Train WMAPE: 0.0317
Epoch: 271, Training Time: 15.6017 secs
Epoch: 271, Inference Time: 1.9837 secs
Epoch: 271, Train Loss: 5.7064, Train RMSE: 12.2145, Train MAPE: 0.9491, Train WMAPE: 0.0319, 
Epoch: 271, Valid Loss: 10.8100, Valid RMSE: 38.7088, Valid MAPE: 3.5987, Valid WMAPE: 0.0621
No update
Iter: 000, Train Loss: 6.3323, Train RMSE: 13.1342, Train MAPE: 1.2237, Train WMAPE: 0.0352
Iter: 050, Train Loss: 5.7714, Train RMSE: 11.8184, Train MAPE: 0.7129, Train WMAPE: 0.0316
Epoch: 272, Training Time: 15.2693 secs
Epoch: 272, Inference Time: 1.8976 secs
Epoch: 272, Train Loss: 5.7140, Train RMSE: 12.2640, Train MAPE: 0.8743, Train WMAPE: 0.0319, 
Epoch: 272, Valid Loss: 10.4512, Valid RMSE: 38.5434, Valid MAPE: 2.6322, Valid WMAPE: 0.0600
No update
Iter: 000, Train Loss: 5.8180, Train RMSE: 12.3455, Train MAPE: 0.8316, Train WMAPE: 0.0323
Iter: 050, Train Loss: 5.6206, Train RMSE: 11.4741, Train MAPE: 0.5476, Train WMAPE: 0.0308
Epoch: 273, Training Time: 14.9159 secs
Epoch: 273, Inference Time: 2.0594 secs
Epoch: 273, Train Loss: 5.6711, Train RMSE: 12.2162, Train MAPE: 0.8604, Train WMAPE: 0.0317, 
Epoch: 273, Valid Loss: 10.5905, Valid RMSE: 38.6022, Valid MAPE: 2.7444, Valid WMAPE: 0.0608
No update
Iter: 000, Train Loss: 5.8974, Train RMSE: 12.3709, Train MAPE: 0.9127, Train WMAPE: 0.0327
Iter: 050, Train Loss: 5.6911, Train RMSE: 11.7001, Train MAPE: 0.4755, Train WMAPE: 0.0312
Epoch: 274, Training Time: 14.8742 secs
Epoch: 274, Inference Time: 1.9865 secs
Epoch: 274, Train Loss: 5.6863, Train RMSE: 12.2798, Train MAPE: 0.8498, Train WMAPE: 0.0318, 
Epoch: 274, Valid Loss: 10.4207, Valid RMSE: 38.5592, Valid MAPE: 2.4235, Valid WMAPE: 0.0598
No update
Iter: 000, Train Loss: 6.0328, Train RMSE: 12.8876, Train MAPE: 0.6784, Train WMAPE: 0.0335
Iter: 050, Train Loss: 5.6185, Train RMSE: 11.4272, Train MAPE: 0.4979, Train WMAPE: 0.0308
Epoch: 275, Training Time: 15.1935 secs
Epoch: 275, Inference Time: 2.0782 secs
Epoch: 275, Train Loss: 5.6927, Train RMSE: 12.2614, Train MAPE: 0.8408, Train WMAPE: 0.0318, 
Epoch: 275, Valid Loss: 10.2933, Valid RMSE: 38.2200, Valid MAPE: 2.7591, Valid WMAPE: 0.0591
###Update tasks appear###
Evaluate best model on test data for horizon 1, Test MAE: 8.8880, Test RMSE: 56.9261, Test MAPE: 7.9139, Test WMAPE: 0.0516
Evaluate best model on test data for horizon 2, Test MAE: 9.6898, Test RMSE: 48.0803, Test MAPE: 11.0514, Test WMAPE: 0.0563
Evaluate best model on test data for horizon 3, Test MAE: 10.2093, Test RMSE: 41.4412, Test MAPE: 13.8276, Test WMAPE: 0.0593
Evaluate best model on test data for horizon 4, Test MAE: 11.4434, Test RMSE: 46.9927, Test MAPE: 15.1733, Test WMAPE: 0.0665
Evaluate best model on test data for horizon 5, Test MAE: 12.5233, Test RMSE: 50.9270, Test MAPE: 16.9380, Test WMAPE: 0.0728
Evaluate best model on test data for horizon 6, Test MAE: 12.8524, Test RMSE: 45.7327, Test MAPE: 16.8151, Test WMAPE: 0.0747
Evaluate best model on test data for horizon 7, Test MAE: 13.5489, Test RMSE: 47.0727, Test MAPE: 17.0157, Test WMAPE: 0.0788
Evaluate best model on test data for horizon 8, Test MAE: 14.1902, Test RMSE: 50.8417, Test MAPE: 16.6618, Test WMAPE: 0.0825
Evaluate best model on test data for horizon 9, Test MAE: 14.4699, Test RMSE: 50.3614, Test MAPE: 16.6663, Test WMAPE: 0.0842
Evaluate best model on test data for horizon 10, Test MAE: 14.1272, Test RMSE: 45.4154, Test MAPE: 16.7262, Test WMAPE: 0.0822
Evaluate best model on test data for horizon 11, Test MAE: 15.0082, Test RMSE: 52.6794, Test MAPE: 16.7701, Test WMAPE: 0.0873
Evaluate best model on test data for horizon 12, Test MAE: 14.8991, Test RMSE: 51.2775, Test MAPE: 16.6858, Test WMAPE: 0.0867
On average over 12 horizons, Test MAE: 12.6541, Test RMSE: 48.9790, Test MAPE: 15.1871, Test WMAPE: 0.0736
No update
Iter: 000, Train Loss: 5.7667, Train RMSE: 12.3949, Train MAPE: 0.8619, Train WMAPE: 0.0320
Iter: 050, Train Loss: 5.6257, Train RMSE: 11.6594, Train MAPE: 0.4514, Train WMAPE: 0.0308
Epoch: 276, Training Time: 15.1698 secs
Epoch: 276, Inference Time: 1.8846 secs
Epoch: 276, Train Loss: 5.6283, Train RMSE: 12.1476, Train MAPE: 0.8275, Train WMAPE: 0.0315, 
Epoch: 276, Valid Loss: 10.3250, Valid RMSE: 38.8317, Valid MAPE: 1.7629, Valid WMAPE: 0.0593
No update
Iter: 000, Train Loss: 5.6379, Train RMSE: 12.1393, Train MAPE: 0.4907, Train WMAPE: 0.0313
Iter: 050, Train Loss: 5.6690, Train RMSE: 11.5374, Train MAPE: 0.7987, Train WMAPE: 0.0311
Epoch: 277, Training Time: 15.2297 secs
Epoch: 277, Inference Time: 2.0609 secs
Epoch: 277, Train Loss: 5.6309, Train RMSE: 12.1544, Train MAPE: 0.8379, Train WMAPE: 0.0315, 
Epoch: 277, Valid Loss: 10.3901, Valid RMSE: 38.6924, Valid MAPE: 2.6000, Valid WMAPE: 0.0597
No update
Iter: 000, Train Loss: 5.7480, Train RMSE: 12.2198, Train MAPE: 0.8058, Train WMAPE: 0.0319
Iter: 050, Train Loss: 5.7659, Train RMSE: 11.6846, Train MAPE: 0.8359, Train WMAPE: 0.0316
Epoch: 278, Training Time: 15.2824 secs
Epoch: 278, Inference Time: 2.1010 secs
Epoch: 278, Train Loss: 5.6605, Train RMSE: 12.1538, Train MAPE: 0.9005, Train WMAPE: 0.0316, 
Epoch: 278, Valid Loss: 10.3019, Valid RMSE: 38.4654, Valid MAPE: 2.4306, Valid WMAPE: 0.0591
###Update tasks appear###
Evaluate best model on test data for horizon 1, Test MAE: 8.8708, Test RMSE: 57.0593, Test MAPE: 7.8246, Test WMAPE: 0.0515
Evaluate best model on test data for horizon 2, Test MAE: 9.7202, Test RMSE: 48.0551, Test MAPE: 11.1451, Test WMAPE: 0.0564
Evaluate best model on test data for horizon 3, Test MAE: 10.3274, Test RMSE: 41.5212, Test MAPE: 13.6503, Test WMAPE: 0.0600
Evaluate best model on test data for horizon 4, Test MAE: 11.5726, Test RMSE: 47.5837, Test MAPE: 15.1557, Test WMAPE: 0.0672
Evaluate best model on test data for horizon 5, Test MAE: 12.7265, Test RMSE: 51.3006, Test MAPE: 16.5242, Test WMAPE: 0.0740
Evaluate best model on test data for horizon 6, Test MAE: 12.8938, Test RMSE: 46.1554, Test MAPE: 16.7002, Test WMAPE: 0.0749
Evaluate best model on test data for horizon 7, Test MAE: 13.4884, Test RMSE: 47.3375, Test MAPE: 16.7129, Test WMAPE: 0.0784
Evaluate best model on test data for horizon 8, Test MAE: 14.2399, Test RMSE: 51.2730, Test MAPE: 16.3491, Test WMAPE: 0.0828
Evaluate best model on test data for horizon 9, Test MAE: 14.5572, Test RMSE: 50.7820, Test MAPE: 16.3863, Test WMAPE: 0.0847
Evaluate best model on test data for horizon 10, Test MAE: 14.2657, Test RMSE: 45.5628, Test MAPE: 16.4703, Test WMAPE: 0.0830
Evaluate best model on test data for horizon 11, Test MAE: 15.1309, Test RMSE: 53.2030, Test MAPE: 16.5769, Test WMAPE: 0.0880
Evaluate best model on test data for horizon 12, Test MAE: 15.1055, Test RMSE: 51.6125, Test MAPE: 16.5598, Test WMAPE: 0.0879
On average over 12 horizons, Test MAE: 12.7416, Test RMSE: 49.2872, Test MAPE: 15.0046, Test WMAPE: 0.0741
No update
Iter: 000, Train Loss: 5.6915, Train RMSE: 12.1374, Train MAPE: 0.8074, Train WMAPE: 0.0316
Iter: 050, Train Loss: 5.5549, Train RMSE: 11.5711, Train MAPE: 0.4820, Train WMAPE: 0.0305
Epoch: 279, Training Time: 15.1994 secs
Epoch: 279, Inference Time: 2.0623 secs
Epoch: 279, Train Loss: 5.6089, Train RMSE: 12.0286, Train MAPE: 1.0233, Train WMAPE: 0.0314, 
Epoch: 279, Valid Loss: 10.3855, Valid RMSE: 38.5885, Valid MAPE: 3.0579, Valid WMAPE: 0.0596
No update
Iter: 000, Train Loss: 5.7430, Train RMSE: 12.0611, Train MAPE: 0.7928, Train WMAPE: 0.0319
Iter: 050, Train Loss: 5.7012, Train RMSE: 11.5319, Train MAPE: 0.7157, Train WMAPE: 0.0313
Epoch: 280, Training Time: 15.2724 secs
Epoch: 280, Inference Time: 2.0213 secs
Epoch: 280, Train Loss: 5.5972, Train RMSE: 12.0025, Train MAPE: 0.9705, Train WMAPE: 0.0313, 
Epoch: 280, Valid Loss: 10.5296, Valid RMSE: 38.8821, Valid MAPE: 3.7598, Valid WMAPE: 0.0605
No update
Iter: 000, Train Loss: 5.9513, Train RMSE: 12.3357, Train MAPE: 1.0716, Train WMAPE: 0.0330
Iter: 050, Train Loss: 5.7307, Train RMSE: 11.7690, Train MAPE: 0.5356, Train WMAPE: 0.0314
Epoch: 281, Training Time: 15.2612 secs
Epoch: 281, Inference Time: 1.9865 secs
Epoch: 281, Train Loss: 5.6995, Train RMSE: 12.1579, Train MAPE: 1.0259, Train WMAPE: 0.0319, 
Epoch: 281, Valid Loss: 10.2479, Valid RMSE: 38.5596, Valid MAPE: 1.7055, Valid WMAPE: 0.0588
###Update tasks appear###
Evaluate best model on test data for horizon 1, Test MAE: 8.8415, Test RMSE: 57.5006, Test MAPE: 7.9179, Test WMAPE: 0.0513
Evaluate best model on test data for horizon 2, Test MAE: 9.6036, Test RMSE: 48.2257, Test MAPE: 11.2286, Test WMAPE: 0.0558
Evaluate best model on test data for horizon 3, Test MAE: 10.1818, Test RMSE: 41.7584, Test MAPE: 13.7212, Test WMAPE: 0.0591
Evaluate best model on test data for horizon 4, Test MAE: 11.4805, Test RMSE: 47.8966, Test MAPE: 15.3563, Test WMAPE: 0.0667
Evaluate best model on test data for horizon 5, Test MAE: 12.5568, Test RMSE: 51.4752, Test MAPE: 16.6380, Test WMAPE: 0.0730
Evaluate best model on test data for horizon 6, Test MAE: 12.8014, Test RMSE: 46.3535, Test MAPE: 16.8105, Test WMAPE: 0.0744
Evaluate best model on test data for horizon 7, Test MAE: 13.4320, Test RMSE: 47.6352, Test MAPE: 16.8225, Test WMAPE: 0.0781
Evaluate best model on test data for horizon 8, Test MAE: 14.2201, Test RMSE: 51.5557, Test MAPE: 16.5514, Test WMAPE: 0.0827
Evaluate best model on test data for horizon 9, Test MAE: 14.5247, Test RMSE: 50.8898, Test MAPE: 16.3870, Test WMAPE: 0.0845
Evaluate best model on test data for horizon 10, Test MAE: 14.2454, Test RMSE: 45.8879, Test MAPE: 16.3133, Test WMAPE: 0.0829
Evaluate best model on test data for horizon 11, Test MAE: 15.0610, Test RMSE: 53.3068, Test MAPE: 16.3869, Test WMAPE: 0.0876
Evaluate best model on test data for horizon 12, Test MAE: 14.9735, Test RMSE: 51.5605, Test MAPE: 16.2604, Test WMAPE: 0.0871
On average over 12 horizons, Test MAE: 12.6602, Test RMSE: 49.5038, Test MAPE: 15.0328, Test WMAPE: 0.0736
No update
Iter: 000, Train Loss: 5.8007, Train RMSE: 12.3305, Train MAPE: 0.4645, Train WMAPE: 0.0322
Iter: 050, Train Loss: 5.6926, Train RMSE: 11.5805, Train MAPE: 0.9512, Train WMAPE: 0.0312
Epoch: 282, Training Time: 15.2372 secs
Epoch: 282, Inference Time: 1.9311 secs
Epoch: 282, Train Loss: 5.6167, Train RMSE: 12.0299, Train MAPE: 1.0000, Train WMAPE: 0.0314, 
Epoch: 282, Valid Loss: 10.4153, Valid RMSE: 38.6615, Valid MAPE: 2.9873, Valid WMAPE: 0.0598
No update
Iter: 000, Train Loss: 5.7792, Train RMSE: 12.2810, Train MAPE: 1.1584, Train WMAPE: 0.0321
Iter: 050, Train Loss: 5.7889, Train RMSE: 11.4853, Train MAPE: 1.5095, Train WMAPE: 0.0317
Epoch: 283, Training Time: 15.3770 secs
Epoch: 283, Inference Time: 2.0961 secs
Epoch: 283, Train Loss: 5.6367, Train RMSE: 12.0330, Train MAPE: 1.0294, Train WMAPE: 0.0315, 
Epoch: 283, Valid Loss: 10.4439, Valid RMSE: 38.3175, Valid MAPE: 3.6455, Valid WMAPE: 0.0600
No update
Iter: 000, Train Loss: 5.9805, Train RMSE: 12.4632, Train MAPE: 1.1862, Train WMAPE: 0.0332
Iter: 050, Train Loss: 5.5473, Train RMSE: 11.5782, Train MAPE: 0.4629, Train WMAPE: 0.0304
Epoch: 284, Training Time: 15.0903 secs
Epoch: 284, Inference Time: 2.0061 secs
Epoch: 284, Train Loss: 5.6581, Train RMSE: 12.1053, Train MAPE: 0.9114, Train WMAPE: 0.0316, 
Epoch: 284, Valid Loss: 10.3789, Valid RMSE: 38.8239, Valid MAPE: 2.2067, Valid WMAPE: 0.0596
No update
Iter: 000, Train Loss: 6.1743, Train RMSE: 12.8721, Train MAPE: 0.5812, Train WMAPE: 0.0343
Iter: 050, Train Loss: 5.5566, Train RMSE: 11.3531, Train MAPE: 0.6331, Train WMAPE: 0.0305
Epoch: 285, Training Time: 15.3900 secs
Epoch: 285, Inference Time: 1.9878 secs
Epoch: 285, Train Loss: 5.6350, Train RMSE: 12.0985, Train MAPE: 0.8939, Train WMAPE: 0.0315, 
Epoch: 285, Valid Loss: 10.3315, Valid RMSE: 38.4929, Valid MAPE: 2.5312, Valid WMAPE: 0.0593
No update
Iter: 000, Train Loss: 5.7759, Train RMSE: 12.1724, Train MAPE: 0.6445, Train WMAPE: 0.0321
Iter: 050, Train Loss: 5.6878, Train RMSE: 11.5149, Train MAPE: 0.9802, Train WMAPE: 0.0312
Epoch: 286, Training Time: 15.4962 secs
Epoch: 286, Inference Time: 1.9731 secs
Epoch: 286, Train Loss: 5.5843, Train RMSE: 11.9627, Train MAPE: 0.9733, Train WMAPE: 0.0312, 
Epoch: 286, Valid Loss: 10.4176, Valid RMSE: 38.5520, Valid MAPE: 4.5199, Valid WMAPE: 0.0598
No update
Iter: 000, Train Loss: 5.8349, Train RMSE: 12.1538, Train MAPE: 1.3829, Train WMAPE: 0.0324
Iter: 050, Train Loss: 5.6412, Train RMSE: 11.5137, Train MAPE: 0.7278, Train WMAPE: 0.0309
Epoch: 287, Training Time: 15.2625 secs
Epoch: 287, Inference Time: 1.8903 secs
Epoch: 287, Train Loss: 5.6152, Train RMSE: 11.9845, Train MAPE: 1.0086, Train WMAPE: 0.0314, 
Epoch: 287, Valid Loss: 10.3215, Valid RMSE: 38.3253, Valid MAPE: 2.5994, Valid WMAPE: 0.0593
No update
Iter: 000, Train Loss: 5.6599, Train RMSE: 12.1694, Train MAPE: 0.6532, Train WMAPE: 0.0314
Iter: 050, Train Loss: 5.6342, Train RMSE: 11.7430, Train MAPE: 0.4835, Train WMAPE: 0.0309
Epoch: 288, Training Time: 15.4591 secs
Epoch: 288, Inference Time: 2.0192 secs
Epoch: 288, Train Loss: 5.6316, Train RMSE: 12.0100, Train MAPE: 0.9773, Train WMAPE: 0.0315, 
Epoch: 288, Valid Loss: 10.2842, Valid RMSE: 38.4011, Valid MAPE: 2.0590, Valid WMAPE: 0.0590
###Update tasks appear###
Evaluate best model on test data for horizon 1, Test MAE: 8.8715, Test RMSE: 57.4478, Test MAPE: 7.6220, Test WMAPE: 0.0515
Evaluate best model on test data for horizon 2, Test MAE: 9.6402, Test RMSE: 48.3027, Test MAPE: 10.9416, Test WMAPE: 0.0560
Evaluate best model on test data for horizon 3, Test MAE: 10.1220, Test RMSE: 41.3329, Test MAPE: 13.4055, Test WMAPE: 0.0588
Evaluate best model on test data for horizon 4, Test MAE: 11.4033, Test RMSE: 47.3403, Test MAPE: 15.0253, Test WMAPE: 0.0663
Evaluate best model on test data for horizon 5, Test MAE: 12.5099, Test RMSE: 51.1081, Test MAPE: 16.2692, Test WMAPE: 0.0727
Evaluate best model on test data for horizon 6, Test MAE: 12.7142, Test RMSE: 45.8431, Test MAPE: 16.5929, Test WMAPE: 0.0739
Evaluate best model on test data for horizon 7, Test MAE: 13.3591, Test RMSE: 47.1643, Test MAPE: 16.6823, Test WMAPE: 0.0777
Evaluate best model on test data for horizon 8, Test MAE: 14.1439, Test RMSE: 50.8551, Test MAPE: 16.3134, Test WMAPE: 0.0822
Evaluate best model on test data for horizon 9, Test MAE: 14.4474, Test RMSE: 50.3514, Test MAPE: 16.3145, Test WMAPE: 0.0840
Evaluate best model on test data for horizon 10, Test MAE: 14.1854, Test RMSE: 45.3489, Test MAPE: 16.3751, Test WMAPE: 0.0825
Evaluate best model on test data for horizon 11, Test MAE: 15.0098, Test RMSE: 52.8825, Test MAPE: 16.4840, Test WMAPE: 0.0873
Evaluate best model on test data for horizon 12, Test MAE: 14.9383, Test RMSE: 50.9956, Test MAPE: 16.4494, Test WMAPE: 0.0869
On average over 12 horizons, Test MAE: 12.6121, Test RMSE: 49.0811, Test MAPE: 14.8729, Test WMAPE: 0.0733
Test low! Updating! Test Loss: 12.612078507741293, Test low! Updating! Valid Loss: 10.284226826259069, epoch:  288
Iter: 000, Train Loss: 5.6216, Train RMSE: 12.0429, Train MAPE: 0.6469, Train WMAPE: 0.0312
Iter: 050, Train Loss: 5.7954, Train RMSE: 11.8721, Train MAPE: 0.6538, Train WMAPE: 0.0318
Epoch: 289, Training Time: 15.1512 secs
Epoch: 289, Inference Time: 2.0032 secs
Epoch: 289, Train Loss: 5.6721, Train RMSE: 12.1222, Train MAPE: 0.9222, Train WMAPE: 0.0317, 
Epoch: 289, Valid Loss: 10.4162, Valid RMSE: 38.5245, Valid MAPE: 2.4017, Valid WMAPE: 0.0598
No update
Iter: 000, Train Loss: 5.9353, Train RMSE: 12.5165, Train MAPE: 0.7969, Train WMAPE: 0.0330
Iter: 050, Train Loss: 5.6236, Train RMSE: 11.5684, Train MAPE: 0.5949, Train WMAPE: 0.0308
Epoch: 290, Training Time: 15.3863 secs
Epoch: 290, Inference Time: 2.0869 secs
Epoch: 290, Train Loss: 5.6628, Train RMSE: 12.1984, Train MAPE: 0.8720, Train WMAPE: 0.0317, 
Epoch: 290, Valid Loss: 10.5296, Valid RMSE: 39.0910, Valid MAPE: 2.7166, Valid WMAPE: 0.0605
No update
Iter: 000, Train Loss: 5.9397, Train RMSE: 12.7483, Train MAPE: 0.7706, Train WMAPE: 0.0330
Iter: 050, Train Loss: 5.6006, Train RMSE: 11.5576, Train MAPE: 0.4977, Train WMAPE: 0.0307
Epoch: 291, Training Time: 15.6764 secs
Epoch: 291, Inference Time: 1.9908 secs
Epoch: 291, Train Loss: 5.7144, Train RMSE: 12.3579, Train MAPE: 0.7728, Train WMAPE: 0.0320, 
Epoch: 291, Valid Loss: 10.4626, Valid RMSE: 39.0786, Valid MAPE: 2.3623, Valid WMAPE: 0.0601
No update
Iter: 000, Train Loss: 5.8536, Train RMSE: 12.4641, Train MAPE: 0.5594, Train WMAPE: 0.0325
Iter: 050, Train Loss: 5.8680, Train RMSE: 11.9404, Train MAPE: 0.7051, Train WMAPE: 0.0322
Epoch: 292, Training Time: 15.4856 secs
Epoch: 292, Inference Time: 2.0876 secs
Epoch: 292, Train Loss: 5.7146, Train RMSE: 12.3111, Train MAPE: 0.8211, Train WMAPE: 0.0320, 
Epoch: 292, Valid Loss: 10.3944, Valid RMSE: 38.7058, Valid MAPE: 2.5316, Valid WMAPE: 0.0597
No update
Iter: 000, Train Loss: 5.9085, Train RMSE: 12.8690, Train MAPE: 0.7582, Train WMAPE: 0.0328
Iter: 050, Train Loss: 5.6017, Train RMSE: 11.5304, Train MAPE: 0.6411, Train WMAPE: 0.0307
Epoch: 293, Training Time: 15.0883 secs
Epoch: 293, Inference Time: 1.9926 secs
Epoch: 293, Train Loss: 5.6326, Train RMSE: 12.1112, Train MAPE: 0.8143, Train WMAPE: 0.0315, 
Epoch: 293, Valid Loss: 10.4783, Valid RMSE: 38.7933, Valid MAPE: 2.9997, Valid WMAPE: 0.0602
No update
Iter: 000, Train Loss: 5.8785, Train RMSE: 12.5837, Train MAPE: 0.9301, Train WMAPE: 0.0326
Iter: 050, Train Loss: 5.8318, Train RMSE: 11.9463, Train MAPE: 0.5967, Train WMAPE: 0.0320
Epoch: 294, Training Time: 15.2869 secs
Epoch: 294, Inference Time: 1.8884 secs
Epoch: 294, Train Loss: 5.7034, Train RMSE: 12.1998, Train MAPE: 0.8471, Train WMAPE: 0.0319, 
Epoch: 294, Valid Loss: 10.2223, Valid RMSE: 38.6792, Valid MAPE: 1.8009, Valid WMAPE: 0.0587
###Update tasks appear###
Evaluate best model on test data for horizon 1, Test MAE: 8.8323, Test RMSE: 57.4849, Test MAPE: 7.7033, Test WMAPE: 0.0513
Evaluate best model on test data for horizon 2, Test MAE: 9.6537, Test RMSE: 48.7615, Test MAPE: 11.0734, Test WMAPE: 0.0561
Evaluate best model on test data for horizon 3, Test MAE: 10.1313, Test RMSE: 41.1308, Test MAPE: 13.4872, Test WMAPE: 0.0588
Evaluate best model on test data for horizon 4, Test MAE: 11.4106, Test RMSE: 47.3583, Test MAPE: 15.1136, Test WMAPE: 0.0663
Evaluate best model on test data for horizon 5, Test MAE: 12.5371, Test RMSE: 51.5833, Test MAPE: 16.3911, Test WMAPE: 0.0729
Evaluate best model on test data for horizon 6, Test MAE: 12.6995, Test RMSE: 45.9325, Test MAPE: 16.8940, Test WMAPE: 0.0738
Evaluate best model on test data for horizon 7, Test MAE: 13.2741, Test RMSE: 46.8460, Test MAPE: 17.0323, Test WMAPE: 0.0772
Evaluate best model on test data for horizon 8, Test MAE: 14.0416, Test RMSE: 50.7283, Test MAPE: 16.7581, Test WMAPE: 0.0817
Evaluate best model on test data for horizon 9, Test MAE: 14.3473, Test RMSE: 50.3533, Test MAPE: 16.6374, Test WMAPE: 0.0834
Evaluate best model on test data for horizon 10, Test MAE: 14.0367, Test RMSE: 44.9283, Test MAPE: 16.5729, Test WMAPE: 0.0816
Evaluate best model on test data for horizon 11, Test MAE: 14.9018, Test RMSE: 52.7676, Test MAPE: 16.6166, Test WMAPE: 0.0867
Evaluate best model on test data for horizon 12, Test MAE: 14.8326, Test RMSE: 50.9761, Test MAPE: 16.4301, Test WMAPE: 0.0863
On average over 12 horizons, Test MAE: 12.5582, Test RMSE: 49.0709, Test MAPE: 15.0592, Test WMAPE: 0.0730
Test low! Updating! Test Loss: 12.558217922846476, Test low! Updating! Valid Loss: 10.222309623445783, epoch:  294
Iter: 000, Train Loss: 5.5969, Train RMSE: 11.9288, Train MAPE: 0.5673, Train WMAPE: 0.0311
Iter: 050, Train Loss: 5.6948, Train RMSE: 11.5063, Train MAPE: 0.8515, Train WMAPE: 0.0312
Epoch: 295, Training Time: 15.3132 secs
Epoch: 295, Inference Time: 2.0046 secs
Epoch: 295, Train Loss: 5.5935, Train RMSE: 11.9539, Train MAPE: 1.0173, Train WMAPE: 0.0313, 
Epoch: 295, Valid Loss: 10.4982, Valid RMSE: 38.4816, Valid MAPE: 4.5372, Valid WMAPE: 0.0603
No update
Iter: 000, Train Loss: 5.9483, Train RMSE: 12.1826, Train MAPE: 1.8234, Train WMAPE: 0.0330
Iter: 050, Train Loss: 5.5451, Train RMSE: 11.3966, Train MAPE: 0.6090, Train WMAPE: 0.0304
Epoch: 296, Training Time: 15.1717 secs
Epoch: 296, Inference Time: 1.9990 secs
Epoch: 296, Train Loss: 5.5783, Train RMSE: 11.9197, Train MAPE: 1.0452, Train WMAPE: 0.0312, 
Epoch: 296, Valid Loss: 10.3919, Valid RMSE: 38.4075, Valid MAPE: 3.6081, Valid WMAPE: 0.0597
No update
Iter: 000, Train Loss: 5.8300, Train RMSE: 12.1060, Train MAPE: 0.9393, Train WMAPE: 0.0324
Iter: 050, Train Loss: 5.5815, Train RMSE: 11.3485, Train MAPE: 0.8597, Train WMAPE: 0.0306
Epoch: 297, Training Time: 15.2082 secs
Epoch: 297, Inference Time: 2.0759 secs
Epoch: 297, Train Loss: 5.5303, Train RMSE: 11.8377, Train MAPE: 0.9730, Train WMAPE: 0.0309, 
Epoch: 297, Valid Loss: 10.3771, Valid RMSE: 38.4269, Valid MAPE: 3.8416, Valid WMAPE: 0.0596
No update
Iter: 000, Train Loss: 5.7688, Train RMSE: 12.0225, Train MAPE: 1.1468, Train WMAPE: 0.0320
Iter: 050, Train Loss: 5.5474, Train RMSE: 11.4006, Train MAPE: 0.5836, Train WMAPE: 0.0304
Epoch: 298, Training Time: 15.1647 secs
Epoch: 298, Inference Time: 1.8866 secs
Epoch: 298, Train Loss: 5.5368, Train RMSE: 11.8364, Train MAPE: 0.9829, Train WMAPE: 0.0310, 
Epoch: 298, Valid Loss: 10.3040, Valid RMSE: 38.6126, Valid MAPE: 3.4026, Valid WMAPE: 0.0592
No update
Iter: 000, Train Loss: 5.6585, Train RMSE: 12.0212, Train MAPE: 0.9575, Train WMAPE: 0.0314
Iter: 050, Train Loss: 5.5759, Train RMSE: 11.3673, Train MAPE: 0.8719, Train WMAPE: 0.0306
Epoch: 299, Training Time: 15.2864 secs
Epoch: 299, Inference Time: 1.8990 secs
Epoch: 299, Train Loss: 5.5627, Train RMSE: 11.8611, Train MAPE: 1.0703, Train WMAPE: 0.0311, 
Epoch: 299, Valid Loss: 10.3119, Valid RMSE: 38.6449, Valid MAPE: 2.7884, Valid WMAPE: 0.0592
No update
Iter: 000, Train Loss: 5.7265, Train RMSE: 12.0272, Train MAPE: 1.0114, Train WMAPE: 0.0318
Iter: 050, Train Loss: 5.5187, Train RMSE: 11.3177, Train MAPE: 0.9298, Train WMAPE: 0.0303
Epoch: 300, Training Time: 15.3885 secs
Epoch: 300, Inference Time: 2.0866 secs
Epoch: 300, Train Loss: 5.5249, Train RMSE: 11.8204, Train MAPE: 0.9837, Train WMAPE: 0.0309, 
Epoch: 300, Valid Loss: 10.2090, Valid RMSE: 38.6023, Valid MAPE: 1.7800, Valid WMAPE: 0.0586
###Update tasks appear###
Evaluate best model on test data for horizon 1, Test MAE: 8.9124, Test RMSE: 57.4249, Test MAPE: 7.5888, Test WMAPE: 0.0517
Evaluate best model on test data for horizon 2, Test MAE: 9.7243, Test RMSE: 48.5722, Test MAPE: 10.8671, Test WMAPE: 0.0565
Evaluate best model on test data for horizon 3, Test MAE: 10.2140, Test RMSE: 41.1415, Test MAPE: 13.4749, Test WMAPE: 0.0593
Evaluate best model on test data for horizon 4, Test MAE: 11.4964, Test RMSE: 47.6371, Test MAPE: 15.0886, Test WMAPE: 0.0668
Evaluate best model on test data for horizon 5, Test MAE: 12.6177, Test RMSE: 51.6665, Test MAPE: 16.4558, Test WMAPE: 0.0733
Evaluate best model on test data for horizon 6, Test MAE: 12.7791, Test RMSE: 46.1048, Test MAPE: 16.8673, Test WMAPE: 0.0743
Evaluate best model on test data for horizon 7, Test MAE: 13.4046, Test RMSE: 47.3003, Test MAPE: 16.9097, Test WMAPE: 0.0779
Evaluate best model on test data for horizon 8, Test MAE: 14.1464, Test RMSE: 51.0130, Test MAPE: 16.5211, Test WMAPE: 0.0823
Evaluate best model on test data for horizon 9, Test MAE: 14.4165, Test RMSE: 50.5257, Test MAPE: 16.5417, Test WMAPE: 0.0838
Evaluate best model on test data for horizon 10, Test MAE: 14.1275, Test RMSE: 45.2744, Test MAPE: 16.5519, Test WMAPE: 0.0822
Evaluate best model on test data for horizon 11, Test MAE: 14.9538, Test RMSE: 52.9095, Test MAPE: 16.5000, Test WMAPE: 0.0870
Evaluate best model on test data for horizon 12, Test MAE: 14.8896, Test RMSE: 51.2693, Test MAPE: 16.3435, Test WMAPE: 0.0866
On average over 12 horizons, Test MAE: 12.6402, Test RMSE: 49.2366, Test MAPE: 14.9759, Test WMAPE: 0.0735
No update
Average Training Time: 14.9406 secs/epoch
Average Inference Time: 1.9283 secs
Training ends
The epoch of the best result： 294
The valid loss of the best model 10.2223
Evaluate best model on test data for horizon 1, Test MAE: 8.8323, Test RMSE: 57.4849, Test MAPE: 7.7033, Test WMAPE: 0.0513
Evaluate best model on test data for horizon 2, Test MAE: 9.6537, Test RMSE: 48.7615, Test MAPE: 11.0734, Test WMAPE: 0.0561
Evaluate best model on test data for horizon 3, Test MAE: 10.1313, Test RMSE: 41.1308, Test MAPE: 13.4872, Test WMAPE: 0.0588
Evaluate best model on test data for horizon 4, Test MAE: 11.4106, Test RMSE: 47.3583, Test MAPE: 15.1136, Test WMAPE: 0.0663
Evaluate best model on test data for horizon 5, Test MAE: 12.5371, Test RMSE: 51.5833, Test MAPE: 16.3911, Test WMAPE: 0.0729
Evaluate best model on test data for horizon 6, Test MAE: 12.6995, Test RMSE: 45.9325, Test MAPE: 16.8940, Test WMAPE: 0.0738
Evaluate best model on test data for horizon 7, Test MAE: 13.2741, Test RMSE: 46.8460, Test MAPE: 17.0323, Test WMAPE: 0.0772
Evaluate best model on test data for horizon 8, Test MAE: 14.0416, Test RMSE: 50.7283, Test MAPE: 16.7581, Test WMAPE: 0.0817
Evaluate best model on test data for horizon 9, Test MAE: 14.3473, Test RMSE: 50.3533, Test MAPE: 16.6374, Test WMAPE: 0.0834
Evaluate best model on test data for horizon 10, Test MAE: 14.0367, Test RMSE: 44.9283, Test MAPE: 16.5729, Test WMAPE: 0.0816
Evaluate best model on test data for horizon 11, Test MAE: 14.9018, Test RMSE: 52.7676, Test MAPE: 16.6166, Test WMAPE: 0.0867
Evaluate best model on test data for horizon 12, Test MAE: 14.8326, Test RMSE: 50.9761, Test MAPE: 16.4301, Test WMAPE: 0.0863
On average over 12 horizons, Test MAE: 12.5582, Test RMSE: 49.0709, Test MAPE: 15.0592, Test WMAPE: 0.0730
Total time spent: 5147.7626
