nohup: ignoring input
Perform shuffle on the dataset
Namespace(batch_size=64, data='data//electricityLondon', device='cuda:0', dropout=0.1, epochs=300, es_patience=100, expid=1, input_dim=3, learning_rate=0.001, print_every=50, save='./logs/MeanAgg-GatedFb-PostAgg-K4', weight_decay=0.0001)
Ranger optimizer loaded. 
Gradient Centralization usage = True
GC applied to both conv and fc layers
The number of parameters: 516021
STIDGCN(
  (Temb): TemporalEmbedding()
  (start_conv): Conv2d(3, 32, kernel_size=(1, 1), stride=(1, 1))
  (tree): IDGCN_Tree(
    (IDGCN1): IDGCN(
      (split): Splitting()
      (conv1): Sequential(
        (0): ReplicationPad2d((3, 3, 0, 0))
        (1): Conv2d(64, 64, kernel_size=(1, 5), stride=(1, 1))
        (2): LeakyReLU(negative_slope=0.01, inplace=True)
        (3): Dropout(p=0.1, inplace=False)
        (4): Conv2d(64, 64, kernel_size=(1, 3), stride=(1, 1))
        (5): Tanh()
      )
      (conv2): Sequential(
        (0): ReplicationPad2d((3, 3, 0, 0))
        (1): Conv2d(64, 64, kernel_size=(1, 5), stride=(1, 1))
        (2): LeakyReLU(negative_slope=0.01, inplace=True)
        (3): Dropout(p=0.1, inplace=False)
        (4): Conv2d(64, 64, kernel_size=(1, 3), stride=(1, 1))
        (5): Tanh()
      )
      (conv3): Sequential(
        (0): ReplicationPad2d((3, 3, 0, 0))
        (1): Conv2d(64, 64, kernel_size=(1, 5), stride=(1, 1))
        (2): LeakyReLU(negative_slope=0.01, inplace=True)
        (3): Dropout(p=0.1, inplace=False)
        (4): Conv2d(64, 64, kernel_size=(1, 3), stride=(1, 1))
        (5): Tanh()
      )
      (conv4): Sequential(
        (0): ReplicationPad2d((3, 3, 0, 0))
        (1): Conv2d(64, 64, kernel_size=(1, 5), stride=(1, 1))
        (2): LeakyReLU(negative_slope=0.01, inplace=True)
        (3): Dropout(p=0.1, inplace=False)
        (4): Conv2d(64, 64, kernel_size=(1, 3), stride=(1, 1))
        (5): Tanh()
      )
      (dgcn): DGCN(
        (conv): Conv2d(64, 64, kernel_size=(1, 1), stride=(1, 1))
        (generator): Graph_Generator(
          (fc): Linear(in_features=2, out_features=1, bias=True)
        )
        (gcn): Diffusion_GCN(
          (conv): Conv2d(64, 64, kernel_size=(1, 1), stride=(1, 1))
          (dropout): Dropout(p=0.1, inplace=False)
        )
      )
    )
    (IDGCN2): IDGCN(
      (split): Splitting()
      (conv1): Sequential(
        (0): ReplicationPad2d((3, 3, 0, 0))
        (1): Conv2d(64, 64, kernel_size=(1, 5), stride=(1, 1))
        (2): LeakyReLU(negative_slope=0.01, inplace=True)
        (3): Dropout(p=0.1, inplace=False)
        (4): Conv2d(64, 64, kernel_size=(1, 3), stride=(1, 1))
        (5): Tanh()
      )
      (conv2): Sequential(
        (0): ReplicationPad2d((3, 3, 0, 0))
        (1): Conv2d(64, 64, kernel_size=(1, 5), stride=(1, 1))
        (2): LeakyReLU(negative_slope=0.01, inplace=True)
        (3): Dropout(p=0.1, inplace=False)
        (4): Conv2d(64, 64, kernel_size=(1, 3), stride=(1, 1))
        (5): Tanh()
      )
      (conv3): Sequential(
        (0): ReplicationPad2d((3, 3, 0, 0))
        (1): Conv2d(64, 64, kernel_size=(1, 5), stride=(1, 1))
        (2): LeakyReLU(negative_slope=0.01, inplace=True)
        (3): Dropout(p=0.1, inplace=False)
        (4): Conv2d(64, 64, kernel_size=(1, 3), stride=(1, 1))
        (5): Tanh()
      )
      (conv4): Sequential(
        (0): ReplicationPad2d((3, 3, 0, 0))
        (1): Conv2d(64, 64, kernel_size=(1, 5), stride=(1, 1))
        (2): LeakyReLU(negative_slope=0.01, inplace=True)
        (3): Dropout(p=0.1, inplace=False)
        (4): Conv2d(64, 64, kernel_size=(1, 3), stride=(1, 1))
        (5): Tanh()
      )
      (dgcn): DGCN(
        (conv): Conv2d(64, 64, kernel_size=(1, 1), stride=(1, 1))
        (generator): Graph_Generator(
          (fc): Linear(in_features=2, out_features=1, bias=True)
        )
        (gcn): Diffusion_GCN(
          (conv): Conv2d(64, 64, kernel_size=(1, 1), stride=(1, 1))
          (dropout): Dropout(p=0.1, inplace=False)
        )
      )
    )
    (IDGCN3): IDGCN(
      (split): Splitting()
      (conv1): Sequential(
        (0): ReplicationPad2d((3, 3, 0, 0))
        (1): Conv2d(64, 64, kernel_size=(1, 5), stride=(1, 1))
        (2): LeakyReLU(negative_slope=0.01, inplace=True)
        (3): Dropout(p=0.1, inplace=False)
        (4): Conv2d(64, 64, kernel_size=(1, 3), stride=(1, 1))
        (5): Tanh()
      )
      (conv2): Sequential(
        (0): ReplicationPad2d((3, 3, 0, 0))
        (1): Conv2d(64, 64, kernel_size=(1, 5), stride=(1, 1))
        (2): LeakyReLU(negative_slope=0.01, inplace=True)
        (3): Dropout(p=0.1, inplace=False)
        (4): Conv2d(64, 64, kernel_size=(1, 3), stride=(1, 1))
        (5): Tanh()
      )
      (conv3): Sequential(
        (0): ReplicationPad2d((3, 3, 0, 0))
        (1): Conv2d(64, 64, kernel_size=(1, 5), stride=(1, 1))
        (2): LeakyReLU(negative_slope=0.01, inplace=True)
        (3): Dropout(p=0.1, inplace=False)
        (4): Conv2d(64, 64, kernel_size=(1, 3), stride=(1, 1))
        (5): Tanh()
      )
      (conv4): Sequential(
        (0): ReplicationPad2d((3, 3, 0, 0))
        (1): Conv2d(64, 64, kernel_size=(1, 5), stride=(1, 1))
        (2): LeakyReLU(negative_slope=0.01, inplace=True)
        (3): Dropout(p=0.1, inplace=False)
        (4): Conv2d(64, 64, kernel_size=(1, 3), stride=(1, 1))
        (5): Tanh()
      )
      (dgcn): DGCN(
        (conv): Conv2d(64, 64, kernel_size=(1, 1), stride=(1, 1))
        (generator): Graph_Generator(
          (fc): Linear(in_features=2, out_features=1, bias=True)
        )
        (gcn): Diffusion_GCN(
          (conv): Conv2d(64, 64, kernel_size=(1, 1), stride=(1, 1))
          (dropout): Dropout(p=0.1, inplace=False)
        )
      )
    )
  )
  (glu): GLU(
    (conv1): Conv2d(64, 64, kernel_size=(1, 1), stride=(1, 1))
    (conv2): Conv2d(64, 64, kernel_size=(1, 1), stride=(1, 1))
    (conv3): Conv2d(64, 64, kernel_size=(1, 1), stride=(1, 1))
    (dropout): Dropout(p=0.1, inplace=False)
  )
  (regression_layer): Conv2d(64, 12, kernel_size=(1, 12), stride=(1, 1))
  (cluster_agg): ClusterMeanAggregation()
  (cluster_feedback): ClusterGatedFeedback(
    (sigmoid): Sigmoid()
  )
)
start training...
/dfs/data/Cluster-aware-STIDGCN/ranger21.py:131: UserWarning: This overload of addcmul_ is deprecated:
	addcmul_(Number value, Tensor tensor1, Tensor tensor2)
Consider using one of the following signatures instead:
	addcmul_(Tensor tensor1, Tensor tensor2, *, Number value) (Triggered internally at /opt/pytorch/pytorch/torch/csrc/utils/python_arg_parser.cpp:1488.)
  exp_avg_sq.mul_(beta2).addcmul_(1 - beta2, grad, grad)
Iter: 000, Train Loss: 153.8653, Train RMSE: 205.6884, Train MAPE: 164.7458, Train WMAPE: 0.8542
Iter: 050, Train Loss: 119.0649, Train RMSE: 176.3224, Train MAPE: 83.5138, Train WMAPE: 0.6529
Epoch: 001, Training Time: 14.5579 secs
Epoch: 001, Inference Time: 1.8884 secs
Epoch: 001, Train Loss: 121.1431, Train RMSE: 173.4115, Train MAPE: 107.7250, Train WMAPE: 0.6775, 
Epoch: 001, Valid Loss: 64.8136, Valid RMSE: 112.6934, Valid MAPE: 54.3369, Valid WMAPE: 0.3720
###Update tasks appear###
Updating! Valid Loss: 64.81361511775425, epoch:  1
Iter: 000, Train Loss: 65.1379, Train RMSE: 106.4566, Train MAPE: 24.3089, Train WMAPE: 0.3616
Iter: 050, Train Loss: 29.9191, Train RMSE: 53.3247, Train MAPE: 9.2232, Train WMAPE: 0.1641
Epoch: 002, Training Time: 14.3877 secs
Epoch: 002, Inference Time: 1.8781 secs
Epoch: 002, Train Loss: 35.4599, Train RMSE: 60.4493, Train MAPE: 12.8128, Train WMAPE: 0.1983, 
Epoch: 002, Valid Loss: 27.7006, Valid RMSE: 61.5168, Valid MAPE: 16.9172, Valid WMAPE: 0.1589
###Update tasks appear###
Updating! Valid Loss: 27.700563498905726, epoch:  2
Iter: 000, Train Loss: 26.0830, Train RMSE: 46.8951, Train MAPE: 7.1736, Train WMAPE: 0.1448
Iter: 050, Train Loss: 21.7129, Train RMSE: 38.0307, Train MAPE: 3.5937, Train WMAPE: 0.1191
Epoch: 003, Training Time: 14.4534 secs
Epoch: 003, Inference Time: 1.8187 secs
Epoch: 003, Train Loss: 21.6967, Train RMSE: 37.4839, Train MAPE: 5.1386, Train WMAPE: 0.1213, 
Epoch: 003, Valid Loss: 21.9792, Valid RMSE: 53.1191, Valid MAPE: 8.8279, Valid WMAPE: 0.1263
###Update tasks appear###
Updating! Valid Loss: 21.979205335889542, epoch:  3
Iter: 000, Train Loss: 19.7629, Train RMSE: 34.0277, Train MAPE: 3.9243, Train WMAPE: 0.1097
Iter: 050, Train Loss: 18.2242, Train RMSE: 32.7712, Train MAPE: 2.8830, Train WMAPE: 0.0999
Epoch: 004, Training Time: 14.9102 secs
Epoch: 004, Inference Time: 1.9589 secs
Epoch: 004, Train Loss: 17.4852, Train RMSE: 30.6007, Train MAPE: 3.8385, Train WMAPE: 0.0978, 
Epoch: 004, Valid Loss: 18.8523, Valid RMSE: 51.9149, Valid MAPE: 6.4787, Valid WMAPE: 0.1083
###Update tasks appear###
Updating! Valid Loss: 18.852250576019287, epoch:  4
Iter: 000, Train Loss: 16.5264, Train RMSE: 30.5633, Train MAPE: 3.2389, Train WMAPE: 0.0917
Iter: 050, Train Loss: 16.8791, Train RMSE: 32.0423, Train MAPE: 2.3833, Train WMAPE: 0.0926
Epoch: 005, Training Time: 15.0648 secs
Epoch: 005, Inference Time: 1.9820 secs
Epoch: 005, Train Loss: 15.5086, Train RMSE: 28.4304, Train MAPE: 3.3187, Train WMAPE: 0.0867, 
Epoch: 005, Valid Loss: 18.3902, Valid RMSE: 52.3021, Valid MAPE: 5.0758, Valid WMAPE: 0.1056
###Update tasks appear###
Updating! Valid Loss: 18.39022615977696, epoch:  5
Iter: 000, Train Loss: 16.1238, Train RMSE: 30.4041, Train MAPE: 2.6407, Train WMAPE: 0.0895
Iter: 050, Train Loss: 16.2786, Train RMSE: 31.2999, Train MAPE: 2.1819, Train WMAPE: 0.0893
Epoch: 006, Training Time: 15.0873 secs
Epoch: 006, Inference Time: 1.8842 secs
Epoch: 006, Train Loss: 14.6430, Train RMSE: 27.5088, Train MAPE: 3.0450, Train WMAPE: 0.0819, 
Epoch: 006, Valid Loss: 17.2153, Valid RMSE: 51.0330, Valid MAPE: 5.3771, Valid WMAPE: 0.0989
###Update tasks appear###
Updating! Valid Loss: 17.215312583105906, epoch:  6
Iter: 000, Train Loss: 14.3698, Train RMSE: 28.0987, Train MAPE: 3.0075, Train WMAPE: 0.0798
Iter: 050, Train Loss: 15.6372, Train RMSE: 30.6707, Train MAPE: 1.8715, Train WMAPE: 0.0857
Epoch: 007, Training Time: 13.9836 secs
Epoch: 007, Inference Time: 1.8976 secs
Epoch: 007, Train Loss: 13.8477, Train RMSE: 26.5927, Train MAPE: 2.7819, Train WMAPE: 0.0774, 
Epoch: 007, Valid Loss: 17.3700, Valid RMSE: 50.8438, Valid MAPE: 9.2637, Valid WMAPE: 0.0999
No update
Iter: 000, Train Loss: 14.1844, Train RMSE: 27.8810, Train MAPE: 3.7210, Train WMAPE: 0.0787
Iter: 050, Train Loss: 15.1939, Train RMSE: 30.3263, Train MAPE: 1.8071, Train WMAPE: 0.0833
Epoch: 008, Training Time: 14.4944 secs
Epoch: 008, Inference Time: 1.8127 secs
Epoch: 008, Train Loss: 13.3188, Train RMSE: 26.0208, Train MAPE: 2.6281, Train WMAPE: 0.0745, 
Epoch: 008, Valid Loss: 16.5998, Valid RMSE: 50.4655, Valid MAPE: 4.9517, Valid WMAPE: 0.0954
###Update tasks appear###
Updating! Valid Loss: 16.599799394607544, epoch:  8
Iter: 000, Train Loss: 13.2463, Train RMSE: 26.7157, Train MAPE: 2.4389, Train WMAPE: 0.0735
Iter: 050, Train Loss: 14.5056, Train RMSE: 29.5896, Train MAPE: 1.8363, Train WMAPE: 0.0795
Epoch: 009, Training Time: 15.1437 secs
Epoch: 009, Inference Time: 1.8826 secs
Epoch: 009, Train Loss: 12.9068, Train RMSE: 25.5884, Train MAPE: 2.4974, Train WMAPE: 0.0722, 
Epoch: 009, Valid Loss: 16.2466, Valid RMSE: 50.3509, Valid MAPE: 3.8321, Valid WMAPE: 0.0934
###Update tasks appear###
Updating! Valid Loss: 16.24660015106201, epoch:  9
Iter: 000, Train Loss: 12.7972, Train RMSE: 26.3111, Train MAPE: 2.2158, Train WMAPE: 0.0710
Iter: 050, Train Loss: 14.3981, Train RMSE: 29.1047, Train MAPE: 1.6824, Train WMAPE: 0.0790
Epoch: 010, Training Time: 14.5945 secs
Epoch: 010, Inference Time: 2.0856 secs
Epoch: 010, Train Loss: 12.5818, Train RMSE: 25.1679, Train MAPE: 2.5333, Train WMAPE: 0.0704, 
Epoch: 010, Valid Loss: 16.2541, Valid RMSE: 50.0370, Valid MAPE: 7.7757, Valid WMAPE: 0.0935
No update
Iter: 000, Train Loss: 12.7000, Train RMSE: 26.0524, Train MAPE: 3.2240, Train WMAPE: 0.0705
Iter: 050, Train Loss: 14.1863, Train RMSE: 29.3610, Train MAPE: 1.8465, Train WMAPE: 0.0778
Epoch: 011, Training Time: 15.2993 secs
Epoch: 011, Inference Time: 1.9861 secs
Epoch: 011, Train Loss: 12.2683, Train RMSE: 24.7971, Train MAPE: 2.3863, Train WMAPE: 0.0686, 
Epoch: 011, Valid Loss: 16.1231, Valid RMSE: 49.9268, Valid MAPE: 7.7831, Valid WMAPE: 0.0927
###Update tasks appear###
Updating! Valid Loss: 16.12306731087821, epoch:  11
Iter: 000, Train Loss: 12.3493, Train RMSE: 25.4181, Train MAPE: 3.3612, Train WMAPE: 0.0686
Iter: 050, Train Loss: 13.9158, Train RMSE: 28.5242, Train MAPE: 1.7821, Train WMAPE: 0.0763
Epoch: 012, Training Time: 14.3713 secs
Epoch: 012, Inference Time: 1.8979 secs
Epoch: 012, Train Loss: 12.0374, Train RMSE: 24.4760, Train MAPE: 2.3032, Train WMAPE: 0.0673, 
Epoch: 012, Valid Loss: 15.6948, Valid RMSE: 49.7669, Valid MAPE: 6.5735, Valid WMAPE: 0.0903
###Update tasks appear###
Updating! Valid Loss: 15.694763217653547, epoch:  12
Iter: 000, Train Loss: 11.9896, Train RMSE: 25.1475, Train MAPE: 3.0243, Train WMAPE: 0.0666
Iter: 050, Train Loss: 13.4985, Train RMSE: 28.0230, Train MAPE: 1.4730, Train WMAPE: 0.0740
Epoch: 013, Training Time: 14.3720 secs
Epoch: 013, Inference Time: 1.9080 secs
Epoch: 013, Train Loss: 11.7816, Train RMSE: 24.1128, Train MAPE: 2.3149, Train WMAPE: 0.0659, 
Epoch: 013, Valid Loss: 15.9214, Valid RMSE: 49.6152, Valid MAPE: 7.4683, Valid WMAPE: 0.0916
No update
Iter: 000, Train Loss: 12.2844, Train RMSE: 25.2327, Train MAPE: 3.4507, Train WMAPE: 0.0682
Iter: 050, Train Loss: 13.3804, Train RMSE: 27.8541, Train MAPE: 1.7245, Train WMAPE: 0.0734
Epoch: 014, Training Time: 14.6061 secs
Epoch: 014, Inference Time: 1.8711 secs
Epoch: 014, Train Loss: 11.5877, Train RMSE: 23.9109, Train MAPE: 2.1777, Train WMAPE: 0.0648, 
Epoch: 014, Valid Loss: 15.3055, Valid RMSE: 49.4229, Valid MAPE: 3.9838, Valid WMAPE: 0.0880
###Update tasks appear###
Updating! Valid Loss: 15.305463518415179, epoch:  14
Iter: 000, Train Loss: 11.7126, Train RMSE: 24.8984, Train MAPE: 2.1255, Train WMAPE: 0.0650
Iter: 050, Train Loss: 13.1282, Train RMSE: 27.8107, Train MAPE: 1.4820, Train WMAPE: 0.0720
Epoch: 015, Training Time: 14.9789 secs
Epoch: 015, Inference Time: 1.8875 secs
Epoch: 015, Train Loss: 11.3606, Train RMSE: 23.6564, Train MAPE: 2.1607, Train WMAPE: 0.0635, 
Epoch: 015, Valid Loss: 15.0264, Valid RMSE: 48.8897, Valid MAPE: 4.2767, Valid WMAPE: 0.0864
###Update tasks appear###
Updating! Valid Loss: 15.026376111166817, epoch:  15
Iter: 000, Train Loss: 11.4028, Train RMSE: 24.5789, Train MAPE: 2.1572, Train WMAPE: 0.0633
Iter: 050, Train Loss: 13.0819, Train RMSE: 27.6322, Train MAPE: 1.4959, Train WMAPE: 0.0717
Epoch: 016, Training Time: 15.2810 secs
Epoch: 016, Inference Time: 2.0935 secs
Epoch: 016, Train Loss: 11.1789, Train RMSE: 23.4444, Train MAPE: 2.0616, Train WMAPE: 0.0625, 
Epoch: 016, Valid Loss: 15.3458, Valid RMSE: 48.5019, Valid MAPE: 7.1895, Valid WMAPE: 0.0883
No update
Iter: 000, Train Loss: 11.6988, Train RMSE: 24.4486, Train MAPE: 3.3209, Train WMAPE: 0.0649
Iter: 050, Train Loss: 12.8717, Train RMSE: 27.3094, Train MAPE: 1.4099, Train WMAPE: 0.0706
Epoch: 017, Training Time: 14.5301 secs
Epoch: 017, Inference Time: 1.8581 secs
Epoch: 017, Train Loss: 11.0878, Train RMSE: 23.2286, Train MAPE: 2.2149, Train WMAPE: 0.0620, 
Epoch: 017, Valid Loss: 14.6405, Valid RMSE: 48.2028, Valid MAPE: 4.3322, Valid WMAPE: 0.0842
###Update tasks appear###
Updating! Valid Loss: 14.640545913151332, epoch:  17
Iter: 000, Train Loss: 11.0487, Train RMSE: 24.0973, Train MAPE: 1.7443, Train WMAPE: 0.0613
Iter: 050, Train Loss: 12.7370, Train RMSE: 26.9959, Train MAPE: 1.6652, Train WMAPE: 0.0698
Epoch: 018, Training Time: 15.1901 secs
Epoch: 018, Inference Time: 1.9844 secs
Epoch: 018, Train Loss: 10.9882, Train RMSE: 23.0792, Train MAPE: 2.1327, Train WMAPE: 0.0615, 
Epoch: 018, Valid Loss: 14.7149, Valid RMSE: 47.8237, Valid MAPE: 6.5581, Valid WMAPE: 0.0846
No update
Iter: 000, Train Loss: 11.0371, Train RMSE: 23.8234, Train MAPE: 2.8037, Train WMAPE: 0.0613
Iter: 050, Train Loss: 12.5481, Train RMSE: 26.8716, Train MAPE: 1.3891, Train WMAPE: 0.0688
Epoch: 019, Training Time: 14.9141 secs
Epoch: 019, Inference Time: 1.8157 secs
Epoch: 019, Train Loss: 10.8466, Train RMSE: 22.8459, Train MAPE: 2.0986, Train WMAPE: 0.0607, 
Epoch: 019, Valid Loss: 15.1601, Valid RMSE: 47.7724, Valid MAPE: 8.2375, Valid WMAPE: 0.0872
No update
Iter: 000, Train Loss: 11.6587, Train RMSE: 24.4992, Train MAPE: 3.5750, Train WMAPE: 0.0647
Iter: 050, Train Loss: 12.5483, Train RMSE: 26.8858, Train MAPE: 1.4062, Train WMAPE: 0.0688
Epoch: 020, Training Time: 14.8780 secs
Epoch: 020, Inference Time: 1.8102 secs
Epoch: 020, Train Loss: 10.7503, Train RMSE: 22.7509, Train MAPE: 1.9936, Train WMAPE: 0.0601, 
Epoch: 020, Valid Loss: 14.2789, Valid RMSE: 47.3002, Valid MAPE: 3.1910, Valid WMAPE: 0.0821
###Update tasks appear###
Updating! Valid Loss: 14.278856652123588, epoch:  20
Iter: 000, Train Loss: 10.6932, Train RMSE: 23.5965, Train MAPE: 1.4453, Train WMAPE: 0.0594
Iter: 050, Train Loss: 12.4241, Train RMSE: 26.6667, Train MAPE: 1.3757, Train WMAPE: 0.0681
Epoch: 021, Training Time: 14.6624 secs
Epoch: 021, Inference Time: 1.8929 secs
Epoch: 021, Train Loss: 10.5970, Train RMSE: 22.5513, Train MAPE: 1.9668, Train WMAPE: 0.0593, 
Epoch: 021, Valid Loss: 15.2595, Valid RMSE: 48.0834, Valid MAPE: 3.4886, Valid WMAPE: 0.0877
No update
Iter: 000, Train Loss: 12.1810, Train RMSE: 25.3414, Train MAPE: 1.6033, Train WMAPE: 0.0676
Iter: 050, Train Loss: 12.5347, Train RMSE: 26.7955, Train MAPE: 1.6015, Train WMAPE: 0.0687
Epoch: 022, Training Time: 14.8972 secs
Epoch: 022, Inference Time: 1.8878 secs
Epoch: 022, Train Loss: 10.5707, Train RMSE: 22.5438, Train MAPE: 1.9186, Train WMAPE: 0.0591, 
Epoch: 022, Valid Loss: 14.0777, Valid RMSE: 46.6767, Valid MAPE: 4.6078, Valid WMAPE: 0.0809
###Update tasks appear###
Updating! Valid Loss: 14.077678612300328, epoch:  22
Iter: 000, Train Loss: 10.5985, Train RMSE: 23.4246, Train MAPE: 1.7567, Train WMAPE: 0.0588
Iter: 050, Train Loss: 12.2931, Train RMSE: 26.5224, Train MAPE: 1.3874, Train WMAPE: 0.0674
Epoch: 023, Training Time: 14.4835 secs
Epoch: 023, Inference Time: 1.8918 secs
Epoch: 023, Train Loss: 10.4286, Train RMSE: 22.2654, Train MAPE: 1.9195, Train WMAPE: 0.0583, 
Epoch: 023, Valid Loss: 14.5264, Valid RMSE: 46.3718, Valid MAPE: 8.0144, Valid WMAPE: 0.0835
No update
Iter: 000, Train Loss: 11.0738, Train RMSE: 23.6248, Train MAPE: 3.1740, Train WMAPE: 0.0615
Iter: 050, Train Loss: 12.1633, Train RMSE: 26.5338, Train MAPE: 1.3112, Train WMAPE: 0.0667
Epoch: 024, Training Time: 14.6841 secs
Epoch: 024, Inference Time: 1.8915 secs
Epoch: 024, Train Loss: 10.3700, Train RMSE: 22.1548, Train MAPE: 1.9469, Train WMAPE: 0.0580, 
Epoch: 024, Valid Loss: 13.9806, Valid RMSE: 45.9968, Valid MAPE: 4.0703, Valid WMAPE: 0.0804
###Update tasks appear###
Updating! Valid Loss: 13.980616024562291, epoch:  24
Iter: 000, Train Loss: 10.4103, Train RMSE: 23.0262, Train MAPE: 1.6883, Train WMAPE: 0.0578
Iter: 050, Train Loss: 12.1430, Train RMSE: 26.3459, Train MAPE: 1.3818, Train WMAPE: 0.0666
Epoch: 025, Training Time: 14.7772 secs
Epoch: 025, Inference Time: 1.8132 secs
Epoch: 025, Train Loss: 10.3140, Train RMSE: 21.9977, Train MAPE: 2.0147, Train WMAPE: 0.0577, 
Epoch: 025, Valid Loss: 14.3648, Valid RMSE: 45.8276, Valid MAPE: 7.6426, Valid WMAPE: 0.0826
No update
Iter: 000, Train Loss: 10.9650, Train RMSE: 23.6311, Train MAPE: 3.1721, Train WMAPE: 0.0609
Iter: 050, Train Loss: 11.9856, Train RMSE: 26.1096, Train MAPE: 1.5305, Train WMAPE: 0.0657
Epoch: 026, Training Time: 14.8837 secs
Epoch: 026, Inference Time: 1.9043 secs
Epoch: 026, Train Loss: 10.2289, Train RMSE: 21.9570, Train MAPE: 1.8884, Train WMAPE: 0.0572, 
Epoch: 026, Valid Loss: 13.8927, Valid RMSE: 45.6920, Valid MAPE: 5.5780, Valid WMAPE: 0.0799
###Update tasks appear###
Updating! Valid Loss: 13.892721278326851, epoch:  26
Iter: 000, Train Loss: 10.4957, Train RMSE: 23.2453, Train MAPE: 1.8731, Train WMAPE: 0.0583
Iter: 050, Train Loss: 11.8215, Train RMSE: 25.9118, Train MAPE: 1.2395, Train WMAPE: 0.0648
Epoch: 027, Training Time: 14.8095 secs
Epoch: 027, Inference Time: 1.8776 secs
Epoch: 027, Train Loss: 10.1121, Train RMSE: 21.7182, Train MAPE: 1.9404, Train WMAPE: 0.0566, 
Epoch: 027, Valid Loss: 14.0323, Valid RMSE: 45.6511, Valid MAPE: 4.2069, Valid WMAPE: 0.0806
No update
Iter: 000, Train Loss: 10.9364, Train RMSE: 23.7131, Train MAPE: 1.6588, Train WMAPE: 0.0607
Iter: 050, Train Loss: 11.8854, Train RMSE: 26.0026, Train MAPE: 1.2715, Train WMAPE: 0.0652
Epoch: 028, Training Time: 14.6981 secs
Epoch: 028, Inference Time: 1.8947 secs
Epoch: 028, Train Loss: 10.0668, Train RMSE: 21.6548, Train MAPE: 1.8191, Train WMAPE: 0.0563, 
Epoch: 028, Valid Loss: 14.3310, Valid RMSE: 45.4419, Valid MAPE: 7.5874, Valid WMAPE: 0.0823
No update
Iter: 000, Train Loss: 11.2614, Train RMSE: 23.7317, Train MAPE: 2.6612, Train WMAPE: 0.0625
Iter: 050, Train Loss: 11.9218, Train RMSE: 25.9128, Train MAPE: 1.5154, Train WMAPE: 0.0654
Epoch: 029, Training Time: 15.1998 secs
Epoch: 029, Inference Time: 1.7940 secs
Epoch: 029, Train Loss: 10.1080, Train RMSE: 21.5147, Train MAPE: 2.0852, Train WMAPE: 0.0565, 
Epoch: 029, Valid Loss: 13.7858, Valid RMSE: 44.7581, Valid MAPE: 6.2966, Valid WMAPE: 0.0792
###Update tasks appear###
Updating! Valid Loss: 13.785755566188268, epoch:  29
Iter: 000, Train Loss: 10.4581, Train RMSE: 22.7731, Train MAPE: 2.8662, Train WMAPE: 0.0581
Iter: 050, Train Loss: 11.9260, Train RMSE: 26.0365, Train MAPE: 1.5291, Train WMAPE: 0.0654
Epoch: 030, Training Time: 15.0141 secs
Epoch: 030, Inference Time: 1.9561 secs
Epoch: 030, Train Loss: 9.9089, Train RMSE: 21.4114, Train MAPE: 1.7019, Train WMAPE: 0.0554, 
Epoch: 030, Valid Loss: 13.3087, Valid RMSE: 44.5383, Valid MAPE: 3.7507, Valid WMAPE: 0.0765
###Update tasks appear###
Updating! Valid Loss: 13.308746269771031, epoch:  30
Iter: 000, Train Loss: 10.1437, Train RMSE: 22.8001, Train MAPE: 1.5238, Train WMAPE: 0.0563
Iter: 050, Train Loss: 11.9731, Train RMSE: 25.9264, Train MAPE: 1.7132, Train WMAPE: 0.0657
Epoch: 031, Training Time: 14.0676 secs
Epoch: 031, Inference Time: 1.9977 secs
Epoch: 031, Train Loss: 9.8863, Train RMSE: 21.2972, Train MAPE: 1.7951, Train WMAPE: 0.0553, 
Epoch: 031, Valid Loss: 14.4776, Valid RMSE: 44.9583, Valid MAPE: 7.0279, Valid WMAPE: 0.0832
No update
Iter: 000, Train Loss: 11.5402, Train RMSE: 23.8546, Train MAPE: 2.4124, Train WMAPE: 0.0641
Iter: 050, Train Loss: 11.7131, Train RMSE: 25.5368, Train MAPE: 1.3884, Train WMAPE: 0.0642
Epoch: 032, Training Time: 14.8956 secs
Epoch: 032, Inference Time: 2.0113 secs
Epoch: 032, Train Loss: 9.8577, Train RMSE: 21.1268, Train MAPE: 1.9655, Train WMAPE: 0.0551, 
Epoch: 032, Valid Loss: 13.6100, Valid RMSE: 44.0321, Valid MAPE: 7.0915, Valid WMAPE: 0.0782
No update
Iter: 000, Train Loss: 10.5278, Train RMSE: 22.8846, Train MAPE: 2.8786, Train WMAPE: 0.0584
Iter: 050, Train Loss: 11.6096, Train RMSE: 25.1188, Train MAPE: 1.2616, Train WMAPE: 0.0637
Epoch: 033, Training Time: 14.9743 secs
Epoch: 033, Inference Time: 1.8937 secs
Epoch: 033, Train Loss: 9.7843, Train RMSE: 21.0458, Train MAPE: 1.8516, Train WMAPE: 0.0547, 
Epoch: 033, Valid Loss: 13.5627, Valid RMSE: 43.8336, Valid MAPE: 6.2407, Valid WMAPE: 0.0779
No update
Iter: 000, Train Loss: 10.4863, Train RMSE: 22.7601, Train MAPE: 2.5473, Train WMAPE: 0.0582
Iter: 050, Train Loss: 11.8393, Train RMSE: 25.7108, Train MAPE: 1.2352, Train WMAPE: 0.0649
Epoch: 034, Training Time: 15.0844 secs
Epoch: 034, Inference Time: 1.8876 secs
Epoch: 034, Train Loss: 9.7353, Train RMSE: 20.9404, Train MAPE: 1.9209, Train WMAPE: 0.0545, 
Epoch: 034, Valid Loss: 13.4249, Valid RMSE: 44.1110, Valid MAPE: 5.1921, Valid WMAPE: 0.0771
No update
Iter: 000, Train Loss: 10.5059, Train RMSE: 23.1024, Train MAPE: 2.1200, Train WMAPE: 0.0583
Iter: 050, Train Loss: 11.7154, Train RMSE: 25.4006, Train MAPE: 1.8751, Train WMAPE: 0.0642
Epoch: 035, Training Time: 15.2709 secs
Epoch: 035, Inference Time: 2.0878 secs
Epoch: 035, Train Loss: 9.6577, Train RMSE: 20.8687, Train MAPE: 1.6734, Train WMAPE: 0.0540, 
Epoch: 035, Valid Loss: 13.6026, Valid RMSE: 44.3388, Valid MAPE: 3.9597, Valid WMAPE: 0.0781
No update
Iter: 000, Train Loss: 10.6204, Train RMSE: 23.3343, Train MAPE: 1.6290, Train WMAPE: 0.0590
Iter: 050, Train Loss: 11.4957, Train RMSE: 25.4154, Train MAPE: 0.9907, Train WMAPE: 0.0630
Epoch: 036, Training Time: 15.2317 secs
Epoch: 036, Inference Time: 1.9784 secs
Epoch: 036, Train Loss: 9.6896, Train RMSE: 20.9156, Train MAPE: 1.6485, Train WMAPE: 0.0542, 
Epoch: 036, Valid Loss: 12.9312, Valid RMSE: 43.5951, Valid MAPE: 3.0731, Valid WMAPE: 0.0743
###Update tasks appear###
Updating! Valid Loss: 12.931210177285331, epoch:  36
Iter: 000, Train Loss: 9.9306, Train RMSE: 22.4814, Train MAPE: 1.2207, Train WMAPE: 0.0551
Iter: 050, Train Loss: 11.1741, Train RMSE: 24.5628, Train MAPE: 0.9984, Train WMAPE: 0.0613
Epoch: 037, Training Time: 15.2582 secs
Epoch: 037, Inference Time: 2.0858 secs
Epoch: 037, Train Loss: 9.5224, Train RMSE: 20.6143, Train MAPE: 1.6177, Train WMAPE: 0.0533, 
Epoch: 037, Valid Loss: 12.9688, Valid RMSE: 43.1272, Valid MAPE: 4.6587, Valid WMAPE: 0.0745
No update
Iter: 000, Train Loss: 10.0713, Train RMSE: 22.3982, Train MAPE: 1.8386, Train WMAPE: 0.0559
Iter: 050, Train Loss: 11.2357, Train RMSE: 24.4813, Train MAPE: 1.1364, Train WMAPE: 0.0616
Epoch: 038, Training Time: 14.9896 secs
Epoch: 038, Inference Time: 2.0991 secs
Epoch: 038, Train Loss: 9.4026, Train RMSE: 20.3325, Train MAPE: 1.7164, Train WMAPE: 0.0526, 
Epoch: 038, Valid Loss: 12.7066, Valid RMSE: 42.8594, Valid MAPE: 3.0073, Valid WMAPE: 0.0730
###Update tasks appear###
Updating! Valid Loss: 12.706630604607719, epoch:  38
Iter: 000, Train Loss: 9.7964, Train RMSE: 22.1163, Train MAPE: 1.0808, Train WMAPE: 0.0544
Iter: 050, Train Loss: 11.1877, Train RMSE: 24.0684, Train MAPE: 1.3818, Train WMAPE: 0.0613
Epoch: 039, Training Time: 15.4648 secs
Epoch: 039, Inference Time: 1.8953 secs
Epoch: 039, Train Loss: 9.3879, Train RMSE: 20.2211, Train MAPE: 1.8280, Train WMAPE: 0.0525, 
Epoch: 039, Valid Loss: 13.1682, Valid RMSE: 42.7201, Valid MAPE: 6.3100, Valid WMAPE: 0.0756
No update
Iter: 000, Train Loss: 10.2010, Train RMSE: 21.9426, Train MAPE: 2.5878, Train WMAPE: 0.0566
Iter: 050, Train Loss: 11.4583, Train RMSE: 24.4695, Train MAPE: 1.1416, Train WMAPE: 0.0628
Epoch: 040, Training Time: 14.7972 secs
Epoch: 040, Inference Time: 1.8990 secs
Epoch: 040, Train Loss: 9.4360, Train RMSE: 20.2108, Train MAPE: 1.9562, Train WMAPE: 0.0528, 
Epoch: 040, Valid Loss: 12.8560, Valid RMSE: 43.0564, Valid MAPE: 2.6849, Valid WMAPE: 0.0738
No update
Iter: 000, Train Loss: 9.9596, Train RMSE: 22.2251, Train MAPE: 1.1059, Train WMAPE: 0.0553
Iter: 050, Train Loss: 11.1130, Train RMSE: 24.5176, Train MAPE: 1.1545, Train WMAPE: 0.0609
Epoch: 041, Training Time: 14.5871 secs
Epoch: 041, Inference Time: 1.9048 secs
Epoch: 041, Train Loss: 9.3973, Train RMSE: 20.2538, Train MAPE: 1.7915, Train WMAPE: 0.0526, 
Epoch: 041, Valid Loss: 12.9648, Valid RMSE: 43.1997, Valid MAPE: 2.9558, Valid WMAPE: 0.0745
No update
Iter: 000, Train Loss: 9.9694, Train RMSE: 22.3082, Train MAPE: 1.1529, Train WMAPE: 0.0553
Iter: 050, Train Loss: 10.9947, Train RMSE: 24.4285, Train MAPE: 1.0029, Train WMAPE: 0.0603
Epoch: 042, Training Time: 14.9854 secs
Epoch: 042, Inference Time: 1.9108 secs
Epoch: 042, Train Loss: 9.2597, Train RMSE: 19.9547, Train MAPE: 1.8071, Train WMAPE: 0.0518, 
Epoch: 042, Valid Loss: 12.5951, Valid RMSE: 42.4702, Valid MAPE: 4.0959, Valid WMAPE: 0.0723
###Update tasks appear###
Updating! Valid Loss: 12.595128434044975, epoch:  42
Iter: 000, Train Loss: 9.5673, Train RMSE: 21.5642, Train MAPE: 1.6441, Train WMAPE: 0.0531
Iter: 050, Train Loss: 11.1232, Train RMSE: 24.2527, Train MAPE: 1.1430, Train WMAPE: 0.0610
Epoch: 043, Training Time: 14.8203 secs
Epoch: 043, Inference Time: 1.8012 secs
Epoch: 043, Train Loss: 9.1563, Train RMSE: 19.7901, Train MAPE: 1.6511, Train WMAPE: 0.0512, 
Epoch: 043, Valid Loss: 13.1906, Valid RMSE: 42.6439, Valid MAPE: 5.3522, Valid WMAPE: 0.0757
No update
Iter: 000, Train Loss: 10.3895, Train RMSE: 22.2141, Train MAPE: 1.9351, Train WMAPE: 0.0577
Iter: 050, Train Loss: 10.6798, Train RMSE: 23.4282, Train MAPE: 1.1039, Train WMAPE: 0.0586
Epoch: 044, Training Time: 15.0467 secs
Epoch: 044, Inference Time: 1.8455 secs
Epoch: 044, Train Loss: 9.1836, Train RMSE: 19.7333, Train MAPE: 1.7502, Train WMAPE: 0.0514, 
Epoch: 044, Valid Loss: 12.5940, Valid RMSE: 42.4098, Valid MAPE: 3.1495, Valid WMAPE: 0.0723
###Update tasks appear###
Updating! Valid Loss: 12.59401263509478, epoch:  44
Iter: 000, Train Loss: 9.5047, Train RMSE: 21.2888, Train MAPE: 1.1200, Train WMAPE: 0.0528
Iter: 050, Train Loss: 10.5347, Train RMSE: 22.8828, Train MAPE: 1.4066, Train WMAPE: 0.0578
Epoch: 045, Training Time: 14.6655 secs
Epoch: 045, Inference Time: 1.8831 secs
Epoch: 045, Train Loss: 9.1300, Train RMSE: 19.6489, Train MAPE: 1.7425, Train WMAPE: 0.0511, 
Epoch: 045, Valid Loss: 12.8318, Valid RMSE: 42.1479, Valid MAPE: 7.2042, Valid WMAPE: 0.0737
No update
Iter: 000, Train Loss: 9.7859, Train RMSE: 21.0879, Train MAPE: 2.4752, Train WMAPE: 0.0543
Iter: 050, Train Loss: 11.1574, Train RMSE: 23.6902, Train MAPE: 1.2083, Train WMAPE: 0.0612
Epoch: 046, Training Time: 14.6977 secs
Epoch: 046, Inference Time: 1.7950 secs
Epoch: 046, Train Loss: 9.0638, Train RMSE: 19.4858, Train MAPE: 1.6931, Train WMAPE: 0.0507, 
Epoch: 046, Valid Loss: 13.0339, Valid RMSE: 42.1210, Valid MAPE: 8.9529, Valid WMAPE: 0.0749
No update
Iter: 000, Train Loss: 10.0259, Train RMSE: 21.3348, Train MAPE: 3.5431, Train WMAPE: 0.0557
Iter: 050, Train Loss: 10.6761, Train RMSE: 22.9282, Train MAPE: 1.4459, Train WMAPE: 0.0585
Epoch: 047, Training Time: 14.6997 secs
Epoch: 047, Inference Time: 1.8968 secs
Epoch: 047, Train Loss: 9.0558, Train RMSE: 19.3989, Train MAPE: 1.8306, Train WMAPE: 0.0506, 
Epoch: 047, Valid Loss: 12.6987, Valid RMSE: 41.9564, Valid MAPE: 7.7415, Valid WMAPE: 0.0729
No update
Iter: 000, Train Loss: 9.6651, Train RMSE: 21.0190, Train MAPE: 3.0153, Train WMAPE: 0.0537
Iter: 050, Train Loss: 10.4406, Train RMSE: 22.3213, Train MAPE: 1.4905, Train WMAPE: 0.0573
Epoch: 048, Training Time: 14.7958 secs
Epoch: 048, Inference Time: 1.8932 secs
Epoch: 048, Train Loss: 8.9507, Train RMSE: 19.3136, Train MAPE: 1.6001, Train WMAPE: 0.0501, 
Epoch: 048, Valid Loss: 12.1800, Valid RMSE: 41.7600, Valid MAPE: 3.2404, Valid WMAPE: 0.0699
###Update tasks appear###
Updating! Valid Loss: 12.179989882877894, epoch:  48
Iter: 000, Train Loss: 9.2551, Train RMSE: 20.9207, Train MAPE: 1.3646, Train WMAPE: 0.0514
Iter: 050, Train Loss: 10.3852, Train RMSE: 22.2602, Train MAPE: 1.7828, Train WMAPE: 0.0569
Epoch: 049, Training Time: 14.5704 secs
Epoch: 049, Inference Time: 1.9249 secs
Epoch: 049, Train Loss: 8.8693, Train RMSE: 19.1353, Train MAPE: 1.5779, Train WMAPE: 0.0496, 
Epoch: 049, Valid Loss: 12.5506, Valid RMSE: 41.4189, Valid MAPE: 6.3226, Valid WMAPE: 0.0721
No update
Iter: 000, Train Loss: 9.5424, Train RMSE: 20.5363, Train MAPE: 2.0782, Train WMAPE: 0.0530
Iter: 050, Train Loss: 10.0905, Train RMSE: 21.4977, Train MAPE: 1.3091, Train WMAPE: 0.0553
Epoch: 050, Training Time: 14.4128 secs
Epoch: 050, Inference Time: 1.8939 secs
Epoch: 050, Train Loss: 8.7565, Train RMSE: 18.8715, Train MAPE: 1.5773, Train WMAPE: 0.0490, 
Epoch: 050, Valid Loss: 12.0598, Valid RMSE: 41.3065, Valid MAPE: 2.7147, Valid WMAPE: 0.0693
###Update tasks appear###
Updating! Valid Loss: 12.059764623641968, epoch:  50
Iter: 000, Train Loss: 9.0723, Train RMSE: 20.1589, Train MAPE: 1.0621, Train WMAPE: 0.0504
Iter: 050, Train Loss: 10.0162, Train RMSE: 21.3963, Train MAPE: 0.8900, Train WMAPE: 0.0549
Epoch: 051, Training Time: 15.1746 secs
Epoch: 051, Inference Time: 1.7910 secs
Epoch: 051, Train Loss: 8.7407, Train RMSE: 18.7087, Train MAPE: 1.7296, Train WMAPE: 0.0489, 
Epoch: 051, Valid Loss: 12.2419, Valid RMSE: 41.5371, Valid MAPE: 4.7860, Valid WMAPE: 0.0703
No update
Iter: 000, Train Loss: 9.2213, Train RMSE: 20.3263, Train MAPE: 1.9510, Train WMAPE: 0.0512
Iter: 050, Train Loss: 10.3654, Train RMSE: 21.8304, Train MAPE: 1.5077, Train WMAPE: 0.0568
Epoch: 052, Training Time: 14.5025 secs
Epoch: 052, Inference Time: 1.9167 secs
Epoch: 052, Train Loss: 8.7319, Train RMSE: 18.6887, Train MAPE: 1.6727, Train WMAPE: 0.0488, 
Epoch: 052, Valid Loss: 12.6563, Valid RMSE: 41.3866, Valid MAPE: 7.9610, Valid WMAPE: 0.0727
No update
Iter: 000, Train Loss: 9.5122, Train RMSE: 20.0581, Train MAPE: 3.0716, Train WMAPE: 0.0528
Iter: 050, Train Loss: 10.0848, Train RMSE: 21.4282, Train MAPE: 1.1807, Train WMAPE: 0.0553
Epoch: 053, Training Time: 15.0695 secs
Epoch: 053, Inference Time: 1.8091 secs
Epoch: 053, Train Loss: 8.7188, Train RMSE: 18.6315, Train MAPE: 1.7902, Train WMAPE: 0.0488, 
Epoch: 053, Valid Loss: 12.1398, Valid RMSE: 41.3755, Valid MAPE: 4.3893, Valid WMAPE: 0.0697
No update
Iter: 000, Train Loss: 9.0480, Train RMSE: 19.8759, Train MAPE: 1.9234, Train WMAPE: 0.0502
Iter: 050, Train Loss: 9.7840, Train RMSE: 20.7131, Train MAPE: 1.2198, Train WMAPE: 0.0537
Epoch: 054, Training Time: 14.9870 secs
Epoch: 054, Inference Time: 1.9763 secs
Epoch: 054, Train Loss: 8.6961, Train RMSE: 18.5232, Train MAPE: 1.7675, Train WMAPE: 0.0486, 
Epoch: 054, Valid Loss: 12.1386, Valid RMSE: 41.3695, Valid MAPE: 3.8640, Valid WMAPE: 0.0697
No update
Iter: 000, Train Loss: 8.9830, Train RMSE: 19.9087, Train MAPE: 1.3155, Train WMAPE: 0.0499
Iter: 050, Train Loss: 9.7181, Train RMSE: 20.3669, Train MAPE: 1.4194, Train WMAPE: 0.0533
Epoch: 055, Training Time: 14.8992 secs
Epoch: 055, Inference Time: 1.9134 secs
Epoch: 055, Train Loss: 8.5908, Train RMSE: 18.3531, Train MAPE: 1.8159, Train WMAPE: 0.0480, 
Epoch: 055, Valid Loss: 12.0074, Valid RMSE: 41.4189, Valid MAPE: 2.8873, Valid WMAPE: 0.0690
###Update tasks appear###
Updating! Valid Loss: 12.007391895566668, epoch:  55
Iter: 000, Train Loss: 8.8985, Train RMSE: 19.6591, Train MAPE: 1.0329, Train WMAPE: 0.0494
Iter: 050, Train Loss: 9.6780, Train RMSE: 20.6582, Train MAPE: 0.9329, Train WMAPE: 0.0531
Epoch: 056, Training Time: 14.7529 secs
Epoch: 056, Inference Time: 1.9995 secs
Epoch: 056, Train Loss: 8.5237, Train RMSE: 18.2643, Train MAPE: 1.6255, Train WMAPE: 0.0477, 
Epoch: 056, Valid Loss: 12.0548, Valid RMSE: 41.5120, Valid MAPE: 2.9938, Valid WMAPE: 0.0692
No update
Iter: 000, Train Loss: 8.9513, Train RMSE: 19.6593, Train MAPE: 1.2936, Train WMAPE: 0.0497
Iter: 050, Train Loss: 9.5815, Train RMSE: 20.5290, Train MAPE: 1.0506, Train WMAPE: 0.0525
Epoch: 057, Training Time: 14.9844 secs
Epoch: 057, Inference Time: 1.8833 secs
Epoch: 057, Train Loss: 8.5585, Train RMSE: 18.3799, Train MAPE: 1.5505, Train WMAPE: 0.0479, 
Epoch: 057, Valid Loss: 13.3219, Valid RMSE: 42.1484, Valid MAPE: 4.7669, Valid WMAPE: 0.0765
No update
Iter: 000, Train Loss: 10.2048, Train RMSE: 20.7197, Train MAPE: 1.5214, Train WMAPE: 0.0567
Iter: 050, Train Loss: 10.0779, Train RMSE: 21.0273, Train MAPE: 1.7774, Train WMAPE: 0.0553
Epoch: 058, Training Time: 15.0994 secs
Epoch: 058, Inference Time: 1.8115 secs
Epoch: 058, Train Loss: 8.5538, Train RMSE: 18.2649, Train MAPE: 1.6611, Train WMAPE: 0.0478, 
Epoch: 058, Valid Loss: 12.5605, Valid RMSE: 41.9445, Valid MAPE: 4.0574, Valid WMAPE: 0.0721
No update
Iter: 000, Train Loss: 9.4071, Train RMSE: 19.8400, Train MAPE: 1.4110, Train WMAPE: 0.0522
Iter: 050, Train Loss: 9.4922, Train RMSE: 19.6946, Train MAPE: 1.5418, Train WMAPE: 0.0521
Epoch: 059, Training Time: 15.0354 secs
Epoch: 059, Inference Time: 1.9343 secs
Epoch: 059, Train Loss: 8.4649, Train RMSE: 18.0249, Train MAPE: 1.6331, Train WMAPE: 0.0473, 
Epoch: 059, Valid Loss: 11.9010, Valid RMSE: 41.3988, Valid MAPE: 3.4902, Valid WMAPE: 0.0683
###Update tasks appear###
Updating! Valid Loss: 11.90095751626151, epoch:  59
Iter: 000, Train Loss: 8.8432, Train RMSE: 19.5912, Train MAPE: 1.3044, Train WMAPE: 0.0491
Iter: 050, Train Loss: 9.1357, Train RMSE: 19.2820, Train MAPE: 0.9389, Train WMAPE: 0.0501
Epoch: 060, Training Time: 15.1931 secs
Epoch: 060, Inference Time: 2.0069 secs
Epoch: 060, Train Loss: 8.4192, Train RMSE: 17.9315, Train MAPE: 1.6054, Train WMAPE: 0.0471, 
Epoch: 060, Valid Loss: 11.6458, Valid RMSE: 41.0942, Valid MAPE: 2.7133, Valid WMAPE: 0.0669
###Update tasks appear###
Updating! Valid Loss: 11.645795038768224, epoch:  60
Iter: 000, Train Loss: 8.4346, Train RMSE: 18.6698, Train MAPE: 1.0850, Train WMAPE: 0.0468
Iter: 050, Train Loss: 9.3959, Train RMSE: 19.7495, Train MAPE: 1.5241, Train WMAPE: 0.0515
Epoch: 061, Training Time: 15.0826 secs
Epoch: 061, Inference Time: 1.8608 secs
Epoch: 061, Train Loss: 8.3286, Train RMSE: 17.7453, Train MAPE: 1.5357, Train WMAPE: 0.0466, 
Epoch: 061, Valid Loss: 12.3134, Valid RMSE: 40.9622, Valid MAPE: 8.1473, Valid WMAPE: 0.0707
No update
Iter: 000, Train Loss: 9.0074, Train RMSE: 18.5572, Train MAPE: 2.9376, Train WMAPE: 0.0500
Iter: 050, Train Loss: 9.1480, Train RMSE: 19.0228, Train MAPE: 1.1703, Train WMAPE: 0.0502
Epoch: 062, Training Time: 15.0915 secs
Epoch: 062, Inference Time: 2.0016 secs
Epoch: 062, Train Loss: 8.2514, Train RMSE: 17.5669, Train MAPE: 1.6737, Train WMAPE: 0.0461, 
Epoch: 062, Valid Loss: 11.7905, Valid RMSE: 41.0266, Valid MAPE: 3.8517, Valid WMAPE: 0.0677
No update
Iter: 000, Train Loss: 8.6887, Train RMSE: 19.1567, Train MAPE: 1.4341, Train WMAPE: 0.0482
Iter: 050, Train Loss: 9.0017, Train RMSE: 18.9859, Train MAPE: 1.1764, Train WMAPE: 0.0494
Epoch: 063, Training Time: 15.0934 secs
Epoch: 063, Inference Time: 1.8029 secs
Epoch: 063, Train Loss: 8.2945, Train RMSE: 17.6141, Train MAPE: 1.6963, Train WMAPE: 0.0464, 
Epoch: 063, Valid Loss: 11.7552, Valid RMSE: 41.0826, Valid MAPE: 3.5174, Valid WMAPE: 0.0675
No update
Iter: 000, Train Loss: 8.5820, Train RMSE: 18.8718, Train MAPE: 1.4021, Train WMAPE: 0.0476
Iter: 050, Train Loss: 9.4990, Train RMSE: 19.4669, Train MAPE: 0.9980, Train WMAPE: 0.0521
Epoch: 064, Training Time: 15.0578 secs
Epoch: 064, Inference Time: 1.8344 secs
Epoch: 064, Train Loss: 8.2068, Train RMSE: 17.4728, Train MAPE: 1.6336, Train WMAPE: 0.0459, 
Epoch: 064, Valid Loss: 11.9975, Valid RMSE: 41.1461, Valid MAPE: 7.1878, Valid WMAPE: 0.0689
No update
Iter: 000, Train Loss: 8.7451, Train RMSE: 18.6194, Train MAPE: 2.6941, Train WMAPE: 0.0485
Iter: 050, Train Loss: 9.4109, Train RMSE: 20.0640, Train MAPE: 1.1061, Train WMAPE: 0.0516
Epoch: 065, Training Time: 14.8795 secs
Epoch: 065, Inference Time: 1.8102 secs
Epoch: 065, Train Loss: 8.2256, Train RMSE: 17.5281, Train MAPE: 1.4795, Train WMAPE: 0.0460, 
Epoch: 065, Valid Loss: 11.9084, Valid RMSE: 41.5829, Valid MAPE: 3.3040, Valid WMAPE: 0.0684
No update
Iter: 000, Train Loss: 8.6224, Train RMSE: 19.0112, Train MAPE: 1.3814, Train WMAPE: 0.0479
Iter: 050, Train Loss: 9.2084, Train RMSE: 19.3665, Train MAPE: 1.0135, Train WMAPE: 0.0505
Epoch: 066, Training Time: 14.8864 secs
Epoch: 066, Inference Time: 1.9923 secs
Epoch: 066, Train Loss: 8.1325, Train RMSE: 17.3858, Train MAPE: 1.5072, Train WMAPE: 0.0455, 
Epoch: 066, Valid Loss: 11.6375, Valid RMSE: 41.2520, Valid MAPE: 3.7984, Valid WMAPE: 0.0668
###Update tasks appear###
Updating! Valid Loss: 11.637507166181292, epoch:  66
Iter: 000, Train Loss: 8.4538, Train RMSE: 18.7839, Train MAPE: 1.2305, Train WMAPE: 0.0469
Iter: 050, Train Loss: 8.7209, Train RMSE: 18.4727, Train MAPE: 1.0305, Train WMAPE: 0.0478
Epoch: 067, Training Time: 14.6741 secs
Epoch: 067, Inference Time: 1.8900 secs
Epoch: 067, Train Loss: 8.0746, Train RMSE: 17.1578, Train MAPE: 1.6402, Train WMAPE: 0.0452, 
Epoch: 067, Valid Loss: 12.2771, Valid RMSE: 41.3418, Valid MAPE: 5.8595, Valid WMAPE: 0.0705
No update
Iter: 000, Train Loss: 9.1916, Train RMSE: 18.6744, Train MAPE: 1.9505, Train WMAPE: 0.0510
Iter: 050, Train Loss: 8.4303, Train RMSE: 17.5524, Train MAPE: 0.8465, Train WMAPE: 0.0462
Epoch: 068, Training Time: 14.3050 secs
Epoch: 068, Inference Time: 1.7809 secs
Epoch: 068, Train Loss: 7.9888, Train RMSE: 16.9241, Train MAPE: 1.6251, Train WMAPE: 0.0447, 
Epoch: 068, Valid Loss: 11.4480, Valid RMSE: 41.2695, Valid MAPE: 2.6986, Valid WMAPE: 0.0657
###Update tasks appear###
Updating! Valid Loss: 11.44797853061131, epoch:  68
Iter: 000, Train Loss: 8.1423, Train RMSE: 18.0694, Train MAPE: 0.9854, Train WMAPE: 0.0452
Iter: 050, Train Loss: 8.4497, Train RMSE: 17.6100, Train MAPE: 0.7884, Train WMAPE: 0.0463
Epoch: 069, Training Time: 14.4840 secs
Epoch: 069, Inference Time: 1.8919 secs
Epoch: 069, Train Loss: 7.9022, Train RMSE: 16.7858, Train MAPE: 1.5874, Train WMAPE: 0.0442, 
Epoch: 069, Valid Loss: 11.9443, Valid RMSE: 41.0420, Valid MAPE: 5.9647, Valid WMAPE: 0.0686
No update
Iter: 000, Train Loss: 8.6874, Train RMSE: 18.3026, Train MAPE: 2.2013, Train WMAPE: 0.0482
Iter: 050, Train Loss: 9.5217, Train RMSE: 19.7296, Train MAPE: 0.9445, Train WMAPE: 0.0522
Epoch: 070, Training Time: 14.7031 secs
Epoch: 070, Inference Time: 1.9137 secs
Epoch: 070, Train Loss: 8.0119, Train RMSE: 17.0043, Train MAPE: 1.5531, Train WMAPE: 0.0448, 
Epoch: 070, Valid Loss: 11.7680, Valid RMSE: 41.2264, Valid MAPE: 6.0772, Valid WMAPE: 0.0676
No update
Iter: 000, Train Loss: 8.5023, Train RMSE: 17.8374, Train MAPE: 2.3754, Train WMAPE: 0.0472
Iter: 050, Train Loss: 8.7411, Train RMSE: 18.5415, Train MAPE: 0.8440, Train WMAPE: 0.0479
Epoch: 071, Training Time: 14.7595 secs
Epoch: 071, Inference Time: 1.9577 secs
Epoch: 071, Train Loss: 7.9172, Train RMSE: 16.8769, Train MAPE: 1.2942, Train WMAPE: 0.0443, 
Epoch: 071, Valid Loss: 11.3521, Valid RMSE: 41.1053, Valid MAPE: 3.1159, Valid WMAPE: 0.0652
###Update tasks appear###
Updating! Valid Loss: 11.352093015398298, epoch:  71
Iter: 000, Train Loss: 7.9808, Train RMSE: 17.7252, Train MAPE: 1.1158, Train WMAPE: 0.0443
Iter: 050, Train Loss: 8.5166, Train RMSE: 17.6243, Train MAPE: 0.7872, Train WMAPE: 0.0467
Epoch: 072, Training Time: 14.7627 secs
Epoch: 072, Inference Time: 1.8068 secs
Epoch: 072, Train Loss: 7.7704, Train RMSE: 16.5325, Train MAPE: 1.4778, Train WMAPE: 0.0435, 
Epoch: 072, Valid Loss: 11.4174, Valid RMSE: 41.0249, Valid MAPE: 4.4561, Valid WMAPE: 0.0656
No update
Iter: 000, Train Loss: 7.9961, Train RMSE: 17.5135, Train MAPE: 1.7849, Train WMAPE: 0.0444
Iter: 050, Train Loss: 8.7710, Train RMSE: 17.5569, Train MAPE: 1.5139, Train WMAPE: 0.0481
Epoch: 073, Training Time: 14.7680 secs
Epoch: 073, Inference Time: 1.9986 secs
Epoch: 073, Train Loss: 7.7364, Train RMSE: 16.4172, Train MAPE: 1.5396, Train WMAPE: 0.0433, 
Epoch: 073, Valid Loss: 11.9867, Valid RMSE: 41.2832, Valid MAPE: 7.2383, Valid WMAPE: 0.0688
No update
Iter: 000, Train Loss: 8.4296, Train RMSE: 17.6735, Train MAPE: 2.5280, Train WMAPE: 0.0468
Iter: 050, Train Loss: 8.1117, Train RMSE: 16.7681, Train MAPE: 1.0722, Train WMAPE: 0.0445
Epoch: 074, Training Time: 14.1924 secs
Epoch: 074, Inference Time: 1.8950 secs
Epoch: 074, Train Loss: 7.6895, Train RMSE: 16.2871, Train MAPE: 1.5712, Train WMAPE: 0.0430, 
Epoch: 074, Valid Loss: 11.4410, Valid RMSE: 41.1149, Valid MAPE: 3.2537, Valid WMAPE: 0.0657
No update
Iter: 000, Train Loss: 7.8738, Train RMSE: 16.6480, Train MAPE: 1.4512, Train WMAPE: 0.0437
Iter: 050, Train Loss: 8.0372, Train RMSE: 16.4749, Train MAPE: 0.8420, Train WMAPE: 0.0441
Epoch: 075, Training Time: 14.6944 secs
Epoch: 075, Inference Time: 1.9095 secs
Epoch: 075, Train Loss: 7.7291, Train RMSE: 16.4229, Train MAPE: 1.4820, Train WMAPE: 0.0432, 
Epoch: 075, Valid Loss: 12.1880, Valid RMSE: 41.4410, Valid MAPE: 5.0512, Valid WMAPE: 0.0700
No update
Iter: 000, Train Loss: 8.9396, Train RMSE: 18.3963, Train MAPE: 1.8167, Train WMAPE: 0.0496
Iter: 050, Train Loss: 8.5325, Train RMSE: 17.8149, Train MAPE: 0.9938, Train WMAPE: 0.0468
Epoch: 076, Training Time: 14.8790 secs
Epoch: 076, Inference Time: 1.8904 secs
Epoch: 076, Train Loss: 7.6780, Train RMSE: 16.3521, Train MAPE: 1.3806, Train WMAPE: 0.0429, 
Epoch: 076, Valid Loss: 11.4871, Valid RMSE: 41.4201, Valid MAPE: 2.9156, Valid WMAPE: 0.0660
No update
Iter: 000, Train Loss: 7.9973, Train RMSE: 17.0274, Train MAPE: 1.0793, Train WMAPE: 0.0444
Iter: 050, Train Loss: 8.4384, Train RMSE: 17.2700, Train MAPE: 1.3625, Train WMAPE: 0.0463
Epoch: 077, Training Time: 14.6992 secs
Epoch: 077, Inference Time: 1.7933 secs
Epoch: 077, Train Loss: 7.6644, Train RMSE: 16.3050, Train MAPE: 1.4860, Train WMAPE: 0.0429, 
Epoch: 077, Valid Loss: 11.2776, Valid RMSE: 41.3242, Valid MAPE: 2.5266, Valid WMAPE: 0.0648
###Update tasks appear###
Updating! Valid Loss: 11.277603251593453, epoch:  77
Iter: 000, Train Loss: 7.7224, Train RMSE: 16.6898, Train MAPE: 1.1350, Train WMAPE: 0.0429
Iter: 050, Train Loss: 8.0268, Train RMSE: 16.3027, Train MAPE: 1.0438, Train WMAPE: 0.0440
Epoch: 078, Training Time: 14.5768 secs
Epoch: 078, Inference Time: 1.8988 secs
Epoch: 078, Train Loss: 7.4976, Train RMSE: 15.8363, Train MAPE: 1.5625, Train WMAPE: 0.0419, 
Epoch: 078, Valid Loss: 11.2050, Valid RMSE: 41.0263, Valid MAPE: 4.3039, Valid WMAPE: 0.0643
###Update tasks appear###
Updating! Valid Loss: 11.205036231449672, epoch:  78
Iter: 000, Train Loss: 7.5112, Train RMSE: 16.0003, Train MAPE: 1.5092, Train WMAPE: 0.0417
Iter: 050, Train Loss: 8.3294, Train RMSE: 17.2660, Train MAPE: 1.2717, Train WMAPE: 0.0457
Epoch: 079, Training Time: 15.0618 secs
Epoch: 079, Inference Time: 2.0213 secs
Epoch: 079, Train Loss: 7.4967, Train RMSE: 15.8614, Train MAPE: 1.4828, Train WMAPE: 0.0419, 
Epoch: 079, Valid Loss: 11.8722, Valid RMSE: 41.0378, Valid MAPE: 8.0422, Valid WMAPE: 0.0682
No update
Iter: 000, Train Loss: 8.1714, Train RMSE: 16.3029, Train MAPE: 3.0672, Train WMAPE: 0.0454
Iter: 050, Train Loss: 7.9368, Train RMSE: 16.2858, Train MAPE: 1.0845, Train WMAPE: 0.0435
Epoch: 080, Training Time: 14.9768 secs
Epoch: 080, Inference Time: 1.8942 secs
Epoch: 080, Train Loss: 7.4983, Train RMSE: 15.7929, Train MAPE: 1.5217, Train WMAPE: 0.0419, 
Epoch: 080, Valid Loss: 11.6054, Valid RMSE: 41.3703, Valid MAPE: 4.5062, Valid WMAPE: 0.0666
No update
Iter: 000, Train Loss: 8.0785, Train RMSE: 16.7930, Train MAPE: 1.7699, Train WMAPE: 0.0448
Iter: 050, Train Loss: 7.7953, Train RMSE: 16.0917, Train MAPE: 1.0157, Train WMAPE: 0.0427
Epoch: 081, Training Time: 14.8894 secs
Epoch: 081, Inference Time: 1.9850 secs
Epoch: 081, Train Loss: 7.4772, Train RMSE: 15.7814, Train MAPE: 1.5026, Train WMAPE: 0.0418, 
Epoch: 081, Valid Loss: 11.4464, Valid RMSE: 41.2481, Valid MAPE: 4.1504, Valid WMAPE: 0.0657
No update
Iter: 000, Train Loss: 7.7461, Train RMSE: 16.3786, Train MAPE: 1.5000, Train WMAPE: 0.0430
Iter: 050, Train Loss: 8.0351, Train RMSE: 16.4281, Train MAPE: 1.1932, Train WMAPE: 0.0441
Epoch: 082, Training Time: 14.6972 secs
Epoch: 082, Inference Time: 1.9112 secs
Epoch: 082, Train Loss: 7.4776, Train RMSE: 15.7562, Train MAPE: 1.4498, Train WMAPE: 0.0418, 
Epoch: 082, Valid Loss: 11.7555, Valid RMSE: 41.0207, Valid MAPE: 7.0483, Valid WMAPE: 0.0675
No update
Iter: 000, Train Loss: 8.0688, Train RMSE: 16.2491, Train MAPE: 2.7134, Train WMAPE: 0.0448
Iter: 050, Train Loss: 8.2358, Train RMSE: 17.1311, Train MAPE: 0.9405, Train WMAPE: 0.0452
Epoch: 083, Training Time: 14.8785 secs
Epoch: 083, Inference Time: 1.8890 secs
Epoch: 083, Train Loss: 7.4910, Train RMSE: 15.7678, Train MAPE: 1.5521, Train WMAPE: 0.0419, 
Epoch: 083, Valid Loss: 11.1165, Valid RMSE: 40.6295, Valid MAPE: 3.1385, Valid WMAPE: 0.0638
###Update tasks appear###
Updating! Valid Loss: 11.11647275515965, epoch:  83
Iter: 000, Train Loss: 7.4703, Train RMSE: 15.9108, Train MAPE: 1.3374, Train WMAPE: 0.0415
Iter: 050, Train Loss: 8.3290, Train RMSE: 17.4523, Train MAPE: 1.0434, Train WMAPE: 0.0457
Epoch: 084, Training Time: 14.8844 secs
Epoch: 084, Inference Time: 1.8811 secs
Epoch: 084, Train Loss: 7.5131, Train RMSE: 15.8485, Train MAPE: 1.4479, Train WMAPE: 0.0420, 
Epoch: 084, Valid Loss: 11.2760, Valid RMSE: 40.8892, Valid MAPE: 4.0377, Valid WMAPE: 0.0647
No update
Iter: 000, Train Loss: 7.3583, Train RMSE: 15.4227, Train MAPE: 1.4552, Train WMAPE: 0.0409
Iter: 050, Train Loss: 7.8545, Train RMSE: 15.8606, Train MAPE: 1.1842, Train WMAPE: 0.0431
Epoch: 085, Training Time: 14.6038 secs
Epoch: 085, Inference Time: 1.9896 secs
Epoch: 085, Train Loss: 7.3448, Train RMSE: 15.4584, Train MAPE: 1.4694, Train WMAPE: 0.0411, 
Epoch: 085, Valid Loss: 11.7921, Valid RMSE: 41.0959, Valid MAPE: 6.7525, Valid WMAPE: 0.0677
No update
Iter: 000, Train Loss: 8.2854, Train RMSE: 16.9028, Train MAPE: 2.4923, Train WMAPE: 0.0460
Iter: 050, Train Loss: 7.7004, Train RMSE: 15.6962, Train MAPE: 0.9540, Train WMAPE: 0.0422
Epoch: 086, Training Time: 15.1157 secs
Epoch: 086, Inference Time: 1.9879 secs
Epoch: 086, Train Loss: 7.3230, Train RMSE: 15.3851, Train MAPE: 1.5205, Train WMAPE: 0.0410, 
Epoch: 086, Valid Loss: 11.4196, Valid RMSE: 41.0415, Valid MAPE: 3.2163, Valid WMAPE: 0.0656
No update
Iter: 000, Train Loss: 8.0466, Train RMSE: 17.0288, Train MAPE: 1.2478, Train WMAPE: 0.0447
Iter: 050, Train Loss: 7.9857, Train RMSE: 16.5220, Train MAPE: 0.7967, Train WMAPE: 0.0438
Epoch: 087, Training Time: 14.9245 secs
Epoch: 087, Inference Time: 1.7585 secs
Epoch: 087, Train Loss: 7.4107, Train RMSE: 15.7166, Train MAPE: 1.2801, Train WMAPE: 0.0414, 
Epoch: 087, Valid Loss: 11.3102, Valid RMSE: 40.7566, Valid MAPE: 3.2898, Valid WMAPE: 0.0649
No update
Iter: 000, Train Loss: 7.7636, Train RMSE: 16.2685, Train MAPE: 1.2100, Train WMAPE: 0.0431
Iter: 050, Train Loss: 8.0875, Train RMSE: 16.6239, Train MAPE: 0.8756, Train WMAPE: 0.0443
Epoch: 088, Training Time: 14.5069 secs
Epoch: 088, Inference Time: 1.7738 secs
Epoch: 088, Train Loss: 7.2490, Train RMSE: 15.4394, Train MAPE: 1.2067, Train WMAPE: 0.0405, 
Epoch: 088, Valid Loss: 11.4911, Valid RMSE: 41.3665, Valid MAPE: 4.1712, Valid WMAPE: 0.0660
No update
Iter: 000, Train Loss: 8.0784, Train RMSE: 16.6508, Train MAPE: 1.5174, Train WMAPE: 0.0448
Iter: 050, Train Loss: 7.5794, Train RMSE: 15.6531, Train MAPE: 0.9022, Train WMAPE: 0.0416
Epoch: 089, Training Time: 14.1860 secs
Epoch: 089, Inference Time: 1.7988 secs
Epoch: 089, Train Loss: 7.3029, Train RMSE: 15.4678, Train MAPE: 1.2062, Train WMAPE: 0.0408, 
Epoch: 089, Valid Loss: 11.2908, Valid RMSE: 41.0205, Valid MAPE: 3.4398, Valid WMAPE: 0.0648
No update
Iter: 000, Train Loss: 7.6939, Train RMSE: 15.7583, Train MAPE: 1.4088, Train WMAPE: 0.0427
Iter: 050, Train Loss: 7.3247, Train RMSE: 15.1624, Train MAPE: 0.7782, Train WMAPE: 0.0402
Epoch: 090, Training Time: 14.5259 secs
Epoch: 090, Inference Time: 1.9417 secs
Epoch: 090, Train Loss: 7.2612, Train RMSE: 15.3303, Train MAPE: 1.3566, Train WMAPE: 0.0406, 
Epoch: 090, Valid Loss: 10.9918, Valid RMSE: 40.7482, Valid MAPE: 2.3842, Valid WMAPE: 0.0631
###Update tasks appear###
Updating! Valid Loss: 10.99184536933899, epoch:  90
Iter: 000, Train Loss: 7.4073, Train RMSE: 15.9466, Train MAPE: 0.9090, Train WMAPE: 0.0411
Iter: 050, Train Loss: 7.3487, Train RMSE: 15.3039, Train MAPE: 0.7455, Train WMAPE: 0.0403
Epoch: 091, Training Time: 14.7843 secs
Epoch: 091, Inference Time: 1.9090 secs
Epoch: 091, Train Loss: 7.1349, Train RMSE: 15.1444, Train MAPE: 1.2315, Train WMAPE: 0.0399, 
Epoch: 091, Valid Loss: 11.2328, Valid RMSE: 40.9660, Valid MAPE: 3.1071, Valid WMAPE: 0.0645
No update
Iter: 000, Train Loss: 7.7213, Train RMSE: 16.3798, Train MAPE: 1.1030, Train WMAPE: 0.0429
Iter: 050, Train Loss: 7.3022, Train RMSE: 15.1262, Train MAPE: 0.8730, Train WMAPE: 0.0400
Epoch: 092, Training Time: 14.7215 secs
Epoch: 092, Inference Time: 1.8684 secs
Epoch: 092, Train Loss: 7.1081, Train RMSE: 15.1284, Train MAPE: 1.1714, Train WMAPE: 0.0398, 
Epoch: 092, Valid Loss: 11.3998, Valid RMSE: 41.1177, Valid MAPE: 3.4424, Valid WMAPE: 0.0655
No update
Iter: 000, Train Loss: 7.8302, Train RMSE: 17.1290, Train MAPE: 1.1966, Train WMAPE: 0.0435
Iter: 050, Train Loss: 7.3533, Train RMSE: 15.2268, Train MAPE: 0.8155, Train WMAPE: 0.0403
Epoch: 093, Training Time: 14.6788 secs
Epoch: 093, Inference Time: 1.8786 secs
Epoch: 093, Train Loss: 7.0636, Train RMSE: 15.0064, Train MAPE: 1.1830, Train WMAPE: 0.0395, 
Epoch: 093, Valid Loss: 10.9314, Valid RMSE: 40.8235, Valid MAPE: 2.5781, Valid WMAPE: 0.0628
###Update tasks appear###
Updating! Valid Loss: 10.931360687528338, epoch:  93
Iter: 000, Train Loss: 7.1590, Train RMSE: 15.1941, Train MAPE: 0.8919, Train WMAPE: 0.0397
Iter: 050, Train Loss: 7.6154, Train RMSE: 15.6492, Train MAPE: 1.0525, Train WMAPE: 0.0418
Epoch: 094, Training Time: 14.2780 secs
Epoch: 094, Inference Time: 1.8986 secs
Epoch: 094, Train Loss: 7.0420, Train RMSE: 14.9917, Train MAPE: 1.1961, Train WMAPE: 0.0394, 
Epoch: 094, Valid Loss: 11.0108, Valid RMSE: 40.6939, Valid MAPE: 3.1238, Valid WMAPE: 0.0632
No update
Iter: 000, Train Loss: 7.2723, Train RMSE: 15.2549, Train MAPE: 1.1529, Train WMAPE: 0.0404
Iter: 050, Train Loss: 7.7288, Train RMSE: 15.8898, Train MAPE: 0.8839, Train WMAPE: 0.0424
Epoch: 095, Training Time: 14.5983 secs
Epoch: 095, Inference Time: 1.9008 secs
Epoch: 095, Train Loss: 7.0236, Train RMSE: 14.9595, Train MAPE: 1.1707, Train WMAPE: 0.0393, 
Epoch: 095, Valid Loss: 11.0569, Valid RMSE: 41.1682, Valid MAPE: 2.6800, Valid WMAPE: 0.0635
No update
Iter: 000, Train Loss: 7.3713, Train RMSE: 15.3971, Train MAPE: 0.8997, Train WMAPE: 0.0409
Iter: 050, Train Loss: 7.2955, Train RMSE: 15.4215, Train MAPE: 0.7928, Train WMAPE: 0.0400
Epoch: 096, Training Time: 14.8888 secs
Epoch: 096, Inference Time: 1.8835 secs
Epoch: 096, Train Loss: 7.0308, Train RMSE: 14.9272, Train MAPE: 1.2070, Train WMAPE: 0.0393, 
Epoch: 096, Valid Loss: 10.8643, Valid RMSE: 40.9963, Valid MAPE: 2.7399, Valid WMAPE: 0.0624
###Update tasks appear###
Updating! Valid Loss: 10.864265067236763, epoch:  96
Iter: 000, Train Loss: 6.8425, Train RMSE: 14.5271, Train MAPE: 1.0290, Train WMAPE: 0.0380
Iter: 050, Train Loss: 7.1547, Train RMSE: 14.8132, Train MAPE: 0.7938, Train WMAPE: 0.0392
Epoch: 097, Training Time: 14.2802 secs
Epoch: 097, Inference Time: 1.8788 secs
Epoch: 097, Train Loss: 6.9201, Train RMSE: 14.7513, Train MAPE: 1.1556, Train WMAPE: 0.0387, 
Epoch: 097, Valid Loss: 11.1912, Valid RMSE: 41.0847, Valid MAPE: 3.5804, Valid WMAPE: 0.0643
No update
Iter: 000, Train Loss: 7.4525, Train RMSE: 15.9197, Train MAPE: 1.3138, Train WMAPE: 0.0414
Iter: 050, Train Loss: 7.1517, Train RMSE: 14.6515, Train MAPE: 0.8816, Train WMAPE: 0.0392
Epoch: 098, Training Time: 14.5996 secs
Epoch: 098, Inference Time: 1.8967 secs
Epoch: 098, Train Loss: 6.8984, Train RMSE: 14.7127, Train MAPE: 1.1235, Train WMAPE: 0.0386, 
Epoch: 098, Valid Loss: 10.9923, Valid RMSE: 40.6315, Valid MAPE: 3.1596, Valid WMAPE: 0.0631
No update
Iter: 000, Train Loss: 7.4177, Train RMSE: 15.8470, Train MAPE: 1.1583, Train WMAPE: 0.0412
Iter: 050, Train Loss: 7.0658, Train RMSE: 14.4820, Train MAPE: 0.8190, Train WMAPE: 0.0387
Epoch: 099, Training Time: 14.6709 secs
Epoch: 099, Inference Time: 1.9258 secs
Epoch: 099, Train Loss: 6.8794, Train RMSE: 14.6536, Train MAPE: 1.1586, Train WMAPE: 0.0385, 
Epoch: 099, Valid Loss: 11.2461, Valid RMSE: 40.9865, Valid MAPE: 3.1417, Valid WMAPE: 0.0646
No update
Iter: 000, Train Loss: 7.3675, Train RMSE: 15.3842, Train MAPE: 1.2589, Train WMAPE: 0.0409
Iter: 050, Train Loss: 7.2339, Train RMSE: 14.7297, Train MAPE: 1.0255, Train WMAPE: 0.0397
Epoch: 100, Training Time: 15.0824 secs
Epoch: 100, Inference Time: 1.8998 secs
Epoch: 100, Train Loss: 6.8463, Train RMSE: 14.5587, Train MAPE: 1.1901, Train WMAPE: 0.0383, 
Epoch: 100, Valid Loss: 10.9453, Valid RMSE: 40.9547, Valid MAPE: 3.1103, Valid WMAPE: 0.0628
No update
Iter: 000, Train Loss: 6.8873, Train RMSE: 14.4278, Train MAPE: 1.1421, Train WMAPE: 0.0382
Iter: 050, Train Loss: 7.1030, Train RMSE: 14.7361, Train MAPE: 0.8360, Train WMAPE: 0.0389
Epoch: 101, Training Time: 15.0885 secs
Epoch: 101, Inference Time: 1.9033 secs
Epoch: 101, Train Loss: 6.8308, Train RMSE: 14.5671, Train MAPE: 1.1408, Train WMAPE: 0.0382, 
Epoch: 101, Valid Loss: 11.0727, Valid RMSE: 41.1723, Valid MAPE: 2.1833, Valid WMAPE: 0.0636
No update
Iter: 000, Train Loss: 7.1276, Train RMSE: 14.9806, Train MAPE: 0.8084, Train WMAPE: 0.0396
Iter: 050, Train Loss: 7.0641, Train RMSE: 14.6478, Train MAPE: 0.9353, Train WMAPE: 0.0387
Epoch: 102, Training Time: 15.0735 secs
Epoch: 102, Inference Time: 1.7969 secs
Epoch: 102, Train Loss: 6.8023, Train RMSE: 14.5173, Train MAPE: 1.1313, Train WMAPE: 0.0380, 
Epoch: 102, Valid Loss: 10.7975, Valid RMSE: 40.7279, Valid MAPE: 2.7250, Valid WMAPE: 0.0620
###Update tasks appear###
Evaluate best model on test data for horizon 1, Test MAE: 9.3045, Test RMSE: 60.9186, Test MAPE: 6.9989, Test WMAPE: 0.0540
Evaluate best model on test data for horizon 2, Test MAE: 10.1338, Test RMSE: 54.0588, Test MAPE: 10.4627, Test WMAPE: 0.0588
Evaluate best model on test data for horizon 3, Test MAE: 10.4510, Test RMSE: 44.0250, Test MAPE: 12.7808, Test WMAPE: 0.0607
Evaluate best model on test data for horizon 4, Test MAE: 11.9667, Test RMSE: 51.5098, Test MAPE: 14.8745, Test WMAPE: 0.0695
Evaluate best model on test data for horizon 5, Test MAE: 13.1879, Test RMSE: 55.9205, Test MAPE: 16.0388, Test WMAPE: 0.0766
Evaluate best model on test data for horizon 6, Test MAE: 13.3930, Test RMSE: 49.3471, Test MAPE: 17.2844, Test WMAPE: 0.0778
Evaluate best model on test data for horizon 7, Test MAE: 14.3124, Test RMSE: 51.0757, Test MAPE: 17.2366, Test WMAPE: 0.0832
Evaluate best model on test data for horizon 8, Test MAE: 14.9996, Test RMSE: 54.5353, Test MAPE: 17.3565, Test WMAPE: 0.0872
Evaluate best model on test data for horizon 9, Test MAE: 15.3327, Test RMSE: 53.5431, Test MAPE: 17.5668, Test WMAPE: 0.0892
Evaluate best model on test data for horizon 10, Test MAE: 15.3328, Test RMSE: 49.9992, Test MAPE: 17.3926, Test WMAPE: 0.0892
Evaluate best model on test data for horizon 11, Test MAE: 16.1801, Test RMSE: 55.8769, Test MAPE: 17.3358, Test WMAPE: 0.0941
Evaluate best model on test data for horizon 12, Test MAE: 16.3295, Test RMSE: 54.5707, Test MAPE: 17.3916, Test WMAPE: 0.0950
On average over 12 horizons, Test MAE: 13.4103, Test RMSE: 52.9484, Test MAPE: 15.2267, Test WMAPE: 0.0780
Test low! Updating! Test Loss: 13.410325050354004, Test low! Updating! Valid Loss: 10.797452245439802, epoch:  102
Iter: 000, Train Loss: 6.8283, Train RMSE: 14.4743, Train MAPE: 0.8782, Train WMAPE: 0.0379
Iter: 050, Train Loss: 7.2157, Train RMSE: 14.9392, Train MAPE: 0.8741, Train WMAPE: 0.0396
Epoch: 103, Training Time: 15.0131 secs
Epoch: 103, Inference Time: 1.8359 secs
Epoch: 103, Train Loss: 6.7709, Train RMSE: 14.4859, Train MAPE: 1.1133, Train WMAPE: 0.0379, 
Epoch: 103, Valid Loss: 10.9405, Valid RMSE: 40.7128, Valid MAPE: 2.9686, Valid WMAPE: 0.0628
No update
Iter: 000, Train Loss: 6.9215, Train RMSE: 14.1973, Train MAPE: 1.0161, Train WMAPE: 0.0384
Iter: 050, Train Loss: 6.9914, Train RMSE: 14.6075, Train MAPE: 0.5989, Train WMAPE: 0.0383
Epoch: 104, Training Time: 14.7949 secs
Epoch: 104, Inference Time: 1.9898 secs
Epoch: 104, Train Loss: 6.7653, Train RMSE: 14.4233, Train MAPE: 1.1192, Train WMAPE: 0.0378, 
Epoch: 104, Valid Loss: 11.0047, Valid RMSE: 40.9989, Valid MAPE: 2.7989, Valid WMAPE: 0.0632
No update
Iter: 000, Train Loss: 6.8991, Train RMSE: 14.2264, Train MAPE: 0.9514, Train WMAPE: 0.0383
Iter: 050, Train Loss: 6.8909, Train RMSE: 14.2464, Train MAPE: 0.8961, Train WMAPE: 0.0378
Epoch: 105, Training Time: 14.6302 secs
Epoch: 105, Inference Time: 1.9558 secs
Epoch: 105, Train Loss: 6.7500, Train RMSE: 14.2359, Train MAPE: 1.4388, Train WMAPE: 0.0378, 
Epoch: 105, Valid Loss: 10.8167, Valid RMSE: 40.9100, Valid MAPE: 3.1058, Valid WMAPE: 0.0621
No update
Iter: 000, Train Loss: 6.9367, Train RMSE: 14.3042, Train MAPE: 1.0363, Train WMAPE: 0.0385
Iter: 050, Train Loss: 6.9952, Train RMSE: 14.0833, Train MAPE: 1.2180, Train WMAPE: 0.0384
Epoch: 106, Training Time: 15.1821 secs
Epoch: 106, Inference Time: 1.8031 secs
Epoch: 106, Train Loss: 6.7289, Train RMSE: 14.1962, Train MAPE: 1.4143, Train WMAPE: 0.0376, 
Epoch: 106, Valid Loss: 11.0053, Valid RMSE: 40.9273, Valid MAPE: 4.0081, Valid WMAPE: 0.0632
No update
Iter: 000, Train Loss: 7.0552, Train RMSE: 14.2125, Train MAPE: 1.4117, Train WMAPE: 0.0392
Iter: 050, Train Loss: 6.9441, Train RMSE: 14.0283, Train MAPE: 0.8715, Train WMAPE: 0.0381
Epoch: 107, Training Time: 14.8251 secs
Epoch: 107, Inference Time: 1.8746 secs
Epoch: 107, Train Loss: 6.7214, Train RMSE: 14.1840, Train MAPE: 1.4162, Train WMAPE: 0.0376, 
Epoch: 107, Valid Loss: 10.9833, Valid RMSE: 40.8961, Valid MAPE: 4.3039, Valid WMAPE: 0.0631
No update
Iter: 000, Train Loss: 6.8037, Train RMSE: 14.1944, Train MAPE: 1.4079, Train WMAPE: 0.0378
Iter: 050, Train Loss: 7.0070, Train RMSE: 14.3250, Train MAPE: 0.6063, Train WMAPE: 0.0384
Epoch: 108, Training Time: 14.6853 secs
Epoch: 108, Inference Time: 1.8956 secs
Epoch: 108, Train Loss: 6.7246, Train RMSE: 14.2048, Train MAPE: 1.3923, Train WMAPE: 0.0376, 
Epoch: 108, Valid Loss: 10.8367, Valid RMSE: 40.7726, Valid MAPE: 4.4791, Valid WMAPE: 0.0622
No update
Iter: 000, Train Loss: 6.7956, Train RMSE: 14.1017, Train MAPE: 1.3716, Train WMAPE: 0.0377
Iter: 050, Train Loss: 6.9967, Train RMSE: 14.3010, Train MAPE: 0.9087, Train WMAPE: 0.0384
Epoch: 109, Training Time: 14.5807 secs
Epoch: 109, Inference Time: 1.9159 secs
Epoch: 109, Train Loss: 6.8507, Train RMSE: 14.5093, Train MAPE: 1.2917, Train WMAPE: 0.0383, 
Epoch: 109, Valid Loss: 11.0026, Valid RMSE: 40.7835, Valid MAPE: 4.2605, Valid WMAPE: 0.0632
No update
Iter: 000, Train Loss: 6.9976, Train RMSE: 14.3737, Train MAPE: 1.6616, Train WMAPE: 0.0388
Iter: 050, Train Loss: 6.7176, Train RMSE: 13.6747, Train MAPE: 1.0087, Train WMAPE: 0.0368
Epoch: 110, Training Time: 15.3751 secs
Epoch: 110, Inference Time: 1.9088 secs
Epoch: 110, Train Loss: 6.7102, Train RMSE: 14.2303, Train MAPE: 1.3472, Train WMAPE: 0.0375, 
Epoch: 110, Valid Loss: 10.7479, Valid RMSE: 40.7531, Valid MAPE: 2.6557, Valid WMAPE: 0.0617
###Update tasks appear###
Evaluate best model on test data for horizon 1, Test MAE: 9.2994, Test RMSE: 61.0158, Test MAPE: 7.1763, Test WMAPE: 0.0540
Evaluate best model on test data for horizon 2, Test MAE: 10.0861, Test RMSE: 53.8568, Test MAPE: 10.7382, Test WMAPE: 0.0586
Evaluate best model on test data for horizon 3, Test MAE: 10.3439, Test RMSE: 43.7037, Test MAPE: 13.1951, Test WMAPE: 0.0601
Evaluate best model on test data for horizon 4, Test MAE: 11.8915, Test RMSE: 51.6756, Test MAPE: 14.9220, Test WMAPE: 0.0691
Evaluate best model on test data for horizon 5, Test MAE: 13.0605, Test RMSE: 55.9428, Test MAPE: 16.0052, Test WMAPE: 0.0759
Evaluate best model on test data for horizon 6, Test MAE: 13.2820, Test RMSE: 49.2558, Test MAPE: 17.0154, Test WMAPE: 0.0772
Evaluate best model on test data for horizon 7, Test MAE: 14.1035, Test RMSE: 51.0202, Test MAPE: 17.2386, Test WMAPE: 0.0820
Evaluate best model on test data for horizon 8, Test MAE: 14.9673, Test RMSE: 54.5285, Test MAPE: 17.6758, Test WMAPE: 0.0870
Evaluate best model on test data for horizon 9, Test MAE: 15.2982, Test RMSE: 53.4687, Test MAPE: 17.6470, Test WMAPE: 0.0890
Evaluate best model on test data for horizon 10, Test MAE: 15.3264, Test RMSE: 50.0276, Test MAPE: 17.6026, Test WMAPE: 0.0891
Evaluate best model on test data for horizon 11, Test MAE: 16.2069, Test RMSE: 55.7709, Test MAPE: 17.7998, Test WMAPE: 0.0943
Evaluate best model on test data for horizon 12, Test MAE: 16.3600, Test RMSE: 54.6565, Test MAPE: 17.6095, Test WMAPE: 0.0952
On average over 12 horizons, Test MAE: 13.3521, Test RMSE: 52.9102, Test MAPE: 15.3855, Test WMAPE: 0.0776
Test low! Updating! Test Loss: 13.352143367131552, Test low! Updating! Valid Loss: 10.747948135648455, epoch:  110
Iter: 000, Train Loss: 7.0416, Train RMSE: 14.9187, Train MAPE: 0.9987, Train WMAPE: 0.0391
Iter: 050, Train Loss: 7.0028, Train RMSE: 14.4383, Train MAPE: 1.1737, Train WMAPE: 0.0384
Epoch: 111, Training Time: 14.7792 secs
Epoch: 111, Inference Time: 1.9555 secs
Epoch: 111, Train Loss: 6.7007, Train RMSE: 14.1878, Train MAPE: 1.3984, Train WMAPE: 0.0375, 
Epoch: 111, Valid Loss: 10.7111, Valid RMSE: 40.9121, Valid MAPE: 2.3263, Valid WMAPE: 0.0615
###Update tasks appear###
Evaluate best model on test data for horizon 1, Test MAE: 9.1580, Test RMSE: 61.1010, Test MAPE: 6.4871, Test WMAPE: 0.0532
Evaluate best model on test data for horizon 2, Test MAE: 10.0336, Test RMSE: 53.9550, Test MAPE: 10.2205, Test WMAPE: 0.0583
Evaluate best model on test data for horizon 3, Test MAE: 10.3685, Test RMSE: 43.7457, Test MAPE: 12.7373, Test WMAPE: 0.0602
Evaluate best model on test data for horizon 4, Test MAE: 11.8558, Test RMSE: 51.8449, Test MAPE: 14.2403, Test WMAPE: 0.0689
Evaluate best model on test data for horizon 5, Test MAE: 13.1112, Test RMSE: 56.0824, Test MAPE: 15.6351, Test WMAPE: 0.0762
Evaluate best model on test data for horizon 6, Test MAE: 13.3449, Test RMSE: 49.3795, Test MAPE: 16.6222, Test WMAPE: 0.0776
Evaluate best model on test data for horizon 7, Test MAE: 14.1773, Test RMSE: 51.2301, Test MAPE: 16.8508, Test WMAPE: 0.0824
Evaluate best model on test data for horizon 8, Test MAE: 14.9859, Test RMSE: 54.7310, Test MAPE: 17.0200, Test WMAPE: 0.0871
Evaluate best model on test data for horizon 9, Test MAE: 15.3054, Test RMSE: 53.6209, Test MAPE: 17.1560, Test WMAPE: 0.0890
Evaluate best model on test data for horizon 10, Test MAE: 15.2941, Test RMSE: 50.1008, Test MAPE: 17.1117, Test WMAPE: 0.0890
Evaluate best model on test data for horizon 11, Test MAE: 16.0844, Test RMSE: 55.6979, Test MAPE: 17.2506, Test WMAPE: 0.0936
Evaluate best model on test data for horizon 12, Test MAE: 16.2336, Test RMSE: 54.5644, Test MAPE: 17.2471, Test WMAPE: 0.0944
On average over 12 horizons, Test MAE: 13.3294, Test RMSE: 53.0045, Test MAPE: 14.8816, Test WMAPE: 0.0775
Test low! Updating! Test Loss: 13.329389731089273, Test low! Updating! Valid Loss: 10.71109584399632, epoch:  111
Iter: 000, Train Loss: 6.6921, Train RMSE: 13.9820, Train MAPE: 0.9556, Train WMAPE: 0.0372
Iter: 050, Train Loss: 7.2572, Train RMSE: 14.8134, Train MAPE: 1.5376, Train WMAPE: 0.0398
Epoch: 112, Training Time: 14.6786 secs
Epoch: 112, Inference Time: 1.9608 secs
Epoch: 112, Train Loss: 6.7069, Train RMSE: 14.1812, Train MAPE: 1.3766, Train WMAPE: 0.0375, 
Epoch: 112, Valid Loss: 11.1497, Valid RMSE: 41.0291, Valid MAPE: 4.5211, Valid WMAPE: 0.0640
No update
Iter: 000, Train Loss: 7.2855, Train RMSE: 14.8525, Train MAPE: 1.6943, Train WMAPE: 0.0404
Iter: 050, Train Loss: 6.7144, Train RMSE: 14.0137, Train MAPE: 0.6695, Train WMAPE: 0.0368
Epoch: 113, Training Time: 14.7166 secs
Epoch: 113, Inference Time: 1.8692 secs
Epoch: 113, Train Loss: 6.7160, Train RMSE: 14.2780, Train MAPE: 1.2144, Train WMAPE: 0.0376, 
Epoch: 113, Valid Loss: 10.8587, Valid RMSE: 40.9392, Valid MAPE: 2.7263, Valid WMAPE: 0.0624
No update
Iter: 000, Train Loss: 6.8727, Train RMSE: 14.1588, Train MAPE: 0.9424, Train WMAPE: 0.0382
Iter: 050, Train Loss: 7.7669, Train RMSE: 16.7474, Train MAPE: 0.8394, Train WMAPE: 0.0426
Epoch: 114, Training Time: 14.6850 secs
Epoch: 114, Inference Time: 1.8073 secs
Epoch: 114, Train Loss: 6.7418, Train RMSE: 14.3880, Train MAPE: 1.1132, Train WMAPE: 0.0377, 
Epoch: 114, Valid Loss: 10.7802, Valid RMSE: 40.8861, Valid MAPE: 2.4779, Valid WMAPE: 0.0619
No update
Iter: 000, Train Loss: 6.9398, Train RMSE: 14.6292, Train MAPE: 0.8973, Train WMAPE: 0.0385
Iter: 050, Train Loss: 6.8667, Train RMSE: 14.1510, Train MAPE: 1.3476, Train WMAPE: 0.0377
Epoch: 115, Training Time: 14.2885 secs
Epoch: 115, Inference Time: 1.8903 secs
Epoch: 115, Train Loss: 6.6617, Train RMSE: 14.0815, Train MAPE: 1.3506, Train WMAPE: 0.0373, 
Epoch: 115, Valid Loss: 10.9900, Valid RMSE: 40.9983, Valid MAPE: 4.3480, Valid WMAPE: 0.0631
No update
Iter: 000, Train Loss: 7.0458, Train RMSE: 14.0012, Train MAPE: 1.5048, Train WMAPE: 0.0391
Iter: 050, Train Loss: 7.0114, Train RMSE: 14.7197, Train MAPE: 0.9488, Train WMAPE: 0.0384
Epoch: 116, Training Time: 15.2900 secs
Epoch: 116, Inference Time: 1.8911 secs
Epoch: 116, Train Loss: 6.6508, Train RMSE: 14.1212, Train MAPE: 1.3246, Train WMAPE: 0.0372, 
Epoch: 116, Valid Loss: 10.6607, Valid RMSE: 40.6452, Valid MAPE: 2.3890, Valid WMAPE: 0.0612
###Update tasks appear###
Evaluate best model on test data for horizon 1, Test MAE: 9.1239, Test RMSE: 61.1120, Test MAPE: 6.4928, Test WMAPE: 0.0530
Evaluate best model on test data for horizon 2, Test MAE: 10.0053, Test RMSE: 53.7722, Test MAPE: 10.3548, Test WMAPE: 0.0581
Evaluate best model on test data for horizon 3, Test MAE: 10.2756, Test RMSE: 43.6434, Test MAPE: 12.9970, Test WMAPE: 0.0597
Evaluate best model on test data for horizon 4, Test MAE: 11.8217, Test RMSE: 51.5904, Test MAPE: 14.5438, Test WMAPE: 0.0687
Evaluate best model on test data for horizon 5, Test MAE: 13.0645, Test RMSE: 55.8899, Test MAPE: 15.9256, Test WMAPE: 0.0759
Evaluate best model on test data for horizon 6, Test MAE: 13.2602, Test RMSE: 49.0935, Test MAPE: 16.7732, Test WMAPE: 0.0771
Evaluate best model on test data for horizon 7, Test MAE: 14.0633, Test RMSE: 50.8804, Test MAPE: 17.0042, Test WMAPE: 0.0818
Evaluate best model on test data for horizon 8, Test MAE: 14.8220, Test RMSE: 54.1007, Test MAPE: 17.1303, Test WMAPE: 0.0862
Evaluate best model on test data for horizon 9, Test MAE: 15.1287, Test RMSE: 52.8620, Test MAPE: 17.2879, Test WMAPE: 0.0880
Evaluate best model on test data for horizon 10, Test MAE: 15.1125, Test RMSE: 49.4857, Test MAPE: 17.1038, Test WMAPE: 0.0879
Evaluate best model on test data for horizon 11, Test MAE: 15.8795, Test RMSE: 54.9595, Test MAPE: 17.2002, Test WMAPE: 0.0924
Evaluate best model on test data for horizon 12, Test MAE: 16.0280, Test RMSE: 53.7995, Test MAPE: 17.2604, Test WMAPE: 0.0932
On average over 12 horizons, Test MAE: 13.2154, Test RMSE: 52.5991, Test MAPE: 15.0062, Test WMAPE: 0.0768
Test low! Updating! Test Loss: 13.215429464975992, Test low! Updating! Valid Loss: 10.660681656428746, epoch:  116
Iter: 000, Train Loss: 6.6375, Train RMSE: 13.9697, Train MAPE: 0.8852, Train WMAPE: 0.0368
Iter: 050, Train Loss: 6.7029, Train RMSE: 13.7399, Train MAPE: 0.6898, Train WMAPE: 0.0368
Epoch: 117, Training Time: 14.7756 secs
Epoch: 117, Inference Time: 1.9860 secs
Epoch: 117, Train Loss: 6.6095, Train RMSE: 14.0682, Train MAPE: 1.1429, Train WMAPE: 0.0370, 
Epoch: 117, Valid Loss: 10.7544, Valid RMSE: 40.9701, Valid MAPE: 2.5478, Valid WMAPE: 0.0618
No update
Iter: 000, Train Loss: 6.5960, Train RMSE: 13.8584, Train MAPE: 0.9188, Train WMAPE: 0.0366
Iter: 050, Train Loss: 6.7689, Train RMSE: 13.8461, Train MAPE: 0.7792, Train WMAPE: 0.0371
Epoch: 118, Training Time: 14.7014 secs
Epoch: 118, Inference Time: 1.8891 secs
Epoch: 118, Train Loss: 6.5736, Train RMSE: 14.0713, Train MAPE: 1.0458, Train WMAPE: 0.0368, 
Epoch: 118, Valid Loss: 10.8521, Valid RMSE: 40.7496, Valid MAPE: 3.0521, Valid WMAPE: 0.0623
No update
Iter: 000, Train Loss: 7.1186, Train RMSE: 14.7939, Train MAPE: 1.0802, Train WMAPE: 0.0395
Iter: 050, Train Loss: 6.7453, Train RMSE: 13.8088, Train MAPE: 0.8124, Train WMAPE: 0.0370
Epoch: 119, Training Time: 14.4969 secs
Epoch: 119, Inference Time: 1.8947 secs
Epoch: 119, Train Loss: 6.5774, Train RMSE: 14.0359, Train MAPE: 1.0515, Train WMAPE: 0.0368, 
Epoch: 119, Valid Loss: 10.9269, Valid RMSE: 40.9061, Valid MAPE: 2.6857, Valid WMAPE: 0.0627
No update
Iter: 000, Train Loss: 6.8242, Train RMSE: 13.9285, Train MAPE: 0.8710, Train WMAPE: 0.0379
Iter: 050, Train Loss: 6.7907, Train RMSE: 13.9246, Train MAPE: 0.8473, Train WMAPE: 0.0372
Epoch: 120, Training Time: 14.6853 secs
Epoch: 120, Inference Time: 1.8810 secs
Epoch: 120, Train Loss: 6.6276, Train RMSE: 14.1059, Train MAPE: 1.1026, Train WMAPE: 0.0371, 
Epoch: 120, Valid Loss: 10.7644, Valid RMSE: 40.9335, Valid MAPE: 2.1588, Valid WMAPE: 0.0618
No update
Iter: 000, Train Loss: 6.6059, Train RMSE: 13.8900, Train MAPE: 0.7175, Train WMAPE: 0.0367
Iter: 050, Train Loss: 6.5718, Train RMSE: 13.4755, Train MAPE: 0.6840, Train WMAPE: 0.0360
Epoch: 121, Training Time: 14.7030 secs
Epoch: 121, Inference Time: 1.8993 secs
Epoch: 121, Train Loss: 6.5835, Train RMSE: 14.0259, Train MAPE: 1.1293, Train WMAPE: 0.0368, 
Epoch: 121, Valid Loss: 10.7716, Valid RMSE: 40.6918, Valid MAPE: 4.4536, Valid WMAPE: 0.0619
No update
Iter: 000, Train Loss: 6.7324, Train RMSE: 13.9583, Train MAPE: 1.5958, Train WMAPE: 0.0374
Iter: 050, Train Loss: 6.6359, Train RMSE: 13.6285, Train MAPE: 0.9129, Train WMAPE: 0.0364
Epoch: 122, Training Time: 14.7930 secs
Epoch: 122, Inference Time: 1.8003 secs
Epoch: 122, Train Loss: 6.4920, Train RMSE: 13.7588, Train MAPE: 1.3587, Train WMAPE: 0.0363, 
Epoch: 122, Valid Loss: 10.6151, Valid RMSE: 40.4836, Valid MAPE: 2.4949, Valid WMAPE: 0.0610
###Update tasks appear###
Evaluate best model on test data for horizon 1, Test MAE: 9.1773, Test RMSE: 61.1939, Test MAPE: 7.1481, Test WMAPE: 0.0533
Evaluate best model on test data for horizon 2, Test MAE: 10.0073, Test RMSE: 53.7914, Test MAPE: 10.8334, Test WMAPE: 0.0581
Evaluate best model on test data for horizon 3, Test MAE: 10.3158, Test RMSE: 43.2941, Test MAPE: 13.3318, Test WMAPE: 0.0599
Evaluate best model on test data for horizon 4, Test MAE: 11.8720, Test RMSE: 51.4783, Test MAPE: 14.8884, Test WMAPE: 0.0690
Evaluate best model on test data for horizon 5, Test MAE: 13.0440, Test RMSE: 55.7439, Test MAPE: 16.0170, Test WMAPE: 0.0758
Evaluate best model on test data for horizon 6, Test MAE: 13.2877, Test RMSE: 49.0403, Test MAPE: 16.9575, Test WMAPE: 0.0772
Evaluate best model on test data for horizon 7, Test MAE: 14.1004, Test RMSE: 50.8605, Test MAPE: 17.2703, Test WMAPE: 0.0820
Evaluate best model on test data for horizon 8, Test MAE: 14.8827, Test RMSE: 54.1329, Test MAPE: 17.4969, Test WMAPE: 0.0865
Evaluate best model on test data for horizon 9, Test MAE: 15.1676, Test RMSE: 52.8414, Test MAPE: 17.4868, Test WMAPE: 0.0882
Evaluate best model on test data for horizon 10, Test MAE: 15.1225, Test RMSE: 49.6090, Test MAPE: 17.2868, Test WMAPE: 0.0880
Evaluate best model on test data for horizon 11, Test MAE: 15.9212, Test RMSE: 54.9744, Test MAPE: 17.5625, Test WMAPE: 0.0926
Evaluate best model on test data for horizon 12, Test MAE: 16.0235, Test RMSE: 53.9425, Test MAPE: 17.5501, Test WMAPE: 0.0932
On average over 12 horizons, Test MAE: 13.2435, Test RMSE: 52.5752, Test MAPE: 15.3191, Test WMAPE: 0.0770
No update
Iter: 000, Train Loss: 6.6008, Train RMSE: 13.9323, Train MAPE: 0.8575, Train WMAPE: 0.0366
Iter: 050, Train Loss: 6.4387, Train RMSE: 13.2934, Train MAPE: 0.9324, Train WMAPE: 0.0353
Epoch: 123, Training Time: 14.9719 secs
Epoch: 123, Inference Time: 1.8883 secs
Epoch: 123, Train Loss: 6.5052, Train RMSE: 13.8201, Train MAPE: 1.3120, Train WMAPE: 0.0364, 
Epoch: 123, Valid Loss: 10.6575, Valid RMSE: 40.7213, Valid MAPE: 2.8562, Valid WMAPE: 0.0612
###Update tasks appear###
Evaluate best model on test data for horizon 1, Test MAE: 9.2581, Test RMSE: 61.3571, Test MAPE: 6.6333, Test WMAPE: 0.0537
Evaluate best model on test data for horizon 2, Test MAE: 10.1104, Test RMSE: 53.9676, Test MAPE: 10.5811, Test WMAPE: 0.0587
Evaluate best model on test data for horizon 3, Test MAE: 10.3614, Test RMSE: 43.4697, Test MAPE: 13.0825, Test WMAPE: 0.0602
Evaluate best model on test data for horizon 4, Test MAE: 11.8956, Test RMSE: 51.7029, Test MAPE: 14.4489, Test WMAPE: 0.0691
Evaluate best model on test data for horizon 5, Test MAE: 13.0927, Test RMSE: 55.9200, Test MAPE: 15.8409, Test WMAPE: 0.0761
Evaluate best model on test data for horizon 6, Test MAE: 13.2847, Test RMSE: 49.2051, Test MAPE: 16.7257, Test WMAPE: 0.0772
Evaluate best model on test data for horizon 7, Test MAE: 14.0541, Test RMSE: 50.8916, Test MAPE: 16.9287, Test WMAPE: 0.0817
Evaluate best model on test data for horizon 8, Test MAE: 14.8211, Test RMSE: 54.2346, Test MAPE: 16.9821, Test WMAPE: 0.0862
Evaluate best model on test data for horizon 9, Test MAE: 15.1062, Test RMSE: 52.9610, Test MAPE: 17.0250, Test WMAPE: 0.0879
Evaluate best model on test data for horizon 10, Test MAE: 15.0852, Test RMSE: 49.6487, Test MAPE: 16.9246, Test WMAPE: 0.0877
Evaluate best model on test data for horizon 11, Test MAE: 15.8157, Test RMSE: 54.9288, Test MAPE: 17.1045, Test WMAPE: 0.0920
Evaluate best model on test data for horizon 12, Test MAE: 15.9078, Test RMSE: 53.7408, Test MAPE: 17.1615, Test WMAPE: 0.0925
On average over 12 horizons, Test MAE: 13.2328, Test RMSE: 52.6690, Test MAPE: 14.9532, Test WMAPE: 0.0769
No update
Iter: 000, Train Loss: 6.4949, Train RMSE: 13.6667, Train MAPE: 0.9686, Train WMAPE: 0.0361
Iter: 050, Train Loss: 6.8573, Train RMSE: 13.9394, Train MAPE: 1.1392, Train WMAPE: 0.0376
Epoch: 124, Training Time: 14.3802 secs
Epoch: 124, Inference Time: 1.9079 secs
Epoch: 124, Train Loss: 6.4959, Train RMSE: 13.8130, Train MAPE: 1.3157, Train WMAPE: 0.0363, 
Epoch: 124, Valid Loss: 10.8178, Valid RMSE: 40.5435, Valid MAPE: 4.2054, Valid WMAPE: 0.0621
No update
Iter: 000, Train Loss: 6.6455, Train RMSE: 13.7684, Train MAPE: 1.4843, Train WMAPE: 0.0369
Iter: 050, Train Loss: 6.7173, Train RMSE: 13.9452, Train MAPE: 0.9906, Train WMAPE: 0.0368
Epoch: 125, Training Time: 14.8763 secs
Epoch: 125, Inference Time: 1.8803 secs
Epoch: 125, Train Loss: 6.4852, Train RMSE: 13.7329, Train MAPE: 1.3126, Train WMAPE: 0.0363, 
Epoch: 125, Valid Loss: 10.6531, Valid RMSE: 40.6372, Valid MAPE: 2.7256, Valid WMAPE: 0.0612
###Update tasks appear###
Evaluate best model on test data for horizon 1, Test MAE: 9.1050, Test RMSE: 61.3191, Test MAPE: 6.6483, Test WMAPE: 0.0529
Evaluate best model on test data for horizon 2, Test MAE: 9.9668, Test RMSE: 53.7241, Test MAPE: 10.6226, Test WMAPE: 0.0579
Evaluate best model on test data for horizon 3, Test MAE: 10.2671, Test RMSE: 43.4133, Test MAPE: 13.1320, Test WMAPE: 0.0596
Evaluate best model on test data for horizon 4, Test MAE: 11.8289, Test RMSE: 51.6527, Test MAPE: 14.5435, Test WMAPE: 0.0687
Evaluate best model on test data for horizon 5, Test MAE: 13.0643, Test RMSE: 56.0024, Test MAPE: 15.8214, Test WMAPE: 0.0759
Evaluate best model on test data for horizon 6, Test MAE: 13.2555, Test RMSE: 49.1272, Test MAPE: 16.6695, Test WMAPE: 0.0770
Evaluate best model on test data for horizon 7, Test MAE: 14.0220, Test RMSE: 50.8998, Test MAPE: 16.9241, Test WMAPE: 0.0815
Evaluate best model on test data for horizon 8, Test MAE: 14.7587, Test RMSE: 54.1477, Test MAPE: 17.0089, Test WMAPE: 0.0858
Evaluate best model on test data for horizon 9, Test MAE: 15.0365, Test RMSE: 52.7883, Test MAPE: 17.0813, Test WMAPE: 0.0875
Evaluate best model on test data for horizon 10, Test MAE: 15.0219, Test RMSE: 49.6390, Test MAPE: 17.0119, Test WMAPE: 0.0874
Evaluate best model on test data for horizon 11, Test MAE: 15.7097, Test RMSE: 54.8746, Test MAPE: 17.1303, Test WMAPE: 0.0914
Evaluate best model on test data for horizon 12, Test MAE: 15.8185, Test RMSE: 53.8229, Test MAPE: 17.3010, Test WMAPE: 0.0920
On average over 12 horizons, Test MAE: 13.1546, Test RMSE: 52.6176, Test MAPE: 14.9912, Test WMAPE: 0.0765
Test low! Updating! Test Loss: 13.15456748008728, Test low! Updating! Valid Loss: 10.653078147343226, epoch:  125
Iter: 000, Train Loss: 6.5162, Train RMSE: 13.6476, Train MAPE: 0.8280, Train WMAPE: 0.0362
Iter: 050, Train Loss: 6.7422, Train RMSE: 13.6322, Train MAPE: 0.9586, Train WMAPE: 0.0370
Epoch: 126, Training Time: 14.6576 secs
Epoch: 126, Inference Time: 1.9007 secs
Epoch: 126, Train Loss: 6.5347, Train RMSE: 13.8075, Train MAPE: 1.2485, Train WMAPE: 0.0365, 
Epoch: 126, Valid Loss: 10.7207, Valid RMSE: 40.5619, Valid MAPE: 3.8768, Valid WMAPE: 0.0616
No update
Iter: 000, Train Loss: 6.5143, Train RMSE: 13.6989, Train MAPE: 1.3198, Train WMAPE: 0.0362
Iter: 050, Train Loss: 7.0583, Train RMSE: 14.8246, Train MAPE: 0.9795, Train WMAPE: 0.0387
Epoch: 127, Training Time: 15.1764 secs
Epoch: 127, Inference Time: 1.8792 secs
Epoch: 127, Train Loss: 6.5684, Train RMSE: 13.9646, Train MAPE: 1.2894, Train WMAPE: 0.0367, 
Epoch: 127, Valid Loss: 10.5441, Valid RMSE: 40.3450, Valid MAPE: 2.2345, Valid WMAPE: 0.0606
###Update tasks appear###
Evaluate best model on test data for horizon 1, Test MAE: 9.1281, Test RMSE: 61.0560, Test MAPE: 6.9750, Test WMAPE: 0.0530
Evaluate best model on test data for horizon 2, Test MAE: 10.0078, Test RMSE: 53.4801, Test MAPE: 10.7555, Test WMAPE: 0.0581
Evaluate best model on test data for horizon 3, Test MAE: 10.2787, Test RMSE: 43.1578, Test MAPE: 13.2722, Test WMAPE: 0.0597
Evaluate best model on test data for horizon 4, Test MAE: 11.7792, Test RMSE: 51.2349, Test MAPE: 14.6700, Test WMAPE: 0.0684
Evaluate best model on test data for horizon 5, Test MAE: 12.9660, Test RMSE: 55.5240, Test MAPE: 16.0082, Test WMAPE: 0.0753
Evaluate best model on test data for horizon 6, Test MAE: 13.0999, Test RMSE: 48.6426, Test MAPE: 16.7851, Test WMAPE: 0.0761
Evaluate best model on test data for horizon 7, Test MAE: 13.8597, Test RMSE: 50.3912, Test MAPE: 17.0637, Test WMAPE: 0.0806
Evaluate best model on test data for horizon 8, Test MAE: 14.5874, Test RMSE: 53.6627, Test MAPE: 17.1313, Test WMAPE: 0.0848
Evaluate best model on test data for horizon 9, Test MAE: 14.8317, Test RMSE: 52.2884, Test MAPE: 17.2438, Test WMAPE: 0.0863
Evaluate best model on test data for horizon 10, Test MAE: 14.7806, Test RMSE: 49.0673, Test MAPE: 17.1038, Test WMAPE: 0.0860
Evaluate best model on test data for horizon 11, Test MAE: 15.5507, Test RMSE: 54.3809, Test MAPE: 17.3872, Test WMAPE: 0.0905
Evaluate best model on test data for horizon 12, Test MAE: 15.7210, Test RMSE: 53.3022, Test MAPE: 17.4456, Test WMAPE: 0.0915
On average over 12 horizons, Test MAE: 13.0492, Test RMSE: 52.1823, Test MAPE: 15.1535, Test WMAPE: 0.0759
Test low! Updating! Test Loss: 13.049232880274454, Test low! Updating! Valid Loss: 10.544100080217634, epoch:  127
Iter: 000, Train Loss: 6.6215, Train RMSE: 14.0167, Train MAPE: 0.7491, Train WMAPE: 0.0368
Iter: 050, Train Loss: 6.5289, Train RMSE: 13.4812, Train MAPE: 0.9292, Train WMAPE: 0.0358
Epoch: 128, Training Time: 14.9534 secs
Epoch: 128, Inference Time: 1.8947 secs
Epoch: 128, Train Loss: 6.4589, Train RMSE: 13.7205, Train MAPE: 1.3103, Train WMAPE: 0.0361, 
Epoch: 128, Valid Loss: 10.5660, Valid RMSE: 40.3733, Valid MAPE: 3.4852, Valid WMAPE: 0.0607
No update
Iter: 000, Train Loss: 6.4868, Train RMSE: 13.5905, Train MAPE: 1.2076, Train WMAPE: 0.0360
Iter: 050, Train Loss: 6.5404, Train RMSE: 13.6311, Train MAPE: 1.0196, Train WMAPE: 0.0359
Epoch: 129, Training Time: 14.7154 secs
Epoch: 129, Inference Time: 1.8781 secs
Epoch: 129, Train Loss: 6.4223, Train RMSE: 13.6619, Train MAPE: 1.2916, Train WMAPE: 0.0359, 
Epoch: 129, Valid Loss: 10.5840, Valid RMSE: 40.6191, Valid MAPE: 2.7877, Valid WMAPE: 0.0608
No update
Iter: 000, Train Loss: 6.5161, Train RMSE: 13.7560, Train MAPE: 1.0540, Train WMAPE: 0.0362
Iter: 050, Train Loss: 6.6216, Train RMSE: 13.5008, Train MAPE: 1.3347, Train WMAPE: 0.0363
Epoch: 130, Training Time: 14.9806 secs
Epoch: 130, Inference Time: 1.9147 secs
Epoch: 130, Train Loss: 6.4300, Train RMSE: 13.7039, Train MAPE: 1.1480, Train WMAPE: 0.0360, 
Epoch: 130, Valid Loss: 10.6173, Valid RMSE: 40.4585, Valid MAPE: 2.3686, Valid WMAPE: 0.0610
No update
Iter: 000, Train Loss: 6.4156, Train RMSE: 13.4679, Train MAPE: 0.9444, Train WMAPE: 0.0356
Iter: 050, Train Loss: 6.8340, Train RMSE: 13.9895, Train MAPE: 0.9235, Train WMAPE: 0.0375
Epoch: 131, Training Time: 14.9755 secs
Epoch: 131, Inference Time: 1.8057 secs
Epoch: 131, Train Loss: 6.4652, Train RMSE: 13.8600, Train MAPE: 1.0138, Train WMAPE: 0.0362, 
Epoch: 131, Valid Loss: 10.7765, Valid RMSE: 40.6746, Valid MAPE: 2.8098, Valid WMAPE: 0.0619
No update
Iter: 000, Train Loss: 6.5055, Train RMSE: 13.5771, Train MAPE: 1.0463, Train WMAPE: 0.0361
Iter: 050, Train Loss: 6.7732, Train RMSE: 14.3767, Train MAPE: 0.8250, Train WMAPE: 0.0371
Epoch: 132, Training Time: 14.8086 secs
Epoch: 132, Inference Time: 1.7829 secs
Epoch: 132, Train Loss: 6.4578, Train RMSE: 13.8038, Train MAPE: 1.0873, Train WMAPE: 0.0361, 
Epoch: 132, Valid Loss: 10.5605, Valid RMSE: 40.4279, Valid MAPE: 2.9389, Valid WMAPE: 0.0606
No update
Iter: 000, Train Loss: 6.3769, Train RMSE: 13.5590, Train MAPE: 0.9759, Train WMAPE: 0.0354
Iter: 050, Train Loss: 6.4804, Train RMSE: 13.2523, Train MAPE: 0.7419, Train WMAPE: 0.0355
Epoch: 133, Training Time: 14.8739 secs
Epoch: 133, Inference Time: 1.9106 secs
Epoch: 133, Train Loss: 6.3986, Train RMSE: 13.6916, Train MAPE: 1.0465, Train WMAPE: 0.0358, 
Epoch: 133, Valid Loss: 10.7738, Valid RMSE: 40.2839, Valid MAPE: 2.6487, Valid WMAPE: 0.0619
No update
Iter: 000, Train Loss: 6.9800, Train RMSE: 14.4154, Train MAPE: 0.8402, Train WMAPE: 0.0388
Iter: 050, Train Loss: 6.8485, Train RMSE: 14.2873, Train MAPE: 0.5996, Train WMAPE: 0.0376
Epoch: 134, Training Time: 14.7029 secs
Epoch: 134, Inference Time: 1.9680 secs
Epoch: 134, Train Loss: 6.4513, Train RMSE: 13.8269, Train MAPE: 1.0363, Train WMAPE: 0.0361, 
Epoch: 134, Valid Loss: 10.8251, Valid RMSE: 40.6110, Valid MAPE: 2.9786, Valid WMAPE: 0.0622
No update
Iter: 000, Train Loss: 7.0669, Train RMSE: 14.7443, Train MAPE: 0.9542, Train WMAPE: 0.0392
Iter: 050, Train Loss: 6.2830, Train RMSE: 12.9601, Train MAPE: 0.7290, Train WMAPE: 0.0345
Epoch: 135, Training Time: 14.6728 secs
Epoch: 135, Inference Time: 1.9878 secs
Epoch: 135, Train Loss: 6.3616, Train RMSE: 13.6676, Train MAPE: 1.0045, Train WMAPE: 0.0356, 
Epoch: 135, Valid Loss: 10.5637, Valid RMSE: 40.2995, Valid MAPE: 3.1155, Valid WMAPE: 0.0607
No update
Iter: 000, Train Loss: 6.5012, Train RMSE: 13.6754, Train MAPE: 1.0000, Train WMAPE: 0.0361
Iter: 050, Train Loss: 6.6467, Train RMSE: 13.4689, Train MAPE: 0.8886, Train WMAPE: 0.0364
Epoch: 136, Training Time: 14.8663 secs
Epoch: 136, Inference Time: 1.8382 secs
Epoch: 136, Train Loss: 6.4371, Train RMSE: 13.8633, Train MAPE: 1.0068, Train WMAPE: 0.0360, 
Epoch: 136, Valid Loss: 10.7790, Valid RMSE: 40.5961, Valid MAPE: 3.1079, Valid WMAPE: 0.0619
No update
Iter: 000, Train Loss: 6.8807, Train RMSE: 14.5311, Train MAPE: 1.0144, Train WMAPE: 0.0382
Iter: 050, Train Loss: 6.4174, Train RMSE: 13.0462, Train MAPE: 0.6492, Train WMAPE: 0.0352
Epoch: 137, Training Time: 15.0374 secs
Epoch: 137, Inference Time: 1.8458 secs
Epoch: 137, Train Loss: 6.3796, Train RMSE: 13.6970, Train MAPE: 1.0046, Train WMAPE: 0.0357, 
Epoch: 137, Valid Loss: 10.7916, Valid RMSE: 40.5533, Valid MAPE: 2.4047, Valid WMAPE: 0.0620
No update
Iter: 000, Train Loss: 6.7483, Train RMSE: 14.2309, Train MAPE: 0.8624, Train WMAPE: 0.0375
Iter: 050, Train Loss: 6.5710, Train RMSE: 13.4246, Train MAPE: 0.7636, Train WMAPE: 0.0360
Epoch: 138, Training Time: 14.8778 secs
Epoch: 138, Inference Time: 1.9110 secs
Epoch: 138, Train Loss: 6.3720, Train RMSE: 13.6438, Train MAPE: 1.0187, Train WMAPE: 0.0356, 
Epoch: 138, Valid Loss: 10.5353, Valid RMSE: 40.0725, Valid MAPE: 2.2628, Valid WMAPE: 0.0605
###Update tasks appear###
Evaluate best model on test data for horizon 1, Test MAE: 9.1283, Test RMSE: 60.9046, Test MAPE: 6.7473, Test WMAPE: 0.0530
Evaluate best model on test data for horizon 2, Test MAE: 9.9968, Test RMSE: 53.0867, Test MAPE: 10.8490, Test WMAPE: 0.0580
Evaluate best model on test data for horizon 3, Test MAE: 10.3397, Test RMSE: 42.6965, Test MAPE: 13.4135, Test WMAPE: 0.0601
Evaluate best model on test data for horizon 4, Test MAE: 11.8620, Test RMSE: 51.2638, Test MAPE: 14.7023, Test WMAPE: 0.0689
Evaluate best model on test data for horizon 5, Test MAE: 13.1144, Test RMSE: 55.4098, Test MAPE: 15.9015, Test WMAPE: 0.0762
Evaluate best model on test data for horizon 6, Test MAE: 13.2029, Test RMSE: 48.0727, Test MAPE: 16.7084, Test WMAPE: 0.0767
Evaluate best model on test data for horizon 7, Test MAE: 14.0443, Test RMSE: 50.1058, Test MAPE: 16.9742, Test WMAPE: 0.0817
Evaluate best model on test data for horizon 8, Test MAE: 14.8258, Test RMSE: 53.6810, Test MAPE: 17.0491, Test WMAPE: 0.0862
Evaluate best model on test data for horizon 9, Test MAE: 15.0861, Test RMSE: 52.2028, Test MAPE: 17.3495, Test WMAPE: 0.0877
Evaluate best model on test data for horizon 10, Test MAE: 15.0573, Test RMSE: 49.1100, Test MAPE: 17.2353, Test WMAPE: 0.0876
Evaluate best model on test data for horizon 11, Test MAE: 15.8120, Test RMSE: 54.8674, Test MAPE: 17.3875, Test WMAPE: 0.0920
Evaluate best model on test data for horizon 12, Test MAE: 15.8452, Test RMSE: 53.6044, Test MAPE: 17.4109, Test WMAPE: 0.0922
On average over 12 horizons, Test MAE: 13.1929, Test RMSE: 52.0838, Test MAPE: 15.1441, Test WMAPE: 0.0767
No update
Iter: 000, Train Loss: 6.3077, Train RMSE: 13.3460, Train MAPE: 0.7521, Train WMAPE: 0.0350
Iter: 050, Train Loss: 6.4079, Train RMSE: 13.1753, Train MAPE: 0.8421, Train WMAPE: 0.0351
Epoch: 139, Training Time: 15.3626 secs
Epoch: 139, Inference Time: 1.8984 secs
Epoch: 139, Train Loss: 6.2871, Train RMSE: 13.4583, Train MAPE: 0.9916, Train WMAPE: 0.0352, 
Epoch: 139, Valid Loss: 10.6588, Valid RMSE: 40.0677, Valid MAPE: 3.2948, Valid WMAPE: 0.0612
No update
Iter: 000, Train Loss: 6.6306, Train RMSE: 13.9410, Train MAPE: 0.9467, Train WMAPE: 0.0368
Iter: 050, Train Loss: 6.2340, Train RMSE: 12.7301, Train MAPE: 0.6650, Train WMAPE: 0.0342
Epoch: 140, Training Time: 14.8161 secs
Epoch: 140, Inference Time: 1.8853 secs
Epoch: 140, Train Loss: 6.2834, Train RMSE: 13.4824, Train MAPE: 1.0094, Train WMAPE: 0.0351, 
Epoch: 140, Valid Loss: 10.5289, Valid RMSE: 40.0564, Valid MAPE: 2.6344, Valid WMAPE: 0.0605
###Update tasks appear###
Evaluate best model on test data for horizon 1, Test MAE: 9.0603, Test RMSE: 60.9614, Test MAPE: 6.9575, Test WMAPE: 0.0526
Evaluate best model on test data for horizon 2, Test MAE: 9.9528, Test RMSE: 53.0418, Test MAPE: 10.9223, Test WMAPE: 0.0578
Evaluate best model on test data for horizon 3, Test MAE: 10.2345, Test RMSE: 42.7664, Test MAPE: 13.3997, Test WMAPE: 0.0594
Evaluate best model on test data for horizon 4, Test MAE: 12.0439, Test RMSE: 51.2678, Test MAPE: 14.9824, Test WMAPE: 0.0700
Evaluate best model on test data for horizon 5, Test MAE: 13.0088, Test RMSE: 55.3974, Test MAPE: 15.8231, Test WMAPE: 0.0756
Evaluate best model on test data for horizon 6, Test MAE: 13.1685, Test RMSE: 48.1392, Test MAPE: 16.5854, Test WMAPE: 0.0765
Evaluate best model on test data for horizon 7, Test MAE: 14.0362, Test RMSE: 50.2848, Test MAPE: 16.7853, Test WMAPE: 0.0816
Evaluate best model on test data for horizon 8, Test MAE: 14.8326, Test RMSE: 53.6494, Test MAPE: 16.8599, Test WMAPE: 0.0863
Evaluate best model on test data for horizon 9, Test MAE: 15.0283, Test RMSE: 52.0690, Test MAPE: 16.8867, Test WMAPE: 0.0874
Evaluate best model on test data for horizon 10, Test MAE: 14.9857, Test RMSE: 49.2795, Test MAPE: 16.8426, Test WMAPE: 0.0872
Evaluate best model on test data for horizon 11, Test MAE: 15.6746, Test RMSE: 54.5644, Test MAPE: 17.0324, Test WMAPE: 0.0912
Evaluate best model on test data for horizon 12, Test MAE: 15.7335, Test RMSE: 53.5851, Test MAPE: 17.1897, Test WMAPE: 0.0915
On average over 12 horizons, Test MAE: 13.1466, Test RMSE: 52.0839, Test MAPE: 15.0222, Test WMAPE: 0.0764
No update
Iter: 000, Train Loss: 6.5596, Train RMSE: 13.8095, Train MAPE: 0.8492, Train WMAPE: 0.0364
Iter: 050, Train Loss: 6.2331, Train RMSE: 12.8376, Train MAPE: 0.7455, Train WMAPE: 0.0342
Epoch: 141, Training Time: 14.4583 secs
Epoch: 141, Inference Time: 1.8020 secs
Epoch: 141, Train Loss: 6.2541, Train RMSE: 13.4275, Train MAPE: 0.9886, Train WMAPE: 0.0350, 
Epoch: 141, Valid Loss: 10.5959, Valid RMSE: 40.1543, Valid MAPE: 2.9195, Valid WMAPE: 0.0608
No update
Iter: 000, Train Loss: 6.4709, Train RMSE: 13.7569, Train MAPE: 0.9401, Train WMAPE: 0.0359
Iter: 050, Train Loss: 6.3820, Train RMSE: 13.1912, Train MAPE: 0.7562, Train WMAPE: 0.0350
Epoch: 142, Training Time: 14.1065 secs
Epoch: 142, Inference Time: 1.8552 secs
Epoch: 142, Train Loss: 6.2902, Train RMSE: 13.5056, Train MAPE: 0.9993, Train WMAPE: 0.0352, 
Epoch: 142, Valid Loss: 10.5429, Valid RMSE: 39.8064, Valid MAPE: 2.0645, Valid WMAPE: 0.0605
###Update tasks appear###
Evaluate best model on test data for horizon 1, Test MAE: 9.3876, Test RMSE: 60.9132, Test MAPE: 6.8810, Test WMAPE: 0.0545
Evaluate best model on test data for horizon 2, Test MAE: 10.2106, Test RMSE: 52.7322, Test MAPE: 11.0165, Test WMAPE: 0.0593
Evaluate best model on test data for horizon 3, Test MAE: 10.4380, Test RMSE: 42.4613, Test MAPE: 13.3916, Test WMAPE: 0.0606
Evaluate best model on test data for horizon 4, Test MAE: 11.8956, Test RMSE: 51.1515, Test MAPE: 14.6670, Test WMAPE: 0.0691
Evaluate best model on test data for horizon 5, Test MAE: 13.2139, Test RMSE: 55.0980, Test MAPE: 15.9220, Test WMAPE: 0.0768
Evaluate best model on test data for horizon 6, Test MAE: 13.2559, Test RMSE: 47.8560, Test MAPE: 16.6878, Test WMAPE: 0.0770
Evaluate best model on test data for horizon 7, Test MAE: 13.9266, Test RMSE: 49.7604, Test MAPE: 17.1919, Test WMAPE: 0.0810
Evaluate best model on test data for horizon 8, Test MAE: 14.6091, Test RMSE: 52.9129, Test MAPE: 16.9951, Test WMAPE: 0.0850
Evaluate best model on test data for horizon 9, Test MAE: 14.8237, Test RMSE: 51.5092, Test MAPE: 17.3018, Test WMAPE: 0.0862
Evaluate best model on test data for horizon 10, Test MAE: 14.8095, Test RMSE: 48.7040, Test MAPE: 17.1530, Test WMAPE: 0.0861
Evaluate best model on test data for horizon 11, Test MAE: 15.4827, Test RMSE: 53.6992, Test MAPE: 17.4991, Test WMAPE: 0.0901
Evaluate best model on test data for horizon 12, Test MAE: 15.5261, Test RMSE: 52.7445, Test MAPE: 17.7112, Test WMAPE: 0.0903
On average over 12 horizons, Test MAE: 13.1316, Test RMSE: 51.6285, Test MAPE: 15.2015, Test WMAPE: 0.0763
No update
Iter: 000, Train Loss: 6.4312, Train RMSE: 13.4777, Train MAPE: 0.7027, Train WMAPE: 0.0357
Iter: 050, Train Loss: 6.3987, Train RMSE: 13.0587, Train MAPE: 0.7339, Train WMAPE: 0.0351
Epoch: 143, Training Time: 14.8884 secs
Epoch: 143, Inference Time: 1.9910 secs
Epoch: 143, Train Loss: 6.2591, Train RMSE: 13.4198, Train MAPE: 1.0082, Train WMAPE: 0.0350, 
Epoch: 143, Valid Loss: 10.4332, Valid RMSE: 39.6479, Valid MAPE: 2.0179, Valid WMAPE: 0.0599
###Update tasks appear###
Evaluate best model on test data for horizon 1, Test MAE: 9.2053, Test RMSE: 60.6879, Test MAPE: 7.0156, Test WMAPE: 0.0534
Evaluate best model on test data for horizon 2, Test MAE: 9.9490, Test RMSE: 52.5948, Test MAPE: 11.1059, Test WMAPE: 0.0578
Evaluate best model on test data for horizon 3, Test MAE: 10.2007, Test RMSE: 42.4449, Test MAPE: 13.3525, Test WMAPE: 0.0592
Evaluate best model on test data for horizon 4, Test MAE: 11.7079, Test RMSE: 50.8954, Test MAPE: 14.8557, Test WMAPE: 0.0680
Evaluate best model on test data for horizon 5, Test MAE: 12.9241, Test RMSE: 54.8525, Test MAPE: 15.8772, Test WMAPE: 0.0751
Evaluate best model on test data for horizon 6, Test MAE: 12.9796, Test RMSE: 47.4778, Test MAPE: 16.3413, Test WMAPE: 0.0754
Evaluate best model on test data for horizon 7, Test MAE: 13.7116, Test RMSE: 49.2728, Test MAPE: 16.6064, Test WMAPE: 0.0797
Evaluate best model on test data for horizon 8, Test MAE: 14.4469, Test RMSE: 52.6630, Test MAPE: 16.6887, Test WMAPE: 0.0840
Evaluate best model on test data for horizon 9, Test MAE: 14.6317, Test RMSE: 51.1385, Test MAPE: 16.8511, Test WMAPE: 0.0851
Evaluate best model on test data for horizon 10, Test MAE: 14.5633, Test RMSE: 48.1968, Test MAPE: 16.8276, Test WMAPE: 0.0847
Evaluate best model on test data for horizon 11, Test MAE: 15.2400, Test RMSE: 53.3344, Test MAPE: 17.3507, Test WMAPE: 0.0887
Evaluate best model on test data for horizon 12, Test MAE: 15.2889, Test RMSE: 52.4696, Test MAPE: 17.3025, Test WMAPE: 0.0889
On average over 12 horizons, Test MAE: 12.9041, Test RMSE: 51.3357, Test MAPE: 15.0146, Test WMAPE: 0.0750
Test low! Updating! Test Loss: 12.904076099395752, Test low! Updating! Valid Loss: 10.43323370388576, epoch:  143
Iter: 000, Train Loss: 6.3024, Train RMSE: 13.3879, Train MAPE: 0.6838, Train WMAPE: 0.0350
Iter: 050, Train Loss: 6.3673, Train RMSE: 12.8371, Train MAPE: 1.0018, Train WMAPE: 0.0349
Epoch: 144, Training Time: 14.3667 secs
Epoch: 144, Inference Time: 1.8863 secs
Epoch: 144, Train Loss: 6.2417, Train RMSE: 13.3887, Train MAPE: 1.0276, Train WMAPE: 0.0349, 
Epoch: 144, Valid Loss: 10.5141, Valid RMSE: 40.1030, Valid MAPE: 2.3096, Valid WMAPE: 0.0604
No update
Iter: 000, Train Loss: 6.3675, Train RMSE: 13.5443, Train MAPE: 0.8286, Train WMAPE: 0.0354
Iter: 050, Train Loss: 6.2748, Train RMSE: 12.8833, Train MAPE: 0.7422, Train WMAPE: 0.0344
Epoch: 145, Training Time: 14.9880 secs
Epoch: 145, Inference Time: 1.8887 secs
Epoch: 145, Train Loss: 6.2354, Train RMSE: 13.4138, Train MAPE: 0.9927, Train WMAPE: 0.0349, 
Epoch: 145, Valid Loss: 10.6230, Valid RMSE: 39.8400, Valid MAPE: 3.2168, Valid WMAPE: 0.0610
No update
Iter: 000, Train Loss: 6.5872, Train RMSE: 14.0010, Train MAPE: 1.0855, Train WMAPE: 0.0366
Iter: 050, Train Loss: 6.2841, Train RMSE: 12.8029, Train MAPE: 0.7464, Train WMAPE: 0.0345
Epoch: 146, Training Time: 14.8598 secs
Epoch: 146, Inference Time: 1.8462 secs
Epoch: 146, Train Loss: 6.1861, Train RMSE: 13.3192, Train MAPE: 0.9560, Train WMAPE: 0.0346, 
Epoch: 146, Valid Loss: 10.5594, Valid RMSE: 39.6710, Valid MAPE: 2.7385, Valid WMAPE: 0.0606
No update
Iter: 000, Train Loss: 6.4136, Train RMSE: 13.4847, Train MAPE: 0.9697, Train WMAPE: 0.0356
Iter: 050, Train Loss: 6.1756, Train RMSE: 12.8709, Train MAPE: 0.5716, Train WMAPE: 0.0339
Epoch: 147, Training Time: 14.7792 secs
Epoch: 147, Inference Time: 1.9089 secs
Epoch: 147, Train Loss: 6.1968, Train RMSE: 13.3358, Train MAPE: 1.0131, Train WMAPE: 0.0347, 
Epoch: 147, Valid Loss: 10.7701, Valid RMSE: 39.6691, Valid MAPE: 4.0200, Valid WMAPE: 0.0618
No update
Iter: 000, Train Loss: 6.7178, Train RMSE: 13.9705, Train MAPE: 1.4483, Train WMAPE: 0.0373
Iter: 050, Train Loss: 6.3629, Train RMSE: 12.9358, Train MAPE: 0.8506, Train WMAPE: 0.0349
Epoch: 148, Training Time: 14.9673 secs
Epoch: 148, Inference Time: 1.8864 secs
Epoch: 148, Train Loss: 6.2603, Train RMSE: 13.4751, Train MAPE: 0.9435, Train WMAPE: 0.0350, 
Epoch: 148, Valid Loss: 10.8800, Valid RMSE: 40.3849, Valid MAPE: 2.6600, Valid WMAPE: 0.0625
No update
Iter: 000, Train Loss: 6.6787, Train RMSE: 13.7741, Train MAPE: 0.9852, Train WMAPE: 0.0371
Iter: 050, Train Loss: 6.3000, Train RMSE: 12.9359, Train MAPE: 0.6046, Train WMAPE: 0.0345
Epoch: 149, Training Time: 14.5991 secs
Epoch: 149, Inference Time: 2.0758 secs
Epoch: 149, Train Loss: 6.2218, Train RMSE: 13.3324, Train MAPE: 0.9825, Train WMAPE: 0.0348, 
Epoch: 149, Valid Loss: 10.3937, Valid RMSE: 39.8739, Valid MAPE: 1.9763, Valid WMAPE: 0.0597
###Update tasks appear###
Evaluate best model on test data for horizon 1, Test MAE: 9.0996, Test RMSE: 60.6343, Test MAPE: 6.8775, Test WMAPE: 0.0528
Evaluate best model on test data for horizon 2, Test MAE: 9.8867, Test RMSE: 52.7295, Test MAPE: 10.9639, Test WMAPE: 0.0574
Evaluate best model on test data for horizon 3, Test MAE: 10.1868, Test RMSE: 42.8003, Test MAPE: 13.5007, Test WMAPE: 0.0592
Evaluate best model on test data for horizon 4, Test MAE: 11.7530, Test RMSE: 51.1908, Test MAPE: 15.0180, Test WMAPE: 0.0683
Evaluate best model on test data for horizon 5, Test MAE: 12.9031, Test RMSE: 55.1499, Test MAPE: 15.8964, Test WMAPE: 0.0750
Evaluate best model on test data for horizon 6, Test MAE: 13.0241, Test RMSE: 47.9466, Test MAPE: 16.4343, Test WMAPE: 0.0757
Evaluate best model on test data for horizon 7, Test MAE: 13.8018, Test RMSE: 49.7462, Test MAPE: 16.7935, Test WMAPE: 0.0802
Evaluate best model on test data for horizon 8, Test MAE: 14.5001, Test RMSE: 52.8930, Test MAPE: 16.7955, Test WMAPE: 0.0843
Evaluate best model on test data for horizon 9, Test MAE: 14.7689, Test RMSE: 51.7449, Test MAPE: 16.7115, Test WMAPE: 0.0859
Evaluate best model on test data for horizon 10, Test MAE: 14.7098, Test RMSE: 48.9386, Test MAPE: 16.5595, Test WMAPE: 0.0856
Evaluate best model on test data for horizon 11, Test MAE: 15.3174, Test RMSE: 53.7425, Test MAPE: 16.7204, Test WMAPE: 0.0891
Evaluate best model on test data for horizon 12, Test MAE: 15.3299, Test RMSE: 52.8015, Test MAPE: 17.0046, Test WMAPE: 0.0892
On average over 12 horizons, Test MAE: 12.9401, Test RMSE: 51.6932, Test MAPE: 14.9397, Test WMAPE: 0.0752
No update
Iter: 000, Train Loss: 6.2549, Train RMSE: 13.2549, Train MAPE: 0.6622, Train WMAPE: 0.0347
Iter: 050, Train Loss: 6.1683, Train RMSE: 12.7928, Train MAPE: 0.7130, Train WMAPE: 0.0338
Epoch: 150, Training Time: 14.7980 secs
Epoch: 150, Inference Time: 1.9539 secs
Epoch: 150, Train Loss: 6.1667, Train RMSE: 13.1843, Train MAPE: 1.0799, Train WMAPE: 0.0345, 
Epoch: 150, Valid Loss: 10.4980, Valid RMSE: 39.5376, Valid MAPE: 3.3468, Valid WMAPE: 0.0603
No update
Iter: 000, Train Loss: 6.2161, Train RMSE: 13.0937, Train MAPE: 1.0114, Train WMAPE: 0.0345
Iter: 050, Train Loss: 6.4822, Train RMSE: 12.9024, Train MAPE: 1.4656, Train WMAPE: 0.0355
Epoch: 151, Training Time: 14.8852 secs
Epoch: 151, Inference Time: 1.9146 secs
Epoch: 151, Train Loss: 6.1668, Train RMSE: 13.1287, Train MAPE: 1.2090, Train WMAPE: 0.0345, 
Epoch: 151, Valid Loss: 10.6233, Valid RMSE: 39.3623, Valid MAPE: 4.4549, Valid WMAPE: 0.0610
No update
Iter: 000, Train Loss: 6.4388, Train RMSE: 13.2480, Train MAPE: 1.5908, Train WMAPE: 0.0357
Iter: 050, Train Loss: 6.2717, Train RMSE: 12.8505, Train MAPE: 0.8513, Train WMAPE: 0.0344
Epoch: 152, Training Time: 14.7705 secs
Epoch: 152, Inference Time: 1.9856 secs
Epoch: 152, Train Loss: 6.1459, Train RMSE: 13.0965, Train MAPE: 1.2085, Train WMAPE: 0.0344, 
Epoch: 152, Valid Loss: 10.5158, Valid RMSE: 39.7721, Valid MAPE: 3.1726, Valid WMAPE: 0.0604
No update
Iter: 000, Train Loss: 6.3087, Train RMSE: 13.3625, Train MAPE: 1.1119, Train WMAPE: 0.0350
Iter: 050, Train Loss: 6.1209, Train RMSE: 12.6163, Train MAPE: 0.6580, Train WMAPE: 0.0336
Epoch: 153, Training Time: 14.5034 secs
Epoch: 153, Inference Time: 1.8985 secs
Epoch: 153, Train Loss: 6.1571, Train RMSE: 13.1323, Train MAPE: 1.2095, Train WMAPE: 0.0344, 
Epoch: 153, Valid Loss: 10.4386, Valid RMSE: 39.9345, Valid MAPE: 2.2926, Valid WMAPE: 0.0599
No update
Iter: 000, Train Loss: 6.1926, Train RMSE: 13.1333, Train MAPE: 0.7584, Train WMAPE: 0.0344
Iter: 050, Train Loss: 6.4780, Train RMSE: 13.0802, Train MAPE: 1.1497, Train WMAPE: 0.0355
Epoch: 154, Training Time: 15.1461 secs
Epoch: 154, Inference Time: 1.8432 secs
Epoch: 154, Train Loss: 6.2085, Train RMSE: 13.2173, Train MAPE: 1.2082, Train WMAPE: 0.0347, 
Epoch: 154, Valid Loss: 10.6501, Valid RMSE: 39.6959, Valid MAPE: 5.0274, Valid WMAPE: 0.0612
No update
Iter: 000, Train Loss: 6.5116, Train RMSE: 13.1635, Train MAPE: 1.7877, Train WMAPE: 0.0362
Iter: 050, Train Loss: 6.2188, Train RMSE: 12.6561, Train MAPE: 0.7955, Train WMAPE: 0.0341
Epoch: 155, Training Time: 14.9744 secs
Epoch: 155, Inference Time: 1.7083 secs
Epoch: 155, Train Loss: 6.1639, Train RMSE: 13.1328, Train MAPE: 1.2209, Train WMAPE: 0.0345, 
Epoch: 155, Valid Loss: 10.4666, Valid RMSE: 39.9462, Valid MAPE: 2.5742, Valid WMAPE: 0.0601
No update
Iter: 000, Train Loss: 6.1347, Train RMSE: 12.9680, Train MAPE: 0.8195, Train WMAPE: 0.0341
Iter: 050, Train Loss: 6.1972, Train RMSE: 12.6253, Train MAPE: 0.5684, Train WMAPE: 0.0340
Epoch: 156, Training Time: 14.6445 secs
Epoch: 156, Inference Time: 1.9059 secs
Epoch: 156, Train Loss: 6.1526, Train RMSE: 13.1393, Train MAPE: 1.1509, Train WMAPE: 0.0344, 
Epoch: 156, Valid Loss: 10.5390, Valid RMSE: 39.6403, Valid MAPE: 3.1691, Valid WMAPE: 0.0605
No update
Iter: 000, Train Loss: 6.2341, Train RMSE: 13.0838, Train MAPE: 0.9750, Train WMAPE: 0.0346
Iter: 050, Train Loss: 6.0585, Train RMSE: 12.5844, Train MAPE: 0.5350, Train WMAPE: 0.0332
Epoch: 157, Training Time: 14.7011 secs
Epoch: 157, Inference Time: 1.9058 secs
Epoch: 157, Train Loss: 6.1772, Train RMSE: 13.2121, Train MAPE: 1.0164, Train WMAPE: 0.0345, 
Epoch: 157, Valid Loss: 10.4559, Valid RMSE: 39.9170, Valid MAPE: 2.7321, Valid WMAPE: 0.0600
No update
Iter: 000, Train Loss: 6.3165, Train RMSE: 13.2706, Train MAPE: 0.8683, Train WMAPE: 0.0351
Iter: 050, Train Loss: 6.1650, Train RMSE: 12.6930, Train MAPE: 0.7105, Train WMAPE: 0.0338
Epoch: 158, Training Time: 15.0778 secs
Epoch: 158, Inference Time: 1.9852 secs
Epoch: 158, Train Loss: 6.1339, Train RMSE: 13.1901, Train MAPE: 0.9591, Train WMAPE: 0.0343, 
Epoch: 158, Valid Loss: 10.5665, Valid RMSE: 39.9829, Valid MAPE: 3.1185, Valid WMAPE: 0.0607
No update
Iter: 000, Train Loss: 6.5749, Train RMSE: 13.8403, Train MAPE: 1.0434, Train WMAPE: 0.0365
Iter: 050, Train Loss: 5.9856, Train RMSE: 12.5142, Train MAPE: 0.5415, Train WMAPE: 0.0328
Epoch: 159, Training Time: 15.0331 secs
Epoch: 159, Inference Time: 1.9565 secs
Epoch: 159, Train Loss: 6.1492, Train RMSE: 13.2091, Train MAPE: 1.0228, Train WMAPE: 0.0344, 
Epoch: 159, Valid Loss: 10.4686, Valid RMSE: 40.0849, Valid MAPE: 3.0580, Valid WMAPE: 0.0601
No update
Iter: 000, Train Loss: 6.2982, Train RMSE: 13.3775, Train MAPE: 0.9860, Train WMAPE: 0.0350
Iter: 050, Train Loss: 6.3135, Train RMSE: 12.8626, Train MAPE: 0.7351, Train WMAPE: 0.0346
Epoch: 160, Training Time: 14.8912 secs
Epoch: 160, Inference Time: 1.7986 secs
Epoch: 160, Train Loss: 6.1218, Train RMSE: 13.1818, Train MAPE: 0.9588, Train WMAPE: 0.0342, 
Epoch: 160, Valid Loss: 10.8972, Valid RMSE: 40.4297, Valid MAPE: 2.6132, Valid WMAPE: 0.0626
No update
Iter: 000, Train Loss: 7.1665, Train RMSE: 16.3282, Train MAPE: 0.8261, Train WMAPE: 0.0398
Iter: 050, Train Loss: 6.1061, Train RMSE: 12.5925, Train MAPE: 0.5710, Train WMAPE: 0.0335
Epoch: 161, Training Time: 14.9770 secs
Epoch: 161, Inference Time: 1.9213 secs
Epoch: 161, Train Loss: 6.2155, Train RMSE: 13.3825, Train MAPE: 0.9631, Train WMAPE: 0.0348, 
Epoch: 161, Valid Loss: 10.4410, Valid RMSE: 40.0772, Valid MAPE: 2.5188, Valid WMAPE: 0.0600
No update
Iter: 000, Train Loss: 6.1172, Train RMSE: 13.0157, Train MAPE: 0.8459, Train WMAPE: 0.0340
Iter: 050, Train Loss: 6.2436, Train RMSE: 12.7204, Train MAPE: 0.7868, Train WMAPE: 0.0342
Epoch: 162, Training Time: 15.1793 secs
Epoch: 162, Inference Time: 1.8762 secs
Epoch: 162, Train Loss: 6.0967, Train RMSE: 13.0992, Train MAPE: 0.9292, Train WMAPE: 0.0341, 
Epoch: 162, Valid Loss: 10.5194, Valid RMSE: 39.8931, Valid MAPE: 2.5940, Valid WMAPE: 0.0604
No update
Iter: 000, Train Loss: 6.2248, Train RMSE: 13.2244, Train MAPE: 0.8555, Train WMAPE: 0.0346
Iter: 050, Train Loss: 6.1187, Train RMSE: 12.6309, Train MAPE: 0.6355, Train WMAPE: 0.0336
Epoch: 163, Training Time: 14.5997 secs
Epoch: 163, Inference Time: 1.8926 secs
Epoch: 163, Train Loss: 6.1077, Train RMSE: 13.1415, Train MAPE: 0.9507, Train WMAPE: 0.0342, 
Epoch: 163, Valid Loss: 10.5125, Valid RMSE: 40.1653, Valid MAPE: 2.1324, Valid WMAPE: 0.0604
No update
Iter: 000, Train Loss: 6.1254, Train RMSE: 12.9509, Train MAPE: 0.6424, Train WMAPE: 0.0340
Iter: 050, Train Loss: 6.1575, Train RMSE: 12.6852, Train MAPE: 0.5083, Train WMAPE: 0.0338
Epoch: 164, Training Time: 13.8330 secs
Epoch: 164, Inference Time: 1.7708 secs
Epoch: 164, Train Loss: 6.1300, Train RMSE: 13.2217, Train MAPE: 0.9493, Train WMAPE: 0.0343, 
Epoch: 164, Valid Loss: 10.4663, Valid RMSE: 39.9173, Valid MAPE: 2.3662, Valid WMAPE: 0.0601
No update
Iter: 000, Train Loss: 6.3481, Train RMSE: 13.7288, Train MAPE: 0.8130, Train WMAPE: 0.0352
Iter: 050, Train Loss: 5.9867, Train RMSE: 12.4080, Train MAPE: 0.6939, Train WMAPE: 0.0328
Epoch: 165, Training Time: 14.1004 secs
Epoch: 165, Inference Time: 1.7986 secs
Epoch: 165, Train Loss: 6.0571, Train RMSE: 13.0508, Train MAPE: 0.9360, Train WMAPE: 0.0339, 
Epoch: 165, Valid Loss: 10.4562, Valid RMSE: 39.7482, Valid MAPE: 3.0111, Valid WMAPE: 0.0600
No update
Iter: 000, Train Loss: 6.1826, Train RMSE: 12.9263, Train MAPE: 0.9605, Train WMAPE: 0.0343
Iter: 050, Train Loss: 6.1205, Train RMSE: 12.6017, Train MAPE: 0.6148, Train WMAPE: 0.0336
Epoch: 166, Training Time: 14.6773 secs
Epoch: 166, Inference Time: 1.8034 secs
Epoch: 166, Train Loss: 6.0855, Train RMSE: 13.1502, Train MAPE: 0.8778, Train WMAPE: 0.0340, 
Epoch: 166, Valid Loss: 10.7333, Valid RMSE: 40.2841, Valid MAPE: 1.9678, Valid WMAPE: 0.0616
No update
Iter: 000, Train Loss: 6.4614, Train RMSE: 13.5072, Train MAPE: 0.5807, Train WMAPE: 0.0359
Iter: 050, Train Loss: 6.1069, Train RMSE: 12.6740, Train MAPE: 0.5191, Train WMAPE: 0.0335
Epoch: 167, Training Time: 14.7361 secs
Epoch: 167, Inference Time: 1.8590 secs
Epoch: 167, Train Loss: 6.1228, Train RMSE: 13.0956, Train MAPE: 1.0529, Train WMAPE: 0.0342, 
Epoch: 167, Valid Loss: 10.4586, Valid RMSE: 39.5498, Valid MAPE: 3.6717, Valid WMAPE: 0.0601
No update
Iter: 000, Train Loss: 6.1719, Train RMSE: 12.9711, Train MAPE: 1.1665, Train WMAPE: 0.0343
Iter: 050, Train Loss: 6.1111, Train RMSE: 12.7269, Train MAPE: 0.7979, Train WMAPE: 0.0335
Epoch: 168, Training Time: 14.8813 secs
Epoch: 168, Inference Time: 1.9748 secs
Epoch: 168, Train Loss: 6.0705, Train RMSE: 13.0309, Train MAPE: 0.9616, Train WMAPE: 0.0339, 
Epoch: 168, Valid Loss: 10.4332, Valid RMSE: 39.9927, Valid MAPE: 2.3823, Valid WMAPE: 0.0599
###Update tasks appear###
Evaluate best model on test data for horizon 1, Test MAE: 9.0704, Test RMSE: 60.7715, Test MAPE: 7.4015, Test WMAPE: 0.0527
Evaluate best model on test data for horizon 2, Test MAE: 9.8859, Test RMSE: 52.7747, Test MAPE: 11.3263, Test WMAPE: 0.0574
Evaluate best model on test data for horizon 3, Test MAE: 10.4445, Test RMSE: 43.1815, Test MAPE: 13.7678, Test WMAPE: 0.0607
Evaluate best model on test data for horizon 4, Test MAE: 11.7734, Test RMSE: 51.4423, Test MAPE: 14.7512, Test WMAPE: 0.0684
Evaluate best model on test data for horizon 5, Test MAE: 12.9115, Test RMSE: 55.6231, Test MAPE: 15.9211, Test WMAPE: 0.0750
Evaluate best model on test data for horizon 6, Test MAE: 13.0218, Test RMSE: 48.6479, Test MAPE: 16.4781, Test WMAPE: 0.0757
Evaluate best model on test data for horizon 7, Test MAE: 13.7621, Test RMSE: 49.9957, Test MAPE: 16.8089, Test WMAPE: 0.0800
Evaluate best model on test data for horizon 8, Test MAE: 14.4415, Test RMSE: 53.1914, Test MAPE: 16.9516, Test WMAPE: 0.0840
Evaluate best model on test data for horizon 9, Test MAE: 14.6387, Test RMSE: 51.4746, Test MAPE: 17.0237, Test WMAPE: 0.0851
Evaluate best model on test data for horizon 10, Test MAE: 14.5754, Test RMSE: 48.5341, Test MAPE: 17.0967, Test WMAPE: 0.0848
Evaluate best model on test data for horizon 11, Test MAE: 15.3412, Test RMSE: 53.7804, Test MAPE: 17.1888, Test WMAPE: 0.0892
Evaluate best model on test data for horizon 12, Test MAE: 15.3101, Test RMSE: 52.8550, Test MAPE: 17.7545, Test WMAPE: 0.0891
On average over 12 horizons, Test MAE: 12.9314, Test RMSE: 51.8560, Test MAPE: 15.2058, Test WMAPE: 0.0752
No update
Iter: 000, Train Loss: 6.0649, Train RMSE: 12.8786, Train MAPE: 0.7730, Train WMAPE: 0.0337
Iter: 050, Train Loss: 5.9954, Train RMSE: 12.3454, Train MAPE: 0.6742, Train WMAPE: 0.0329
Epoch: 169, Training Time: 14.5696 secs
Epoch: 169, Inference Time: 1.9925 secs
Epoch: 169, Train Loss: 6.0146, Train RMSE: 12.9645, Train MAPE: 0.9495, Train WMAPE: 0.0336, 
Epoch: 169, Valid Loss: 10.4525, Valid RMSE: 39.8791, Valid MAPE: 2.6173, Valid WMAPE: 0.0600
No update
Iter: 000, Train Loss: 6.0991, Train RMSE: 12.8860, Train MAPE: 0.7997, Train WMAPE: 0.0339
Iter: 050, Train Loss: 5.9448, Train RMSE: 12.3477, Train MAPE: 0.6174, Train WMAPE: 0.0326
Epoch: 170, Training Time: 15.1870 secs
Epoch: 170, Inference Time: 1.9951 secs
Epoch: 170, Train Loss: 6.0369, Train RMSE: 12.8781, Train MAPE: 1.1740, Train WMAPE: 0.0338, 
Epoch: 170, Valid Loss: 10.5683, Valid RMSE: 39.9014, Valid MAPE: 3.4964, Valid WMAPE: 0.0607
No update
Iter: 000, Train Loss: 6.1966, Train RMSE: 12.9327, Train MAPE: 1.0828, Train WMAPE: 0.0344
Iter: 050, Train Loss: 5.9979, Train RMSE: 12.3527, Train MAPE: 0.7628, Train WMAPE: 0.0329
Epoch: 171, Training Time: 14.2508 secs
Epoch: 171, Inference Time: 1.8257 secs
Epoch: 171, Train Loss: 5.9979, Train RMSE: 12.8130, Train MAPE: 1.0850, Train WMAPE: 0.0335, 
Epoch: 171, Valid Loss: 10.4255, Valid RMSE: 40.0255, Valid MAPE: 1.9319, Valid WMAPE: 0.0599
###Update tasks appear###
Evaluate best model on test data for horizon 1, Test MAE: 9.0314, Test RMSE: 60.7486, Test MAPE: 7.0640, Test WMAPE: 0.0524
Evaluate best model on test data for horizon 2, Test MAE: 9.9002, Test RMSE: 52.8518, Test MAPE: 11.3386, Test WMAPE: 0.0575
Evaluate best model on test data for horizon 3, Test MAE: 10.2215, Test RMSE: 43.2103, Test MAPE: 13.5468, Test WMAPE: 0.0594
Evaluate best model on test data for horizon 4, Test MAE: 11.7166, Test RMSE: 51.3295, Test MAPE: 14.7639, Test WMAPE: 0.0681
Evaluate best model on test data for horizon 5, Test MAE: 12.9549, Test RMSE: 55.7041, Test MAPE: 15.8601, Test WMAPE: 0.0753
Evaluate best model on test data for horizon 6, Test MAE: 13.0817, Test RMSE: 48.7383, Test MAPE: 16.3362, Test WMAPE: 0.0760
Evaluate best model on test data for horizon 7, Test MAE: 13.8236, Test RMSE: 50.1317, Test MAPE: 16.6565, Test WMAPE: 0.0804
Evaluate best model on test data for horizon 8, Test MAE: 14.5642, Test RMSE: 53.3678, Test MAPE: 16.8177, Test WMAPE: 0.0847
Evaluate best model on test data for horizon 9, Test MAE: 14.7842, Test RMSE: 51.9052, Test MAPE: 16.9584, Test WMAPE: 0.0860
Evaluate best model on test data for horizon 10, Test MAE: 14.7004, Test RMSE: 48.8146, Test MAPE: 16.8177, Test WMAPE: 0.0855
Evaluate best model on test data for horizon 11, Test MAE: 15.3883, Test RMSE: 53.8531, Test MAPE: 17.3092, Test WMAPE: 0.0895
Evaluate best model on test data for horizon 12, Test MAE: 15.4079, Test RMSE: 52.9497, Test MAPE: 17.4325, Test WMAPE: 0.0896
On average over 12 horizons, Test MAE: 12.9646, Test RMSE: 51.9670, Test MAPE: 15.0751, Test WMAPE: 0.0754
No update
Iter: 000, Train Loss: 6.1503, Train RMSE: 12.9054, Train MAPE: 0.6792, Train WMAPE: 0.0341
Iter: 050, Train Loss: 6.2066, Train RMSE: 13.3048, Train MAPE: 0.6285, Train WMAPE: 0.0340
Epoch: 172, Training Time: 14.4745 secs
Epoch: 172, Inference Time: 1.9094 secs
Epoch: 172, Train Loss: 5.9872, Train RMSE: 12.9167, Train MAPE: 0.9025, Train WMAPE: 0.0335, 
Epoch: 172, Valid Loss: 10.4307, Valid RMSE: 39.8238, Valid MAPE: 2.4284, Valid WMAPE: 0.0599
###Update tasks appear###
Evaluate best model on test data for horizon 1, Test MAE: 9.2452, Test RMSE: 60.7198, Test MAPE: 7.1838, Test WMAPE: 0.0537
Evaluate best model on test data for horizon 2, Test MAE: 10.0183, Test RMSE: 52.6724, Test MAPE: 11.5899, Test WMAPE: 0.0582
Evaluate best model on test data for horizon 3, Test MAE: 10.3390, Test RMSE: 42.9720, Test MAPE: 13.6905, Test WMAPE: 0.0600
Evaluate best model on test data for horizon 4, Test MAE: 11.8368, Test RMSE: 51.2591, Test MAPE: 14.8987, Test WMAPE: 0.0688
Evaluate best model on test data for horizon 5, Test MAE: 13.0628, Test RMSE: 55.4609, Test MAPE: 16.3756, Test WMAPE: 0.0759
Evaluate best model on test data for horizon 6, Test MAE: 13.1637, Test RMSE: 48.2829, Test MAPE: 17.0067, Test WMAPE: 0.0765
Evaluate best model on test data for horizon 7, Test MAE: 13.8577, Test RMSE: 49.6846, Test MAPE: 17.1677, Test WMAPE: 0.0806
Evaluate best model on test data for horizon 8, Test MAE: 14.5052, Test RMSE: 53.0071, Test MAPE: 16.7266, Test WMAPE: 0.0843
Evaluate best model on test data for horizon 9, Test MAE: 14.7433, Test RMSE: 51.3770, Test MAPE: 16.7952, Test WMAPE: 0.0857
Evaluate best model on test data for horizon 10, Test MAE: 14.7129, Test RMSE: 48.3059, Test MAPE: 16.6993, Test WMAPE: 0.0856
Evaluate best model on test data for horizon 11, Test MAE: 15.2695, Test RMSE: 53.4864, Test MAPE: 17.0524, Test WMAPE: 0.0888
Evaluate best model on test data for horizon 12, Test MAE: 15.3215, Test RMSE: 52.6600, Test MAPE: 17.3304, Test WMAPE: 0.0891
On average over 12 horizons, Test MAE: 13.0063, Test RMSE: 51.6573, Test MAPE: 15.2097, Test WMAPE: 0.0756
No update
Iter: 000, Train Loss: 6.0858, Train RMSE: 12.8205, Train MAPE: 0.7920, Train WMAPE: 0.0338
Iter: 050, Train Loss: 6.0113, Train RMSE: 12.2532, Train MAPE: 0.5885, Train WMAPE: 0.0330
Epoch: 173, Training Time: 14.7573 secs
Epoch: 173, Inference Time: 1.8930 secs
Epoch: 173, Train Loss: 5.9693, Train RMSE: 12.8786, Train MAPE: 0.9015, Train WMAPE: 0.0334, 
Epoch: 173, Valid Loss: 10.4994, Valid RMSE: 40.0572, Valid MAPE: 2.2332, Valid WMAPE: 0.0603
No update
Iter: 000, Train Loss: 6.1719, Train RMSE: 13.0224, Train MAPE: 0.7104, Train WMAPE: 0.0343
Iter: 050, Train Loss: 6.1314, Train RMSE: 12.4579, Train MAPE: 0.7119, Train WMAPE: 0.0336
Epoch: 174, Training Time: 14.6883 secs
Epoch: 174, Inference Time: 1.9075 secs
Epoch: 174, Train Loss: 6.0254, Train RMSE: 12.9587, Train MAPE: 0.9298, Train WMAPE: 0.0337, 
Epoch: 174, Valid Loss: 10.4395, Valid RMSE: 39.6282, Valid MAPE: 1.8518, Valid WMAPE: 0.0600
No update
Iter: 000, Train Loss: 6.1334, Train RMSE: 12.9541, Train MAPE: 0.5897, Train WMAPE: 0.0341
Iter: 050, Train Loss: 6.1186, Train RMSE: 12.4194, Train MAPE: 0.8995, Train WMAPE: 0.0336
Epoch: 175, Training Time: 14.8209 secs
Epoch: 175, Inference Time: 1.8904 secs
Epoch: 175, Train Loss: 6.0358, Train RMSE: 12.9702, Train MAPE: 0.9125, Train WMAPE: 0.0338, 
Epoch: 175, Valid Loss: 10.9364, Valid RMSE: 40.1220, Valid MAPE: 3.3040, Valid WMAPE: 0.0628
No update
Iter: 000, Train Loss: 6.4133, Train RMSE: 13.1895, Train MAPE: 1.0544, Train WMAPE: 0.0356
Iter: 050, Train Loss: 5.8888, Train RMSE: 12.1712, Train MAPE: 0.7482, Train WMAPE: 0.0323
Epoch: 176, Training Time: 14.3911 secs
Epoch: 176, Inference Time: 1.8826 secs
Epoch: 176, Train Loss: 5.9760, Train RMSE: 12.8678, Train MAPE: 0.9545, Train WMAPE: 0.0334, 
Epoch: 176, Valid Loss: 10.4258, Valid RMSE: 39.9059, Valid MAPE: 2.6701, Valid WMAPE: 0.0599
###Update tasks appear###
Evaluate best model on test data for horizon 1, Test MAE: 9.0778, Test RMSE: 60.8161, Test MAPE: 7.1648, Test WMAPE: 0.0527
Evaluate best model on test data for horizon 2, Test MAE: 9.9552, Test RMSE: 52.6742, Test MAPE: 11.5233, Test WMAPE: 0.0578
Evaluate best model on test data for horizon 3, Test MAE: 10.1816, Test RMSE: 42.8237, Test MAPE: 13.6033, Test WMAPE: 0.0591
Evaluate best model on test data for horizon 4, Test MAE: 11.7800, Test RMSE: 51.4958, Test MAPE: 14.8680, Test WMAPE: 0.0684
Evaluate best model on test data for horizon 5, Test MAE: 12.9411, Test RMSE: 55.4002, Test MAPE: 16.0701, Test WMAPE: 0.0752
Evaluate best model on test data for horizon 6, Test MAE: 12.9781, Test RMSE: 48.2891, Test MAPE: 16.3203, Test WMAPE: 0.0754
Evaluate best model on test data for horizon 7, Test MAE: 13.7068, Test RMSE: 49.8003, Test MAPE: 16.5844, Test WMAPE: 0.0797
Evaluate best model on test data for horizon 8, Test MAE: 14.4607, Test RMSE: 52.9206, Test MAPE: 16.7548, Test WMAPE: 0.0841
Evaluate best model on test data for horizon 9, Test MAE: 14.6011, Test RMSE: 51.5613, Test MAPE: 16.8865, Test WMAPE: 0.0849
Evaluate best model on test data for horizon 10, Test MAE: 14.5480, Test RMSE: 48.4408, Test MAPE: 17.0762, Test WMAPE: 0.0846
Evaluate best model on test data for horizon 11, Test MAE: 15.1920, Test RMSE: 53.1964, Test MAPE: 17.4708, Test WMAPE: 0.0884
Evaluate best model on test data for horizon 12, Test MAE: 15.2028, Test RMSE: 52.4066, Test MAPE: 17.6283, Test WMAPE: 0.0884
On average over 12 horizons, Test MAE: 12.8854, Test RMSE: 51.6521, Test MAPE: 15.1626, Test WMAPE: 0.0749
Test low! Updating! Test Loss: 12.885412772496542, Test low! Updating! Valid Loss: 10.425846644810267, epoch:  176
Iter: 000, Train Loss: 6.1864, Train RMSE: 13.1564, Train MAPE: 0.8490, Train WMAPE: 0.0343
Iter: 050, Train Loss: 5.9528, Train RMSE: 12.3594, Train MAPE: 0.6463, Train WMAPE: 0.0326
Epoch: 177, Training Time: 14.3257 secs
Epoch: 177, Inference Time: 1.8406 secs
Epoch: 177, Train Loss: 6.0043, Train RMSE: 12.8330, Train MAPE: 1.0546, Train WMAPE: 0.0336, 
Epoch: 177, Valid Loss: 10.4539, Valid RMSE: 39.7824, Valid MAPE: 2.0698, Valid WMAPE: 0.0600
No update
Iter: 000, Train Loss: 6.1324, Train RMSE: 12.9649, Train MAPE: 0.6533, Train WMAPE: 0.0340
Iter: 050, Train Loss: 6.0737, Train RMSE: 12.5465, Train MAPE: 0.6792, Train WMAPE: 0.0333
Epoch: 178, Training Time: 14.8161 secs
Epoch: 178, Inference Time: 1.9708 secs
Epoch: 178, Train Loss: 6.0129, Train RMSE: 12.9480, Train MAPE: 0.9076, Train WMAPE: 0.0336, 
Epoch: 178, Valid Loss: 10.7373, Valid RMSE: 40.1586, Valid MAPE: 2.5143, Valid WMAPE: 0.0617
No update
Iter: 000, Train Loss: 6.6969, Train RMSE: 14.3868, Train MAPE: 0.9044, Train WMAPE: 0.0372
Iter: 050, Train Loss: 6.0096, Train RMSE: 12.3233, Train MAPE: 0.5458, Train WMAPE: 0.0330
Epoch: 179, Training Time: 14.2749 secs
Epoch: 179, Inference Time: 1.9963 secs
Epoch: 179, Train Loss: 5.9647, Train RMSE: 12.8651, Train MAPE: 0.9052, Train WMAPE: 0.0334, 
Epoch: 179, Valid Loss: 10.3781, Valid RMSE: 39.7693, Valid MAPE: 2.3322, Valid WMAPE: 0.0596
###Update tasks appear###
Evaluate best model on test data for horizon 1, Test MAE: 9.0690, Test RMSE: 60.7110, Test MAPE: 7.4059, Test WMAPE: 0.0526
Evaluate best model on test data for horizon 2, Test MAE: 9.8890, Test RMSE: 52.5847, Test MAPE: 11.7198, Test WMAPE: 0.0574
Evaluate best model on test data for horizon 3, Test MAE: 10.1939, Test RMSE: 43.0110, Test MAPE: 13.8510, Test WMAPE: 0.0592
Evaluate best model on test data for horizon 4, Test MAE: 11.7527, Test RMSE: 51.0777, Test MAPE: 15.6187, Test WMAPE: 0.0683
Evaluate best model on test data for horizon 5, Test MAE: 12.8625, Test RMSE: 55.1164, Test MAPE: 16.3200, Test WMAPE: 0.0747
Evaluate best model on test data for horizon 6, Test MAE: 13.0155, Test RMSE: 48.4024, Test MAPE: 16.8890, Test WMAPE: 0.0757
Evaluate best model on test data for horizon 7, Test MAE: 13.7578, Test RMSE: 49.5963, Test MAPE: 17.2277, Test WMAPE: 0.0800
Evaluate best model on test data for horizon 8, Test MAE: 14.4669, Test RMSE: 52.9215, Test MAPE: 17.0538, Test WMAPE: 0.0841
Evaluate best model on test data for horizon 9, Test MAE: 14.7279, Test RMSE: 51.6731, Test MAPE: 17.4115, Test WMAPE: 0.0857
Evaluate best model on test data for horizon 10, Test MAE: 14.6180, Test RMSE: 48.5557, Test MAPE: 17.1342, Test WMAPE: 0.0850
Evaluate best model on test data for horizon 11, Test MAE: 15.2653, Test RMSE: 53.3142, Test MAPE: 17.5825, Test WMAPE: 0.0888
Evaluate best model on test data for horizon 12, Test MAE: 15.2442, Test RMSE: 52.6577, Test MAPE: 17.6222, Test WMAPE: 0.0887
On average over 12 horizons, Test MAE: 12.9052, Test RMSE: 51.6351, Test MAPE: 15.4864, Test WMAPE: 0.0750
No update
Iter: 000, Train Loss: 6.0965, Train RMSE: 12.9790, Train MAPE: 0.8754, Train WMAPE: 0.0338
Iter: 050, Train Loss: 6.0767, Train RMSE: 12.4250, Train MAPE: 0.7142, Train WMAPE: 0.0333
Epoch: 180, Training Time: 14.8393 secs
Epoch: 180, Inference Time: 1.9005 secs
Epoch: 180, Train Loss: 5.9589, Train RMSE: 12.8155, Train MAPE: 0.8932, Train WMAPE: 0.0333, 
Epoch: 180, Valid Loss: 10.3824, Valid RMSE: 39.7181, Valid MAPE: 2.1046, Valid WMAPE: 0.0596
###Update tasks appear###
Evaluate best model on test data for horizon 1, Test MAE: 9.1492, Test RMSE: 60.8183, Test MAPE: 7.1496, Test WMAPE: 0.0531
Evaluate best model on test data for horizon 2, Test MAE: 9.8382, Test RMSE: 52.7057, Test MAPE: 11.6763, Test WMAPE: 0.0571
Evaluate best model on test data for horizon 3, Test MAE: 10.1293, Test RMSE: 42.8286, Test MAPE: 13.7960, Test WMAPE: 0.0588
Evaluate best model on test data for horizon 4, Test MAE: 11.6349, Test RMSE: 50.9833, Test MAPE: 15.1166, Test WMAPE: 0.0676
Evaluate best model on test data for horizon 5, Test MAE: 12.7537, Test RMSE: 54.9413, Test MAPE: 16.1079, Test WMAPE: 0.0741
Evaluate best model on test data for horizon 6, Test MAE: 12.8667, Test RMSE: 48.0407, Test MAPE: 16.4602, Test WMAPE: 0.0748
Evaluate best model on test data for horizon 7, Test MAE: 13.5591, Test RMSE: 49.1207, Test MAPE: 16.9846, Test WMAPE: 0.0788
Evaluate best model on test data for horizon 8, Test MAE: 14.3331, Test RMSE: 52.5220, Test MAPE: 16.7784, Test WMAPE: 0.0833
Evaluate best model on test data for horizon 9, Test MAE: 14.4970, Test RMSE: 51.1435, Test MAPE: 17.0502, Test WMAPE: 0.0843
Evaluate best model on test data for horizon 10, Test MAE: 14.4152, Test RMSE: 47.8663, Test MAPE: 17.5749, Test WMAPE: 0.0838
Evaluate best model on test data for horizon 11, Test MAE: 15.0486, Test RMSE: 52.8070, Test MAPE: 17.4285, Test WMAPE: 0.0875
Evaluate best model on test data for horizon 12, Test MAE: 15.0553, Test RMSE: 52.1600, Test MAPE: 17.6255, Test WMAPE: 0.0876
On average over 12 horizons, Test MAE: 12.7734, Test RMSE: 51.3281, Test MAPE: 15.3124, Test WMAPE: 0.0743
Test low! Updating! Test Loss: 12.773372809092203, Test low! Updating! Valid Loss: 10.38244560786656, epoch:  180
Iter: 000, Train Loss: 5.9857, Train RMSE: 12.7569, Train MAPE: 0.6593, Train WMAPE: 0.0332
Iter: 050, Train Loss: 5.9378, Train RMSE: 12.2786, Train MAPE: 0.6583, Train WMAPE: 0.0326
Epoch: 181, Training Time: 14.7830 secs
Epoch: 181, Inference Time: 1.8944 secs
Epoch: 181, Train Loss: 5.9416, Train RMSE: 12.8455, Train MAPE: 0.8787, Train WMAPE: 0.0332, 
Epoch: 181, Valid Loss: 10.6237, Valid RMSE: 40.0174, Valid MAPE: 2.7376, Valid WMAPE: 0.0610
No update
Iter: 000, Train Loss: 6.1808, Train RMSE: 13.0644, Train MAPE: 0.9289, Train WMAPE: 0.0343
Iter: 050, Train Loss: 5.8905, Train RMSE: 12.1493, Train MAPE: 0.5410, Train WMAPE: 0.0323
Epoch: 182, Training Time: 14.6901 secs
Epoch: 182, Inference Time: 1.8899 secs
Epoch: 182, Train Loss: 5.9265, Train RMSE: 12.8160, Train MAPE: 0.8801, Train WMAPE: 0.0331, 
Epoch: 182, Valid Loss: 10.4467, Valid RMSE: 39.9364, Valid MAPE: 2.6509, Valid WMAPE: 0.0600
No update
Iter: 000, Train Loss: 6.1281, Train RMSE: 12.9228, Train MAPE: 0.8609, Train WMAPE: 0.0340
Iter: 050, Train Loss: 5.8345, Train RMSE: 12.0065, Train MAPE: 0.5158, Train WMAPE: 0.0320
Epoch: 183, Training Time: 14.6346 secs
Epoch: 183, Inference Time: 1.8726 secs
Epoch: 183, Train Loss: 5.9321, Train RMSE: 12.8364, Train MAPE: 0.8749, Train WMAPE: 0.0332, 
Epoch: 183, Valid Loss: 10.5429, Valid RMSE: 39.7143, Valid MAPE: 2.6828, Valid WMAPE: 0.0605
No update
Iter: 000, Train Loss: 6.1204, Train RMSE: 12.6509, Train MAPE: 0.7909, Train WMAPE: 0.0340
Iter: 050, Train Loss: 6.0257, Train RMSE: 12.4482, Train MAPE: 0.5222, Train WMAPE: 0.0330
Epoch: 184, Training Time: 14.6005 secs
Epoch: 184, Inference Time: 1.8631 secs
Epoch: 184, Train Loss: 5.9338, Train RMSE: 12.8219, Train MAPE: 0.8580, Train WMAPE: 0.0332, 
Epoch: 184, Valid Loss: 10.4021, Valid RMSE: 40.1839, Valid MAPE: 2.7389, Valid WMAPE: 0.0597
No update
Iter: 000, Train Loss: 6.0677, Train RMSE: 12.7824, Train MAPE: 0.8353, Train WMAPE: 0.0337
Iter: 050, Train Loss: 5.9355, Train RMSE: 12.1473, Train MAPE: 0.5524, Train WMAPE: 0.0325
Epoch: 185, Training Time: 14.5864 secs
Epoch: 185, Inference Time: 1.9003 secs
Epoch: 185, Train Loss: 5.8825, Train RMSE: 12.6943, Train MAPE: 0.8536, Train WMAPE: 0.0329, 
Epoch: 185, Valid Loss: 10.3622, Valid RMSE: 39.8947, Valid MAPE: 1.7470, Valid WMAPE: 0.0595
###Update tasks appear###
Evaluate best model on test data for horizon 1, Test MAE: 9.0734, Test RMSE: 60.7747, Test MAPE: 6.9419, Test WMAPE: 0.0527
Evaluate best model on test data for horizon 2, Test MAE: 9.9352, Test RMSE: 52.9713, Test MAPE: 11.5233, Test WMAPE: 0.0577
Evaluate best model on test data for horizon 3, Test MAE: 10.1793, Test RMSE: 42.9673, Test MAPE: 13.6563, Test WMAPE: 0.0591
Evaluate best model on test data for horizon 4, Test MAE: 11.7066, Test RMSE: 51.4732, Test MAPE: 14.8980, Test WMAPE: 0.0680
Evaluate best model on test data for horizon 5, Test MAE: 12.9221, Test RMSE: 55.4670, Test MAPE: 15.9053, Test WMAPE: 0.0751
Evaluate best model on test data for horizon 6, Test MAE: 13.0329, Test RMSE: 48.8359, Test MAPE: 16.3298, Test WMAPE: 0.0758
Evaluate best model on test data for horizon 7, Test MAE: 13.7275, Test RMSE: 49.7976, Test MAPE: 16.5829, Test WMAPE: 0.0798
Evaluate best model on test data for horizon 8, Test MAE: 14.4456, Test RMSE: 53.1227, Test MAPE: 16.7147, Test WMAPE: 0.0840
Evaluate best model on test data for horizon 9, Test MAE: 14.6987, Test RMSE: 51.8468, Test MAPE: 16.8863, Test WMAPE: 0.0855
Evaluate best model on test data for horizon 10, Test MAE: 14.6043, Test RMSE: 48.4957, Test MAPE: 16.8782, Test WMAPE: 0.0849
Evaluate best model on test data for horizon 11, Test MAE: 15.2766, Test RMSE: 53.6505, Test MAPE: 17.3198, Test WMAPE: 0.0889
Evaluate best model on test data for horizon 12, Test MAE: 15.2532, Test RMSE: 52.7365, Test MAPE: 17.5620, Test WMAPE: 0.0887
On average over 12 horizons, Test MAE: 12.9046, Test RMSE: 51.8449, Test MAPE: 15.0999, Test WMAPE: 0.0750
No update
Iter: 000, Train Loss: 5.9094, Train RMSE: 12.6168, Train MAPE: 0.4883, Train WMAPE: 0.0328
Iter: 050, Train Loss: 6.0449, Train RMSE: 12.3160, Train MAPE: 0.5282, Train WMAPE: 0.0331
Epoch: 186, Training Time: 14.6764 secs
Epoch: 186, Inference Time: 1.9024 secs
Epoch: 186, Train Loss: 5.8866, Train RMSE: 12.6871, Train MAPE: 0.8878, Train WMAPE: 0.0329, 
Epoch: 186, Valid Loss: 10.4129, Valid RMSE: 39.7254, Valid MAPE: 2.2691, Valid WMAPE: 0.0598
No update
Iter: 000, Train Loss: 5.8433, Train RMSE: 12.4676, Train MAPE: 0.7698, Train WMAPE: 0.0324
Iter: 050, Train Loss: 6.0484, Train RMSE: 12.3708, Train MAPE: 0.7431, Train WMAPE: 0.0332
Epoch: 187, Training Time: 15.2782 secs
Epoch: 187, Inference Time: 1.9847 secs
Epoch: 187, Train Loss: 5.8684, Train RMSE: 12.6562, Train MAPE: 0.9033, Train WMAPE: 0.0328, 
Epoch: 187, Valid Loss: 10.5110, Valid RMSE: 40.0220, Valid MAPE: 3.0200, Valid WMAPE: 0.0604
No update
Iter: 000, Train Loss: 6.1796, Train RMSE: 12.9163, Train MAPE: 0.9275, Train WMAPE: 0.0343
Iter: 050, Train Loss: 5.8761, Train RMSE: 12.1381, Train MAPE: 0.6586, Train WMAPE: 0.0322
Epoch: 188, Training Time: 14.9929 secs
Epoch: 188, Inference Time: 1.9966 secs
Epoch: 188, Train Loss: 5.9550, Train RMSE: 12.7803, Train MAPE: 0.9716, Train WMAPE: 0.0333, 
Epoch: 188, Valid Loss: 10.3865, Valid RMSE: 39.5753, Valid MAPE: 2.6491, Valid WMAPE: 0.0596
No update
Iter: 000, Train Loss: 6.1513, Train RMSE: 12.9057, Train MAPE: 0.8030, Train WMAPE: 0.0342
Iter: 050, Train Loss: 5.8485, Train RMSE: 12.1730, Train MAPE: 0.5648, Train WMAPE: 0.0321
Epoch: 189, Training Time: 14.7876 secs
Epoch: 189, Inference Time: 1.8945 secs
Epoch: 189, Train Loss: 5.9001, Train RMSE: 12.5837, Train MAPE: 1.1691, Train WMAPE: 0.0330, 
Epoch: 189, Valid Loss: 10.7361, Valid RMSE: 39.4896, Valid MAPE: 4.8832, Valid WMAPE: 0.0617
No update
Iter: 000, Train Loss: 6.4084, Train RMSE: 13.0051, Train MAPE: 1.8609, Train WMAPE: 0.0356
Iter: 050, Train Loss: 5.8085, Train RMSE: 11.9543, Train MAPE: 0.7021, Train WMAPE: 0.0319
Epoch: 190, Training Time: 14.9848 secs
Epoch: 190, Inference Time: 1.8951 secs
Epoch: 190, Train Loss: 5.8735, Train RMSE: 12.5435, Train MAPE: 1.1625, Train WMAPE: 0.0328, 
Epoch: 190, Valid Loss: 10.4303, Valid RMSE: 39.6209, Valid MAPE: 2.7221, Valid WMAPE: 0.0599
No update
Iter: 000, Train Loss: 5.9636, Train RMSE: 12.6030, Train MAPE: 0.9249, Train WMAPE: 0.0331
Iter: 050, Train Loss: 5.8893, Train RMSE: 12.0328, Train MAPE: 0.7720, Train WMAPE: 0.0323
Epoch: 191, Training Time: 14.5870 secs
Epoch: 191, Inference Time: 1.8139 secs
Epoch: 191, Train Loss: 5.8856, Train RMSE: 12.6018, Train MAPE: 1.0280, Train WMAPE: 0.0329, 
Epoch: 191, Valid Loss: 10.4485, Valid RMSE: 39.8271, Valid MAPE: 2.7764, Valid WMAPE: 0.0600
No update
Iter: 000, Train Loss: 5.9388, Train RMSE: 12.5417, Train MAPE: 0.8738, Train WMAPE: 0.0330
Iter: 050, Train Loss: 5.8891, Train RMSE: 12.1833, Train MAPE: 0.5507, Train WMAPE: 0.0323
Epoch: 192, Training Time: 15.0790 secs
Epoch: 192, Inference Time: 1.8864 secs
Epoch: 192, Train Loss: 5.8806, Train RMSE: 12.6605, Train MAPE: 0.9014, Train WMAPE: 0.0329, 
Epoch: 192, Valid Loss: 10.4076, Valid RMSE: 39.7831, Valid MAPE: 2.4067, Valid WMAPE: 0.0598
No update
Iter: 000, Train Loss: 5.8926, Train RMSE: 12.5861, Train MAPE: 0.7810, Train WMAPE: 0.0327
Iter: 050, Train Loss: 5.8615, Train RMSE: 12.0689, Train MAPE: 0.6539, Train WMAPE: 0.0321
Epoch: 193, Training Time: 14.6853 secs
Epoch: 193, Inference Time: 1.8185 secs
Epoch: 193, Train Loss: 5.8514, Train RMSE: 12.6430, Train MAPE: 0.8889, Train WMAPE: 0.0327, 
Epoch: 193, Valid Loss: 10.4620, Valid RMSE: 39.6042, Valid MAPE: 2.6233, Valid WMAPE: 0.0601
No update
Iter: 000, Train Loss: 6.0798, Train RMSE: 12.7656, Train MAPE: 0.8622, Train WMAPE: 0.0338
Iter: 050, Train Loss: 5.8622, Train RMSE: 12.2201, Train MAPE: 0.4751, Train WMAPE: 0.0321
Epoch: 194, Training Time: 14.6004 secs
Epoch: 194, Inference Time: 1.9527 secs
Epoch: 194, Train Loss: 5.8679, Train RMSE: 12.6420, Train MAPE: 0.8887, Train WMAPE: 0.0328, 
Epoch: 194, Valid Loss: 10.4824, Valid RMSE: 39.9298, Valid MAPE: 2.3133, Valid WMAPE: 0.0602
No update
Iter: 000, Train Loss: 6.1719, Train RMSE: 13.2155, Train MAPE: 0.7153, Train WMAPE: 0.0343
Iter: 050, Train Loss: 5.8576, Train RMSE: 12.0692, Train MAPE: 0.5562, Train WMAPE: 0.0321
Epoch: 195, Training Time: 14.5968 secs
Epoch: 195, Inference Time: 1.8949 secs
Epoch: 195, Train Loss: 5.8378, Train RMSE: 12.6562, Train MAPE: 0.8755, Train WMAPE: 0.0326, 
Epoch: 195, Valid Loss: 10.3996, Valid RMSE: 39.7563, Valid MAPE: 2.5933, Valid WMAPE: 0.0597
No update
Iter: 000, Train Loss: 5.9431, Train RMSE: 12.5673, Train MAPE: 0.8004, Train WMAPE: 0.0330
Iter: 050, Train Loss: 6.0431, Train RMSE: 12.6216, Train MAPE: 0.5984, Train WMAPE: 0.0331
Epoch: 196, Training Time: 14.6828 secs
Epoch: 196, Inference Time: 1.8124 secs
Epoch: 196, Train Loss: 5.8521, Train RMSE: 12.6317, Train MAPE: 0.8518, Train WMAPE: 0.0327, 
Epoch: 196, Valid Loss: 10.4269, Valid RMSE: 39.6341, Valid MAPE: 2.1227, Valid WMAPE: 0.0599
No update
Iter: 000, Train Loss: 5.9413, Train RMSE: 12.5835, Train MAPE: 0.7241, Train WMAPE: 0.0330
Iter: 050, Train Loss: 5.8410, Train RMSE: 12.0079, Train MAPE: 0.6233, Train WMAPE: 0.0320
Epoch: 197, Training Time: 15.2721 secs
Epoch: 197, Inference Time: 1.7950 secs
Epoch: 197, Train Loss: 5.8303, Train RMSE: 12.6025, Train MAPE: 0.8064, Train WMAPE: 0.0326, 
Epoch: 197, Valid Loss: 10.4599, Valid RMSE: 39.9561, Valid MAPE: 2.1740, Valid WMAPE: 0.0601
No update
Iter: 000, Train Loss: 5.9769, Train RMSE: 12.6828, Train MAPE: 0.7708, Train WMAPE: 0.0332
Iter: 050, Train Loss: 5.9335, Train RMSE: 12.1351, Train MAPE: 0.5303, Train WMAPE: 0.0325
Epoch: 198, Training Time: 14.5885 secs
Epoch: 198, Inference Time: 1.8018 secs
Epoch: 198, Train Loss: 5.8894, Train RMSE: 12.7028, Train MAPE: 0.8433, Train WMAPE: 0.0329, 
Epoch: 198, Valid Loss: 10.4350, Valid RMSE: 39.6409, Valid MAPE: 2.3791, Valid WMAPE: 0.0599
No update
Iter: 000, Train Loss: 5.8902, Train RMSE: 12.5198, Train MAPE: 0.7419, Train WMAPE: 0.0327
Iter: 050, Train Loss: 5.8769, Train RMSE: 11.9422, Train MAPE: 0.8646, Train WMAPE: 0.0322
Epoch: 199, Training Time: 14.6867 secs
Epoch: 199, Inference Time: 2.0004 secs
Epoch: 199, Train Loss: 5.8078, Train RMSE: 12.5341, Train MAPE: 0.8438, Train WMAPE: 0.0325, 
Epoch: 199, Valid Loss: 10.4444, Valid RMSE: 39.5892, Valid MAPE: 2.8938, Valid WMAPE: 0.0600
No update
Iter: 000, Train Loss: 5.9885, Train RMSE: 12.5999, Train MAPE: 0.9032, Train WMAPE: 0.0332
Iter: 050, Train Loss: 5.9002, Train RMSE: 12.2102, Train MAPE: 0.6965, Train WMAPE: 0.0324
Epoch: 200, Training Time: 14.8358 secs
Epoch: 200, Inference Time: 1.9220 secs
Epoch: 200, Train Loss: 5.8149, Train RMSE: 12.5440, Train MAPE: 0.8773, Train WMAPE: 0.0325, 
Epoch: 200, Valid Loss: 10.4849, Valid RMSE: 40.0002, Valid MAPE: 2.1158, Valid WMAPE: 0.0602
No update
Iter: 000, Train Loss: 5.9677, Train RMSE: 12.5185, Train MAPE: 0.6562, Train WMAPE: 0.0331
Iter: 050, Train Loss: 5.6864, Train RMSE: 11.7850, Train MAPE: 0.5653, Train WMAPE: 0.0312
Epoch: 201, Training Time: 14.7130 secs
Epoch: 201, Inference Time: 1.8957 secs
Epoch: 201, Train Loss: 5.7847, Train RMSE: 12.5005, Train MAPE: 0.8870, Train WMAPE: 0.0323, 
Epoch: 201, Valid Loss: 10.5475, Valid RMSE: 39.8857, Valid MAPE: 3.3082, Valid WMAPE: 0.0606
No update
Iter: 000, Train Loss: 6.0528, Train RMSE: 12.6382, Train MAPE: 1.0510, Train WMAPE: 0.0336
Iter: 050, Train Loss: 6.1743, Train RMSE: 12.9647, Train MAPE: 0.6328, Train WMAPE: 0.0339
Epoch: 202, Training Time: 15.0362 secs
Epoch: 202, Inference Time: 1.9279 secs
Epoch: 202, Train Loss: 5.8568, Train RMSE: 12.6208, Train MAPE: 0.8555, Train WMAPE: 0.0327, 
Epoch: 202, Valid Loss: 10.4534, Valid RMSE: 39.9474, Valid MAPE: 1.6965, Valid WMAPE: 0.0600
No update
Iter: 000, Train Loss: 5.9862, Train RMSE: 12.5854, Train MAPE: 0.5677, Train WMAPE: 0.0332
Iter: 050, Train Loss: 5.8637, Train RMSE: 12.0605, Train MAPE: 0.6689, Train WMAPE: 0.0322
Epoch: 203, Training Time: 14.3834 secs
Epoch: 203, Inference Time: 1.7884 secs
Epoch: 203, Train Loss: 5.8512, Train RMSE: 12.5886, Train MAPE: 0.8341, Train WMAPE: 0.0327, 
Epoch: 203, Valid Loss: 10.4648, Valid RMSE: 40.1096, Valid MAPE: 2.1518, Valid WMAPE: 0.0601
No update
Iter: 000, Train Loss: 5.9507, Train RMSE: 12.6390, Train MAPE: 0.7266, Train WMAPE: 0.0330
Iter: 050, Train Loss: 5.9347, Train RMSE: 12.1770, Train MAPE: 0.5918, Train WMAPE: 0.0325
Epoch: 204, Training Time: 14.6942 secs
Epoch: 204, Inference Time: 1.8907 secs
Epoch: 204, Train Loss: 5.8161, Train RMSE: 12.5914, Train MAPE: 0.8111, Train WMAPE: 0.0325, 
Epoch: 204, Valid Loss: 10.3009, Valid RMSE: 39.3092, Valid MAPE: 1.6282, Valid WMAPE: 0.0592
###Update tasks appear###
Evaluate best model on test data for horizon 1, Test MAE: 8.9351, Test RMSE: 60.1010, Test MAPE: 7.2080, Test WMAPE: 0.0519
Evaluate best model on test data for horizon 2, Test MAE: 9.8290, Test RMSE: 52.3288, Test MAPE: 11.6172, Test WMAPE: 0.0571
Evaluate best model on test data for horizon 3, Test MAE: 10.1135, Test RMSE: 42.4456, Test MAPE: 13.8071, Test WMAPE: 0.0587
Evaluate best model on test data for horizon 4, Test MAE: 11.6301, Test RMSE: 50.5728, Test MAPE: 15.2561, Test WMAPE: 0.0676
Evaluate best model on test data for horizon 5, Test MAE: 12.7816, Test RMSE: 54.7106, Test MAPE: 16.4563, Test WMAPE: 0.0743
Evaluate best model on test data for horizon 6, Test MAE: 12.9453, Test RMSE: 48.3342, Test MAPE: 16.6642, Test WMAPE: 0.0752
Evaluate best model on test data for horizon 7, Test MAE: 13.6712, Test RMSE: 49.3381, Test MAPE: 16.9549, Test WMAPE: 0.0795
Evaluate best model on test data for horizon 8, Test MAE: 14.3990, Test RMSE: 52.6021, Test MAPE: 16.9280, Test WMAPE: 0.0837
Evaluate best model on test data for horizon 9, Test MAE: 14.6956, Test RMSE: 51.3041, Test MAPE: 17.1267, Test WMAPE: 0.0855
Evaluate best model on test data for horizon 10, Test MAE: 14.5750, Test RMSE: 48.1052, Test MAPE: 17.1277, Test WMAPE: 0.0848
Evaluate best model on test data for horizon 11, Test MAE: 15.1636, Test RMSE: 52.5819, Test MAPE: 17.5592, Test WMAPE: 0.0882
Evaluate best model on test data for horizon 12, Test MAE: 15.1980, Test RMSE: 52.1852, Test MAPE: 17.8417, Test WMAPE: 0.0884
On average over 12 horizons, Test MAE: 12.8281, Test RMSE: 51.2175, Test MAPE: 15.3789, Test WMAPE: 0.0746
No update
Iter: 000, Train Loss: 5.7889, Train RMSE: 12.3435, Train MAPE: 0.4772, Train WMAPE: 0.0321
Iter: 050, Train Loss: 5.7926, Train RMSE: 11.9566, Train MAPE: 0.6056, Train WMAPE: 0.0318
Epoch: 205, Training Time: 14.8613 secs
Epoch: 205, Inference Time: 1.9894 secs
Epoch: 205, Train Loss: 5.7988, Train RMSE: 12.5225, Train MAPE: 0.8251, Train WMAPE: 0.0324, 
Epoch: 205, Valid Loss: 10.3543, Valid RMSE: 39.6443, Valid MAPE: 2.2010, Valid WMAPE: 0.0595
###Update tasks appear###
Evaluate best model on test data for horizon 1, Test MAE: 9.1474, Test RMSE: 60.3744, Test MAPE: 7.2054, Test WMAPE: 0.0531
Evaluate best model on test data for horizon 2, Test MAE: 10.0744, Test RMSE: 52.7614, Test MAPE: 11.6082, Test WMAPE: 0.0585
Evaluate best model on test data for horizon 3, Test MAE: 10.2850, Test RMSE: 42.8680, Test MAPE: 13.7228, Test WMAPE: 0.0597
Evaluate best model on test data for horizon 4, Test MAE: 11.7232, Test RMSE: 50.9379, Test MAPE: 15.1202, Test WMAPE: 0.0681
Evaluate best model on test data for horizon 5, Test MAE: 12.9290, Test RMSE: 55.0278, Test MAPE: 16.2430, Test WMAPE: 0.0751
Evaluate best model on test data for horizon 6, Test MAE: 13.0270, Test RMSE: 48.7213, Test MAPE: 16.3938, Test WMAPE: 0.0757
Evaluate best model on test data for horizon 7, Test MAE: 13.6808, Test RMSE: 49.5809, Test MAPE: 17.0091, Test WMAPE: 0.0795
Evaluate best model on test data for horizon 8, Test MAE: 14.4474, Test RMSE: 52.8403, Test MAPE: 16.8815, Test WMAPE: 0.0840
Evaluate best model on test data for horizon 9, Test MAE: 14.7553, Test RMSE: 51.6816, Test MAPE: 17.0911, Test WMAPE: 0.0858
Evaluate best model on test data for horizon 10, Test MAE: 14.6905, Test RMSE: 48.7192, Test MAPE: 17.1393, Test WMAPE: 0.0855
Evaluate best model on test data for horizon 11, Test MAE: 15.2072, Test RMSE: 52.8887, Test MAPE: 17.5210, Test WMAPE: 0.0885
Evaluate best model on test data for horizon 12, Test MAE: 15.2814, Test RMSE: 52.5325, Test MAPE: 17.7510, Test WMAPE: 0.0889
On average over 12 horizons, Test MAE: 12.9374, Test RMSE: 51.5778, Test MAPE: 15.3072, Test WMAPE: 0.0752
No update
Iter: 000, Train Loss: 5.9214, Train RMSE: 12.4714, Train MAPE: 0.6873, Train WMAPE: 0.0329
Iter: 050, Train Loss: 5.7019, Train RMSE: 11.7665, Train MAPE: 0.6134, Train WMAPE: 0.0313
Epoch: 206, Training Time: 14.6697 secs
Epoch: 206, Inference Time: 1.8949 secs
Epoch: 206, Train Loss: 5.7755, Train RMSE: 12.4786, Train MAPE: 0.8583, Train WMAPE: 0.0323, 
Epoch: 206, Valid Loss: 10.5934, Valid RMSE: 39.8508, Valid MAPE: 2.6659, Valid WMAPE: 0.0608
No update
Iter: 000, Train Loss: 6.1826, Train RMSE: 13.3834, Train MAPE: 0.6710, Train WMAPE: 0.0343
Iter: 050, Train Loss: 5.7609, Train RMSE: 11.9813, Train MAPE: 0.5199, Train WMAPE: 0.0316
Epoch: 207, Training Time: 14.4861 secs
Epoch: 207, Inference Time: 1.8925 secs
Epoch: 207, Train Loss: 5.7784, Train RMSE: 12.4896, Train MAPE: 0.8107, Train WMAPE: 0.0323, 
Epoch: 207, Valid Loss: 10.3354, Valid RMSE: 39.8574, Valid MAPE: 1.7558, Valid WMAPE: 0.0593
###Update tasks appear###
Evaluate best model on test data for horizon 1, Test MAE: 9.0651, Test RMSE: 60.3953, Test MAPE: 7.0262, Test WMAPE: 0.0526
Evaluate best model on test data for horizon 2, Test MAE: 9.9098, Test RMSE: 52.9401, Test MAPE: 11.5613, Test WMAPE: 0.0575
Evaluate best model on test data for horizon 3, Test MAE: 10.2265, Test RMSE: 42.7938, Test MAPE: 13.5544, Test WMAPE: 0.0594
Evaluate best model on test data for horizon 4, Test MAE: 11.7369, Test RMSE: 51.0833, Test MAPE: 14.8086, Test WMAPE: 0.0682
Evaluate best model on test data for horizon 5, Test MAE: 12.9347, Test RMSE: 55.3713, Test MAPE: 16.1532, Test WMAPE: 0.0752
Evaluate best model on test data for horizon 6, Test MAE: 13.0522, Test RMSE: 48.6424, Test MAPE: 16.5134, Test WMAPE: 0.0759
Evaluate best model on test data for horizon 7, Test MAE: 13.7146, Test RMSE: 49.5557, Test MAPE: 16.8418, Test WMAPE: 0.0797
Evaluate best model on test data for horizon 8, Test MAE: 14.4380, Test RMSE: 53.0934, Test MAPE: 17.0891, Test WMAPE: 0.0840
Evaluate best model on test data for horizon 9, Test MAE: 14.7103, Test RMSE: 51.6038, Test MAPE: 17.3146, Test WMAPE: 0.0856
Evaluate best model on test data for horizon 10, Test MAE: 14.5871, Test RMSE: 48.0999, Test MAPE: 17.2160, Test WMAPE: 0.0848
Evaluate best model on test data for horizon 11, Test MAE: 15.2009, Test RMSE: 52.7828, Test MAPE: 17.5942, Test WMAPE: 0.0884
Evaluate best model on test data for horizon 12, Test MAE: 15.2437, Test RMSE: 52.2794, Test MAPE: 18.0088, Test WMAPE: 0.0887
On average over 12 horizons, Test MAE: 12.9016, Test RMSE: 51.5534, Test MAPE: 15.3068, Test WMAPE: 0.0750
No update
Iter: 000, Train Loss: 5.7958, Train RMSE: 12.4007, Train MAPE: 0.4928, Train WMAPE: 0.0322
Iter: 050, Train Loss: 5.9245, Train RMSE: 12.1800, Train MAPE: 0.7255, Train WMAPE: 0.0325
Epoch: 208, Training Time: 14.6659 secs
Epoch: 208, Inference Time: 2.0032 secs
Epoch: 208, Train Loss: 5.7658, Train RMSE: 12.4674, Train MAPE: 0.8077, Train WMAPE: 0.0322, 
Epoch: 208, Valid Loss: 10.3268, Valid RMSE: 39.6487, Valid MAPE: 2.0534, Valid WMAPE: 0.0593
###Update tasks appear###
Evaluate best model on test data for horizon 1, Test MAE: 9.0000, Test RMSE: 60.4076, Test MAPE: 6.8939, Test WMAPE: 0.0522
Evaluate best model on test data for horizon 2, Test MAE: 9.8994, Test RMSE: 52.8440, Test MAPE: 11.6932, Test WMAPE: 0.0575
Evaluate best model on test data for horizon 3, Test MAE: 10.1746, Test RMSE: 42.4492, Test MAPE: 13.7030, Test WMAPE: 0.0591
Evaluate best model on test data for horizon 4, Test MAE: 11.7161, Test RMSE: 50.9788, Test MAPE: 15.3114, Test WMAPE: 0.0681
Evaluate best model on test data for horizon 5, Test MAE: 12.8494, Test RMSE: 55.1641, Test MAPE: 16.2156, Test WMAPE: 0.0747
Evaluate best model on test data for horizon 6, Test MAE: 12.9722, Test RMSE: 48.4961, Test MAPE: 16.5824, Test WMAPE: 0.0754
Evaluate best model on test data for horizon 7, Test MAE: 13.6748, Test RMSE: 49.4070, Test MAPE: 16.9241, Test WMAPE: 0.0795
Evaluate best model on test data for horizon 8, Test MAE: 14.3537, Test RMSE: 52.7858, Test MAPE: 17.2538, Test WMAPE: 0.0835
Evaluate best model on test data for horizon 9, Test MAE: 14.5676, Test RMSE: 51.2522, Test MAPE: 17.1380, Test WMAPE: 0.0847
Evaluate best model on test data for horizon 10, Test MAE: 14.4406, Test RMSE: 48.0054, Test MAPE: 17.1609, Test WMAPE: 0.0840
Evaluate best model on test data for horizon 11, Test MAE: 14.9926, Test RMSE: 52.4673, Test MAPE: 17.4650, Test WMAPE: 0.0872
Evaluate best model on test data for horizon 12, Test MAE: 14.9829, Test RMSE: 52.0667, Test MAPE: 17.6568, Test WMAPE: 0.0872
On average over 12 horizons, Test MAE: 12.8020, Test RMSE: 51.3603, Test MAPE: 15.3332, Test WMAPE: 0.0744
No update
Iter: 000, Train Loss: 5.8189, Train RMSE: 12.4590, Train MAPE: 0.6156, Train WMAPE: 0.0323
Iter: 050, Train Loss: 5.7429, Train RMSE: 11.7817, Train MAPE: 0.6319, Train WMAPE: 0.0315
Epoch: 209, Training Time: 14.7670 secs
Epoch: 209, Inference Time: 1.9959 secs
Epoch: 209, Train Loss: 5.7503, Train RMSE: 12.3943, Train MAPE: 0.8310, Train WMAPE: 0.0322, 
Epoch: 209, Valid Loss: 10.4939, Valid RMSE: 39.8953, Valid MAPE: 2.8919, Valid WMAPE: 0.0603
No update
Iter: 000, Train Loss: 5.8521, Train RMSE: 12.3469, Train MAPE: 1.0161, Train WMAPE: 0.0325
Iter: 050, Train Loss: 5.9121, Train RMSE: 12.0243, Train MAPE: 0.5796, Train WMAPE: 0.0324
Epoch: 210, Training Time: 14.6878 secs
Epoch: 210, Inference Time: 1.8916 secs
Epoch: 210, Train Loss: 5.7969, Train RMSE: 12.4862, Train MAPE: 0.8556, Train WMAPE: 0.0324, 
Epoch: 210, Valid Loss: 10.3413, Valid RMSE: 39.7226, Valid MAPE: 2.2580, Valid WMAPE: 0.0594
###Update tasks appear###
Evaluate best model on test data for horizon 1, Test MAE: 8.9996, Test RMSE: 60.3327, Test MAPE: 7.2912, Test WMAPE: 0.0522
Evaluate best model on test data for horizon 2, Test MAE: 9.8859, Test RMSE: 52.8871, Test MAPE: 11.8276, Test WMAPE: 0.0574
Evaluate best model on test data for horizon 3, Test MAE: 10.1181, Test RMSE: 42.5885, Test MAPE: 13.6328, Test WMAPE: 0.0588
Evaluate best model on test data for horizon 4, Test MAE: 11.7297, Test RMSE: 51.2338, Test MAPE: 14.8059, Test WMAPE: 0.0681
Evaluate best model on test data for horizon 5, Test MAE: 12.8851, Test RMSE: 55.4008, Test MAPE: 16.6823, Test WMAPE: 0.0749
Evaluate best model on test data for horizon 6, Test MAE: 13.0032, Test RMSE: 48.7967, Test MAPE: 16.3120, Test WMAPE: 0.0756
Evaluate best model on test data for horizon 7, Test MAE: 13.7004, Test RMSE: 49.7776, Test MAPE: 16.6982, Test WMAPE: 0.0797
Evaluate best model on test data for horizon 8, Test MAE: 14.4618, Test RMSE: 53.2477, Test MAPE: 17.0171, Test WMAPE: 0.0841
Evaluate best model on test data for horizon 9, Test MAE: 14.7318, Test RMSE: 51.7697, Test MAPE: 17.4414, Test WMAPE: 0.0857
Evaluate best model on test data for horizon 10, Test MAE: 14.6450, Test RMSE: 48.5145, Test MAPE: 17.3875, Test WMAPE: 0.0852
Evaluate best model on test data for horizon 11, Test MAE: 15.2766, Test RMSE: 53.2602, Test MAPE: 17.3843, Test WMAPE: 0.0889
Evaluate best model on test data for horizon 12, Test MAE: 15.2992, Test RMSE: 52.6976, Test MAPE: 17.8680, Test WMAPE: 0.0890
On average over 12 horizons, Test MAE: 12.8947, Test RMSE: 51.7089, Test MAPE: 15.3624, Test WMAPE: 0.0750
No update
Iter: 000, Train Loss: 5.7860, Train RMSE: 12.3161, Train MAPE: 0.7122, Train WMAPE: 0.0321
Iter: 050, Train Loss: 5.7810, Train RMSE: 11.9341, Train MAPE: 0.5483, Train WMAPE: 0.0317
Epoch: 211, Training Time: 14.8743 secs
Epoch: 211, Inference Time: 2.0006 secs
Epoch: 211, Train Loss: 5.7346, Train RMSE: 12.4138, Train MAPE: 0.8150, Train WMAPE: 0.0321, 
Epoch: 211, Valid Loss: 10.4725, Valid RMSE: 40.0563, Valid MAPE: 2.3238, Valid WMAPE: 0.0601
No update
Iter: 000, Train Loss: 5.8842, Train RMSE: 12.3620, Train MAPE: 0.7250, Train WMAPE: 0.0327
Iter: 050, Train Loss: 5.6743, Train RMSE: 11.8320, Train MAPE: 0.5302, Train WMAPE: 0.0311
Epoch: 212, Training Time: 14.9742 secs
Epoch: 212, Inference Time: 1.9935 secs
Epoch: 212, Train Loss: 5.7466, Train RMSE: 12.4266, Train MAPE: 0.8724, Train WMAPE: 0.0321, 
Epoch: 212, Valid Loss: 10.4559, Valid RMSE: 40.1939, Valid MAPE: 2.0357, Valid WMAPE: 0.0600
No update
Iter: 000, Train Loss: 5.9257, Train RMSE: 12.6236, Train MAPE: 0.5888, Train WMAPE: 0.0329
Iter: 050, Train Loss: 5.8837, Train RMSE: 12.0541, Train MAPE: 0.5708, Train WMAPE: 0.0323
Epoch: 213, Training Time: 14.9819 secs
Epoch: 213, Inference Time: 1.8944 secs
Epoch: 213, Train Loss: 5.8625, Train RMSE: 12.6421, Train MAPE: 0.8276, Train WMAPE: 0.0328, 
Epoch: 213, Valid Loss: 10.4599, Valid RMSE: 39.9952, Valid MAPE: 2.1898, Valid WMAPE: 0.0601
No update
Iter: 000, Train Loss: 5.9576, Train RMSE: 12.5645, Train MAPE: 0.6843, Train WMAPE: 0.0331
Iter: 050, Train Loss: 5.7891, Train RMSE: 11.7916, Train MAPE: 0.5433, Train WMAPE: 0.0317
Epoch: 214, Training Time: 14.6951 secs
Epoch: 214, Inference Time: 1.9917 secs
Epoch: 214, Train Loss: 5.7408, Train RMSE: 12.4231, Train MAPE: 0.8057, Train WMAPE: 0.0321, 
Epoch: 214, Valid Loss: 10.3793, Valid RMSE: 40.3826, Valid MAPE: 2.0782, Valid WMAPE: 0.0596
###Update tasks appear###
Evaluate best model on test data for horizon 1, Test MAE: 8.9812, Test RMSE: 60.9542, Test MAPE: 6.5883, Test WMAPE: 0.0521
Evaluate best model on test data for horizon 2, Test MAE: 9.8529, Test RMSE: 53.5518, Test MAPE: 11.2895, Test WMAPE: 0.0572
Evaluate best model on test data for horizon 3, Test MAE: 10.1090, Test RMSE: 43.1840, Test MAPE: 13.5041, Test WMAPE: 0.0587
Evaluate best model on test data for horizon 4, Test MAE: 11.6848, Test RMSE: 52.2476, Test MAPE: 14.8050, Test WMAPE: 0.0679
Evaluate best model on test data for horizon 5, Test MAE: 12.8046, Test RMSE: 55.9784, Test MAPE: 16.1713, Test WMAPE: 0.0744
Evaluate best model on test data for horizon 6, Test MAE: 12.9898, Test RMSE: 49.3099, Test MAPE: 16.8821, Test WMAPE: 0.0755
Evaluate best model on test data for horizon 7, Test MAE: 13.7015, Test RMSE: 50.4427, Test MAPE: 17.0090, Test WMAPE: 0.0797
Evaluate best model on test data for horizon 8, Test MAE: 14.4165, Test RMSE: 53.8228, Test MAPE: 16.9211, Test WMAPE: 0.0838
Evaluate best model on test data for horizon 9, Test MAE: 14.6313, Test RMSE: 52.1909, Test MAPE: 17.1004, Test WMAPE: 0.0851
Evaluate best model on test data for horizon 10, Test MAE: 14.4498, Test RMSE: 48.4018, Test MAPE: 17.0896, Test WMAPE: 0.0840
Evaluate best model on test data for horizon 11, Test MAE: 15.0546, Test RMSE: 53.1703, Test MAPE: 17.2796, Test WMAPE: 0.0876
Evaluate best model on test data for horizon 12, Test MAE: 15.1869, Test RMSE: 52.8270, Test MAPE: 17.8803, Test WMAPE: 0.0884
On average over 12 horizons, Test MAE: 12.8219, Test RMSE: 52.1735, Test MAPE: 15.2100, Test WMAPE: 0.0745
No update
Iter: 000, Train Loss: 5.8764, Train RMSE: 12.5539, Train MAPE: 0.5577, Train WMAPE: 0.0326
Iter: 050, Train Loss: 5.7656, Train RMSE: 11.8256, Train MAPE: 0.5598, Train WMAPE: 0.0316
Epoch: 215, Training Time: 14.6617 secs
Epoch: 215, Inference Time: 1.8081 secs
Epoch: 215, Train Loss: 5.7312, Train RMSE: 12.3821, Train MAPE: 0.7939, Train WMAPE: 0.0320, 
Epoch: 215, Valid Loss: 10.3725, Valid RMSE: 40.0918, Valid MAPE: 1.9446, Valid WMAPE: 0.0596
###Update tasks appear###
Evaluate best model on test data for horizon 1, Test MAE: 8.9928, Test RMSE: 60.5714, Test MAPE: 7.0396, Test WMAPE: 0.0522
Evaluate best model on test data for horizon 2, Test MAE: 9.8991, Test RMSE: 53.4355, Test MAPE: 11.5948, Test WMAPE: 0.0575
Evaluate best model on test data for horizon 3, Test MAE: 10.1636, Test RMSE: 42.8519, Test MAPE: 13.4195, Test WMAPE: 0.0590
Evaluate best model on test data for horizon 4, Test MAE: 11.6966, Test RMSE: 51.9244, Test MAPE: 14.9879, Test WMAPE: 0.0680
Evaluate best model on test data for horizon 5, Test MAE: 12.8206, Test RMSE: 55.6722, Test MAPE: 16.1488, Test WMAPE: 0.0745
Evaluate best model on test data for horizon 6, Test MAE: 12.9664, Test RMSE: 48.9313, Test MAPE: 16.4879, Test WMAPE: 0.0754
Evaluate best model on test data for horizon 7, Test MAE: 13.6809, Test RMSE: 49.7491, Test MAPE: 16.6318, Test WMAPE: 0.0795
Evaluate best model on test data for horizon 8, Test MAE: 14.4023, Test RMSE: 53.5520, Test MAPE: 16.7997, Test WMAPE: 0.0838
Evaluate best model on test data for horizon 9, Test MAE: 14.6030, Test RMSE: 51.9758, Test MAPE: 16.9121, Test WMAPE: 0.0849
Evaluate best model on test data for horizon 10, Test MAE: 14.3950, Test RMSE: 47.9572, Test MAPE: 16.8622, Test WMAPE: 0.0837
Evaluate best model on test data for horizon 11, Test MAE: 15.0182, Test RMSE: 52.8928, Test MAPE: 17.2477, Test WMAPE: 0.0874
Evaluate best model on test data for horizon 12, Test MAE: 15.0744, Test RMSE: 52.5430, Test MAPE: 17.3788, Test WMAPE: 0.0877
On average over 12 horizons, Test MAE: 12.8094, Test RMSE: 51.8380, Test MAPE: 15.1259, Test WMAPE: 0.0745
No update
Iter: 000, Train Loss: 5.8983, Train RMSE: 12.4620, Train MAPE: 0.6430, Train WMAPE: 0.0327
Iter: 050, Train Loss: 5.8203, Train RMSE: 12.0010, Train MAPE: 0.7586, Train WMAPE: 0.0319
Epoch: 216, Training Time: 14.6850 secs
Epoch: 216, Inference Time: 1.8962 secs
Epoch: 216, Train Loss: 5.7625, Train RMSE: 12.4028, Train MAPE: 0.8622, Train WMAPE: 0.0322, 
Epoch: 216, Valid Loss: 10.3775, Valid RMSE: 39.9824, Valid MAPE: 2.1566, Valid WMAPE: 0.0596
###Update tasks appear###
Evaluate best model on test data for horizon 1, Test MAE: 9.0070, Test RMSE: 60.5776, Test MAPE: 7.2839, Test WMAPE: 0.0523
Evaluate best model on test data for horizon 2, Test MAE: 9.8854, Test RMSE: 53.0089, Test MAPE: 11.7913, Test WMAPE: 0.0574
Evaluate best model on test data for horizon 3, Test MAE: 10.2997, Test RMSE: 42.9877, Test MAPE: 13.6258, Test WMAPE: 0.0598
Evaluate best model on test data for horizon 4, Test MAE: 11.6929, Test RMSE: 51.6583, Test MAPE: 15.0905, Test WMAPE: 0.0679
Evaluate best model on test data for horizon 5, Test MAE: 12.9182, Test RMSE: 55.5939, Test MAPE: 16.1503, Test WMAPE: 0.0751
Evaluate best model on test data for horizon 6, Test MAE: 12.9901, Test RMSE: 49.1623, Test MAPE: 16.7335, Test WMAPE: 0.0755
Evaluate best model on test data for horizon 7, Test MAE: 13.6806, Test RMSE: 50.1925, Test MAPE: 17.0172, Test WMAPE: 0.0795
Evaluate best model on test data for horizon 8, Test MAE: 14.4108, Test RMSE: 53.4987, Test MAPE: 16.8556, Test WMAPE: 0.0838
Evaluate best model on test data for horizon 9, Test MAE: 14.6182, Test RMSE: 51.9865, Test MAPE: 17.1765, Test WMAPE: 0.0850
Evaluate best model on test data for horizon 10, Test MAE: 14.5337, Test RMSE: 48.5117, Test MAPE: 16.9258, Test WMAPE: 0.0845
Evaluate best model on test data for horizon 11, Test MAE: 15.1146, Test RMSE: 53.1093, Test MAPE: 17.2833, Test WMAPE: 0.0879
Evaluate best model on test data for horizon 12, Test MAE: 15.1464, Test RMSE: 52.7411, Test MAPE: 17.5669, Test WMAPE: 0.0881
On average over 12 horizons, Test MAE: 12.8581, Test RMSE: 51.9190, Test MAPE: 15.2917, Test WMAPE: 0.0747
No update
Iter: 000, Train Loss: 5.8156, Train RMSE: 12.5653, Train MAPE: 0.6930, Train WMAPE: 0.0323
Iter: 050, Train Loss: 5.7114, Train RMSE: 11.8198, Train MAPE: 0.6213, Train WMAPE: 0.0313
Epoch: 217, Training Time: 14.8668 secs
Epoch: 217, Inference Time: 1.8780 secs
Epoch: 217, Train Loss: 5.7531, Train RMSE: 12.4149, Train MAPE: 0.8343, Train WMAPE: 0.0322, 
Epoch: 217, Valid Loss: 10.5184, Valid RMSE: 39.7033, Valid MAPE: 2.8231, Valid WMAPE: 0.0604
No update
Iter: 000, Train Loss: 5.9546, Train RMSE: 12.6139, Train MAPE: 0.8870, Train WMAPE: 0.0331
Iter: 050, Train Loss: 5.7146, Train RMSE: 11.8136, Train MAPE: 0.6913, Train WMAPE: 0.0313
Epoch: 218, Training Time: 14.8963 secs
Epoch: 218, Inference Time: 1.8960 secs
Epoch: 218, Train Loss: 5.7703, Train RMSE: 12.4809, Train MAPE: 0.8375, Train WMAPE: 0.0323, 
Epoch: 218, Valid Loss: 10.3249, Valid RMSE: 39.6652, Valid MAPE: 2.1927, Valid WMAPE: 0.0593
###Update tasks appear###
Evaluate best model on test data for horizon 1, Test MAE: 9.0472, Test RMSE: 60.3082, Test MAPE: 7.1219, Test WMAPE: 0.0525
Evaluate best model on test data for horizon 2, Test MAE: 10.0041, Test RMSE: 52.9999, Test MAPE: 11.8190, Test WMAPE: 0.0581
Evaluate best model on test data for horizon 3, Test MAE: 10.2051, Test RMSE: 42.7831, Test MAPE: 13.9042, Test WMAPE: 0.0593
Evaluate best model on test data for horizon 4, Test MAE: 11.7494, Test RMSE: 51.4212, Test MAPE: 15.4623, Test WMAPE: 0.0683
Evaluate best model on test data for horizon 5, Test MAE: 12.8532, Test RMSE: 55.4520, Test MAPE: 16.7396, Test WMAPE: 0.0747
Evaluate best model on test data for horizon 6, Test MAE: 13.0138, Test RMSE: 48.9523, Test MAPE: 17.0496, Test WMAPE: 0.0756
Evaluate best model on test data for horizon 7, Test MAE: 13.6786, Test RMSE: 49.7604, Test MAPE: 17.3532, Test WMAPE: 0.0795
Evaluate best model on test data for horizon 8, Test MAE: 14.3561, Test RMSE: 53.0184, Test MAPE: 17.0546, Test WMAPE: 0.0835
Evaluate best model on test data for horizon 9, Test MAE: 14.5948, Test RMSE: 51.6105, Test MAPE: 17.3358, Test WMAPE: 0.0849
Evaluate best model on test data for horizon 10, Test MAE: 14.4227, Test RMSE: 47.9040, Test MAPE: 17.4440, Test WMAPE: 0.0839
Evaluate best model on test data for horizon 11, Test MAE: 14.9942, Test RMSE: 52.2916, Test MAPE: 17.6409, Test WMAPE: 0.0872
Evaluate best model on test data for horizon 12, Test MAE: 14.9851, Test RMSE: 51.9159, Test MAPE: 17.8934, Test WMAPE: 0.0872
On average over 12 horizons, Test MAE: 12.8254, Test RMSE: 51.5348, Test MAPE: 15.5682, Test WMAPE: 0.0746
No update
Iter: 000, Train Loss: 5.8197, Train RMSE: 12.3450, Train MAPE: 0.6888, Train WMAPE: 0.0323
Iter: 050, Train Loss: 5.6479, Train RMSE: 11.6330, Train MAPE: 0.5649, Train WMAPE: 0.0310
Epoch: 219, Training Time: 14.7675 secs
Epoch: 219, Inference Time: 1.9036 secs
Epoch: 219, Train Loss: 5.7039, Train RMSE: 12.3204, Train MAPE: 0.8183, Train WMAPE: 0.0319, 
Epoch: 219, Valid Loss: 10.4129, Valid RMSE: 39.8062, Valid MAPE: 2.7645, Valid WMAPE: 0.0598
No update
Iter: 000, Train Loss: 5.8948, Train RMSE: 12.4448, Train MAPE: 0.8877, Train WMAPE: 0.0327
Iter: 050, Train Loss: 5.6707, Train RMSE: 11.7745, Train MAPE: 0.4906, Train WMAPE: 0.0311
Epoch: 220, Training Time: 14.9737 secs
Epoch: 220, Inference Time: 1.9103 secs
Epoch: 220, Train Loss: 5.6920, Train RMSE: 12.3010, Train MAPE: 0.8031, Train WMAPE: 0.0318, 
Epoch: 220, Valid Loss: 10.3863, Valid RMSE: 39.7156, Valid MAPE: 2.5618, Valid WMAPE: 0.0596
No update
Iter: 000, Train Loss: 5.7909, Train RMSE: 12.1790, Train MAPE: 0.8798, Train WMAPE: 0.0321
Iter: 050, Train Loss: 5.8143, Train RMSE: 11.9224, Train MAPE: 0.5271, Train WMAPE: 0.0319
Epoch: 221, Training Time: 14.7749 secs
Epoch: 221, Inference Time: 1.9006 secs
Epoch: 221, Train Loss: 5.6862, Train RMSE: 12.2902, Train MAPE: 0.8426, Train WMAPE: 0.0318, 
Epoch: 221, Valid Loss: 10.3753, Valid RMSE: 39.6893, Valid MAPE: 1.8595, Valid WMAPE: 0.0596
###Update tasks appear###
Evaluate best model on test data for horizon 1, Test MAE: 9.0819, Test RMSE: 60.4130, Test MAPE: 6.8790, Test WMAPE: 0.0527
Evaluate best model on test data for horizon 2, Test MAE: 9.9688, Test RMSE: 53.0434, Test MAPE: 11.7169, Test WMAPE: 0.0579
Evaluate best model on test data for horizon 3, Test MAE: 10.2648, Test RMSE: 42.4532, Test MAPE: 13.6545, Test WMAPE: 0.0596
Evaluate best model on test data for horizon 4, Test MAE: 11.8231, Test RMSE: 51.3881, Test MAPE: 14.7714, Test WMAPE: 0.0687
Evaluate best model on test data for horizon 5, Test MAE: 12.9737, Test RMSE: 55.3546, Test MAPE: 16.1700, Test WMAPE: 0.0754
Evaluate best model on test data for horizon 6, Test MAE: 13.0968, Test RMSE: 48.8266, Test MAPE: 16.5588, Test WMAPE: 0.0761
Evaluate best model on test data for horizon 7, Test MAE: 13.7795, Test RMSE: 49.5671, Test MAPE: 16.7883, Test WMAPE: 0.0801
Evaluate best model on test data for horizon 8, Test MAE: 14.5335, Test RMSE: 53.1727, Test MAPE: 16.9978, Test WMAPE: 0.0845
Evaluate best model on test data for horizon 9, Test MAE: 14.7702, Test RMSE: 51.5755, Test MAPE: 17.1505, Test WMAPE: 0.0859
Evaluate best model on test data for horizon 10, Test MAE: 14.6117, Test RMSE: 47.8746, Test MAPE: 17.0994, Test WMAPE: 0.0850
Evaluate best model on test data for horizon 11, Test MAE: 15.2170, Test RMSE: 52.7311, Test MAPE: 17.5960, Test WMAPE: 0.0885
Evaluate best model on test data for horizon 12, Test MAE: 15.2362, Test RMSE: 52.1292, Test MAPE: 17.7587, Test WMAPE: 0.0886
On average over 12 horizons, Test MAE: 12.9464, Test RMSE: 51.5441, Test MAPE: 15.2618, Test WMAPE: 0.0753
No update
Iter: 000, Train Loss: 5.7703, Train RMSE: 12.3216, Train MAPE: 0.5454, Train WMAPE: 0.0320
Iter: 050, Train Loss: 5.7126, Train RMSE: 11.7985, Train MAPE: 0.4955, Train WMAPE: 0.0313
Epoch: 222, Training Time: 15.0689 secs
Epoch: 222, Inference Time: 1.8984 secs
Epoch: 222, Train Loss: 5.6738, Train RMSE: 12.2510, Train MAPE: 0.7767, Train WMAPE: 0.0317, 
Epoch: 222, Valid Loss: 10.4059, Valid RMSE: 39.7585, Valid MAPE: 1.7395, Valid WMAPE: 0.0598
No update
Iter: 000, Train Loss: 5.7669, Train RMSE: 12.2174, Train MAPE: 0.5272, Train WMAPE: 0.0320
Iter: 050, Train Loss: 5.6890, Train RMSE: 11.8787, Train MAPE: 0.4992, Train WMAPE: 0.0312
Epoch: 223, Training Time: 14.7773 secs
Epoch: 223, Inference Time: 1.8155 secs
Epoch: 223, Train Loss: 5.7097, Train RMSE: 12.2988, Train MAPE: 0.7908, Train WMAPE: 0.0319, 
Epoch: 223, Valid Loss: 10.7110, Valid RMSE: 39.8173, Valid MAPE: 1.9613, Valid WMAPE: 0.0615
No update
Iter: 000, Train Loss: 5.9368, Train RMSE: 12.4846, Train MAPE: 0.6295, Train WMAPE: 0.0330
Iter: 050, Train Loss: 5.6693, Train RMSE: 11.7095, Train MAPE: 0.5504, Train WMAPE: 0.0311
Epoch: 224, Training Time: 14.3994 secs
Epoch: 224, Inference Time: 1.9000 secs
Epoch: 224, Train Loss: 5.7098, Train RMSE: 12.2964, Train MAPE: 0.7876, Train WMAPE: 0.0319, 
Epoch: 224, Valid Loss: 10.5199, Valid RMSE: 40.0035, Valid MAPE: 2.9720, Valid WMAPE: 0.0604
No update
Iter: 000, Train Loss: 5.8588, Train RMSE: 12.4556, Train MAPE: 1.0472, Train WMAPE: 0.0325
Iter: 050, Train Loss: 5.6332, Train RMSE: 11.7075, Train MAPE: 0.5338, Train WMAPE: 0.0309
Epoch: 225, Training Time: 14.6753 secs
Epoch: 225, Inference Time: 1.8051 secs
Epoch: 225, Train Loss: 5.6826, Train RMSE: 12.2934, Train MAPE: 0.8117, Train WMAPE: 0.0318, 
Epoch: 225, Valid Loss: 10.5216, Valid RMSE: 39.9881, Valid MAPE: 3.4091, Valid WMAPE: 0.0604
No update
Iter: 000, Train Loss: 5.8572, Train RMSE: 12.2781, Train MAPE: 1.2268, Train WMAPE: 0.0325
Iter: 050, Train Loss: 5.6891, Train RMSE: 11.5964, Train MAPE: 0.7047, Train WMAPE: 0.0312
Epoch: 226, Training Time: 14.9791 secs
Epoch: 226, Inference Time: 1.8941 secs
Epoch: 226, Train Loss: 5.7010, Train RMSE: 12.2282, Train MAPE: 0.9679, Train WMAPE: 0.0319, 
Epoch: 226, Valid Loss: 10.5866, Valid RMSE: 39.9265, Valid MAPE: 4.5599, Valid WMAPE: 0.0608
No update
Iter: 000, Train Loss: 6.0171, Train RMSE: 12.2402, Train MAPE: 1.6729, Train WMAPE: 0.0334
Iter: 050, Train Loss: 5.6719, Train RMSE: 11.7542, Train MAPE: 0.7050, Train WMAPE: 0.0311
Epoch: 227, Training Time: 14.5867 secs
Epoch: 227, Inference Time: 2.0139 secs
Epoch: 227, Train Loss: 5.7281, Train RMSE: 12.2231, Train MAPE: 1.1230, Train WMAPE: 0.0320, 
Epoch: 227, Valid Loss: 10.3489, Valid RMSE: 39.7211, Valid MAPE: 2.4380, Valid WMAPE: 0.0594
###Update tasks appear###
Evaluate best model on test data for horizon 1, Test MAE: 9.0364, Test RMSE: 60.6165, Test MAPE: 7.2009, Test WMAPE: 0.0525
Evaluate best model on test data for horizon 2, Test MAE: 9.8907, Test RMSE: 52.9985, Test MAPE: 11.8378, Test WMAPE: 0.0574
Evaluate best model on test data for horizon 3, Test MAE: 10.1236, Test RMSE: 42.5523, Test MAPE: 13.7643, Test WMAPE: 0.0588
Evaluate best model on test data for horizon 4, Test MAE: 11.6826, Test RMSE: 51.4670, Test MAPE: 15.1684, Test WMAPE: 0.0679
Evaluate best model on test data for horizon 5, Test MAE: 12.8151, Test RMSE: 55.3423, Test MAPE: 16.5638, Test WMAPE: 0.0745
Evaluate best model on test data for horizon 6, Test MAE: 12.9730, Test RMSE: 48.8975, Test MAPE: 16.9066, Test WMAPE: 0.0754
Evaluate best model on test data for horizon 7, Test MAE: 13.5981, Test RMSE: 49.6895, Test MAPE: 17.1206, Test WMAPE: 0.0791
Evaluate best model on test data for horizon 8, Test MAE: 14.3380, Test RMSE: 53.2763, Test MAPE: 17.2678, Test WMAPE: 0.0834
Evaluate best model on test data for horizon 9, Test MAE: 14.5725, Test RMSE: 51.6147, Test MAPE: 17.5525, Test WMAPE: 0.0848
Evaluate best model on test data for horizon 10, Test MAE: 14.3958, Test RMSE: 47.7892, Test MAPE: 17.4820, Test WMAPE: 0.0837
Evaluate best model on test data for horizon 11, Test MAE: 15.0111, Test RMSE: 52.4966, Test MAPE: 17.9156, Test WMAPE: 0.0873
Evaluate best model on test data for horizon 12, Test MAE: 15.0041, Test RMSE: 51.9520, Test MAPE: 17.9400, Test WMAPE: 0.0873
On average over 12 horizons, Test MAE: 12.7868, Test RMSE: 51.5577, Test MAPE: 15.5600, Test WMAPE: 0.0743
No update
Iter: 000, Train Loss: 5.7687, Train RMSE: 12.4287, Train MAPE: 0.8118, Train WMAPE: 0.0320
Iter: 050, Train Loss: 5.7741, Train RMSE: 11.8722, Train MAPE: 0.5848, Train WMAPE: 0.0317
Epoch: 228, Training Time: 14.7019 secs
Epoch: 228, Inference Time: 1.9482 secs
Epoch: 228, Train Loss: 5.6750, Train RMSE: 12.2126, Train MAPE: 0.8921, Train WMAPE: 0.0317, 
Epoch: 228, Valid Loss: 10.4734, Valid RMSE: 40.0748, Valid MAPE: 2.3595, Valid WMAPE: 0.0601
No update
Iter: 000, Train Loss: 5.7634, Train RMSE: 12.2420, Train MAPE: 0.7593, Train WMAPE: 0.0320
Iter: 050, Train Loss: 5.6894, Train RMSE: 11.6335, Train MAPE: 0.6204, Train WMAPE: 0.0312
Epoch: 229, Training Time: 14.6556 secs
Epoch: 229, Inference Time: 1.9509 secs
Epoch: 229, Train Loss: 5.6519, Train RMSE: 12.2129, Train MAPE: 0.8430, Train WMAPE: 0.0316, 
Epoch: 229, Valid Loss: 10.3391, Valid RMSE: 39.9246, Valid MAPE: 2.7618, Valid WMAPE: 0.0594
###Update tasks appear###
Evaluate best model on test data for horizon 1, Test MAE: 9.0647, Test RMSE: 60.8433, Test MAPE: 6.5920, Test WMAPE: 0.0526
Evaluate best model on test data for horizon 2, Test MAE: 9.8649, Test RMSE: 53.4004, Test MAPE: 11.3384, Test WMAPE: 0.0573
Evaluate best model on test data for horizon 3, Test MAE: 10.2532, Test RMSE: 42.7410, Test MAPE: 13.4726, Test WMAPE: 0.0596
Evaluate best model on test data for horizon 4, Test MAE: 11.6101, Test RMSE: 51.6110, Test MAPE: 14.7338, Test WMAPE: 0.0675
Evaluate best model on test data for horizon 5, Test MAE: 12.9123, Test RMSE: 55.7113, Test MAPE: 16.1333, Test WMAPE: 0.0750
Evaluate best model on test data for horizon 6, Test MAE: 12.8963, Test RMSE: 49.1934, Test MAPE: 16.6826, Test WMAPE: 0.0750
Evaluate best model on test data for horizon 7, Test MAE: 13.5585, Test RMSE: 49.9883, Test MAPE: 16.8566, Test WMAPE: 0.0788
Evaluate best model on test data for horizon 8, Test MAE: 14.3321, Test RMSE: 53.6309, Test MAPE: 16.9288, Test WMAPE: 0.0833
Evaluate best model on test data for horizon 9, Test MAE: 14.5607, Test RMSE: 51.7216, Test MAPE: 17.0579, Test WMAPE: 0.0847
Evaluate best model on test data for horizon 10, Test MAE: 14.3941, Test RMSE: 47.9140, Test MAPE: 17.1206, Test WMAPE: 0.0837
Evaluate best model on test data for horizon 11, Test MAE: 15.0320, Test RMSE: 52.8651, Test MAPE: 17.4672, Test WMAPE: 0.0874
Evaluate best model on test data for horizon 12, Test MAE: 15.0137, Test RMSE: 52.2832, Test MAPE: 17.6972, Test WMAPE: 0.0873
On average over 12 horizons, Test MAE: 12.7911, Test RMSE: 51.8253, Test MAPE: 15.1734, Test WMAPE: 0.0744
No update
Iter: 000, Train Loss: 5.9060, Train RMSE: 12.5505, Train MAPE: 0.8082, Train WMAPE: 0.0328
Iter: 050, Train Loss: 5.6249, Train RMSE: 11.7034, Train MAPE: 0.5523, Train WMAPE: 0.0308
Epoch: 230, Training Time: 14.5688 secs
Epoch: 230, Inference Time: 1.9996 secs
Epoch: 230, Train Loss: 5.6304, Train RMSE: 12.1605, Train MAPE: 0.8391, Train WMAPE: 0.0315, 
Epoch: 230, Valid Loss: 10.3499, Valid RMSE: 39.6206, Valid MAPE: 2.0957, Valid WMAPE: 0.0594
###Update tasks appear###
Evaluate best model on test data for horizon 1, Test MAE: 8.9778, Test RMSE: 60.5998, Test MAPE: 6.9200, Test WMAPE: 0.0521
Evaluate best model on test data for horizon 2, Test MAE: 9.8880, Test RMSE: 52.9428, Test MAPE: 11.7628, Test WMAPE: 0.0574
Evaluate best model on test data for horizon 3, Test MAE: 10.1460, Test RMSE: 42.5020, Test MAPE: 13.4904, Test WMAPE: 0.0589
Evaluate best model on test data for horizon 4, Test MAE: 11.7375, Test RMSE: 51.2209, Test MAPE: 14.9912, Test WMAPE: 0.0682
Evaluate best model on test data for horizon 5, Test MAE: 12.9177, Test RMSE: 55.2361, Test MAPE: 16.5344, Test WMAPE: 0.0751
Evaluate best model on test data for horizon 6, Test MAE: 13.0740, Test RMSE: 48.8728, Test MAPE: 16.6224, Test WMAPE: 0.0760
Evaluate best model on test data for horizon 7, Test MAE: 13.7492, Test RMSE: 49.8385, Test MAPE: 16.8462, Test WMAPE: 0.0799
Evaluate best model on test data for horizon 8, Test MAE: 14.5786, Test RMSE: 53.3750, Test MAPE: 17.0484, Test WMAPE: 0.0848
Evaluate best model on test data for horizon 9, Test MAE: 14.7394, Test RMSE: 51.2830, Test MAPE: 17.0746, Test WMAPE: 0.0857
Evaluate best model on test data for horizon 10, Test MAE: 14.6037, Test RMSE: 47.8106, Test MAPE: 17.1107, Test WMAPE: 0.0849
Evaluate best model on test data for horizon 11, Test MAE: 15.2573, Test RMSE: 52.8212, Test MAPE: 17.4958, Test WMAPE: 0.0888
Evaluate best model on test data for horizon 12, Test MAE: 15.2124, Test RMSE: 51.9496, Test MAPE: 17.7644, Test WMAPE: 0.0885
On average over 12 horizons, Test MAE: 12.9068, Test RMSE: 51.5377, Test MAPE: 15.3051, Test WMAPE: 0.0750
No update
Iter: 000, Train Loss: 5.8195, Train RMSE: 12.4746, Train MAPE: 0.5944, Train WMAPE: 0.0323
Iter: 050, Train Loss: 5.5651, Train RMSE: 11.4478, Train MAPE: 0.5116, Train WMAPE: 0.0305
Epoch: 231, Training Time: 14.6606 secs
Epoch: 231, Inference Time: 1.8046 secs
Epoch: 231, Train Loss: 5.6768, Train RMSE: 12.2697, Train MAPE: 0.8042, Train WMAPE: 0.0317, 
Epoch: 231, Valid Loss: 10.4130, Valid RMSE: 39.4387, Valid MAPE: 2.6408, Valid WMAPE: 0.0598
No update
Iter: 000, Train Loss: 5.7809, Train RMSE: 12.3477, Train MAPE: 0.8444, Train WMAPE: 0.0321
Iter: 050, Train Loss: 5.6794, Train RMSE: 11.7781, Train MAPE: 0.5688, Train WMAPE: 0.0311
Epoch: 232, Training Time: 14.6688 secs
Epoch: 232, Inference Time: 1.9841 secs
Epoch: 232, Train Loss: 5.7131, Train RMSE: 12.3264, Train MAPE: 0.8536, Train WMAPE: 0.0319, 
Epoch: 232, Valid Loss: 10.6150, Valid RMSE: 39.9655, Valid MAPE: 3.0817, Valid WMAPE: 0.0610
No update
Iter: 000, Train Loss: 5.9105, Train RMSE: 12.2189, Train MAPE: 1.0790, Train WMAPE: 0.0328
Iter: 050, Train Loss: 5.6814, Train RMSE: 11.6989, Train MAPE: 0.6107, Train WMAPE: 0.0312
Epoch: 233, Training Time: 14.8339 secs
Epoch: 233, Inference Time: 1.9546 secs
Epoch: 233, Train Loss: 5.6550, Train RMSE: 12.2261, Train MAPE: 0.8018, Train WMAPE: 0.0316, 
Epoch: 233, Valid Loss: 10.4390, Valid RMSE: 39.8488, Valid MAPE: 1.9560, Valid WMAPE: 0.0599
No update
Iter: 000, Train Loss: 5.7335, Train RMSE: 12.2537, Train MAPE: 0.6234, Train WMAPE: 0.0318
Iter: 050, Train Loss: 5.6296, Train RMSE: 11.6603, Train MAPE: 0.5611, Train WMAPE: 0.0309
Epoch: 234, Training Time: 14.6854 secs
Epoch: 234, Inference Time: 1.8969 secs
Epoch: 234, Train Loss: 5.6646, Train RMSE: 12.2576, Train MAPE: 0.7735, Train WMAPE: 0.0317, 
Epoch: 234, Valid Loss: 10.3911, Valid RMSE: 39.7869, Valid MAPE: 2.3559, Valid WMAPE: 0.0597
No update
Iter: 000, Train Loss: 5.6498, Train RMSE: 12.0316, Train MAPE: 0.7339, Train WMAPE: 0.0314
Iter: 050, Train Loss: 5.7271, Train RMSE: 11.7267, Train MAPE: 0.5593, Train WMAPE: 0.0314
Epoch: 235, Training Time: 14.9801 secs
Epoch: 235, Inference Time: 1.9048 secs
Epoch: 235, Train Loss: 5.6807, Train RMSE: 12.2355, Train MAPE: 0.8585, Train WMAPE: 0.0318, 
Epoch: 235, Valid Loss: 10.3523, Valid RMSE: 39.5641, Valid MAPE: 1.8915, Valid WMAPE: 0.0594
###Update tasks appear###
Evaluate best model on test data for horizon 1, Test MAE: 9.0367, Test RMSE: 60.4843, Test MAPE: 6.9083, Test WMAPE: 0.0525
Evaluate best model on test data for horizon 2, Test MAE: 9.9071, Test RMSE: 52.7066, Test MAPE: 11.7812, Test WMAPE: 0.0575
Evaluate best model on test data for horizon 3, Test MAE: 10.1825, Test RMSE: 42.4805, Test MAPE: 13.6318, Test WMAPE: 0.0591
Evaluate best model on test data for horizon 4, Test MAE: 11.7481, Test RMSE: 51.3324, Test MAPE: 15.0311, Test WMAPE: 0.0683
Evaluate best model on test data for horizon 5, Test MAE: 12.9050, Test RMSE: 55.0795, Test MAPE: 16.4078, Test WMAPE: 0.0750
Evaluate best model on test data for horizon 6, Test MAE: 13.0442, Test RMSE: 48.6511, Test MAPE: 16.6007, Test WMAPE: 0.0758
Evaluate best model on test data for horizon 7, Test MAE: 13.7466, Test RMSE: 49.8178, Test MAPE: 16.8116, Test WMAPE: 0.0799
Evaluate best model on test data for horizon 8, Test MAE: 14.4967, Test RMSE: 53.2831, Test MAPE: 16.8941, Test WMAPE: 0.0843
Evaluate best model on test data for horizon 9, Test MAE: 14.6733, Test RMSE: 51.2615, Test MAPE: 17.1857, Test WMAPE: 0.0853
Evaluate best model on test data for horizon 10, Test MAE: 14.5499, Test RMSE: 47.7511, Test MAPE: 17.1437, Test WMAPE: 0.0846
Evaluate best model on test data for horizon 11, Test MAE: 15.1391, Test RMSE: 52.6424, Test MAPE: 17.5506, Test WMAPE: 0.0881
Evaluate best model on test data for horizon 12, Test MAE: 15.1237, Test RMSE: 51.8752, Test MAPE: 17.6978, Test WMAPE: 0.0880
On average over 12 horizons, Test MAE: 12.8794, Test RMSE: 51.4471, Test MAPE: 15.3037, Test WMAPE: 0.0749
No update
Iter: 000, Train Loss: 5.6819, Train RMSE: 12.0950, Train MAPE: 0.5591, Train WMAPE: 0.0315
Iter: 050, Train Loss: 5.8039, Train RMSE: 11.8726, Train MAPE: 0.6784, Train WMAPE: 0.0318
Epoch: 236, Training Time: 14.9587 secs
Epoch: 236, Inference Time: 1.9134 secs
Epoch: 236, Train Loss: 5.6772, Train RMSE: 12.2547, Train MAPE: 0.7936, Train WMAPE: 0.0317, 
Epoch: 236, Valid Loss: 10.5825, Valid RMSE: 39.7968, Valid MAPE: 2.2672, Valid WMAPE: 0.0608
No update
Iter: 000, Train Loss: 5.8950, Train RMSE: 12.4841, Train MAPE: 0.6852, Train WMAPE: 0.0327
Iter: 050, Train Loss: 5.6359, Train RMSE: 11.6798, Train MAPE: 0.6372, Train WMAPE: 0.0309
Epoch: 237, Training Time: 14.5975 secs
Epoch: 237, Inference Time: 1.9263 secs
Epoch: 237, Train Loss: 5.6687, Train RMSE: 12.2212, Train MAPE: 0.8157, Train WMAPE: 0.0317, 
Epoch: 237, Valid Loss: 10.4226, Valid RMSE: 39.7259, Valid MAPE: 2.7957, Valid WMAPE: 0.0598
No update
Iter: 000, Train Loss: 5.8098, Train RMSE: 12.2704, Train MAPE: 0.8526, Train WMAPE: 0.0323
Iter: 050, Train Loss: 5.6700, Train RMSE: 11.6518, Train MAPE: 0.4796, Train WMAPE: 0.0311
Epoch: 238, Training Time: 14.7958 secs
Epoch: 238, Inference Time: 1.9062 secs
Epoch: 238, Train Loss: 5.6515, Train RMSE: 12.2066, Train MAPE: 0.7942, Train WMAPE: 0.0316, 
Epoch: 238, Valid Loss: 10.3444, Valid RMSE: 39.5943, Valid MAPE: 2.1962, Valid WMAPE: 0.0594
###Update tasks appear###
Evaluate best model on test data for horizon 1, Test MAE: 8.9813, Test RMSE: 60.1962, Test MAPE: 6.8495, Test WMAPE: 0.0521
Evaluate best model on test data for horizon 2, Test MAE: 9.8826, Test RMSE: 52.9194, Test MAPE: 11.4431, Test WMAPE: 0.0574
Evaluate best model on test data for horizon 3, Test MAE: 10.2002, Test RMSE: 42.2606, Test MAPE: 13.4522, Test WMAPE: 0.0592
Evaluate best model on test data for horizon 4, Test MAE: 11.6512, Test RMSE: 51.1897, Test MAPE: 14.8145, Test WMAPE: 0.0677
Evaluate best model on test data for horizon 5, Test MAE: 12.8052, Test RMSE: 54.8268, Test MAPE: 16.1486, Test WMAPE: 0.0744
Evaluate best model on test data for horizon 6, Test MAE: 13.0028, Test RMSE: 48.4993, Test MAPE: 16.4486, Test WMAPE: 0.0756
Evaluate best model on test data for horizon 7, Test MAE: 13.6977, Test RMSE: 49.5211, Test MAPE: 16.7327, Test WMAPE: 0.0796
Evaluate best model on test data for horizon 8, Test MAE: 14.3126, Test RMSE: 53.0933, Test MAPE: 16.9557, Test WMAPE: 0.0832
Evaluate best model on test data for horizon 9, Test MAE: 14.4944, Test RMSE: 51.1216, Test MAPE: 17.0528, Test WMAPE: 0.0843
Evaluate best model on test data for horizon 10, Test MAE: 14.2674, Test RMSE: 47.2185, Test MAPE: 17.1785, Test WMAPE: 0.0830
Evaluate best model on test data for horizon 11, Test MAE: 14.8696, Test RMSE: 52.1222, Test MAPE: 17.3214, Test WMAPE: 0.0865
Evaluate best model on test data for horizon 12, Test MAE: 14.7948, Test RMSE: 51.3483, Test MAPE: 17.7461, Test WMAPE: 0.0861
On average over 12 horizons, Test MAE: 12.7466, Test RMSE: 51.1931, Test MAPE: 15.1786, Test WMAPE: 0.0741
Test low! Updating! Test Loss: 12.746647914250692, Test low! Updating! Valid Loss: 10.344425746372767, epoch:  238
Iter: 000, Train Loss: 5.8189, Train RMSE: 12.3416, Train MAPE: 0.6671, Train WMAPE: 0.0323
Iter: 050, Train Loss: 5.6081, Train RMSE: 11.5206, Train MAPE: 0.4498, Train WMAPE: 0.0308
Epoch: 239, Training Time: 14.8415 secs
Epoch: 239, Inference Time: 1.8193 secs
Epoch: 239, Train Loss: 5.6458, Train RMSE: 12.1769, Train MAPE: 0.7678, Train WMAPE: 0.0316, 
Epoch: 239, Valid Loss: 10.4240, Valid RMSE: 39.7700, Valid MAPE: 2.3031, Valid WMAPE: 0.0599
No update
Iter: 000, Train Loss: 5.7564, Train RMSE: 12.2221, Train MAPE: 0.8201, Train WMAPE: 0.0320
Iter: 050, Train Loss: 5.6459, Train RMSE: 11.4934, Train MAPE: 0.6247, Train WMAPE: 0.0310
Epoch: 240, Training Time: 14.6875 secs
Epoch: 240, Inference Time: 1.8684 secs
Epoch: 240, Train Loss: 5.6266, Train RMSE: 12.1574, Train MAPE: 0.8046, Train WMAPE: 0.0315, 
Epoch: 240, Valid Loss: 10.2856, Valid RMSE: 39.6686, Valid MAPE: 1.8781, Valid WMAPE: 0.0591
###Update tasks appear###
Evaluate best model on test data for horizon 1, Test MAE: 9.0117, Test RMSE: 60.1673, Test MAPE: 6.9375, Test WMAPE: 0.0523
Evaluate best model on test data for horizon 2, Test MAE: 9.8406, Test RMSE: 52.9653, Test MAPE: 11.6259, Test WMAPE: 0.0571
Evaluate best model on test data for horizon 3, Test MAE: 10.1190, Test RMSE: 42.5081, Test MAPE: 13.4962, Test WMAPE: 0.0588
Evaluate best model on test data for horizon 4, Test MAE: 11.6742, Test RMSE: 51.2240, Test MAPE: 14.8116, Test WMAPE: 0.0678
Evaluate best model on test data for horizon 5, Test MAE: 12.8081, Test RMSE: 55.0714, Test MAPE: 16.1679, Test WMAPE: 0.0744
Evaluate best model on test data for horizon 6, Test MAE: 12.9600, Test RMSE: 48.8465, Test MAPE: 16.4531, Test WMAPE: 0.0753
Evaluate best model on test data for horizon 7, Test MAE: 13.6311, Test RMSE: 49.9329, Test MAPE: 16.6814, Test WMAPE: 0.0793
Evaluate best model on test data for horizon 8, Test MAE: 14.3878, Test RMSE: 53.4261, Test MAPE: 17.0345, Test WMAPE: 0.0837
Evaluate best model on test data for horizon 9, Test MAE: 14.5806, Test RMSE: 51.4028, Test MAPE: 17.3559, Test WMAPE: 0.0848
Evaluate best model on test data for horizon 10, Test MAE: 14.4160, Test RMSE: 47.7411, Test MAPE: 17.2804, Test WMAPE: 0.0839
Evaluate best model on test data for horizon 11, Test MAE: 15.0651, Test RMSE: 52.8304, Test MAPE: 17.3253, Test WMAPE: 0.0876
Evaluate best model on test data for horizon 12, Test MAE: 15.0642, Test RMSE: 51.9768, Test MAPE: 17.5401, Test WMAPE: 0.0876
On average over 12 horizons, Test MAE: 12.7965, Test RMSE: 51.5077, Test MAPE: 15.2258, Test WMAPE: 0.0744
No update
Iter: 000, Train Loss: 5.7006, Train RMSE: 12.1597, Train MAPE: 0.5931, Train WMAPE: 0.0316
Iter: 050, Train Loss: 5.7583, Train RMSE: 11.8107, Train MAPE: 0.8610, Train WMAPE: 0.0316
Epoch: 241, Training Time: 14.6743 secs
Epoch: 241, Inference Time: 1.9963 secs
Epoch: 241, Train Loss: 5.6336, Train RMSE: 12.1099, Train MAPE: 0.9627, Train WMAPE: 0.0315, 
Epoch: 241, Valid Loss: 10.4327, Valid RMSE: 39.6785, Valid MAPE: 3.2377, Valid WMAPE: 0.0599
No update
Iter: 000, Train Loss: 5.8078, Train RMSE: 12.1591, Train MAPE: 1.0538, Train WMAPE: 0.0322
Iter: 050, Train Loss: 5.6272, Train RMSE: 11.5153, Train MAPE: 0.7587, Train WMAPE: 0.0309
Epoch: 242, Training Time: 15.1131 secs
Epoch: 242, Inference Time: 2.0626 secs
Epoch: 242, Train Loss: 5.6088, Train RMSE: 12.0146, Train MAPE: 1.0076, Train WMAPE: 0.0314, 
Epoch: 242, Valid Loss: 10.3945, Valid RMSE: 39.5226, Valid MAPE: 2.7290, Valid WMAPE: 0.0597
No update
Iter: 000, Train Loss: 5.7685, Train RMSE: 12.1340, Train MAPE: 0.9523, Train WMAPE: 0.0320
Iter: 050, Train Loss: 5.6378, Train RMSE: 11.4091, Train MAPE: 0.9318, Train WMAPE: 0.0309
Epoch: 243, Training Time: 14.7797 secs
Epoch: 243, Inference Time: 1.8662 secs
Epoch: 243, Train Loss: 5.6129, Train RMSE: 12.0138, Train MAPE: 1.0258, Train WMAPE: 0.0314, 
Epoch: 243, Valid Loss: 10.3958, Valid RMSE: 39.6304, Valid MAPE: 3.3609, Valid WMAPE: 0.0597
No update
Iter: 000, Train Loss: 5.8126, Train RMSE: 12.2009, Train MAPE: 1.1736, Train WMAPE: 0.0323
Iter: 050, Train Loss: 5.5650, Train RMSE: 11.5437, Train MAPE: 0.6481, Train WMAPE: 0.0305
Epoch: 244, Training Time: 14.5875 secs
Epoch: 244, Inference Time: 1.9792 secs
Epoch: 244, Train Loss: 5.6085, Train RMSE: 12.0268, Train MAPE: 1.0400, Train WMAPE: 0.0314, 
Epoch: 244, Valid Loss: 10.3134, Valid RMSE: 39.6551, Valid MAPE: 1.6920, Valid WMAPE: 0.0592
###Update tasks appear###
Evaluate best model on test data for horizon 1, Test MAE: 8.9529, Test RMSE: 60.3925, Test MAPE: 7.0973, Test WMAPE: 0.0520
Evaluate best model on test data for horizon 2, Test MAE: 9.8326, Test RMSE: 53.1375, Test MAPE: 11.8512, Test WMAPE: 0.0571
Evaluate best model on test data for horizon 3, Test MAE: 10.0643, Test RMSE: 42.6170, Test MAPE: 13.6937, Test WMAPE: 0.0585
Evaluate best model on test data for horizon 4, Test MAE: 11.6140, Test RMSE: 51.3160, Test MAPE: 14.9586, Test WMAPE: 0.0675
Evaluate best model on test data for horizon 5, Test MAE: 12.7483, Test RMSE: 55.0621, Test MAPE: 16.2983, Test WMAPE: 0.0741
Evaluate best model on test data for horizon 6, Test MAE: 12.8934, Test RMSE: 48.6256, Test MAPE: 16.4669, Test WMAPE: 0.0749
Evaluate best model on test data for horizon 7, Test MAE: 13.5698, Test RMSE: 49.8133, Test MAPE: 16.8978, Test WMAPE: 0.0789
Evaluate best model on test data for horizon 8, Test MAE: 14.3172, Test RMSE: 53.1922, Test MAPE: 16.9428, Test WMAPE: 0.0833
Evaluate best model on test data for horizon 9, Test MAE: 14.4833, Test RMSE: 51.1027, Test MAPE: 17.0334, Test WMAPE: 0.0842
Evaluate best model on test data for horizon 10, Test MAE: 14.3019, Test RMSE: 47.2719, Test MAPE: 17.0360, Test WMAPE: 0.0832
Evaluate best model on test data for horizon 11, Test MAE: 14.8927, Test RMSE: 52.2269, Test MAPE: 17.5599, Test WMAPE: 0.0866
Evaluate best model on test data for horizon 12, Test MAE: 14.8699, Test RMSE: 51.3015, Test MAPE: 17.6282, Test WMAPE: 0.0865
On average over 12 horizons, Test MAE: 12.7117, Test RMSE: 51.3383, Test MAPE: 15.2887, Test WMAPE: 0.0739
Test low! Updating! Test Loss: 12.711686929066977, Test low! Updating! Valid Loss: 10.313421862465995, epoch:  244
Iter: 000, Train Loss: 5.8389, Train RMSE: 12.5036, Train MAPE: 0.5652, Train WMAPE: 0.0324
Iter: 050, Train Loss: 5.6468, Train RMSE: 11.4865, Train MAPE: 0.6720, Train WMAPE: 0.0310
Epoch: 245, Training Time: 14.7500 secs
Epoch: 245, Inference Time: 1.9127 secs
Epoch: 245, Train Loss: 5.6159, Train RMSE: 12.0637, Train MAPE: 0.9336, Train WMAPE: 0.0314, 
Epoch: 245, Valid Loss: 10.3817, Valid RMSE: 39.6620, Valid MAPE: 2.0038, Valid WMAPE: 0.0596
No update
Iter: 000, Train Loss: 5.7402, Train RMSE: 12.2368, Train MAPE: 0.6256, Train WMAPE: 0.0319
Iter: 050, Train Loss: 5.5812, Train RMSE: 11.4408, Train MAPE: 0.5963, Train WMAPE: 0.0306
Epoch: 246, Training Time: 14.6920 secs
Epoch: 246, Inference Time: 1.8161 secs
Epoch: 246, Train Loss: 5.6661, Train RMSE: 12.1919, Train MAPE: 0.7930, Train WMAPE: 0.0317, 
Epoch: 246, Valid Loss: 10.4732, Valid RMSE: 39.9046, Valid MAPE: 1.7185, Valid WMAPE: 0.0601
No update
Iter: 000, Train Loss: 5.6836, Train RMSE: 12.0157, Train MAPE: 0.6939, Train WMAPE: 0.0316
Iter: 050, Train Loss: 5.6236, Train RMSE: 11.4676, Train MAPE: 0.4581, Train WMAPE: 0.0308
Epoch: 247, Training Time: 14.3070 secs
Epoch: 247, Inference Time: 1.9112 secs
Epoch: 247, Train Loss: 5.6497, Train RMSE: 12.1560, Train MAPE: 0.7664, Train WMAPE: 0.0316, 
Epoch: 247, Valid Loss: 10.5465, Valid RMSE: 39.7686, Valid MAPE: 2.0350, Valid WMAPE: 0.0606
No update
Iter: 000, Train Loss: 5.8377, Train RMSE: 12.2368, Train MAPE: 0.6515, Train WMAPE: 0.0324
Iter: 050, Train Loss: 5.6511, Train RMSE: 11.5558, Train MAPE: 0.7173, Train WMAPE: 0.0310
Epoch: 248, Training Time: 14.5658 secs
Epoch: 248, Inference Time: 1.8938 secs
Epoch: 248, Train Loss: 5.6415, Train RMSE: 12.1050, Train MAPE: 0.8604, Train WMAPE: 0.0315, 
Epoch: 248, Valid Loss: 10.3747, Valid RMSE: 39.5491, Valid MAPE: 2.3725, Valid WMAPE: 0.0596
No update
Iter: 000, Train Loss: 6.0744, Train RMSE: 12.8254, Train MAPE: 0.7317, Train WMAPE: 0.0337
Iter: 050, Train Loss: 5.5797, Train RMSE: 11.5855, Train MAPE: 0.6725, Train WMAPE: 0.0306
Epoch: 249, Training Time: 14.6929 secs
Epoch: 249, Inference Time: 1.9054 secs
Epoch: 249, Train Loss: 5.6186, Train RMSE: 12.0607, Train MAPE: 1.0061, Train WMAPE: 0.0314, 
Epoch: 249, Valid Loss: 10.3758, Valid RMSE: 39.8061, Valid MAPE: 2.0192, Valid WMAPE: 0.0596
No update
Iter: 000, Train Loss: 5.7438, Train RMSE: 12.1776, Train MAPE: 0.6407, Train WMAPE: 0.0319
Iter: 050, Train Loss: 5.6658, Train RMSE: 11.5373, Train MAPE: 0.7589, Train WMAPE: 0.0311
Epoch: 250, Training Time: 14.4600 secs
Epoch: 250, Inference Time: 1.8942 secs
Epoch: 250, Train Loss: 5.5881, Train RMSE: 11.9681, Train MAPE: 1.0122, Train WMAPE: 0.0312, 
Epoch: 250, Valid Loss: 10.4459, Valid RMSE: 39.5885, Valid MAPE: 3.3969, Valid WMAPE: 0.0600
No update
Iter: 000, Train Loss: 5.9427, Train RMSE: 12.4497, Train MAPE: 1.1611, Train WMAPE: 0.0330
Iter: 050, Train Loss: 5.5762, Train RMSE: 11.6208, Train MAPE: 0.8134, Train WMAPE: 0.0306
Epoch: 251, Training Time: 14.3885 secs
Epoch: 251, Inference Time: 1.8165 secs
Epoch: 251, Train Loss: 5.5961, Train RMSE: 11.9811, Train MAPE: 1.0345, Train WMAPE: 0.0313, 
Epoch: 251, Valid Loss: 10.3304, Valid RMSE: 39.6521, Valid MAPE: 1.7839, Valid WMAPE: 0.0593
No update
Iter: 000, Train Loss: 5.6054, Train RMSE: 11.9348, Train MAPE: 0.6651, Train WMAPE: 0.0311
Iter: 050, Train Loss: 5.7180, Train RMSE: 11.5087, Train MAPE: 0.4378, Train WMAPE: 0.0314
Epoch: 252, Training Time: 14.8154 secs
Epoch: 252, Inference Time: 1.8922 secs
Epoch: 252, Train Loss: 5.6076, Train RMSE: 11.9893, Train MAPE: 1.0120, Train WMAPE: 0.0314, 
Epoch: 252, Valid Loss: 10.3731, Valid RMSE: 39.6240, Valid MAPE: 3.1397, Valid WMAPE: 0.0596
No update
Iter: 000, Train Loss: 5.6489, Train RMSE: 11.9940, Train MAPE: 0.9424, Train WMAPE: 0.0314
Iter: 050, Train Loss: 6.7582, Train RMSE: 14.7498, Train MAPE: 0.9429, Train WMAPE: 0.0371
Epoch: 253, Training Time: 14.2901 secs
Epoch: 253, Inference Time: 1.8949 secs
Epoch: 253, Train Loss: 5.6729, Train RMSE: 12.1784, Train MAPE: 0.9254, Train WMAPE: 0.0317, 
Epoch: 253, Valid Loss: 10.7360, Valid RMSE: 39.9703, Valid MAPE: 2.5748, Valid WMAPE: 0.0616
No update
Iter: 000, Train Loss: 5.8973, Train RMSE: 12.3267, Train MAPE: 0.7726, Train WMAPE: 0.0327
Iter: 050, Train Loss: 5.6538, Train RMSE: 11.4912, Train MAPE: 0.5705, Train WMAPE: 0.0310
Epoch: 254, Training Time: 14.4808 secs
Epoch: 254, Inference Time: 1.8030 secs
Epoch: 254, Train Loss: 5.6950, Train RMSE: 12.2724, Train MAPE: 0.7942, Train WMAPE: 0.0318, 
Epoch: 254, Valid Loss: 10.5501, Valid RMSE: 40.0657, Valid MAPE: 2.3262, Valid WMAPE: 0.0606
No update
Iter: 000, Train Loss: 5.8677, Train RMSE: 12.4142, Train MAPE: 0.7478, Train WMAPE: 0.0326
Iter: 050, Train Loss: 5.7919, Train RMSE: 12.4243, Train MAPE: 0.4942, Train WMAPE: 0.0318
Epoch: 255, Training Time: 14.3757 secs
Epoch: 255, Inference Time: 1.8046 secs
Epoch: 255, Train Loss: 5.6375, Train RMSE: 12.1432, Train MAPE: 0.8035, Train WMAPE: 0.0315, 
Epoch: 255, Valid Loss: 10.4952, Valid RMSE: 40.1902, Valid MAPE: 2.1186, Valid WMAPE: 0.0603
No update
Iter: 000, Train Loss: 5.6912, Train RMSE: 12.0094, Train MAPE: 0.6688, Train WMAPE: 0.0316
Iter: 050, Train Loss: 5.6144, Train RMSE: 11.5679, Train MAPE: 0.5626, Train WMAPE: 0.0308
Epoch: 256, Training Time: 14.5746 secs
Epoch: 256, Inference Time: 1.9084 secs
Epoch: 256, Train Loss: 5.5823, Train RMSE: 12.0439, Train MAPE: 0.8010, Train WMAPE: 0.0312, 
Epoch: 256, Valid Loss: 10.4438, Valid RMSE: 39.9944, Valid MAPE: 3.2264, Valid WMAPE: 0.0600
No update
Iter: 000, Train Loss: 5.8029, Train RMSE: 12.2149, Train MAPE: 1.1228, Train WMAPE: 0.0322
Iter: 050, Train Loss: 5.6641, Train RMSE: 11.6458, Train MAPE: 0.4538, Train WMAPE: 0.0311
Epoch: 257, Training Time: 14.7725 secs
Epoch: 257, Inference Time: 1.8169 secs
Epoch: 257, Train Loss: 5.5832, Train RMSE: 12.0288, Train MAPE: 0.8274, Train WMAPE: 0.0312, 
Epoch: 257, Valid Loss: 10.4062, Valid RMSE: 40.0862, Valid MAPE: 2.2130, Valid WMAPE: 0.0597
No update
Iter: 000, Train Loss: 5.7631, Train RMSE: 12.3075, Train MAPE: 0.7339, Train WMAPE: 0.0320
Iter: 050, Train Loss: 5.5981, Train RMSE: 11.4897, Train MAPE: 0.4894, Train WMAPE: 0.0307
Epoch: 258, Training Time: 14.7084 secs
Epoch: 258, Inference Time: 1.9900 secs
Epoch: 258, Train Loss: 5.5969, Train RMSE: 12.0520, Train MAPE: 0.7892, Train WMAPE: 0.0313, 
Epoch: 258, Valid Loss: 10.3961, Valid RMSE: 39.6464, Valid MAPE: 1.8214, Valid WMAPE: 0.0597
No update
Iter: 000, Train Loss: 5.6444, Train RMSE: 12.0723, Train MAPE: 0.5419, Train WMAPE: 0.0313
Iter: 050, Train Loss: 5.6084, Train RMSE: 11.5230, Train MAPE: 0.4700, Train WMAPE: 0.0308
Epoch: 259, Training Time: 14.6797 secs
Epoch: 259, Inference Time: 2.0034 secs
Epoch: 259, Train Loss: 5.5826, Train RMSE: 12.0205, Train MAPE: 0.7531, Train WMAPE: 0.0312, 
Epoch: 259, Valid Loss: 10.5476, Valid RMSE: 39.7089, Valid MAPE: 2.2943, Valid WMAPE: 0.0606
No update
Iter: 000, Train Loss: 5.8488, Train RMSE: 12.2730, Train MAPE: 0.6676, Train WMAPE: 0.0325
Iter: 050, Train Loss: 5.5285, Train RMSE: 11.3589, Train MAPE: 0.5502, Train WMAPE: 0.0303
Epoch: 260, Training Time: 14.7000 secs
Epoch: 260, Inference Time: 1.9494 secs
Epoch: 260, Train Loss: 5.5795, Train RMSE: 11.9557, Train MAPE: 0.9058, Train WMAPE: 0.0312, 
Epoch: 260, Valid Loss: 10.2962, Valid RMSE: 39.6860, Valid MAPE: 1.7833, Valid WMAPE: 0.0591
###Update tasks appear###
Evaluate best model on test data for horizon 1, Test MAE: 8.9326, Test RMSE: 60.1581, Test MAPE: 6.9417, Test WMAPE: 0.0519
Evaluate best model on test data for horizon 2, Test MAE: 9.8453, Test RMSE: 53.1420, Test MAPE: 11.6861, Test WMAPE: 0.0572
Evaluate best model on test data for horizon 3, Test MAE: 10.0648, Test RMSE: 42.2931, Test MAPE: 13.5140, Test WMAPE: 0.0585
Evaluate best model on test data for horizon 4, Test MAE: 11.5936, Test RMSE: 51.0356, Test MAPE: 14.7709, Test WMAPE: 0.0674
Evaluate best model on test data for horizon 5, Test MAE: 12.7434, Test RMSE: 54.8797, Test MAPE: 15.9979, Test WMAPE: 0.0741
Evaluate best model on test data for horizon 6, Test MAE: 12.8781, Test RMSE: 48.6520, Test MAPE: 16.4226, Test WMAPE: 0.0749
Evaluate best model on test data for horizon 7, Test MAE: 13.5430, Test RMSE: 49.7106, Test MAPE: 16.7890, Test WMAPE: 0.0787
Evaluate best model on test data for horizon 8, Test MAE: 14.2713, Test RMSE: 53.0890, Test MAPE: 16.7891, Test WMAPE: 0.0830
Evaluate best model on test data for horizon 9, Test MAE: 14.4532, Test RMSE: 51.0687, Test MAPE: 16.8360, Test WMAPE: 0.0841
Evaluate best model on test data for horizon 10, Test MAE: 14.2578, Test RMSE: 46.8859, Test MAPE: 16.8067, Test WMAPE: 0.0829
Evaluate best model on test data for horizon 11, Test MAE: 14.8879, Test RMSE: 52.0810, Test MAPE: 17.1247, Test WMAPE: 0.0866
Evaluate best model on test data for horizon 12, Test MAE: 14.8832, Test RMSE: 51.2394, Test MAPE: 17.2414, Test WMAPE: 0.0866
On average over 12 horizons, Test MAE: 12.6962, Test RMSE: 51.1862, Test MAPE: 15.0767, Test WMAPE: 0.0738
Test low! Updating! Test Loss: 12.696186065673828, Test low! Updating! Valid Loss: 10.29618924004691, epoch:  260
Iter: 000, Train Loss: 5.6476, Train RMSE: 12.0545, Train MAPE: 0.5094, Train WMAPE: 0.0314
Iter: 050, Train Loss: 5.5391, Train RMSE: 11.2506, Train MAPE: 0.5102, Train WMAPE: 0.0304
Epoch: 261, Training Time: 14.8341 secs
Epoch: 261, Inference Time: 1.9979 secs
Epoch: 261, Train Loss: 5.5706, Train RMSE: 11.9134, Train MAPE: 1.0165, Train WMAPE: 0.0311, 
Epoch: 261, Valid Loss: 10.4381, Valid RMSE: 39.9199, Valid MAPE: 3.4645, Valid WMAPE: 0.0599
No update
Iter: 000, Train Loss: 5.7247, Train RMSE: 12.0529, Train MAPE: 1.2293, Train WMAPE: 0.0318
Iter: 050, Train Loss: 5.6398, Train RMSE: 11.7988, Train MAPE: 0.8592, Train WMAPE: 0.0309
Epoch: 262, Training Time: 14.1545 secs
Epoch: 262, Inference Time: 1.8333 secs
Epoch: 262, Train Loss: 5.5536, Train RMSE: 11.8783, Train MAPE: 1.0019, Train WMAPE: 0.0311, 
Epoch: 262, Valid Loss: 10.6442, Valid RMSE: 39.8872, Valid MAPE: 1.8160, Valid WMAPE: 0.0611
No update
Iter: 000, Train Loss: 5.7810, Train RMSE: 12.0318, Train MAPE: 0.5971, Train WMAPE: 0.0321
Iter: 050, Train Loss: 5.5479, Train RMSE: 11.3749, Train MAPE: 0.5770, Train WMAPE: 0.0304
Epoch: 263, Training Time: 14.1346 secs
Epoch: 263, Inference Time: 1.8423 secs
Epoch: 263, Train Loss: 5.5616, Train RMSE: 11.9645, Train MAPE: 0.8600, Train WMAPE: 0.0311, 
Epoch: 263, Valid Loss: 10.3324, Valid RMSE: 39.7612, Valid MAPE: 2.2689, Valid WMAPE: 0.0593
No update
Iter: 000, Train Loss: 5.6176, Train RMSE: 11.9483, Train MAPE: 0.6973, Train WMAPE: 0.0312
Iter: 050, Train Loss: 5.6238, Train RMSE: 11.6567, Train MAPE: 0.6243, Train WMAPE: 0.0308
Epoch: 264, Training Time: 14.2674 secs
Epoch: 264, Inference Time: 1.8798 secs
Epoch: 264, Train Loss: 5.5380, Train RMSE: 11.9303, Train MAPE: 0.8102, Train WMAPE: 0.0310, 
Epoch: 264, Valid Loss: 10.3403, Valid RMSE: 39.5498, Valid MAPE: 1.9864, Valid WMAPE: 0.0594
No update
Iter: 000, Train Loss: 5.5614, Train RMSE: 11.9531, Train MAPE: 0.5670, Train WMAPE: 0.0309
Iter: 050, Train Loss: 5.5847, Train RMSE: 11.5150, Train MAPE: 0.5545, Train WMAPE: 0.0306
Epoch: 265, Training Time: 14.3984 secs
Epoch: 265, Inference Time: 1.8811 secs
Epoch: 265, Train Loss: 5.5718, Train RMSE: 12.0218, Train MAPE: 0.7848, Train WMAPE: 0.0312, 
Epoch: 265, Valid Loss: 10.4067, Valid RMSE: 39.5554, Valid MAPE: 1.9816, Valid WMAPE: 0.0598
No update
Iter: 000, Train Loss: 5.6794, Train RMSE: 12.0553, Train MAPE: 0.5826, Train WMAPE: 0.0315
Iter: 050, Train Loss: 5.5414, Train RMSE: 11.5725, Train MAPE: 0.5315, Train WMAPE: 0.0304
Epoch: 266, Training Time: 14.1815 secs
Epoch: 266, Inference Time: 1.8677 secs
Epoch: 266, Train Loss: 5.5375, Train RMSE: 11.9555, Train MAPE: 0.7931, Train WMAPE: 0.0310, 
Epoch: 266, Valid Loss: 10.5781, Valid RMSE: 39.9584, Valid MAPE: 2.0134, Valid WMAPE: 0.0607
No update
Iter: 000, Train Loss: 5.8348, Train RMSE: 12.3869, Train MAPE: 0.6525, Train WMAPE: 0.0324
Iter: 050, Train Loss: 5.5045, Train RMSE: 11.3464, Train MAPE: 0.5565, Train WMAPE: 0.0302
Epoch: 267, Training Time: 14.5118 secs
Epoch: 267, Inference Time: 1.8578 secs
Epoch: 267, Train Loss: 5.5825, Train RMSE: 12.0348, Train MAPE: 0.7772, Train WMAPE: 0.0312, 
Epoch: 267, Valid Loss: 10.4444, Valid RMSE: 39.6340, Valid MAPE: 2.4759, Valid WMAPE: 0.0600
No update
Iter: 000, Train Loss: 5.7281, Train RMSE: 12.0194, Train MAPE: 0.7843, Train WMAPE: 0.0318
Iter: 050, Train Loss: 5.5867, Train RMSE: 11.2159, Train MAPE: 0.5682, Train WMAPE: 0.0306
Epoch: 268, Training Time: 14.2927 secs
Epoch: 268, Inference Time: 1.9167 secs
Epoch: 268, Train Loss: 5.5457, Train RMSE: 11.9080, Train MAPE: 0.8137, Train WMAPE: 0.0310, 
Epoch: 268, Valid Loss: 10.5790, Valid RMSE: 39.7638, Valid MAPE: 3.8018, Valid WMAPE: 0.0607
No update
Iter: 000, Train Loss: 5.8724, Train RMSE: 12.0723, Train MAPE: 1.4117, Train WMAPE: 0.0326
Iter: 050, Train Loss: 5.6528, Train RMSE: 11.6217, Train MAPE: 0.5368, Train WMAPE: 0.0310
Epoch: 269, Training Time: 14.9083 secs
Epoch: 269, Inference Time: 1.8838 secs
Epoch: 269, Train Loss: 5.5394, Train RMSE: 11.9307, Train MAPE: 0.8060, Train WMAPE: 0.0310, 
Epoch: 269, Valid Loss: 10.4373, Valid RMSE: 39.7818, Valid MAPE: 2.1713, Valid WMAPE: 0.0599
No update
Iter: 000, Train Loss: 5.5986, Train RMSE: 11.8872, Train MAPE: 0.6844, Train WMAPE: 0.0311
Iter: 050, Train Loss: 5.7105, Train RMSE: 11.8286, Train MAPE: 0.5394, Train WMAPE: 0.0313
Epoch: 270, Training Time: 14.4937 secs
Epoch: 270, Inference Time: 1.8927 secs
Epoch: 270, Train Loss: 5.5798, Train RMSE: 12.0097, Train MAPE: 0.7969, Train WMAPE: 0.0312, 
Epoch: 270, Valid Loss: 10.3859, Valid RMSE: 40.1370, Valid MAPE: 1.8643, Valid WMAPE: 0.0596
No update
Iter: 000, Train Loss: 5.5761, Train RMSE: 12.0165, Train MAPE: 0.6310, Train WMAPE: 0.0310
Iter: 050, Train Loss: 5.6270, Train RMSE: 11.7181, Train MAPE: 0.6028, Train WMAPE: 0.0309
Epoch: 271, Training Time: 15.0826 secs
Epoch: 271, Inference Time: 1.8970 secs
Epoch: 271, Train Loss: 5.5367, Train RMSE: 11.9642, Train MAPE: 0.7837, Train WMAPE: 0.0310, 
Epoch: 271, Valid Loss: 10.4751, Valid RMSE: 39.9498, Valid MAPE: 1.8892, Valid WMAPE: 0.0601
No update
Iter: 000, Train Loss: 5.6640, Train RMSE: 12.0616, Train MAPE: 0.5490, Train WMAPE: 0.0314
Iter: 050, Train Loss: 5.6097, Train RMSE: 11.5106, Train MAPE: 0.7091, Train WMAPE: 0.0308
Epoch: 272, Training Time: 14.8785 secs
Epoch: 272, Inference Time: 1.8941 secs
Epoch: 272, Train Loss: 5.5628, Train RMSE: 11.9758, Train MAPE: 0.7654, Train WMAPE: 0.0311, 
Epoch: 272, Valid Loss: 10.2542, Valid RMSE: 39.3562, Valid MAPE: 1.6740, Valid WMAPE: 0.0589
###Update tasks appear###
Evaluate best model on test data for horizon 1, Test MAE: 8.9673, Test RMSE: 60.0172, Test MAPE: 7.4460, Test WMAPE: 0.0521
Evaluate best model on test data for horizon 2, Test MAE: 9.8464, Test RMSE: 52.7262, Test MAPE: 12.0126, Test WMAPE: 0.0572
Evaluate best model on test data for horizon 3, Test MAE: 10.0414, Test RMSE: 41.9725, Test MAPE: 13.9294, Test WMAPE: 0.0583
Evaluate best model on test data for horizon 4, Test MAE: 11.6560, Test RMSE: 51.2593, Test MAPE: 15.5072, Test WMAPE: 0.0677
Evaluate best model on test data for horizon 5, Test MAE: 12.7797, Test RMSE: 54.8206, Test MAPE: 16.4577, Test WMAPE: 0.0743
Evaluate best model on test data for horizon 6, Test MAE: 12.9410, Test RMSE: 48.6222, Test MAPE: 16.7676, Test WMAPE: 0.0752
Evaluate best model on test data for horizon 7, Test MAE: 13.5950, Test RMSE: 49.8480, Test MAPE: 16.9130, Test WMAPE: 0.0790
Evaluate best model on test data for horizon 8, Test MAE: 14.3522, Test RMSE: 53.3392, Test MAPE: 16.8702, Test WMAPE: 0.0835
Evaluate best model on test data for horizon 9, Test MAE: 14.5126, Test RMSE: 50.9815, Test MAPE: 17.0708, Test WMAPE: 0.0844
Evaluate best model on test data for horizon 10, Test MAE: 14.3354, Test RMSE: 47.0673, Test MAPE: 16.9837, Test WMAPE: 0.0834
Evaluate best model on test data for horizon 11, Test MAE: 14.9742, Test RMSE: 51.8155, Test MAPE: 17.1759, Test WMAPE: 0.0871
Evaluate best model on test data for horizon 12, Test MAE: 14.9473, Test RMSE: 50.7199, Test MAPE: 17.2864, Test WMAPE: 0.0870
On average over 12 horizons, Test MAE: 12.7457, Test RMSE: 51.0991, Test MAPE: 15.3684, Test WMAPE: 0.0741
No update
Iter: 000, Train Loss: 5.7139, Train RMSE: 12.0444, Train MAPE: 0.5013, Train WMAPE: 0.0317
Iter: 050, Train Loss: 5.5029, Train RMSE: 11.3460, Train MAPE: 0.5373, Train WMAPE: 0.0302
Epoch: 273, Training Time: 14.2687 secs
Epoch: 273, Inference Time: 1.9826 secs
Epoch: 273, Train Loss: 5.5346, Train RMSE: 11.8889, Train MAPE: 0.8235, Train WMAPE: 0.0309, 
Epoch: 273, Valid Loss: 10.3158, Valid RMSE: 39.5336, Valid MAPE: 2.6757, Valid WMAPE: 0.0592
No update
Iter: 000, Train Loss: 5.7001, Train RMSE: 12.0691, Train MAPE: 0.8658, Train WMAPE: 0.0316
Iter: 050, Train Loss: 5.6692, Train RMSE: 11.4918, Train MAPE: 0.7752, Train WMAPE: 0.0311
Epoch: 274, Training Time: 14.5875 secs
Epoch: 274, Inference Time: 1.9060 secs
Epoch: 274, Train Loss: 5.5213, Train RMSE: 11.8358, Train MAPE: 0.9198, Train WMAPE: 0.0309, 
Epoch: 274, Valid Loss: 10.4279, Valid RMSE: 39.7510, Valid MAPE: 3.5124, Valid WMAPE: 0.0599
No update
Iter: 000, Train Loss: 5.6951, Train RMSE: 11.8981, Train MAPE: 1.1514, Train WMAPE: 0.0316
Iter: 050, Train Loss: 5.5532, Train RMSE: 11.3889, Train MAPE: 0.4838, Train WMAPE: 0.0305
Epoch: 275, Training Time: 14.4762 secs
Epoch: 275, Inference Time: 1.9914 secs
Epoch: 275, Train Loss: 5.5040, Train RMSE: 11.8467, Train MAPE: 0.7807, Train WMAPE: 0.0308, 
Epoch: 275, Valid Loss: 10.3892, Valid RMSE: 39.7650, Valid MAPE: 2.5285, Valid WMAPE: 0.0597
No update
Iter: 000, Train Loss: 5.6277, Train RMSE: 11.9703, Train MAPE: 0.8884, Train WMAPE: 0.0312
Iter: 050, Train Loss: 5.5143, Train RMSE: 11.2855, Train MAPE: 0.4921, Train WMAPE: 0.0302
Epoch: 276, Training Time: 14.7892 secs
Epoch: 276, Inference Time: 1.9975 secs
Epoch: 276, Train Loss: 5.5025, Train RMSE: 11.8758, Train MAPE: 0.7666, Train WMAPE: 0.0308, 
Epoch: 276, Valid Loss: 10.3087, Valid RMSE: 39.7310, Valid MAPE: 1.7038, Valid WMAPE: 0.0592
No update
Iter: 000, Train Loss: 5.5359, Train RMSE: 11.8710, Train MAPE: 0.6089, Train WMAPE: 0.0307
Iter: 050, Train Loss: 5.4944, Train RMSE: 11.3268, Train MAPE: 0.5469, Train WMAPE: 0.0301
Epoch: 277, Training Time: 14.6469 secs
Epoch: 277, Inference Time: 1.8787 secs
Epoch: 277, Train Loss: 5.5169, Train RMSE: 11.9218, Train MAPE: 0.7627, Train WMAPE: 0.0308, 
Epoch: 277, Valid Loss: 10.4449, Valid RMSE: 39.6269, Valid MAPE: 2.5933, Valid WMAPE: 0.0600
No update
Iter: 000, Train Loss: 5.7743, Train RMSE: 12.1820, Train MAPE: 0.8493, Train WMAPE: 0.0321
Iter: 050, Train Loss: 5.5038, Train RMSE: 11.2543, Train MAPE: 0.5025, Train WMAPE: 0.0302
Epoch: 278, Training Time: 14.6934 secs
Epoch: 278, Inference Time: 1.9031 secs
Epoch: 278, Train Loss: 5.5197, Train RMSE: 11.8632, Train MAPE: 0.7578, Train WMAPE: 0.0309, 
Epoch: 278, Valid Loss: 10.3130, Valid RMSE: 39.4148, Valid MAPE: 1.9673, Valid WMAPE: 0.0592
No update
Iter: 000, Train Loss: 5.6704, Train RMSE: 12.0649, Train MAPE: 0.6106, Train WMAPE: 0.0315
Iter: 050, Train Loss: 5.4479, Train RMSE: 11.1786, Train MAPE: 0.5049, Train WMAPE: 0.0299
Epoch: 279, Training Time: 14.6745 secs
Epoch: 279, Inference Time: 1.9004 secs
Epoch: 279, Train Loss: 5.4821, Train RMSE: 11.8222, Train MAPE: 0.7652, Train WMAPE: 0.0307, 
Epoch: 279, Valid Loss: 10.4240, Valid RMSE: 39.5226, Valid MAPE: 2.2429, Valid WMAPE: 0.0599
No update
Iter: 000, Train Loss: 5.6926, Train RMSE: 12.0431, Train MAPE: 0.7329, Train WMAPE: 0.0316
Iter: 050, Train Loss: 5.6402, Train RMSE: 11.5006, Train MAPE: 0.6096, Train WMAPE: 0.0309
Epoch: 280, Training Time: 14.8726 secs
Epoch: 280, Inference Time: 1.9049 secs
Epoch: 280, Train Loss: 5.5122, Train RMSE: 11.8672, Train MAPE: 0.7738, Train WMAPE: 0.0308, 
Epoch: 280, Valid Loss: 10.4678, Valid RMSE: 39.5605, Valid MAPE: 1.8577, Valid WMAPE: 0.0601
No update
Iter: 000, Train Loss: 5.8313, Train RMSE: 12.5218, Train MAPE: 0.5947, Train WMAPE: 0.0324
Iter: 050, Train Loss: 5.5120, Train RMSE: 11.2348, Train MAPE: 0.5442, Train WMAPE: 0.0302
Epoch: 281, Training Time: 14.5736 secs
Epoch: 281, Inference Time: 1.8038 secs
Epoch: 281, Train Loss: 5.5057, Train RMSE: 11.8618, Train MAPE: 0.7825, Train WMAPE: 0.0308, 
Epoch: 281, Valid Loss: 10.4988, Valid RMSE: 39.6908, Valid MAPE: 1.8806, Valid WMAPE: 0.0603
No update
Iter: 000, Train Loss: 5.6346, Train RMSE: 11.9891, Train MAPE: 0.5522, Train WMAPE: 0.0313
Iter: 050, Train Loss: 5.4510, Train RMSE: 11.1915, Train MAPE: 0.4795, Train WMAPE: 0.0299
Epoch: 282, Training Time: 14.4129 secs
Epoch: 282, Inference Time: 2.0630 secs
Epoch: 282, Train Loss: 5.5120, Train RMSE: 11.8994, Train MAPE: 0.7412, Train WMAPE: 0.0308, 
Epoch: 282, Valid Loss: 10.3270, Valid RMSE: 39.8270, Valid MAPE: 1.5584, Valid WMAPE: 0.0593
No update
Iter: 000, Train Loss: 5.4381, Train RMSE: 11.7145, Train MAPE: 0.4617, Train WMAPE: 0.0302
Iter: 050, Train Loss: 5.4537, Train RMSE: 11.1208, Train MAPE: 0.6336, Train WMAPE: 0.0299
Epoch: 283, Training Time: 14.7260 secs
Epoch: 283, Inference Time: 2.0300 secs
Epoch: 283, Train Loss: 5.4777, Train RMSE: 11.8102, Train MAPE: 0.7861, Train WMAPE: 0.0306, 
Epoch: 283, Valid Loss: 10.5941, Valid RMSE: 39.9239, Valid MAPE: 3.0298, Valid WMAPE: 0.0608
No update
Iter: 000, Train Loss: 5.7077, Train RMSE: 12.0403, Train MAPE: 0.9829, Train WMAPE: 0.0317
Iter: 050, Train Loss: 5.3834, Train RMSE: 11.1735, Train MAPE: 0.4194, Train WMAPE: 0.0295
Epoch: 284, Training Time: 14.6892 secs
Epoch: 284, Inference Time: 1.8060 secs
Epoch: 284, Train Loss: 5.4646, Train RMSE: 11.7748, Train MAPE: 0.7773, Train WMAPE: 0.0306, 
Epoch: 284, Valid Loss: 10.3543, Valid RMSE: 39.3476, Valid MAPE: 1.9718, Valid WMAPE: 0.0595
No update
Iter: 000, Train Loss: 5.6491, Train RMSE: 12.0463, Train MAPE: 0.6462, Train WMAPE: 0.0314
Iter: 050, Train Loss: 5.3969, Train RMSE: 11.1507, Train MAPE: 0.4795, Train WMAPE: 0.0296
Epoch: 285, Training Time: 15.0608 secs
Epoch: 285, Inference Time: 1.7969 secs
Epoch: 285, Train Loss: 5.4744, Train RMSE: 11.7905, Train MAPE: 0.7315, Train WMAPE: 0.0306, 
Epoch: 285, Valid Loss: 10.4640, Valid RMSE: 39.6293, Valid MAPE: 1.9197, Valid WMAPE: 0.0601
No update
Iter: 000, Train Loss: 5.5892, Train RMSE: 11.9017, Train MAPE: 0.5425, Train WMAPE: 0.0310
Iter: 050, Train Loss: 5.4816, Train RMSE: 11.1650, Train MAPE: 0.4076, Train WMAPE: 0.0301
Epoch: 286, Training Time: 15.0808 secs
Epoch: 286, Inference Time: 1.9102 secs
Epoch: 286, Train Loss: 5.4687, Train RMSE: 11.7749, Train MAPE: 0.7518, Train WMAPE: 0.0306, 
Epoch: 286, Valid Loss: 10.6745, Valid RMSE: 39.6181, Valid MAPE: 1.6058, Valid WMAPE: 0.0613
No update
Iter: 000, Train Loss: 5.8812, Train RMSE: 12.0937, Train MAPE: 0.4874, Train WMAPE: 0.0327
Iter: 050, Train Loss: 5.4408, Train RMSE: 11.0515, Train MAPE: 0.4526, Train WMAPE: 0.0298
Epoch: 287, Training Time: 15.3398 secs
Epoch: 287, Inference Time: 1.8375 secs
Epoch: 287, Train Loss: 5.5043, Train RMSE: 11.8233, Train MAPE: 0.7513, Train WMAPE: 0.0308, 
Epoch: 287, Valid Loss: 10.3840, Valid RMSE: 39.5581, Valid MAPE: 1.9049, Valid WMAPE: 0.0596
No update
Iter: 000, Train Loss: 5.5198, Train RMSE: 11.8214, Train MAPE: 0.5723, Train WMAPE: 0.0306
Iter: 050, Train Loss: 5.6813, Train RMSE: 11.8823, Train MAPE: 0.3605, Train WMAPE: 0.0312
Epoch: 288, Training Time: 15.1775 secs
Epoch: 288, Inference Time: 2.0021 secs
Epoch: 288, Train Loss: 5.4847, Train RMSE: 11.8364, Train MAPE: 0.6967, Train WMAPE: 0.0307, 
Epoch: 288, Valid Loss: 10.3257, Valid RMSE: 39.4541, Valid MAPE: 1.5052, Valid WMAPE: 0.0593
No update
Iter: 000, Train Loss: 5.5039, Train RMSE: 11.8986, Train MAPE: 0.3984, Train WMAPE: 0.0306
Iter: 050, Train Loss: 5.5143, Train RMSE: 11.3688, Train MAPE: 0.6474, Train WMAPE: 0.0302
Epoch: 289, Training Time: 14.4744 secs
Epoch: 289, Inference Time: 1.8982 secs
Epoch: 289, Train Loss: 5.5166, Train RMSE: 11.9067, Train MAPE: 0.7443, Train WMAPE: 0.0308, 
Epoch: 289, Valid Loss: 10.5046, Valid RMSE: 39.7165, Valid MAPE: 2.4762, Valid WMAPE: 0.0603
No update
Iter: 000, Train Loss: 5.6744, Train RMSE: 11.9683, Train MAPE: 0.7813, Train WMAPE: 0.0315
Iter: 050, Train Loss: 5.3942, Train RMSE: 11.0025, Train MAPE: 0.5362, Train WMAPE: 0.0296
Epoch: 290, Training Time: 14.4053 secs
Epoch: 290, Inference Time: 1.9656 secs
Epoch: 290, Train Loss: 5.4817, Train RMSE: 11.8231, Train MAPE: 0.7561, Train WMAPE: 0.0306, 
Epoch: 290, Valid Loss: 10.3567, Valid RMSE: 39.4351, Valid MAPE: 2.2144, Valid WMAPE: 0.0595
No update
Iter: 000, Train Loss: 5.7080, Train RMSE: 12.3249, Train MAPE: 0.6489, Train WMAPE: 0.0317
Iter: 050, Train Loss: 5.3755, Train RMSE: 11.0561, Train MAPE: 0.4210, Train WMAPE: 0.0295
Epoch: 291, Training Time: 14.7730 secs
Epoch: 291, Inference Time: 1.9095 secs
Epoch: 291, Train Loss: 5.4355, Train RMSE: 11.7558, Train MAPE: 0.7454, Train WMAPE: 0.0304, 
Epoch: 291, Valid Loss: 10.3633, Valid RMSE: 39.8472, Valid MAPE: 2.1571, Valid WMAPE: 0.0595
No update
Iter: 000, Train Loss: 5.5623, Train RMSE: 11.9440, Train MAPE: 0.6972, Train WMAPE: 0.0309
Iter: 050, Train Loss: 5.4344, Train RMSE: 11.0747, Train MAPE: 0.5117, Train WMAPE: 0.0298
Epoch: 292, Training Time: 15.2212 secs
Epoch: 292, Inference Time: 1.9417 secs
Epoch: 292, Train Loss: 5.4505, Train RMSE: 11.7512, Train MAPE: 0.7332, Train WMAPE: 0.0305, 
Epoch: 292, Valid Loss: 10.3998, Valid RMSE: 39.5841, Valid MAPE: 2.5981, Valid WMAPE: 0.0597
No update
Iter: 000, Train Loss: 5.6172, Train RMSE: 11.7806, Train MAPE: 0.9107, Train WMAPE: 0.0312
Iter: 050, Train Loss: 5.4742, Train RMSE: 11.2314, Train MAPE: 0.6144, Train WMAPE: 0.0300
Epoch: 293, Training Time: 14.9585 secs
Epoch: 293, Inference Time: 1.7093 secs
Epoch: 293, Train Loss: 5.4434, Train RMSE: 11.7399, Train MAPE: 0.7443, Train WMAPE: 0.0304, 
Epoch: 293, Valid Loss: 10.3683, Valid RMSE: 39.5002, Valid MAPE: 2.1701, Valid WMAPE: 0.0595
No update
Iter: 000, Train Loss: 5.6376, Train RMSE: 11.8607, Train MAPE: 0.6948, Train WMAPE: 0.0313
Iter: 050, Train Loss: 5.4091, Train RMSE: 11.0987, Train MAPE: 0.4896, Train WMAPE: 0.0297
Epoch: 294, Training Time: 14.3761 secs
Epoch: 294, Inference Time: 2.0973 secs
Epoch: 294, Train Loss: 5.4296, Train RMSE: 11.6881, Train MAPE: 0.7577, Train WMAPE: 0.0304, 
Epoch: 294, Valid Loss: 10.2922, Valid RMSE: 39.4701, Valid MAPE: 1.7987, Valid WMAPE: 0.0591
###Update tasks appear###
Evaluate best model on test data for horizon 1, Test MAE: 9.0153, Test RMSE: 60.3539, Test MAPE: 7.5304, Test WMAPE: 0.0523
Evaluate best model on test data for horizon 2, Test MAE: 9.8519, Test RMSE: 53.0661, Test MAPE: 11.6771, Test WMAPE: 0.0572
Evaluate best model on test data for horizon 3, Test MAE: 10.0613, Test RMSE: 42.0925, Test MAPE: 13.5643, Test WMAPE: 0.0584
Evaluate best model on test data for horizon 4, Test MAE: 11.5677, Test RMSE: 50.5231, Test MAPE: 15.2190, Test WMAPE: 0.0672
Evaluate best model on test data for horizon 5, Test MAE: 12.7258, Test RMSE: 54.2945, Test MAPE: 16.3287, Test WMAPE: 0.0739
Evaluate best model on test data for horizon 6, Test MAE: 12.9105, Test RMSE: 48.3669, Test MAPE: 16.7500, Test WMAPE: 0.0750
Evaluate best model on test data for horizon 7, Test MAE: 13.5844, Test RMSE: 49.3952, Test MAPE: 17.0846, Test WMAPE: 0.0790
Evaluate best model on test data for horizon 8, Test MAE: 14.2692, Test RMSE: 52.5389, Test MAPE: 17.0698, Test WMAPE: 0.0830
Evaluate best model on test data for horizon 9, Test MAE: 14.4494, Test RMSE: 50.2366, Test MAPE: 16.9625, Test WMAPE: 0.0840
Evaluate best model on test data for horizon 10, Test MAE: 14.2448, Test RMSE: 46.3450, Test MAPE: 17.0935, Test WMAPE: 0.0829
Evaluate best model on test data for horizon 11, Test MAE: 14.8242, Test RMSE: 51.1727, Test MAPE: 17.4435, Test WMAPE: 0.0862
Evaluate best model on test data for horizon 12, Test MAE: 14.8451, Test RMSE: 50.8998, Test MAPE: 17.4580, Test WMAPE: 0.0864
On average over 12 horizons, Test MAE: 12.6958, Test RMSE: 50.7738, Test MAPE: 15.3485, Test WMAPE: 0.0738
Test low! Updating! Test Loss: 12.695786635080973, Test low! Updating! Valid Loss: 10.29220277922494, epoch:  294
Iter: 000, Train Loss: 5.4398, Train RMSE: 11.6413, Train MAPE: 0.5515, Train WMAPE: 0.0302
Iter: 050, Train Loss: 5.4046, Train RMSE: 11.0954, Train MAPE: 0.4561, Train WMAPE: 0.0296
Epoch: 295, Training Time: 15.1611 secs
Epoch: 295, Inference Time: 1.8987 secs
Epoch: 295, Train Loss: 5.4207, Train RMSE: 11.7068, Train MAPE: 0.7329, Train WMAPE: 0.0303, 
Epoch: 295, Valid Loss: 10.4839, Valid RMSE: 39.3083, Valid MAPE: 2.1353, Valid WMAPE: 0.0602
No update
Iter: 000, Train Loss: 5.6433, Train RMSE: 12.0562, Train MAPE: 0.6489, Train WMAPE: 0.0313
Iter: 050, Train Loss: 5.3526, Train RMSE: 10.9493, Train MAPE: 0.4099, Train WMAPE: 0.0294
Epoch: 296, Training Time: 14.3545 secs
Epoch: 296, Inference Time: 1.9336 secs
Epoch: 296, Train Loss: 5.4197, Train RMSE: 11.6789, Train MAPE: 0.7303, Train WMAPE: 0.0303, 
Epoch: 296, Valid Loss: 10.3979, Valid RMSE: 39.7183, Valid MAPE: 2.0987, Valid WMAPE: 0.0597
No update
Iter: 000, Train Loss: 5.5325, Train RMSE: 11.8027, Train MAPE: 0.6916, Train WMAPE: 0.0307
Iter: 050, Train Loss: 5.4674, Train RMSE: 11.1712, Train MAPE: 0.4675, Train WMAPE: 0.0300
Epoch: 297, Training Time: 14.3609 secs
Epoch: 297, Inference Time: 1.9006 secs
Epoch: 297, Train Loss: 5.4982, Train RMSE: 11.8834, Train MAPE: 0.7750, Train WMAPE: 0.0307, 
Epoch: 297, Valid Loss: 10.4991, Valid RMSE: 39.5684, Valid MAPE: 2.2063, Valid WMAPE: 0.0603
No update
Iter: 000, Train Loss: 5.6614, Train RMSE: 11.9849, Train MAPE: 0.7119, Train WMAPE: 0.0314
Iter: 050, Train Loss: 5.5202, Train RMSE: 11.2575, Train MAPE: 0.5704, Train WMAPE: 0.0303
Epoch: 298, Training Time: 14.8873 secs
Epoch: 298, Inference Time: 1.8999 secs
Epoch: 298, Train Loss: 5.4336, Train RMSE: 11.6870, Train MAPE: 0.7900, Train WMAPE: 0.0304, 
Epoch: 298, Valid Loss: 10.3274, Valid RMSE: 39.5260, Valid MAPE: 1.7523, Valid WMAPE: 0.0593
No update
Iter: 000, Train Loss: 5.5107, Train RMSE: 11.8138, Train MAPE: 0.6119, Train WMAPE: 0.0306
Iter: 050, Train Loss: 5.5329, Train RMSE: 11.3286, Train MAPE: 0.5387, Train WMAPE: 0.0303
Epoch: 299, Training Time: 14.6747 secs
Epoch: 299, Inference Time: 1.9064 secs
Epoch: 299, Train Loss: 5.3966, Train RMSE: 11.6571, Train MAPE: 0.7795, Train WMAPE: 0.0302, 
Epoch: 299, Valid Loss: 10.3757, Valid RMSE: 39.5490, Valid MAPE: 1.6347, Valid WMAPE: 0.0596
No update
Iter: 000, Train Loss: 5.4783, Train RMSE: 11.7848, Train MAPE: 0.5230, Train WMAPE: 0.0304
Iter: 050, Train Loss: 5.4968, Train RMSE: 11.0248, Train MAPE: 0.6008, Train WMAPE: 0.0301
Epoch: 300, Training Time: 14.4719 secs
Epoch: 300, Inference Time: 2.0099 secs
Epoch: 300, Train Loss: 5.4115, Train RMSE: 11.6904, Train MAPE: 0.7483, Train WMAPE: 0.0303, 
Epoch: 300, Valid Loss: 10.3993, Valid RMSE: 39.5995, Valid MAPE: 2.0473, Valid WMAPE: 0.0597
No update
Average Training Time: 14.7520 secs/epoch
Average Inference Time: 1.9020 secs
Training ends
The epoch of the best result： 294
The valid loss of the best model 10.2922

[Info] Enabling gate recording for ClusterGatedFeedback...
Evaluate best model on test data for horizon 1, Test MAE: 9.0153, Test RMSE: 60.3539, Test MAPE: 7.5304, Test WMAPE: 0.0523
Evaluate best model on test data for horizon 2, Test MAE: 9.8519, Test RMSE: 53.0661, Test MAPE: 11.6771, Test WMAPE: 0.0572
Evaluate best model on test data for horizon 3, Test MAE: 10.0613, Test RMSE: 42.0925, Test MAPE: 13.5643, Test WMAPE: 0.0584
Evaluate best model on test data for horizon 4, Test MAE: 11.5677, Test RMSE: 50.5231, Test MAPE: 15.2190, Test WMAPE: 0.0672
Evaluate best model on test data for horizon 5, Test MAE: 12.7258, Test RMSE: 54.2945, Test MAPE: 16.3287, Test WMAPE: 0.0739
Evaluate best model on test data for horizon 6, Test MAE: 12.9105, Test RMSE: 48.3669, Test MAPE: 16.7500, Test WMAPE: 0.0750
Evaluate best model on test data for horizon 7, Test MAE: 13.5844, Test RMSE: 49.3952, Test MAPE: 17.0846, Test WMAPE: 0.0790
Evaluate best model on test data for horizon 8, Test MAE: 14.2692, Test RMSE: 52.5389, Test MAPE: 17.0698, Test WMAPE: 0.0830
Evaluate best model on test data for horizon 9, Test MAE: 14.4494, Test RMSE: 50.2366, Test MAPE: 16.9625, Test WMAPE: 0.0840
Evaluate best model on test data for horizon 10, Test MAE: 14.2448, Test RMSE: 46.3450, Test MAPE: 17.0935, Test WMAPE: 0.0829
Evaluate best model on test data for horizon 11, Test MAE: 14.8242, Test RMSE: 51.1727, Test MAPE: 17.4435, Test WMAPE: 0.0862
Evaluate best model on test data for horizon 12, Test MAE: 14.8451, Test RMSE: 50.8998, Test MAPE: 17.4580, Test WMAPE: 0.0864
On average over 12 horizons, Test MAE: 12.6958, Test RMSE: 50.7738, Test MAPE: 15.3485, Test WMAPE: 0.0738

================================================================================
[Info] Generating ClusterGatedFeedback Gate Analysis Report...
================================================================================
================================================================================
[GateReport] ClusterGatedFeedback Gate Analysis
================================================================================

[Overall Statistics]
  Total nodes: 68
  Channels: 64
  Average gate value (all nodes): 0.5645
  Std of gate values: 0.0170
  Min gate value: 0.5065
  Max gate value: 0.5814

[Gate Distribution]
  Low gate (< 0.3, mostly blocked): 0 nodes (0.0%)
  Mid gate (0.3-0.7, partial): 68 nodes (100.0%)
  High gate (> 0.7, mostly passed): 0 nodes (0.0%)

[Cluster-wise Statistics]

  cluster_0:
    Nodes: 4
    Gate mean: 0.5770
    Gate std:  0.0037
    Gate range: [0.5732, 0.5814]
    Tendency: PARTIAL (moderate gate)

  cluster_1:
    Nodes: 55
    Gate mean: 0.5684
    Gate std:  0.0122
    Gate range: [0.5299, 0.5810]
    Tendency: PARTIAL (moderate gate)

  cluster_2:
    Nodes: 8
    Gate mean: 0.5341
    Gate std:  0.0160
    Gate range: [0.5065, 0.5509]
    Tendency: PARTIAL (moderate gate)

  cluster_3:
    Nodes: 1
    Gate mean: 0.5439
    Gate std:  0.0000
    Gate range: [0.5439, 0.5439]
    Tendency: PARTIAL (moderate gate)

[Node-level Gate Values]
  Node ID | Cluster | Gate Mean | Status
  --------------------------------------------------
        0 |       1 |    0.5681 | PARTIAL
        1 |       1 |    0.5776 | PARTIAL
        2 |       1 |    0.5617 | PARTIAL
        3 |       1 |    0.5767 | PARTIAL
        4 |       2 |    0.5272 | PARTIAL
        5 |       0 |    0.5797 | PARTIAL
        6 |       2 |    0.5065 | PARTIAL
        7 |       1 |    0.5731 | PARTIAL
        8 |       1 |    0.5603 | PARTIAL
        9 |       2 |    0.5448 | PARTIAL
       10 |       1 |    0.5797 | PARTIAL
       11 |       1 |    0.5710 | PARTIAL
       12 |       1 |    0.5726 | PARTIAL
       13 |       1 |    0.5777 | PARTIAL
       14 |       1 |    0.5456 | PARTIAL
       15 |       1 |    0.5788 | PARTIAL
       16 |       1 |    0.5664 | PARTIAL
       17 |       1 |    0.5611 | PARTIAL
       18 |       1 |    0.5553 | PARTIAL
       19 |       1 |    0.5702 | PARTIAL
       20 |       1 |    0.5792 | PARTIAL
       21 |       1 |    0.5759 | PARTIAL
       22 |       1 |    0.5718 | PARTIAL
       23 |       1 |    0.5764 | PARTIAL
       24 |       1 |    0.5312 | PARTIAL
       25 |       1 |    0.5582 | PARTIAL
       26 |       1 |    0.5745 | PARTIAL
       27 |       1 |    0.5425 | PARTIAL
       28 |       1 |    0.5577 | PARTIAL
       29 |       1 |    0.5779 | PARTIAL
       30 |       0 |    0.5732 | PARTIAL
       31 |       1 |    0.5654 | PARTIAL
       32 |       1 |    0.5752 | PARTIAL
       33 |       1 |    0.5744 | PARTIAL
       34 |       1 |    0.5299 | PARTIAL
       35 |       1 |    0.5736 | PARTIAL
       36 |       1 |    0.5694 | PARTIAL
       37 |       1 |    0.5750 | PARTIAL
       38 |       1 |    0.5755 | PARTIAL
       39 |       1 |    0.5657 | PARTIAL
       40 |       1 |    0.5760 | PARTIAL
       41 |       1 |    0.5798 | PARTIAL
       42 |       1 |    0.5547 | PARTIAL
       43 |       1 |    0.5794 | PARTIAL
       44 |       1 |    0.5787 | PARTIAL
       45 |       1 |    0.5354 | PARTIAL
       46 |       1 |    0.5810 | PARTIAL
       47 |       1 |    0.5698 | PARTIAL
       48 |       1 |    0.5713 | PARTIAL
       49 |       1 |    0.5772 | PARTIAL
       50 |       0 |    0.5735 | PARTIAL
       51 |       1 |    0.5656 | PARTIAL
       52 |       2 |    0.5509 | PARTIAL
       53 |       1 |    0.5794 | PARTIAL
       54 |       1 |    0.5625 | PARTIAL
       55 |       1 |    0.5759 | PARTIAL
       56 |       1 |    0.5655 | PARTIAL
       57 |       1 |    0.5739 | PARTIAL
       58 |       1 |    0.5610 | PARTIAL
       59 |       2 |    0.5422 | PARTIAL
       60 |       1 |    0.5778 | PARTIAL
       61 |       0 |    0.5814 | PARTIAL
       62 |       2 |    0.5478 | PARTIAL
       63 |       1 |    0.5764 | PARTIAL
       64 |       2 |    0.5112 | PARTIAL
       65 |       1 |    0.5748 | PARTIAL
       66 |       2 |    0.5424 | PARTIAL
       67 |       3 |    0.5439 | PARTIAL
================================================================================
[Info] Gate analysis report saved to: ./logs/MeanAgg-GatedFb-PostAgg-K4electricityLondon//gate_analysis.log
Total time spent: 5091.0534
