nohup: ignoring input
Perform shuffle on the dataset
Namespace(batch_size=64, data='data//electricityLondon', device='cuda:0', dropout=0.1, epochs=300, es_patience=100, expid=1, input_dim=3, learning_rate=0.001, print_every=50, save='./logs/MeanAgg-GatedFb-PostAgg', weight_decay=0.0001)
Ranger optimizer loaded. 
Gradient Centralization usage = True
GC applied to both conv and fc layers
The number of parameters: 516021
STIDGCN(
  (Temb): TemporalEmbedding()
  (start_conv): Conv2d(3, 32, kernel_size=(1, 1), stride=(1, 1))
  (tree): IDGCN_Tree(
    (IDGCN1): IDGCN(
      (split): Splitting()
      (conv1): Sequential(
        (0): ReplicationPad2d((3, 3, 0, 0))
        (1): Conv2d(64, 64, kernel_size=(1, 5), stride=(1, 1))
        (2): LeakyReLU(negative_slope=0.01, inplace=True)
        (3): Dropout(p=0.1, inplace=False)
        (4): Conv2d(64, 64, kernel_size=(1, 3), stride=(1, 1))
        (5): Tanh()
      )
      (conv2): Sequential(
        (0): ReplicationPad2d((3, 3, 0, 0))
        (1): Conv2d(64, 64, kernel_size=(1, 5), stride=(1, 1))
        (2): LeakyReLU(negative_slope=0.01, inplace=True)
        (3): Dropout(p=0.1, inplace=False)
        (4): Conv2d(64, 64, kernel_size=(1, 3), stride=(1, 1))
        (5): Tanh()
      )
      (conv3): Sequential(
        (0): ReplicationPad2d((3, 3, 0, 0))
        (1): Conv2d(64, 64, kernel_size=(1, 5), stride=(1, 1))
        (2): LeakyReLU(negative_slope=0.01, inplace=True)
        (3): Dropout(p=0.1, inplace=False)
        (4): Conv2d(64, 64, kernel_size=(1, 3), stride=(1, 1))
        (5): Tanh()
      )
      (conv4): Sequential(
        (0): ReplicationPad2d((3, 3, 0, 0))
        (1): Conv2d(64, 64, kernel_size=(1, 5), stride=(1, 1))
        (2): LeakyReLU(negative_slope=0.01, inplace=True)
        (3): Dropout(p=0.1, inplace=False)
        (4): Conv2d(64, 64, kernel_size=(1, 3), stride=(1, 1))
        (5): Tanh()
      )
      (dgcn): DGCN(
        (conv): Conv2d(64, 64, kernel_size=(1, 1), stride=(1, 1))
        (generator): Graph_Generator(
          (fc): Linear(in_features=2, out_features=1, bias=True)
        )
        (gcn): Diffusion_GCN(
          (conv): Conv2d(64, 64, kernel_size=(1, 1), stride=(1, 1))
          (dropout): Dropout(p=0.1, inplace=False)
        )
      )
    )
    (IDGCN2): IDGCN(
      (split): Splitting()
      (conv1): Sequential(
        (0): ReplicationPad2d((3, 3, 0, 0))
        (1): Conv2d(64, 64, kernel_size=(1, 5), stride=(1, 1))
        (2): LeakyReLU(negative_slope=0.01, inplace=True)
        (3): Dropout(p=0.1, inplace=False)
        (4): Conv2d(64, 64, kernel_size=(1, 3), stride=(1, 1))
        (5): Tanh()
      )
      (conv2): Sequential(
        (0): ReplicationPad2d((3, 3, 0, 0))
        (1): Conv2d(64, 64, kernel_size=(1, 5), stride=(1, 1))
        (2): LeakyReLU(negative_slope=0.01, inplace=True)
        (3): Dropout(p=0.1, inplace=False)
        (4): Conv2d(64, 64, kernel_size=(1, 3), stride=(1, 1))
        (5): Tanh()
      )
      (conv3): Sequential(
        (0): ReplicationPad2d((3, 3, 0, 0))
        (1): Conv2d(64, 64, kernel_size=(1, 5), stride=(1, 1))
        (2): LeakyReLU(negative_slope=0.01, inplace=True)
        (3): Dropout(p=0.1, inplace=False)
        (4): Conv2d(64, 64, kernel_size=(1, 3), stride=(1, 1))
        (5): Tanh()
      )
      (conv4): Sequential(
        (0): ReplicationPad2d((3, 3, 0, 0))
        (1): Conv2d(64, 64, kernel_size=(1, 5), stride=(1, 1))
        (2): LeakyReLU(negative_slope=0.01, inplace=True)
        (3): Dropout(p=0.1, inplace=False)
        (4): Conv2d(64, 64, kernel_size=(1, 3), stride=(1, 1))
        (5): Tanh()
      )
      (dgcn): DGCN(
        (conv): Conv2d(64, 64, kernel_size=(1, 1), stride=(1, 1))
        (generator): Graph_Generator(
          (fc): Linear(in_features=2, out_features=1, bias=True)
        )
        (gcn): Diffusion_GCN(
          (conv): Conv2d(64, 64, kernel_size=(1, 1), stride=(1, 1))
          (dropout): Dropout(p=0.1, inplace=False)
        )
      )
    )
    (IDGCN3): IDGCN(
      (split): Splitting()
      (conv1): Sequential(
        (0): ReplicationPad2d((3, 3, 0, 0))
        (1): Conv2d(64, 64, kernel_size=(1, 5), stride=(1, 1))
        (2): LeakyReLU(negative_slope=0.01, inplace=True)
        (3): Dropout(p=0.1, inplace=False)
        (4): Conv2d(64, 64, kernel_size=(1, 3), stride=(1, 1))
        (5): Tanh()
      )
      (conv2): Sequential(
        (0): ReplicationPad2d((3, 3, 0, 0))
        (1): Conv2d(64, 64, kernel_size=(1, 5), stride=(1, 1))
        (2): LeakyReLU(negative_slope=0.01, inplace=True)
        (3): Dropout(p=0.1, inplace=False)
        (4): Conv2d(64, 64, kernel_size=(1, 3), stride=(1, 1))
        (5): Tanh()
      )
      (conv3): Sequential(
        (0): ReplicationPad2d((3, 3, 0, 0))
        (1): Conv2d(64, 64, kernel_size=(1, 5), stride=(1, 1))
        (2): LeakyReLU(negative_slope=0.01, inplace=True)
        (3): Dropout(p=0.1, inplace=False)
        (4): Conv2d(64, 64, kernel_size=(1, 3), stride=(1, 1))
        (5): Tanh()
      )
      (conv4): Sequential(
        (0): ReplicationPad2d((3, 3, 0, 0))
        (1): Conv2d(64, 64, kernel_size=(1, 5), stride=(1, 1))
        (2): LeakyReLU(negative_slope=0.01, inplace=True)
        (3): Dropout(p=0.1, inplace=False)
        (4): Conv2d(64, 64, kernel_size=(1, 3), stride=(1, 1))
        (5): Tanh()
      )
      (dgcn): DGCN(
        (conv): Conv2d(64, 64, kernel_size=(1, 1), stride=(1, 1))
        (generator): Graph_Generator(
          (fc): Linear(in_features=2, out_features=1, bias=True)
        )
        (gcn): Diffusion_GCN(
          (conv): Conv2d(64, 64, kernel_size=(1, 1), stride=(1, 1))
          (dropout): Dropout(p=0.1, inplace=False)
        )
      )
    )
  )
  (glu): GLU(
    (conv1): Conv2d(64, 64, kernel_size=(1, 1), stride=(1, 1))
    (conv2): Conv2d(64, 64, kernel_size=(1, 1), stride=(1, 1))
    (conv3): Conv2d(64, 64, kernel_size=(1, 1), stride=(1, 1))
    (dropout): Dropout(p=0.1, inplace=False)
  )
  (regression_layer): Conv2d(64, 12, kernel_size=(1, 12), stride=(1, 1))
  (cluster_agg): ClusterMeanAggregation()
  (cluster_feedback): ClusterGatedFeedback(
    (sigmoid): Sigmoid()
  )
)
start training...
/dfs/data/Cluster-aware-STIDGCN/ranger21.py:131: UserWarning: This overload of addcmul_ is deprecated:
	addcmul_(Number value, Tensor tensor1, Tensor tensor2)
Consider using one of the following signatures instead:
	addcmul_(Tensor tensor1, Tensor tensor2, *, Number value) (Triggered internally at /opt/pytorch/pytorch/torch/csrc/utils/python_arg_parser.cpp:1488.)
  exp_avg_sq.mul_(beta2).addcmul_(1 - beta2, grad, grad)
Iter: 000, Train Loss: 152.7570, Train RMSE: 204.8272, Train MAPE: 164.6633, Train WMAPE: 0.8481
Iter: 050, Train Loss: 114.5436, Train RMSE: 169.6031, Train MAPE: 84.2969, Train WMAPE: 0.6281
Epoch: 001, Training Time: 16.2288 secs
Epoch: 001, Inference Time: 2.0119 secs
Epoch: 001, Train Loss: 116.9360, Train RMSE: 167.2208, Train MAPE: 108.1851, Train WMAPE: 0.6539, 
Epoch: 001, Valid Loss: 56.6098, Valid RMSE: 99.4002, Valid MAPE: 54.9323, Valid WMAPE: 0.3249
###Update tasks appear###
Updating! Valid Loss: 56.60980864933559, epoch:  1
Iter: 000, Train Loss: 55.9890, Train RMSE: 90.8763, Train MAPE: 24.3181, Train WMAPE: 0.3108
Iter: 050, Train Loss: 30.2278, Train RMSE: 52.9319, Train MAPE: 8.8065, Train WMAPE: 0.1658
Epoch: 002, Training Time: 15.0609 secs
Epoch: 002, Inference Time: 2.1072 secs
Epoch: 002, Train Loss: 34.4835, Train RMSE: 58.0625, Train MAPE: 12.2914, Train WMAPE: 0.1928, 
Epoch: 002, Valid Loss: 27.2911, Valid RMSE: 60.3729, Valid MAPE: 16.5198, Valid WMAPE: 0.1566
###Update tasks appear###
Updating! Valid Loss: 27.291085924421036, epoch:  2
Iter: 000, Train Loss: 25.6011, Train RMSE: 45.4772, Train MAPE: 7.0741, Train WMAPE: 0.1421
Iter: 050, Train Loss: 21.6253, Train RMSE: 37.3194, Train MAPE: 3.6137, Train WMAPE: 0.1186
Epoch: 003, Training Time: 15.1443 secs
Epoch: 003, Inference Time: 2.0130 secs
Epoch: 003, Train Loss: 21.4386, Train RMSE: 36.5183, Train MAPE: 5.1584, Train WMAPE: 0.1199, 
Epoch: 003, Valid Loss: 22.0199, Valid RMSE: 52.8181, Valid MAPE: 11.9748, Valid WMAPE: 0.1265
###Update tasks appear###
Updating! Valid Loss: 22.019871507372176, epoch:  3
Iter: 000, Train Loss: 19.5284, Train RMSE: 33.3080, Train MAPE: 5.0512, Train WMAPE: 0.1084
Iter: 050, Train Loss: 17.9047, Train RMSE: 32.5801, Train MAPE: 2.5685, Train WMAPE: 0.0982
Epoch: 004, Training Time: 15.1146 secs
Epoch: 004, Inference Time: 2.0891 secs
Epoch: 004, Train Loss: 17.3970, Train RMSE: 30.4664, Train MAPE: 3.6423, Train WMAPE: 0.0973, 
Epoch: 004, Valid Loss: 18.8159, Valid RMSE: 52.1181, Valid MAPE: 6.3794, Valid WMAPE: 0.1081
###Update tasks appear###
Updating! Valid Loss: 18.815869535718644, epoch:  4
Iter: 000, Train Loss: 16.3739, Train RMSE: 30.5219, Train MAPE: 3.2872, Train WMAPE: 0.0909
Iter: 050, Train Loss: 16.7742, Train RMSE: 31.7454, Train MAPE: 2.1837, Train WMAPE: 0.0920
Epoch: 005, Training Time: 14.7814 secs
Epoch: 005, Inference Time: 2.0096 secs
Epoch: 005, Train Loss: 15.4158, Train RMSE: 28.2814, Train MAPE: 3.2223, Train WMAPE: 0.0862, 
Epoch: 005, Valid Loss: 17.6988, Valid RMSE: 51.3561, Valid MAPE: 5.4554, Valid WMAPE: 0.1017
###Update tasks appear###
Updating! Valid Loss: 17.698808806283132, epoch:  5
Iter: 000, Train Loss: 14.9279, Train RMSE: 28.7013, Train MAPE: 2.7500, Train WMAPE: 0.0829
Iter: 050, Train Loss: 15.9889, Train RMSE: 30.8799, Train MAPE: 2.0634, Train WMAPE: 0.0877
Epoch: 006, Training Time: 14.5616 secs
Epoch: 006, Inference Time: 1.9980 secs
Epoch: 006, Train Loss: 14.3984, Train RMSE: 27.2077, Train MAPE: 2.8963, Train WMAPE: 0.0805, 
Epoch: 006, Valid Loss: 17.3042, Valid RMSE: 50.6443, Valid MAPE: 6.5014, Valid WMAPE: 0.0995
###Update tasks appear###
Updating! Valid Loss: 17.304221902574813, epoch:  6
Iter: 000, Train Loss: 14.1983, Train RMSE: 27.6676, Train MAPE: 3.1312, Train WMAPE: 0.0788
Iter: 050, Train Loss: 15.5842, Train RMSE: 30.3802, Train MAPE: 2.8744, Train WMAPE: 0.0855
Epoch: 007, Training Time: 14.6696 secs
Epoch: 007, Inference Time: 1.9915 secs
Epoch: 007, Train Loss: 13.7146, Train RMSE: 26.4144, Train MAPE: 2.8162, Train WMAPE: 0.0767, 
Epoch: 007, Valid Loss: 16.9477, Valid RMSE: 50.6143, Valid MAPE: 5.6632, Valid WMAPE: 0.0974
###Update tasks appear###
Updating! Valid Loss: 16.947676488331386, epoch:  7
Iter: 000, Train Loss: 13.9596, Train RMSE: 27.8311, Train MAPE: 2.6750, Train WMAPE: 0.0775
Iter: 050, Train Loss: 14.8374, Train RMSE: 29.7490, Train MAPE: 1.7286, Train WMAPE: 0.0814
Epoch: 008, Training Time: 14.8850 secs
Epoch: 008, Inference Time: 1.9834 secs
Epoch: 008, Train Loss: 13.1426, Train RMSE: 25.8238, Train MAPE: 2.5728, Train WMAPE: 0.0735, 
Epoch: 008, Valid Loss: 16.6886, Valid RMSE: 50.1146, Valid MAPE: 9.0470, Valid WMAPE: 0.0959
###Update tasks appear###
Updating! Valid Loss: 16.688578946249827, epoch:  8
Iter: 000, Train Loss: 13.2940, Train RMSE: 26.6527, Train MAPE: 3.4454, Train WMAPE: 0.0738
Iter: 050, Train Loss: 14.3736, Train RMSE: 29.2233, Train MAPE: 1.8488, Train WMAPE: 0.0788
Epoch: 009, Training Time: 14.8082 secs
Epoch: 009, Inference Time: 2.0717 secs
Epoch: 009, Train Loss: 12.6530, Train RMSE: 25.2047, Train MAPE: 2.4822, Train WMAPE: 0.0708, 
Epoch: 009, Valid Loss: 16.3622, Valid RMSE: 49.6903, Valid MAPE: 5.2281, Valid WMAPE: 0.0941
###Update tasks appear###
Updating! Valid Loss: 16.362209694726126, epoch:  9
Iter: 000, Train Loss: 12.8241, Train RMSE: 26.0485, Train MAPE: 2.6707, Train WMAPE: 0.0712
Iter: 050, Train Loss: 14.1859, Train RMSE: 28.6910, Train MAPE: 1.6047, Train WMAPE: 0.0778
Epoch: 010, Training Time: 14.9719 secs
Epoch: 010, Inference Time: 2.0848 secs
Epoch: 010, Train Loss: 12.3098, Train RMSE: 24.7242, Train MAPE: 2.4330, Train WMAPE: 0.0688, 
Epoch: 010, Valid Loss: 16.4023, Valid RMSE: 49.4412, Valid MAPE: 9.2353, Valid WMAPE: 0.0943
No update
Iter: 000, Train Loss: 12.7699, Train RMSE: 25.6199, Train MAPE: 3.8624, Train WMAPE: 0.0709
Iter: 050, Train Loss: 14.0017, Train RMSE: 28.6650, Train MAPE: 1.8784, Train WMAPE: 0.0768
Epoch: 011, Training Time: 15.1040 secs
Epoch: 011, Inference Time: 2.0852 secs
Epoch: 011, Train Loss: 12.0603, Train RMSE: 24.4539, Train MAPE: 2.3609, Train WMAPE: 0.0674, 
Epoch: 011, Valid Loss: 15.5632, Valid RMSE: 49.3431, Valid MAPE: 3.6766, Valid WMAPE: 0.0895
###Update tasks appear###
Updating! Valid Loss: 15.563221420560565, epoch:  11
Iter: 000, Train Loss: 11.9940, Train RMSE: 25.2390, Train MAPE: 2.0155, Train WMAPE: 0.0666
Iter: 050, Train Loss: 13.5968, Train RMSE: 28.0136, Train MAPE: 1.8810, Train WMAPE: 0.0746
Epoch: 012, Training Time: 14.7857 secs
Epoch: 012, Inference Time: 2.1836 secs
Epoch: 012, Train Loss: 11.7943, Train RMSE: 24.0329, Train MAPE: 2.3368, Train WMAPE: 0.0660, 
Epoch: 012, Valid Loss: 15.6342, Valid RMSE: 48.8493, Valid MAPE: 7.3021, Valid WMAPE: 0.0899
No update
Iter: 000, Train Loss: 11.9424, Train RMSE: 24.8054, Train MAPE: 3.0942, Train WMAPE: 0.0663
Iter: 050, Train Loss: 13.2709, Train RMSE: 27.6253, Train MAPE: 1.5403, Train WMAPE: 0.0728
Epoch: 013, Training Time: 14.9039 secs
Epoch: 013, Inference Time: 2.0032 secs
Epoch: 013, Train Loss: 11.6032, Train RMSE: 23.7414, Train MAPE: 2.2878, Train WMAPE: 0.0649, 
Epoch: 013, Valid Loss: 15.6869, Valid RMSE: 48.7547, Valid MAPE: 8.0738, Valid WMAPE: 0.0902
No update
Iter: 000, Train Loss: 11.9981, Train RMSE: 24.7301, Train MAPE: 3.7557, Train WMAPE: 0.0666
Iter: 050, Train Loss: 13.3514, Train RMSE: 27.5433, Train MAPE: 1.4969, Train WMAPE: 0.0732
Epoch: 014, Training Time: 14.7126 secs
Epoch: 014, Inference Time: 1.9821 secs
Epoch: 014, Train Loss: 11.3950, Train RMSE: 23.4920, Train MAPE: 2.2466, Train WMAPE: 0.0637, 
Epoch: 014, Valid Loss: 15.0558, Valid RMSE: 48.5368, Valid MAPE: 3.8923, Valid WMAPE: 0.0866
###Update tasks appear###
Updating! Valid Loss: 15.055849211556572, epoch:  14
Iter: 000, Train Loss: 11.4016, Train RMSE: 24.2946, Train MAPE: 1.9784, Train WMAPE: 0.0633
Iter: 050, Train Loss: 13.0771, Train RMSE: 27.4313, Train MAPE: 1.5135, Train WMAPE: 0.0717
Epoch: 015, Training Time: 14.5641 secs
Epoch: 015, Inference Time: 2.0889 secs
Epoch: 015, Train Loss: 11.2478, Train RMSE: 23.2808, Train MAPE: 2.2159, Train WMAPE: 0.0629, 
Epoch: 015, Valid Loss: 14.9663, Valid RMSE: 48.5793, Valid MAPE: 4.2086, Valid WMAPE: 0.0861
###Update tasks appear###
Updating! Valid Loss: 14.966343879699707, epoch:  15
Iter: 000, Train Loss: 11.3811, Train RMSE: 24.4846, Train MAPE: 2.0652, Train WMAPE: 0.0632
Iter: 050, Train Loss: 13.2592, Train RMSE: 27.6827, Train MAPE: 1.5689, Train WMAPE: 0.0727
Epoch: 016, Training Time: 14.6914 secs
Epoch: 016, Inference Time: 2.1851 secs
Epoch: 016, Train Loss: 11.0804, Train RMSE: 23.2018, Train MAPE: 1.9963, Train WMAPE: 0.0620, 
Epoch: 016, Valid Loss: 15.1373, Valid RMSE: 48.4463, Valid MAPE: 4.8409, Valid WMAPE: 0.0869
No update
Iter: 000, Train Loss: 11.6312, Train RMSE: 24.7940, Train MAPE: 2.3412, Train WMAPE: 0.0646
Iter: 050, Train Loss: 13.2239, Train RMSE: 27.5109, Train MAPE: 1.6114, Train WMAPE: 0.0725
Epoch: 017, Training Time: 14.7797 secs
Epoch: 017, Inference Time: 2.0173 secs
Epoch: 017, Train Loss: 10.9080, Train RMSE: 22.9466, Train MAPE: 1.9407, Train WMAPE: 0.0610, 
Epoch: 017, Valid Loss: 14.9466, Valid RMSE: 48.2664, Valid MAPE: 3.5143, Valid WMAPE: 0.0859
###Update tasks appear###
Updating! Valid Loss: 14.9466199193682, epoch:  17
Iter: 000, Train Loss: 11.5184, Train RMSE: 24.5297, Train MAPE: 1.5782, Train WMAPE: 0.0639
Iter: 050, Train Loss: 12.5250, Train RMSE: 26.5769, Train MAPE: 1.5751, Train WMAPE: 0.0687
Epoch: 018, Training Time: 15.2505 secs
Epoch: 018, Inference Time: 2.0846 secs
Epoch: 018, Train Loss: 10.8515, Train RMSE: 22.7529, Train MAPE: 2.1215, Train WMAPE: 0.0607, 
Epoch: 018, Valid Loss: 14.4351, Valid RMSE: 47.4535, Valid MAPE: 5.2287, Valid WMAPE: 0.0830
###Update tasks appear###
Updating! Valid Loss: 14.435121842793055, epoch:  18
Iter: 000, Train Loss: 10.7910, Train RMSE: 23.4228, Train MAPE: 2.4776, Train WMAPE: 0.0599
Iter: 050, Train Loss: 12.5236, Train RMSE: 26.5873, Train MAPE: 1.4668, Train WMAPE: 0.0687
Epoch: 019, Training Time: 15.2799 secs
Epoch: 019, Inference Time: 2.1023 secs
Epoch: 019, Train Loss: 10.6704, Train RMSE: 22.4371, Train MAPE: 2.1071, Train WMAPE: 0.0597, 
Epoch: 019, Valid Loss: 14.9200, Valid RMSE: 47.3530, Valid MAPE: 9.2868, Valid WMAPE: 0.0858
No update
Iter: 000, Train Loss: 11.4968, Train RMSE: 24.0285, Train MAPE: 3.6389, Train WMAPE: 0.0638
Iter: 050, Train Loss: 12.3187, Train RMSE: 26.5170, Train MAPE: 1.2187, Train WMAPE: 0.0676
Epoch: 020, Training Time: 15.2747 secs
Epoch: 020, Inference Time: 2.0898 secs
Epoch: 020, Train Loss: 10.5718, Train RMSE: 22.3785, Train MAPE: 1.9860, Train WMAPE: 0.0591, 
Epoch: 020, Valid Loss: 14.2732, Valid RMSE: 47.2527, Valid MAPE: 3.3907, Valid WMAPE: 0.0820
###Update tasks appear###
Updating! Valid Loss: 14.273161717823573, epoch:  20
Iter: 000, Train Loss: 10.8021, Train RMSE: 23.6392, Train MAPE: 1.6204, Train WMAPE: 0.0600
Iter: 050, Train Loss: 12.2171, Train RMSE: 26.1371, Train MAPE: 1.3904, Train WMAPE: 0.0670
Epoch: 021, Training Time: 14.6848 secs
Epoch: 021, Inference Time: 1.9987 secs
Epoch: 021, Train Loss: 10.5572, Train RMSE: 22.3087, Train MAPE: 1.9920, Train WMAPE: 0.0590, 
Epoch: 021, Valid Loss: 14.5582, Valid RMSE: 47.2721, Valid MAPE: 3.9599, Valid WMAPE: 0.0836
No update
Iter: 000, Train Loss: 11.1998, Train RMSE: 23.7453, Train MAPE: 1.7676, Train WMAPE: 0.0622
Iter: 050, Train Loss: 12.4284, Train RMSE: 26.5128, Train MAPE: 1.2922, Train WMAPE: 0.0682
Epoch: 022, Training Time: 14.9086 secs
Epoch: 022, Inference Time: 1.9054 secs
Epoch: 022, Train Loss: 10.3870, Train RMSE: 22.1192, Train MAPE: 1.8352, Train WMAPE: 0.0581, 
Epoch: 022, Valid Loss: 13.9415, Valid RMSE: 46.6573, Valid MAPE: 3.4276, Valid WMAPE: 0.0801
###Update tasks appear###
Updating! Valid Loss: 13.941476924078804, epoch:  22
Iter: 000, Train Loss: 10.5173, Train RMSE: 23.1906, Train MAPE: 1.6983, Train WMAPE: 0.0584
Iter: 050, Train Loss: 12.4222, Train RMSE: 26.3252, Train MAPE: 1.5656, Train WMAPE: 0.0681
Epoch: 023, Training Time: 14.7303 secs
Epoch: 023, Inference Time: 1.9433 secs
Epoch: 023, Train Loss: 10.2845, Train RMSE: 21.9262, Train MAPE: 1.9167, Train WMAPE: 0.0575, 
Epoch: 023, Valid Loss: 13.8722, Valid RMSE: 46.4764, Valid MAPE: 3.2924, Valid WMAPE: 0.0797
###Update tasks appear###
Updating! Valid Loss: 13.872233629226685, epoch:  23
Iter: 000, Train Loss: 10.4561, Train RMSE: 23.1215, Train MAPE: 1.2919, Train WMAPE: 0.0580
Iter: 050, Train Loss: 11.8969, Train RMSE: 25.7341, Train MAPE: 1.2033, Train WMAPE: 0.0652
Epoch: 024, Training Time: 14.9716 secs
Epoch: 024, Inference Time: 1.9893 secs
Epoch: 024, Train Loss: 10.2675, Train RMSE: 21.8148, Train MAPE: 1.9831, Train WMAPE: 0.0574, 
Epoch: 024, Valid Loss: 13.7522, Valid RMSE: 46.0403, Valid MAPE: 4.6126, Valid WMAPE: 0.0790
###Update tasks appear###
Updating! Valid Loss: 13.752153771264213, epoch:  24
Iter: 000, Train Loss: 10.2872, Train RMSE: 22.8253, Train MAPE: 1.7787, Train WMAPE: 0.0571
Iter: 050, Train Loss: 11.8770, Train RMSE: 25.6133, Train MAPE: 1.3377, Train WMAPE: 0.0651
Epoch: 025, Training Time: 15.0741 secs
Epoch: 025, Inference Time: 2.1059 secs
Epoch: 025, Train Loss: 10.1382, Train RMSE: 21.6425, Train MAPE: 1.9762, Train WMAPE: 0.0567, 
Epoch: 025, Valid Loss: 13.9693, Valid RMSE: 46.2579, Valid MAPE: 4.7773, Valid WMAPE: 0.0802
No update
Iter: 000, Train Loss: 10.8691, Train RMSE: 23.6751, Train MAPE: 1.8177, Train WMAPE: 0.0603
Iter: 050, Train Loss: 11.9334, Train RMSE: 25.5961, Train MAPE: 1.2995, Train WMAPE: 0.0654
Epoch: 026, Training Time: 14.9903 secs
Epoch: 026, Inference Time: 2.1966 secs
Epoch: 026, Train Loss: 10.1225, Train RMSE: 21.6745, Train MAPE: 1.7743, Train WMAPE: 0.0566, 
Epoch: 026, Valid Loss: 13.8329, Valid RMSE: 46.1012, Valid MAPE: 4.7486, Valid WMAPE: 0.0795
No update
Iter: 000, Train Loss: 10.5732, Train RMSE: 23.1110, Train MAPE: 1.6035, Train WMAPE: 0.0587
Iter: 050, Train Loss: 11.6760, Train RMSE: 25.3464, Train MAPE: 1.0201, Train WMAPE: 0.0640
Epoch: 027, Training Time: 14.9878 secs
Epoch: 027, Inference Time: 2.1051 secs
Epoch: 027, Train Loss: 10.0809, Train RMSE: 21.5499, Train MAPE: 1.8962, Train WMAPE: 0.0564, 
Epoch: 027, Valid Loss: 13.7735, Valid RMSE: 45.4546, Valid MAPE: 5.5267, Valid WMAPE: 0.0792
No update
Iter: 000, Train Loss: 10.4820, Train RMSE: 22.8854, Train MAPE: 2.0925, Train WMAPE: 0.0582
Iter: 050, Train Loss: 11.6558, Train RMSE: 25.2877, Train MAPE: 1.0433, Train WMAPE: 0.0639
Epoch: 028, Training Time: 14.7782 secs
Epoch: 028, Inference Time: 2.1001 secs
Epoch: 028, Train Loss: 9.9375, Train RMSE: 21.3030, Train MAPE: 1.9549, Train WMAPE: 0.0556, 
Epoch: 028, Valid Loss: 14.0043, Valid RMSE: 45.3845, Valid MAPE: 9.1511, Valid WMAPE: 0.0805
No update
Iter: 000, Train Loss: 10.6854, Train RMSE: 22.8664, Train MAPE: 3.6118, Train WMAPE: 0.0593
Iter: 050, Train Loss: 11.9511, Train RMSE: 25.7374, Train MAPE: 1.8851, Train WMAPE: 0.0655
Epoch: 029, Training Time: 15.0182 secs
Epoch: 029, Inference Time: 2.0724 secs
Epoch: 029, Train Loss: 9.9615, Train RMSE: 21.2931, Train MAPE: 2.0137, Train WMAPE: 0.0557, 
Epoch: 029, Valid Loss: 13.5801, Valid RMSE: 45.5717, Valid MAPE: 3.7376, Valid WMAPE: 0.0780
###Update tasks appear###
Updating! Valid Loss: 13.580144780022758, epoch:  29
Iter: 000, Train Loss: 10.3634, Train RMSE: 22.8230, Train MAPE: 1.5703, Train WMAPE: 0.0575
Iter: 050, Train Loss: 11.5496, Train RMSE: 25.1867, Train MAPE: 1.0915, Train WMAPE: 0.0633
Epoch: 030, Training Time: 14.8907 secs
Epoch: 030, Inference Time: 2.1746 secs
Epoch: 030, Train Loss: 9.9208, Train RMSE: 21.2327, Train MAPE: 1.8226, Train WMAPE: 0.0555, 
Epoch: 030, Valid Loss: 13.4346, Valid RMSE: 45.0046, Valid MAPE: 6.2574, Valid WMAPE: 0.0772
###Update tasks appear###
Updating! Valid Loss: 13.434566259384155, epoch:  30
Iter: 000, Train Loss: 10.2270, Train RMSE: 22.5440, Train MAPE: 2.4098, Train WMAPE: 0.0568
Iter: 050, Train Loss: 11.4993, Train RMSE: 24.8942, Train MAPE: 1.3337, Train WMAPE: 0.0631
Epoch: 031, Training Time: 15.2707 secs
Epoch: 031, Inference Time: 2.0911 secs
Epoch: 031, Train Loss: 9.8276, Train RMSE: 21.0972, Train MAPE: 1.9055, Train WMAPE: 0.0550, 
Epoch: 031, Valid Loss: 13.4420, Valid RMSE: 44.9690, Valid MAPE: 5.8546, Valid WMAPE: 0.0772
No update
Iter: 000, Train Loss: 10.1954, Train RMSE: 22.4711, Train MAPE: 2.3016, Train WMAPE: 0.0566
Iter: 050, Train Loss: 11.7535, Train RMSE: 25.1730, Train MAPE: 1.3345, Train WMAPE: 0.0645
Epoch: 032, Training Time: 15.1636 secs
Epoch: 032, Inference Time: 2.0319 secs
Epoch: 032, Train Loss: 9.7474, Train RMSE: 20.9545, Train MAPE: 1.8591, Train WMAPE: 0.0545, 
Epoch: 032, Valid Loss: 13.0449, Valid RMSE: 44.6374, Valid MAPE: 3.2059, Valid WMAPE: 0.0749
###Update tasks appear###
Updating! Valid Loss: 13.044947624206543, epoch:  32
Iter: 000, Train Loss: 9.9620, Train RMSE: 22.3856, Train MAPE: 1.3889, Train WMAPE: 0.0553
Iter: 050, Train Loss: 11.3222, Train RMSE: 24.5133, Train MAPE: 1.5747, Train WMAPE: 0.0621
Epoch: 033, Training Time: 14.9733 secs
Epoch: 033, Inference Time: 2.0101 secs
Epoch: 033, Train Loss: 9.6369, Train RMSE: 20.7343, Train MAPE: 1.9044, Train WMAPE: 0.0539, 
Epoch: 033, Valid Loss: 13.6197, Valid RMSE: 44.4260, Valid MAPE: 8.5008, Valid WMAPE: 0.0782
No update
Iter: 000, Train Loss: 10.4429, Train RMSE: 22.4240, Train MAPE: 3.1755, Train WMAPE: 0.0580
Iter: 050, Train Loss: 11.3849, Train RMSE: 24.4256, Train MAPE: 1.2453, Train WMAPE: 0.0624
Epoch: 034, Training Time: 15.0749 secs
Epoch: 034, Inference Time: 2.0850 secs
Epoch: 034, Train Loss: 9.6770, Train RMSE: 20.7851, Train MAPE: 1.8438, Train WMAPE: 0.0541, 
Epoch: 034, Valid Loss: 13.4933, Valid RMSE: 44.4454, Valid MAPE: 8.0655, Valid WMAPE: 0.0775
No update
Iter: 000, Train Loss: 10.3082, Train RMSE: 22.3852, Train MAPE: 3.1013, Train WMAPE: 0.0572
Iter: 050, Train Loss: 11.2822, Train RMSE: 24.5041, Train MAPE: 1.1456, Train WMAPE: 0.0619
Epoch: 035, Training Time: 15.1981 secs
Epoch: 035, Inference Time: 1.9940 secs
Epoch: 035, Train Loss: 9.5855, Train RMSE: 20.6559, Train MAPE: 1.8142, Train WMAPE: 0.0536, 
Epoch: 035, Valid Loss: 13.0905, Valid RMSE: 44.1673, Valid MAPE: 5.0241, Valid WMAPE: 0.0752
No update
Iter: 000, Train Loss: 10.0346, Train RMSE: 22.1261, Train MAPE: 1.8032, Train WMAPE: 0.0557
Iter: 050, Train Loss: 11.3056, Train RMSE: 24.5468, Train MAPE: 1.2170, Train WMAPE: 0.0620
Epoch: 036, Training Time: 14.8053 secs
Epoch: 036, Inference Time: 1.9992 secs
Epoch: 036, Train Loss: 9.5204, Train RMSE: 20.5687, Train MAPE: 1.7671, Train WMAPE: 0.0532, 
Epoch: 036, Valid Loss: 12.8505, Valid RMSE: 44.0884, Valid MAPE: 3.4313, Valid WMAPE: 0.0738
###Update tasks appear###
Updating! Valid Loss: 12.850484916142054, epoch:  36
Iter: 000, Train Loss: 9.7272, Train RMSE: 21.9304, Train MAPE: 1.2417, Train WMAPE: 0.0540
Iter: 050, Train Loss: 11.3529, Train RMSE: 24.4632, Train MAPE: 1.4337, Train WMAPE: 0.0623
Epoch: 037, Training Time: 14.7651 secs
Epoch: 037, Inference Time: 2.0752 secs
Epoch: 037, Train Loss: 9.3981, Train RMSE: 20.3861, Train MAPE: 1.6324, Train WMAPE: 0.0526, 
Epoch: 037, Valid Loss: 13.1953, Valid RMSE: 44.3168, Valid MAPE: 3.4523, Valid WMAPE: 0.0758
No update
Iter: 000, Train Loss: 10.2243, Train RMSE: 22.4917, Train MAPE: 1.3860, Train WMAPE: 0.0568
Iter: 050, Train Loss: 11.1729, Train RMSE: 24.1089, Train MAPE: 1.2070, Train WMAPE: 0.0613
Epoch: 038, Training Time: 14.8041 secs
Epoch: 038, Inference Time: 1.9896 secs
Epoch: 038, Train Loss: 9.3858, Train RMSE: 20.3246, Train MAPE: 1.6592, Train WMAPE: 0.0525, 
Epoch: 038, Valid Loss: 12.9024, Valid RMSE: 44.0290, Valid MAPE: 4.3303, Valid WMAPE: 0.0741
No update
Iter: 000, Train Loss: 9.9391, Train RMSE: 22.2217, Train MAPE: 1.8701, Train WMAPE: 0.0552
Iter: 050, Train Loss: 10.8202, Train RMSE: 23.5422, Train MAPE: 1.5657, Train WMAPE: 0.0593
Epoch: 039, Training Time: 14.8926 secs
Epoch: 039, Inference Time: 2.0873 secs
Epoch: 039, Train Loss: 9.3121, Train RMSE: 20.1094, Train MAPE: 1.9214, Train WMAPE: 0.0521, 
Epoch: 039, Valid Loss: 12.8626, Valid RMSE: 43.8409, Valid MAPE: 3.7266, Valid WMAPE: 0.0739
No update
Iter: 000, Train Loss: 9.7536, Train RMSE: 21.8154, Train MAPE: 1.3300, Train WMAPE: 0.0541
Iter: 050, Train Loss: 11.2324, Train RMSE: 24.1005, Train MAPE: 1.7922, Train WMAPE: 0.0616
Epoch: 040, Training Time: 14.8010 secs
Epoch: 040, Inference Time: 2.0868 secs
Epoch: 040, Train Loss: 9.2292, Train RMSE: 19.9256, Train MAPE: 1.8806, Train WMAPE: 0.0516, 
Epoch: 040, Valid Loss: 13.1227, Valid RMSE: 44.0988, Valid MAPE: 3.4718, Valid WMAPE: 0.0753
No update
Iter: 000, Train Loss: 10.0657, Train RMSE: 22.0506, Train MAPE: 1.2038, Train WMAPE: 0.0559
Iter: 050, Train Loss: 10.9066, Train RMSE: 23.2900, Train MAPE: 1.4604, Train WMAPE: 0.0598
Epoch: 041, Training Time: 14.7983 secs
Epoch: 041, Inference Time: 2.0027 secs
Epoch: 041, Train Loss: 9.2936, Train RMSE: 19.9547, Train MAPE: 1.7465, Train WMAPE: 0.0520, 
Epoch: 041, Valid Loss: 13.2318, Valid RMSE: 44.2737, Valid MAPE: 3.5606, Valid WMAPE: 0.0760
No update
Iter: 000, Train Loss: 10.0186, Train RMSE: 22.2833, Train MAPE: 1.4115, Train WMAPE: 0.0556
Iter: 050, Train Loss: 10.9537, Train RMSE: 23.5149, Train MAPE: 1.4001, Train WMAPE: 0.0601
Epoch: 042, Training Time: 14.8882 secs
Epoch: 042, Inference Time: 2.0860 secs
Epoch: 042, Train Loss: 9.2267, Train RMSE: 19.9498, Train MAPE: 1.7491, Train WMAPE: 0.0516, 
Epoch: 042, Valid Loss: 12.6533, Valid RMSE: 43.2617, Valid MAPE: 5.1997, Valid WMAPE: 0.0727
###Update tasks appear###
Updating! Valid Loss: 12.653274059295654, epoch:  42
Iter: 000, Train Loss: 9.5401, Train RMSE: 21.2349, Train MAPE: 2.0305, Train WMAPE: 0.0530
Iter: 050, Train Loss: 10.6727, Train RMSE: 23.0658, Train MAPE: 1.1365, Train WMAPE: 0.0585
Epoch: 043, Training Time: 15.0872 secs
Epoch: 043, Inference Time: 2.0849 secs
Epoch: 043, Train Loss: 9.1223, Train RMSE: 19.7206, Train MAPE: 1.6880, Train WMAPE: 0.0510, 
Epoch: 043, Valid Loss: 13.2011, Valid RMSE: 43.6501, Valid MAPE: 5.5185, Valid WMAPE: 0.0758
No update
Iter: 000, Train Loss: 10.2962, Train RMSE: 21.8418, Train MAPE: 1.8770, Train WMAPE: 0.0572
Iter: 050, Train Loss: 10.6891, Train RMSE: 22.9859, Train MAPE: 1.7237, Train WMAPE: 0.0586
Epoch: 044, Training Time: 14.5973 secs
Epoch: 044, Inference Time: 1.9921 secs
Epoch: 044, Train Loss: 9.0488, Train RMSE: 19.5130, Train MAPE: 1.8559, Train WMAPE: 0.0506, 
Epoch: 044, Valid Loss: 12.5465, Valid RMSE: 43.3098, Valid MAPE: 3.0727, Valid WMAPE: 0.0720
###Update tasks appear###
Updating! Valid Loss: 12.546514442988805, epoch:  44
Iter: 000, Train Loss: 9.5822, Train RMSE: 21.4310, Train MAPE: 1.2427, Train WMAPE: 0.0532
Iter: 050, Train Loss: 10.4831, Train RMSE: 22.8920, Train MAPE: 0.9096, Train WMAPE: 0.0575
Epoch: 045, Training Time: 14.5736 secs
Epoch: 045, Inference Time: 1.9011 secs
Epoch: 045, Train Loss: 9.0188, Train RMSE: 19.4753, Train MAPE: 1.7297, Train WMAPE: 0.0504, 
Epoch: 045, Valid Loss: 12.7642, Valid RMSE: 42.9999, Valid MAPE: 6.8690, Valid WMAPE: 0.0733
No update
Iter: 000, Train Loss: 9.5908, Train RMSE: 20.8959, Train MAPE: 2.5033, Train WMAPE: 0.0532
Iter: 050, Train Loss: 10.5934, Train RMSE: 22.6025, Train MAPE: 1.3494, Train WMAPE: 0.0581
Epoch: 046, Training Time: 15.0957 secs
Epoch: 046, Inference Time: 2.0004 secs
Epoch: 046, Train Loss: 8.9434, Train RMSE: 19.3400, Train MAPE: 1.7519, Train WMAPE: 0.0500, 
Epoch: 046, Valid Loss: 12.9063, Valid RMSE: 43.0364, Valid MAPE: 8.5272, Valid WMAPE: 0.0741
No update
Iter: 000, Train Loss: 9.6892, Train RMSE: 20.9297, Train MAPE: 3.2574, Train WMAPE: 0.0538
Iter: 050, Train Loss: 10.3212, Train RMSE: 22.2230, Train MAPE: 1.3039, Train WMAPE: 0.0566
Epoch: 047, Training Time: 14.9832 secs
Epoch: 047, Inference Time: 2.0134 secs
Epoch: 047, Train Loss: 8.9246, Train RMSE: 19.3006, Train MAPE: 1.8158, Train WMAPE: 0.0499, 
Epoch: 047, Valid Loss: 12.3024, Valid RMSE: 43.1286, Valid MAPE: 3.5322, Valid WMAPE: 0.0706
###Update tasks appear###
Updating! Valid Loss: 12.30242361341204, epoch:  47
Iter: 000, Train Loss: 9.1902, Train RMSE: 20.8097, Train MAPE: 1.3892, Train WMAPE: 0.0510
Iter: 050, Train Loss: 10.4070, Train RMSE: 22.7309, Train MAPE: 1.2970, Train WMAPE: 0.0571
Epoch: 048, Training Time: 15.2731 secs
Epoch: 048, Inference Time: 1.9833 secs
Epoch: 048, Train Loss: 8.8956, Train RMSE: 19.2892, Train MAPE: 1.6530, Train WMAPE: 0.0498, 
Epoch: 048, Valid Loss: 12.2378, Valid RMSE: 42.8419, Valid MAPE: 3.2349, Valid WMAPE: 0.0703
###Update tasks appear###
Updating! Valid Loss: 12.237770932061332, epoch:  48
Iter: 000, Train Loss: 9.1945, Train RMSE: 20.7984, Train MAPE: 1.1737, Train WMAPE: 0.0510
Iter: 050, Train Loss: 10.1846, Train RMSE: 21.8224, Train MAPE: 1.3144, Train WMAPE: 0.0558
Epoch: 049, Training Time: 14.1733 secs
Epoch: 049, Inference Time: 1.9902 secs
Epoch: 049, Train Loss: 8.8150, Train RMSE: 19.1139, Train MAPE: 1.6317, Train WMAPE: 0.0493, 
Epoch: 049, Valid Loss: 12.9020, Valid RMSE: 43.3078, Valid MAPE: 4.0797, Valid WMAPE: 0.0741
No update
Iter: 000, Train Loss: 9.9584, Train RMSE: 21.2243, Train MAPE: 1.4463, Train WMAPE: 0.0553
Iter: 050, Train Loss: 10.2246, Train RMSE: 21.9130, Train MAPE: 1.6225, Train WMAPE: 0.0561
Epoch: 050, Training Time: 14.3179 secs
Epoch: 050, Inference Time: 2.0673 secs
Epoch: 050, Train Loss: 8.7470, Train RMSE: 18.8370, Train MAPE: 1.7752, Train WMAPE: 0.0489, 
Epoch: 050, Valid Loss: 12.2415, Valid RMSE: 42.8573, Valid MAPE: 3.3279, Valid WMAPE: 0.0703
No update
Iter: 000, Train Loss: 9.2277, Train RMSE: 20.7715, Train MAPE: 1.3189, Train WMAPE: 0.0512
Iter: 050, Train Loss: 10.1609, Train RMSE: 21.5301, Train MAPE: 1.1345, Train WMAPE: 0.0557
Epoch: 051, Training Time: 14.9500 secs
Epoch: 051, Inference Time: 1.9302 secs
Epoch: 051, Train Loss: 8.7220, Train RMSE: 18.8052, Train MAPE: 1.6707, Train WMAPE: 0.0488, 
Epoch: 051, Valid Loss: 12.5744, Valid RMSE: 42.8283, Valid MAPE: 7.0250, Valid WMAPE: 0.0722
No update
Iter: 000, Train Loss: 9.2646, Train RMSE: 19.8702, Train MAPE: 2.5515, Train WMAPE: 0.0514
Iter: 050, Train Loss: 10.0891, Train RMSE: 21.5140, Train MAPE: 1.2891, Train WMAPE: 0.0553
Epoch: 052, Training Time: 14.6298 secs
Epoch: 052, Inference Time: 1.9523 secs
Epoch: 052, Train Loss: 8.6831, Train RMSE: 18.6922, Train MAPE: 1.7611, Train WMAPE: 0.0486, 
Epoch: 052, Valid Loss: 12.2202, Valid RMSE: 42.9446, Valid MAPE: 3.6489, Valid WMAPE: 0.0702
###Update tasks appear###
Updating! Valid Loss: 12.22018391745431, epoch:  52
Iter: 000, Train Loss: 9.0043, Train RMSE: 20.2989, Train MAPE: 1.3936, Train WMAPE: 0.0500
Iter: 050, Train Loss: 9.7752, Train RMSE: 20.8400, Train MAPE: 0.9253, Train WMAPE: 0.0536
Epoch: 053, Training Time: 14.9595 secs
Epoch: 053, Inference Time: 1.9869 secs
Epoch: 053, Train Loss: 8.6426, Train RMSE: 18.6002, Train MAPE: 1.7423, Train WMAPE: 0.0483, 
Epoch: 053, Valid Loss: 12.2501, Valid RMSE: 42.9786, Valid MAPE: 4.2763, Valid WMAPE: 0.0703
No update
Iter: 000, Train Loss: 9.0687, Train RMSE: 20.0475, Train MAPE: 1.5256, Train WMAPE: 0.0503
Iter: 050, Train Loss: 9.7497, Train RMSE: 20.7061, Train MAPE: 1.2039, Train WMAPE: 0.0535
Epoch: 054, Training Time: 14.9958 secs
Epoch: 054, Inference Time: 1.9095 secs
Epoch: 054, Train Loss: 8.6289, Train RMSE: 18.5928, Train MAPE: 1.6421, Train WMAPE: 0.0483, 
Epoch: 054, Valid Loss: 12.1939, Valid RMSE: 42.7338, Valid MAPE: 5.2790, Valid WMAPE: 0.0700
###Update tasks appear###
Updating! Valid Loss: 12.193864583969116, epoch:  54
Iter: 000, Train Loss: 8.8882, Train RMSE: 19.7033, Train MAPE: 1.9203, Train WMAPE: 0.0493
Iter: 050, Train Loss: 9.6002, Train RMSE: 20.4591, Train MAPE: 1.1382, Train WMAPE: 0.0526
Epoch: 055, Training Time: 14.2490 secs
Epoch: 055, Inference Time: 1.8951 secs
Epoch: 055, Train Loss: 8.5379, Train RMSE: 18.4188, Train MAPE: 1.5946, Train WMAPE: 0.0478, 
Epoch: 055, Valid Loss: 12.6667, Valid RMSE: 43.2196, Valid MAPE: 5.0540, Valid WMAPE: 0.0727
No update
Iter: 000, Train Loss: 9.7158, Train RMSE: 20.8670, Train MAPE: 1.7047, Train WMAPE: 0.0539
Iter: 050, Train Loss: 9.6859, Train RMSE: 20.5449, Train MAPE: 1.2871, Train WMAPE: 0.0531
Epoch: 056, Training Time: 14.5006 secs
Epoch: 056, Inference Time: 1.9016 secs
Epoch: 056, Train Loss: 8.5168, Train RMSE: 18.3459, Train MAPE: 1.5742, Train WMAPE: 0.0476, 
Epoch: 056, Valid Loss: 12.3240, Valid RMSE: 42.8295, Valid MAPE: 3.4425, Valid WMAPE: 0.0708
No update
Iter: 000, Train Loss: 9.1572, Train RMSE: 19.9535, Train MAPE: 1.1426, Train WMAPE: 0.0508
Iter: 050, Train Loss: 9.7952, Train RMSE: 20.7455, Train MAPE: 1.1200, Train WMAPE: 0.0537
Epoch: 057, Training Time: 15.1120 secs
Epoch: 057, Inference Time: 1.9768 secs
Epoch: 057, Train Loss: 8.5021, Train RMSE: 18.2701, Train MAPE: 1.5883, Train WMAPE: 0.0476, 
Epoch: 057, Valid Loss: 12.0744, Valid RMSE: 42.4550, Valid MAPE: 3.6406, Valid WMAPE: 0.0693
###Update tasks appear###
Updating! Valid Loss: 12.0743841784341, epoch:  57
Iter: 000, Train Loss: 9.0197, Train RMSE: 19.7910, Train MAPE: 1.3613, Train WMAPE: 0.0501
Iter: 050, Train Loss: 9.7977, Train RMSE: 20.8170, Train MAPE: 1.4450, Train WMAPE: 0.0537
Epoch: 058, Training Time: 15.1570 secs
Epoch: 058, Inference Time: 2.0104 secs
Epoch: 058, Train Loss: 8.4496, Train RMSE: 18.2246, Train MAPE: 1.4599, Train WMAPE: 0.0473, 
Epoch: 058, Valid Loss: 12.0313, Valid RMSE: 42.2890, Valid MAPE: 4.1734, Valid WMAPE: 0.0691
###Update tasks appear###
Updating! Valid Loss: 12.031343868800572, epoch:  58
Iter: 000, Train Loss: 8.8488, Train RMSE: 18.9881, Train MAPE: 1.5128, Train WMAPE: 0.0491
Iter: 050, Train Loss: 9.5143, Train RMSE: 20.1887, Train MAPE: 1.3521, Train WMAPE: 0.0522
Epoch: 059, Training Time: 14.2498 secs
Epoch: 059, Inference Time: 2.0168 secs
Epoch: 059, Train Loss: 8.3214, Train RMSE: 17.9280, Train MAPE: 1.4565, Train WMAPE: 0.0465, 
Epoch: 059, Valid Loss: 11.9821, Valid RMSE: 42.5501, Valid MAPE: 3.2216, Valid WMAPE: 0.0688
###Update tasks appear###
Updating! Valid Loss: 11.982080391475133, epoch:  59
Iter: 000, Train Loss: 8.6834, Train RMSE: 18.8746, Train MAPE: 1.2715, Train WMAPE: 0.0482
Iter: 050, Train Loss: 9.3525, Train RMSE: 19.7511, Train MAPE: 1.1300, Train WMAPE: 0.0513
Epoch: 060, Training Time: 14.6532 secs
Epoch: 060, Inference Time: 1.9644 secs
Epoch: 060, Train Loss: 8.2776, Train RMSE: 17.7195, Train MAPE: 1.5674, Train WMAPE: 0.0463, 
Epoch: 060, Valid Loss: 11.9493, Valid RMSE: 42.4506, Valid MAPE: 4.4811, Valid WMAPE: 0.0686
###Update tasks appear###
Updating! Valid Loss: 11.949295248304095, epoch:  60
Iter: 000, Train Loss: 8.4017, Train RMSE: 18.2208, Train MAPE: 1.5663, Train WMAPE: 0.0466
Iter: 050, Train Loss: 9.1872, Train RMSE: 19.5355, Train MAPE: 0.8231, Train WMAPE: 0.0504
Epoch: 061, Training Time: 14.8725 secs
Epoch: 061, Inference Time: 1.9969 secs
Epoch: 061, Train Loss: 8.2521, Train RMSE: 17.5430, Train MAPE: 1.7322, Train WMAPE: 0.0462, 
Epoch: 061, Valid Loss: 11.9747, Valid RMSE: 42.8476, Valid MAPE: 3.1289, Valid WMAPE: 0.0688
No update
Iter: 000, Train Loss: 8.3670, Train RMSE: 17.8467, Train MAPE: 1.0949, Train WMAPE: 0.0465
Iter: 050, Train Loss: 9.1731, Train RMSE: 19.2667, Train MAPE: 1.0321, Train WMAPE: 0.0503
Epoch: 062, Training Time: 14.7871 secs
Epoch: 062, Inference Time: 2.0796 secs
Epoch: 062, Train Loss: 8.1741, Train RMSE: 17.4372, Train MAPE: 1.5120, Train WMAPE: 0.0457, 
Epoch: 062, Valid Loss: 11.9943, Valid RMSE: 42.7922, Valid MAPE: 2.9243, Valid WMAPE: 0.0689
No update
Iter: 000, Train Loss: 8.5411, Train RMSE: 18.1585, Train MAPE: 0.9872, Train WMAPE: 0.0474
Iter: 050, Train Loss: 8.8271, Train RMSE: 18.3030, Train MAPE: 0.9864, Train WMAPE: 0.0484
Epoch: 063, Training Time: 15.0856 secs
Epoch: 063, Inference Time: 1.9125 secs
Epoch: 063, Train Loss: 8.1264, Train RMSE: 17.2559, Train MAPE: 1.6564, Train WMAPE: 0.0454, 
Epoch: 063, Valid Loss: 12.0903, Valid RMSE: 42.5923, Valid MAPE: 5.3508, Valid WMAPE: 0.0694
No update
Iter: 000, Train Loss: 8.5497, Train RMSE: 18.0337, Train MAPE: 1.7103, Train WMAPE: 0.0475
Iter: 050, Train Loss: 8.8080, Train RMSE: 18.2352, Train MAPE: 0.8323, Train WMAPE: 0.0483
Epoch: 064, Training Time: 15.0805 secs
Epoch: 064, Inference Time: 1.9907 secs
Epoch: 064, Train Loss: 8.1229, Train RMSE: 17.2671, Train MAPE: 1.6227, Train WMAPE: 0.0454, 
Epoch: 064, Valid Loss: 11.8571, Valid RMSE: 42.4237, Valid MAPE: 4.9349, Valid WMAPE: 0.0681
###Update tasks appear###
Updating! Valid Loss: 11.857083559036255, epoch:  64
Iter: 000, Train Loss: 8.4290, Train RMSE: 18.2655, Train MAPE: 1.8244, Train WMAPE: 0.0468
Iter: 050, Train Loss: 9.0984, Train RMSE: 18.6573, Train MAPE: 0.9811, Train WMAPE: 0.0499
Epoch: 065, Training Time: 14.9670 secs
Epoch: 065, Inference Time: 2.0087 secs
Epoch: 065, Train Loss: 8.0603, Train RMSE: 17.0970, Train MAPE: 1.6669, Train WMAPE: 0.0451, 
Epoch: 065, Valid Loss: 11.6981, Valid RMSE: 42.4509, Valid MAPE: 4.6547, Valid WMAPE: 0.0672
###Update tasks appear###
Updating! Valid Loss: 11.698140246527535, epoch:  65
Iter: 000, Train Loss: 8.0788, Train RMSE: 17.4176, Train MAPE: 1.6694, Train WMAPE: 0.0449
Iter: 050, Train Loss: 9.7413, Train RMSE: 21.0707, Train MAPE: 0.8984, Train WMAPE: 0.0534
Epoch: 066, Training Time: 15.2594 secs
Epoch: 066, Inference Time: 1.9030 secs
Epoch: 066, Train Loss: 8.0427, Train RMSE: 17.0538, Train MAPE: 1.6600, Train WMAPE: 0.0450, 
Epoch: 066, Valid Loss: 11.7230, Valid RMSE: 42.3030, Valid MAPE: 3.5265, Valid WMAPE: 0.0673
No update
Iter: 000, Train Loss: 7.8791, Train RMSE: 16.8142, Train MAPE: 1.1500, Train WMAPE: 0.0437
Iter: 050, Train Loss: 8.4934, Train RMSE: 17.6979, Train MAPE: 0.9800, Train WMAPE: 0.0466
Epoch: 067, Training Time: 15.3597 secs
Epoch: 067, Inference Time: 2.0125 secs
Epoch: 067, Train Loss: 7.9509, Train RMSE: 16.8103, Train MAPE: 1.6230, Train WMAPE: 0.0445, 
Epoch: 067, Valid Loss: 12.0443, Valid RMSE: 42.5046, Valid MAPE: 4.8070, Valid WMAPE: 0.0692
No update
Iter: 000, Train Loss: 8.2893, Train RMSE: 17.1982, Train MAPE: 1.6867, Train WMAPE: 0.0460
Iter: 050, Train Loss: 8.4748, Train RMSE: 17.4763, Train MAPE: 0.9379, Train WMAPE: 0.0465
Epoch: 068, Training Time: 14.5979 secs
Epoch: 068, Inference Time: 1.9889 secs
Epoch: 068, Train Loss: 7.8930, Train RMSE: 16.6599, Train MAPE: 1.7052, Train WMAPE: 0.0441, 
Epoch: 068, Valid Loss: 11.5946, Valid RMSE: 42.3346, Valid MAPE: 3.4084, Valid WMAPE: 0.0666
###Update tasks appear###
Updating! Valid Loss: 11.594573906489781, epoch:  68
Iter: 000, Train Loss: 7.8207, Train RMSE: 16.5441, Train MAPE: 1.2074, Train WMAPE: 0.0434
Iter: 050, Train Loss: 8.2095, Train RMSE: 16.9177, Train MAPE: 1.5518, Train WMAPE: 0.0450
Epoch: 069, Training Time: 14.7770 secs
Epoch: 069, Inference Time: 1.9847 secs
Epoch: 069, Train Loss: 7.8776, Train RMSE: 16.6473, Train MAPE: 1.6595, Train WMAPE: 0.0441, 
Epoch: 069, Valid Loss: 11.9523, Valid RMSE: 42.5991, Valid MAPE: 4.6573, Valid WMAPE: 0.0686
No update
Iter: 000, Train Loss: 8.4157, Train RMSE: 17.3993, Train MAPE: 1.5976, Train WMAPE: 0.0467
Iter: 050, Train Loss: 8.3637, Train RMSE: 17.2908, Train MAPE: 1.0926, Train WMAPE: 0.0459
Epoch: 070, Training Time: 14.9997 secs
Epoch: 070, Inference Time: 1.9814 secs
Epoch: 070, Train Loss: 7.7883, Train RMSE: 16.5127, Train MAPE: 1.4696, Train WMAPE: 0.0436, 
Epoch: 070, Valid Loss: 11.4510, Valid RMSE: 42.2865, Valid MAPE: 3.5049, Valid WMAPE: 0.0658
###Update tasks appear###
Updating! Valid Loss: 11.451035227094378, epoch:  70
Iter: 000, Train Loss: 7.9126, Train RMSE: 16.7065, Train MAPE: 1.1742, Train WMAPE: 0.0439
Iter: 050, Train Loss: 8.7497, Train RMSE: 18.1912, Train MAPE: 1.3238, Train WMAPE: 0.0480
Epoch: 071, Training Time: 14.7831 secs
Epoch: 071, Inference Time: 1.9916 secs
Epoch: 071, Train Loss: 7.7504, Train RMSE: 16.4155, Train MAPE: 1.5730, Train WMAPE: 0.0433, 
Epoch: 071, Valid Loss: 11.6791, Valid RMSE: 42.2364, Valid MAPE: 4.2744, Valid WMAPE: 0.0671
No update
Iter: 000, Train Loss: 7.9407, Train RMSE: 16.9246, Train MAPE: 1.6697, Train WMAPE: 0.0441
Iter: 050, Train Loss: 8.5859, Train RMSE: 17.5634, Train MAPE: 0.9945, Train WMAPE: 0.0471
Epoch: 072, Training Time: 14.9557 secs
Epoch: 072, Inference Time: 2.1266 secs
Epoch: 072, Train Loss: 7.7203, Train RMSE: 16.3156, Train MAPE: 1.5831, Train WMAPE: 0.0432, 
Epoch: 072, Valid Loss: 11.5579, Valid RMSE: 42.0708, Valid MAPE: 4.7329, Valid WMAPE: 0.0664
No update
Iter: 000, Train Loss: 7.8615, Train RMSE: 16.5512, Train MAPE: 1.5129, Train WMAPE: 0.0436
Iter: 050, Train Loss: 8.3086, Train RMSE: 16.8420, Train MAPE: 1.3085, Train WMAPE: 0.0456
Epoch: 073, Training Time: 15.3930 secs
Epoch: 073, Inference Time: 1.9105 secs
Epoch: 073, Train Loss: 7.6461, Train RMSE: 16.1814, Train MAPE: 1.5270, Train WMAPE: 0.0428, 
Epoch: 073, Valid Loss: 11.9352, Valid RMSE: 42.1570, Valid MAPE: 6.7308, Valid WMAPE: 0.0685
No update
Iter: 000, Train Loss: 8.1920, Train RMSE: 16.7820, Train MAPE: 2.1921, Train WMAPE: 0.0455
Iter: 050, Train Loss: 7.9815, Train RMSE: 16.0987, Train MAPE: 0.9258, Train WMAPE: 0.0438
Epoch: 074, Training Time: 15.1685 secs
Epoch: 074, Inference Time: 1.9053 secs
Epoch: 074, Train Loss: 7.6186, Train RMSE: 16.0912, Train MAPE: 1.5510, Train WMAPE: 0.0426, 
Epoch: 074, Valid Loss: 11.4753, Valid RMSE: 42.0822, Valid MAPE: 3.3105, Valid WMAPE: 0.0659
No update
Iter: 000, Train Loss: 7.7109, Train RMSE: 16.4292, Train MAPE: 1.1729, Train WMAPE: 0.0428
Iter: 050, Train Loss: 8.1320, Train RMSE: 16.5412, Train MAPE: 0.7164, Train WMAPE: 0.0446
Epoch: 075, Training Time: 15.0206 secs
Epoch: 075, Inference Time: 2.0687 secs
Epoch: 075, Train Loss: 7.6225, Train RMSE: 16.1754, Train MAPE: 1.3615, Train WMAPE: 0.0426, 
Epoch: 075, Valid Loss: 11.2617, Valid RMSE: 42.0087, Valid MAPE: 3.1125, Valid WMAPE: 0.0647
###Update tasks appear###
Updating! Valid Loss: 11.261692217418126, epoch:  75
Iter: 000, Train Loss: 7.6861, Train RMSE: 16.2990, Train MAPE: 1.0597, Train WMAPE: 0.0427
Iter: 050, Train Loss: 8.2482, Train RMSE: 17.0037, Train MAPE: 0.8313, Train WMAPE: 0.0452
Epoch: 076, Training Time: 15.1713 secs
Epoch: 076, Inference Time: 1.9874 secs
Epoch: 076, Train Loss: 7.5331, Train RMSE: 16.0204, Train MAPE: 1.4226, Train WMAPE: 0.0421, 
Epoch: 076, Valid Loss: 11.9844, Valid RMSE: 42.6763, Valid MAPE: 4.0474, Valid WMAPE: 0.0688
No update
Iter: 000, Train Loss: 8.5674, Train RMSE: 18.2832, Train MAPE: 1.4731, Train WMAPE: 0.0476
Iter: 050, Train Loss: 8.2674, Train RMSE: 17.2522, Train MAPE: 0.8895, Train WMAPE: 0.0453
Epoch: 077, Training Time: 14.8893 secs
Epoch: 077, Inference Time: 2.0045 secs
Epoch: 077, Train Loss: 7.6428, Train RMSE: 16.2334, Train MAPE: 1.3309, Train WMAPE: 0.0427, 
Epoch: 077, Valid Loss: 11.9311, Valid RMSE: 42.5137, Valid MAPE: 3.6624, Valid WMAPE: 0.0685
No update
Iter: 000, Train Loss: 8.4600, Train RMSE: 18.0473, Train MAPE: 1.2292, Train WMAPE: 0.0470
Iter: 050, Train Loss: 7.9585, Train RMSE: 16.2712, Train MAPE: 0.9341, Train WMAPE: 0.0436
Epoch: 078, Training Time: 14.9816 secs
Epoch: 078, Inference Time: 1.9114 secs
Epoch: 078, Train Loss: 7.5911, Train RMSE: 16.0726, Train MAPE: 1.4366, Train WMAPE: 0.0425, 
Epoch: 078, Valid Loss: 11.1858, Valid RMSE: 41.6248, Valid MAPE: 3.1230, Valid WMAPE: 0.0642
###Update tasks appear###
Updating! Valid Loss: 11.185845954077584, epoch:  78
Iter: 000, Train Loss: 7.5895, Train RMSE: 16.2002, Train MAPE: 1.0699, Train WMAPE: 0.0421
Iter: 050, Train Loss: 8.6983, Train RMSE: 18.6831, Train MAPE: 0.9916, Train WMAPE: 0.0477
Epoch: 079, Training Time: 14.8613 secs
Epoch: 079, Inference Time: 1.9105 secs
Epoch: 079, Train Loss: 7.4734, Train RMSE: 15.9838, Train MAPE: 1.2734, Train WMAPE: 0.0418, 
Epoch: 079, Valid Loss: 11.6080, Valid RMSE: 42.0020, Valid MAPE: 3.3670, Valid WMAPE: 0.0667
No update
Iter: 000, Train Loss: 7.9276, Train RMSE: 16.2858, Train MAPE: 1.1676, Train WMAPE: 0.0440
Iter: 050, Train Loss: 7.9181, Train RMSE: 16.5601, Train MAPE: 1.0802, Train WMAPE: 0.0434
Epoch: 080, Training Time: 15.0760 secs
Epoch: 080, Inference Time: 1.7956 secs
Epoch: 080, Train Loss: 7.4025, Train RMSE: 15.7923, Train MAPE: 1.3025, Train WMAPE: 0.0414, 
Epoch: 080, Valid Loss: 11.2963, Valid RMSE: 41.5832, Valid MAPE: 3.2445, Valid WMAPE: 0.0649
No update
Iter: 000, Train Loss: 7.7921, Train RMSE: 16.1724, Train MAPE: 1.1500, Train WMAPE: 0.0433
Iter: 050, Train Loss: 7.7159, Train RMSE: 16.1055, Train MAPE: 0.8405, Train WMAPE: 0.0423
Epoch: 081, Training Time: 14.8938 secs
Epoch: 081, Inference Time: 2.0023 secs
Epoch: 081, Train Loss: 7.3462, Train RMSE: 15.6769, Train MAPE: 1.2820, Train WMAPE: 0.0411, 
Epoch: 081, Valid Loss: 11.2750, Valid RMSE: 41.7572, Valid MAPE: 4.1436, Valid WMAPE: 0.0647
No update
Iter: 000, Train Loss: 7.6802, Train RMSE: 15.7229, Train MAPE: 1.5013, Train WMAPE: 0.0426
Iter: 050, Train Loss: 8.8937, Train RMSE: 18.2922, Train MAPE: 1.4606, Train WMAPE: 0.0488
Epoch: 082, Training Time: 14.9776 secs
Epoch: 082, Inference Time: 1.9018 secs
Epoch: 082, Train Loss: 7.3404, Train RMSE: 15.6152, Train MAPE: 1.3624, Train WMAPE: 0.0411, 
Epoch: 082, Valid Loss: 11.9531, Valid RMSE: 41.6033, Valid MAPE: 5.8632, Valid WMAPE: 0.0686
No update
Iter: 000, Train Loss: 8.1086, Train RMSE: 15.9915, Train MAPE: 2.0605, Train WMAPE: 0.0450
Iter: 050, Train Loss: 7.8636, Train RMSE: 16.2078, Train MAPE: 0.9184, Train WMAPE: 0.0431
Epoch: 083, Training Time: 14.8190 secs
Epoch: 083, Inference Time: 1.8813 secs
Epoch: 083, Train Loss: 7.3584, Train RMSE: 15.4991, Train MAPE: 1.5174, Train WMAPE: 0.0412, 
Epoch: 083, Valid Loss: 11.1819, Valid RMSE: 41.6877, Valid MAPE: 4.6398, Valid WMAPE: 0.0642
###Update tasks appear###
Updating! Valid Loss: 11.181858267102923, epoch:  83
Iter: 000, Train Loss: 7.3213, Train RMSE: 15.1483, Train MAPE: 1.7310, Train WMAPE: 0.0406
Iter: 050, Train Loss: 7.3552, Train RMSE: 15.1420, Train MAPE: 0.6627, Train WMAPE: 0.0403
Epoch: 084, Training Time: 14.9615 secs
Epoch: 084, Inference Time: 1.9969 secs
Epoch: 084, Train Loss: 7.3005, Train RMSE: 15.4396, Train MAPE: 1.4631, Train WMAPE: 0.0408, 
Epoch: 084, Valid Loss: 11.0052, Valid RMSE: 41.4132, Valid MAPE: 3.4587, Valid WMAPE: 0.0632
###Update tasks appear###
Updating! Valid Loss: 11.005175420216151, epoch:  84
Iter: 000, Train Loss: 7.2366, Train RMSE: 15.3142, Train MAPE: 1.2285, Train WMAPE: 0.0402
Iter: 050, Train Loss: 7.9264, Train RMSE: 16.6858, Train MAPE: 0.9445, Train WMAPE: 0.0435
Epoch: 085, Training Time: 14.8932 secs
Epoch: 085, Inference Time: 2.0820 secs
Epoch: 085, Train Loss: 7.2517, Train RMSE: 15.3469, Train MAPE: 1.4844, Train WMAPE: 0.0406, 
Epoch: 085, Valid Loss: 11.7253, Valid RMSE: 41.4018, Valid MAPE: 7.9101, Valid WMAPE: 0.0673
No update
Iter: 000, Train Loss: 7.7690, Train RMSE: 15.2507, Train MAPE: 3.0010, Train WMAPE: 0.0431
Iter: 050, Train Loss: 7.2942, Train RMSE: 14.9766, Train MAPE: 0.9233, Train WMAPE: 0.0400
Epoch: 086, Training Time: 14.9735 secs
Epoch: 086, Inference Time: 1.9010 secs
Epoch: 086, Train Loss: 7.1879, Train RMSE: 15.1856, Train MAPE: 1.4772, Train WMAPE: 0.0402, 
Epoch: 086, Valid Loss: 10.9728, Valid RMSE: 41.4469, Valid MAPE: 3.6407, Valid WMAPE: 0.0630
###Update tasks appear###
Updating! Valid Loss: 10.972834587097168, epoch:  86
Iter: 000, Train Loss: 7.1987, Train RMSE: 15.1324, Train MAPE: 1.2478, Train WMAPE: 0.0400
Iter: 050, Train Loss: 7.3522, Train RMSE: 15.2922, Train MAPE: 1.1136, Train WMAPE: 0.0403
Epoch: 087, Training Time: 14.8679 secs
Epoch: 087, Inference Time: 2.0009 secs
Epoch: 087, Train Loss: 7.2404, Train RMSE: 15.3299, Train MAPE: 1.5421, Train WMAPE: 0.0405, 
Epoch: 087, Valid Loss: 11.0557, Valid RMSE: 41.5970, Valid MAPE: 3.0076, Valid WMAPE: 0.0635
No update
Iter: 000, Train Loss: 7.4732, Train RMSE: 15.7198, Train MAPE: 1.0013, Train WMAPE: 0.0415
Iter: 050, Train Loss: 7.4313, Train RMSE: 14.8630, Train MAPE: 1.7761, Train WMAPE: 0.0408
Epoch: 088, Training Time: 14.8857 secs
Epoch: 088, Inference Time: 1.9006 secs
Epoch: 088, Train Loss: 7.1947, Train RMSE: 15.1851, Train MAPE: 1.4724, Train WMAPE: 0.0402, 
Epoch: 088, Valid Loss: 11.1379, Valid RMSE: 41.7727, Valid MAPE: 3.2408, Valid WMAPE: 0.0640
No update
Iter: 000, Train Loss: 7.1870, Train RMSE: 15.0292, Train MAPE: 1.1997, Train WMAPE: 0.0399
Iter: 050, Train Loss: 7.6265, Train RMSE: 15.7351, Train MAPE: 0.8983, Train WMAPE: 0.0418
Epoch: 089, Training Time: 15.1846 secs
Epoch: 089, Inference Time: 2.0044 secs
Epoch: 089, Train Loss: 7.1855, Train RMSE: 15.3367, Train MAPE: 1.2139, Train WMAPE: 0.0402, 
Epoch: 089, Valid Loss: 11.1125, Valid RMSE: 41.6680, Valid MAPE: 2.9941, Valid WMAPE: 0.0638
No update
Iter: 000, Train Loss: 7.4674, Train RMSE: 15.5489, Train MAPE: 0.9866, Train WMAPE: 0.0415
Iter: 050, Train Loss: 7.5650, Train RMSE: 15.8609, Train MAPE: 0.9824, Train WMAPE: 0.0415
Epoch: 090, Training Time: 15.0471 secs
Epoch: 090, Inference Time: 1.8257 secs
Epoch: 090, Train Loss: 7.1592, Train RMSE: 15.2267, Train MAPE: 1.2295, Train WMAPE: 0.0400, 
Epoch: 090, Valid Loss: 11.0777, Valid RMSE: 41.2914, Valid MAPE: 3.4409, Valid WMAPE: 0.0636
No update
Iter: 000, Train Loss: 7.3833, Train RMSE: 15.6566, Train MAPE: 1.1280, Train WMAPE: 0.0410
Iter: 050, Train Loss: 7.2956, Train RMSE: 15.1332, Train MAPE: 0.8879, Train WMAPE: 0.0400
Epoch: 091, Training Time: 14.8971 secs
Epoch: 091, Inference Time: 1.9146 secs
Epoch: 091, Train Loss: 7.0733, Train RMSE: 15.0424, Train MAPE: 1.2948, Train WMAPE: 0.0396, 
Epoch: 091, Valid Loss: 11.1737, Valid RMSE: 41.6221, Valid MAPE: 4.7022, Valid WMAPE: 0.0642
No update
Iter: 000, Train Loss: 7.3542, Train RMSE: 14.6105, Train MAPE: 1.6342, Train WMAPE: 0.0408
Iter: 050, Train Loss: 7.3681, Train RMSE: 15.0846, Train MAPE: 1.1321, Train WMAPE: 0.0404
Epoch: 092, Training Time: 14.9709 secs
Epoch: 092, Inference Time: 1.9791 secs
Epoch: 092, Train Loss: 7.0572, Train RMSE: 14.8844, Train MAPE: 1.5182, Train WMAPE: 0.0395, 
Epoch: 092, Valid Loss: 11.1553, Valid RMSE: 41.3149, Valid MAPE: 5.3639, Valid WMAPE: 0.0640
No update
Iter: 000, Train Loss: 7.3704, Train RMSE: 15.0643, Train MAPE: 1.7339, Train WMAPE: 0.0409
Iter: 050, Train Loss: 7.3926, Train RMSE: 15.5666, Train MAPE: 0.8040, Train WMAPE: 0.0405
Epoch: 093, Training Time: 14.4975 secs
Epoch: 093, Inference Time: 1.9142 secs
Epoch: 093, Train Loss: 7.0611, Train RMSE: 14.9909, Train MAPE: 1.2528, Train WMAPE: 0.0395, 
Epoch: 093, Valid Loss: 11.0820, Valid RMSE: 41.4870, Valid MAPE: 2.7552, Valid WMAPE: 0.0636
No update
Iter: 000, Train Loss: 7.6296, Train RMSE: 16.4221, Train MAPE: 0.9639, Train WMAPE: 0.0424
Iter: 050, Train Loss: 7.1576, Train RMSE: 14.3902, Train MAPE: 1.0259, Train WMAPE: 0.0392
Epoch: 094, Training Time: 14.4694 secs
Epoch: 094, Inference Time: 1.8957 secs
Epoch: 094, Train Loss: 6.9927, Train RMSE: 14.9236, Train MAPE: 1.1594, Train WMAPE: 0.0391, 
Epoch: 094, Valid Loss: 11.2125, Valid RMSE: 41.7452, Valid MAPE: 4.0821, Valid WMAPE: 0.0644
No update
Iter: 000, Train Loss: 7.3646, Train RMSE: 15.1287, Train MAPE: 1.5255, Train WMAPE: 0.0409
Iter: 050, Train Loss: 7.4288, Train RMSE: 15.3699, Train MAPE: 0.8497, Train WMAPE: 0.0407
Epoch: 095, Training Time: 14.8990 secs
Epoch: 095, Inference Time: 2.1021 secs
Epoch: 095, Train Loss: 6.9988, Train RMSE: 14.9136, Train MAPE: 1.1844, Train WMAPE: 0.0391, 
Epoch: 095, Valid Loss: 11.0533, Valid RMSE: 41.9556, Valid MAPE: 3.1532, Valid WMAPE: 0.0635
No update
Iter: 000, Train Loss: 7.1957, Train RMSE: 14.9550, Train MAPE: 1.0987, Train WMAPE: 0.0399
Iter: 050, Train Loss: 8.0203, Train RMSE: 17.5772, Train MAPE: 0.9180, Train WMAPE: 0.0440
Epoch: 096, Training Time: 14.7886 secs
Epoch: 096, Inference Time: 1.8993 secs
Epoch: 096, Train Loss: 6.9962, Train RMSE: 14.9111, Train MAPE: 1.1805, Train WMAPE: 0.0391, 
Epoch: 096, Valid Loss: 10.9027, Valid RMSE: 41.6116, Valid MAPE: 2.8990, Valid WMAPE: 0.0626
###Update tasks appear###
Updating! Valid Loss: 10.90267024721418, epoch:  96
Iter: 000, Train Loss: 6.9163, Train RMSE: 14.6309, Train MAPE: 1.0521, Train WMAPE: 0.0384
Iter: 050, Train Loss: 7.0754, Train RMSE: 14.4119, Train MAPE: 0.9500, Train WMAPE: 0.0388
Epoch: 097, Training Time: 14.6678 secs
Epoch: 097, Inference Time: 1.8908 secs
Epoch: 097, Train Loss: 6.9470, Train RMSE: 14.8668, Train MAPE: 1.1259, Train WMAPE: 0.0389, 
Epoch: 097, Valid Loss: 11.1974, Valid RMSE: 41.4600, Valid MAPE: 3.2166, Valid WMAPE: 0.0643
No update
Iter: 000, Train Loss: 7.5524, Train RMSE: 16.0825, Train MAPE: 1.0240, Train WMAPE: 0.0419
Iter: 050, Train Loss: 7.1483, Train RMSE: 14.6728, Train MAPE: 0.8949, Train WMAPE: 0.0392
Epoch: 098, Training Time: 14.6924 secs
Epoch: 098, Inference Time: 1.8910 secs
Epoch: 098, Train Loss: 6.8834, Train RMSE: 14.6817, Train MAPE: 1.1662, Train WMAPE: 0.0385, 
Epoch: 098, Valid Loss: 11.1641, Valid RMSE: 41.7382, Valid MAPE: 3.6542, Valid WMAPE: 0.0641
No update
Iter: 000, Train Loss: 7.3171, Train RMSE: 15.4495, Train MAPE: 1.2222, Train WMAPE: 0.0406
Iter: 050, Train Loss: 6.8696, Train RMSE: 14.1397, Train MAPE: 0.9037, Train WMAPE: 0.0377
Epoch: 099, Training Time: 14.9997 secs
Epoch: 099, Inference Time: 1.9793 secs
Epoch: 099, Train Loss: 6.8621, Train RMSE: 14.6630, Train MAPE: 1.1723, Train WMAPE: 0.0384, 
Epoch: 099, Valid Loss: 10.8966, Valid RMSE: 41.3042, Valid MAPE: 3.8877, Valid WMAPE: 0.0626
###Update tasks appear###
Updating! Valid Loss: 10.896631717681885, epoch:  99
Iter: 000, Train Loss: 7.0732, Train RMSE: 14.7471, Train MAPE: 1.4382, Train WMAPE: 0.0393
Iter: 050, Train Loss: 7.6584, Train RMSE: 16.5618, Train MAPE: 0.8505, Train WMAPE: 0.0420
Epoch: 100, Training Time: 15.1479 secs
Epoch: 100, Inference Time: 1.8477 secs
Epoch: 100, Train Loss: 6.8315, Train RMSE: 14.5514, Train MAPE: 1.1590, Train WMAPE: 0.0382, 
Epoch: 100, Valid Loss: 10.8080, Valid RMSE: 41.1487, Valid MAPE: 2.9713, Valid WMAPE: 0.0621
###Update tasks appear###
Iter: 000, Train Loss: 7.0961, Train RMSE: 14.9384, Train MAPE: 1.1309, Train WMAPE: 0.0394
Iter: 050, Train Loss: 7.2900, Train RMSE: 15.4253, Train MAPE: 0.6318, Train WMAPE: 0.0400
Epoch: 101, Training Time: 14.7424 secs
Epoch: 101, Inference Time: 1.9730 secs
Epoch: 101, Train Loss: 6.8509, Train RMSE: 14.6622, Train MAPE: 1.1452, Train WMAPE: 0.0383, 
Epoch: 101, Valid Loss: 11.0098, Valid RMSE: 41.5066, Valid MAPE: 2.9724, Valid WMAPE: 0.0632
No update
Iter: 000, Train Loss: 6.9637, Train RMSE: 14.4373, Train MAPE: 1.0011, Train WMAPE: 0.0387
Iter: 050, Train Loss: 6.9777, Train RMSE: 14.5818, Train MAPE: 0.8492, Train WMAPE: 0.0383
Epoch: 102, Training Time: 14.7820 secs
Epoch: 102, Inference Time: 1.9054 secs
Epoch: 102, Train Loss: 6.8316, Train RMSE: 14.6073, Train MAPE: 1.1317, Train WMAPE: 0.0382, 
Epoch: 102, Valid Loss: 10.7474, Valid RMSE: 41.0111, Valid MAPE: 2.3629, Valid WMAPE: 0.0617
###Update tasks appear###
Evaluate best model on test data for horizon 1, Test MAE: 9.1646, Test RMSE: 61.0263, Test MAPE: 6.7179, Test WMAPE: 0.0532
Evaluate best model on test data for horizon 2, Test MAE: 10.1863, Test RMSE: 54.3536, Test MAPE: 11.3352, Test WMAPE: 0.0591
Evaluate best model on test data for horizon 3, Test MAE: 10.5692, Test RMSE: 44.0130, Test MAPE: 15.3740, Test WMAPE: 0.0614
Evaluate best model on test data for horizon 4, Test MAE: 12.1581, Test RMSE: 51.6755, Test MAPE: 18.1382, Test WMAPE: 0.0706
Evaluate best model on test data for horizon 5, Test MAE: 13.4538, Test RMSE: 56.8746, Test MAPE: 18.9172, Test WMAPE: 0.0782
Evaluate best model on test data for horizon 6, Test MAE: 13.6834, Test RMSE: 49.4068, Test MAPE: 21.6341, Test WMAPE: 0.0795
Evaluate best model on test data for horizon 7, Test MAE: 14.6161, Test RMSE: 52.7265, Test MAPE: 21.2990, Test WMAPE: 0.0850
Evaluate best model on test data for horizon 8, Test MAE: 15.4595, Test RMSE: 56.4747, Test MAPE: 21.9232, Test WMAPE: 0.0899
Evaluate best model on test data for horizon 9, Test MAE: 15.6471, Test RMSE: 53.2232, Test MAPE: 22.3172, Test WMAPE: 0.0910
Evaluate best model on test data for horizon 10, Test MAE: 15.7817, Test RMSE: 50.4527, Test MAPE: 22.7717, Test WMAPE: 0.0918
Evaluate best model on test data for horizon 11, Test MAE: 16.6229, Test RMSE: 57.3949, Test MAPE: 22.0411, Test WMAPE: 0.0967
Evaluate best model on test data for horizon 12, Test MAE: 16.7753, Test RMSE: 57.8060, Test MAPE: 21.0908, Test WMAPE: 0.0976
On average over 12 horizons, Test MAE: 13.6765, Test RMSE: 53.7857, Test MAPE: 18.6300, Test WMAPE: 0.0795
Test low! Updating! Test Loss: 13.676500956217447, Test low! Updating! Valid Loss: 10.747368948800224, epoch:  102
Iter: 000, Train Loss: 6.7507, Train RMSE: 14.2732, Train MAPE: 0.7369, Train WMAPE: 0.0375
Iter: 050, Train Loss: 6.9438, Train RMSE: 14.4106, Train MAPE: 0.6977, Train WMAPE: 0.0381
Epoch: 103, Training Time: 14.7677 secs
Epoch: 103, Inference Time: 2.0052 secs
Epoch: 103, Train Loss: 6.7685, Train RMSE: 14.4753, Train MAPE: 1.0930, Train WMAPE: 0.0379, 
Epoch: 103, Valid Loss: 10.8309, Valid RMSE: 40.9936, Valid MAPE: 3.3898, Valid WMAPE: 0.0622
No update
Iter: 000, Train Loss: 6.8141, Train RMSE: 14.2730, Train MAPE: 1.0849, Train WMAPE: 0.0378
Iter: 050, Train Loss: 6.9666, Train RMSE: 14.2895, Train MAPE: 1.0091, Train WMAPE: 0.0382
Epoch: 104, Training Time: 14.9787 secs
Epoch: 104, Inference Time: 2.0122 secs
Epoch: 104, Train Loss: 6.7568, Train RMSE: 14.4328, Train MAPE: 1.1823, Train WMAPE: 0.0378, 
Epoch: 104, Valid Loss: 10.7491, Valid RMSE: 41.3144, Valid MAPE: 2.9876, Valid WMAPE: 0.0617
No update
Iter: 000, Train Loss: 6.9576, Train RMSE: 14.4152, Train MAPE: 1.0568, Train WMAPE: 0.0386
Iter: 050, Train Loss: 6.8464, Train RMSE: 14.2131, Train MAPE: 0.7845, Train WMAPE: 0.0375
Epoch: 105, Training Time: 14.7740 secs
Epoch: 105, Inference Time: 1.9164 secs
Epoch: 105, Train Loss: 6.7563, Train RMSE: 14.4419, Train MAPE: 1.0527, Train WMAPE: 0.0378, 
Epoch: 105, Valid Loss: 10.7874, Valid RMSE: 41.3371, Valid MAPE: 3.1925, Valid WMAPE: 0.0619
No update
Iter: 000, Train Loss: 6.7353, Train RMSE: 14.2036, Train MAPE: 1.1146, Train WMAPE: 0.0374
Iter: 050, Train Loss: 7.1303, Train RMSE: 14.6275, Train MAPE: 0.8612, Train WMAPE: 0.0391
Epoch: 106, Training Time: 14.8719 secs
Epoch: 106, Inference Time: 2.0286 secs
Epoch: 106, Train Loss: 6.7162, Train RMSE: 14.3569, Train MAPE: 1.1206, Train WMAPE: 0.0376, 
Epoch: 106, Valid Loss: 10.9596, Valid RMSE: 41.6919, Valid MAPE: 4.0550, Valid WMAPE: 0.0629
No update
Iter: 000, Train Loss: 7.2308, Train RMSE: 14.9829, Train MAPE: 1.4314, Train WMAPE: 0.0401
Iter: 050, Train Loss: 6.7761, Train RMSE: 13.8316, Train MAPE: 0.8063, Train WMAPE: 0.0372
Epoch: 107, Training Time: 14.8946 secs
Epoch: 107, Inference Time: 1.9923 secs
Epoch: 107, Train Loss: 6.7234, Train RMSE: 14.1669, Train MAPE: 1.4703, Train WMAPE: 0.0376, 
Epoch: 107, Valid Loss: 10.7763, Valid RMSE: 41.3975, Valid MAPE: 2.6940, Valid WMAPE: 0.0619
No update
Iter: 000, Train Loss: 6.7247, Train RMSE: 13.9819, Train MAPE: 0.9322, Train WMAPE: 0.0373
Iter: 050, Train Loss: 7.2968, Train RMSE: 14.4557, Train MAPE: 1.6082, Train WMAPE: 0.0400
Epoch: 108, Training Time: 14.3890 secs
Epoch: 108, Inference Time: 1.9152 secs
Epoch: 108, Train Loss: 6.7611, Train RMSE: 14.2749, Train MAPE: 1.4351, Train WMAPE: 0.0378, 
Epoch: 108, Valid Loss: 10.9962, Valid RMSE: 40.9968, Valid MAPE: 5.5197, Valid WMAPE: 0.0631
No update
Iter: 000, Train Loss: 6.8616, Train RMSE: 14.0356, Train MAPE: 1.8111, Train WMAPE: 0.0381
Iter: 050, Train Loss: 6.9381, Train RMSE: 14.1914, Train MAPE: 1.0274, Train WMAPE: 0.0380
Epoch: 109, Training Time: 14.6683 secs
Epoch: 109, Inference Time: 1.9086 secs
Epoch: 109, Train Loss: 6.6907, Train RMSE: 14.1554, Train MAPE: 1.3981, Train WMAPE: 0.0374, 
Epoch: 109, Valid Loss: 10.7907, Valid RMSE: 41.3176, Valid MAPE: 3.8656, Valid WMAPE: 0.0620
No update
Iter: 000, Train Loss: 6.7053, Train RMSE: 14.0461, Train MAPE: 1.3481, Train WMAPE: 0.0372
Iter: 050, Train Loss: 6.6438, Train RMSE: 13.6539, Train MAPE: 0.9941, Train WMAPE: 0.0364
Epoch: 110, Training Time: 14.9765 secs
Epoch: 110, Inference Time: 1.9819 secs
Epoch: 110, Train Loss: 6.6364, Train RMSE: 14.0610, Train MAPE: 1.3859, Train WMAPE: 0.0371, 
Epoch: 110, Valid Loss: 10.7249, Valid RMSE: 41.4120, Valid MAPE: 2.9062, Valid WMAPE: 0.0616
###Update tasks appear###
Evaluate best model on test data for horizon 1, Test MAE: 9.1945, Test RMSE: 61.1307, Test MAPE: 6.6147, Test WMAPE: 0.0534
Evaluate best model on test data for horizon 2, Test MAE: 10.0846, Test RMSE: 54.3405, Test MAPE: 10.8124, Test WMAPE: 0.0586
Evaluate best model on test data for horizon 3, Test MAE: 10.4053, Test RMSE: 43.9766, Test MAPE: 14.9014, Test WMAPE: 0.0604
Evaluate best model on test data for horizon 4, Test MAE: 11.8852, Test RMSE: 51.8067, Test MAPE: 17.6906, Test WMAPE: 0.0691
Evaluate best model on test data for horizon 5, Test MAE: 13.1257, Test RMSE: 57.2159, Test MAPE: 18.2478, Test WMAPE: 0.0763
Evaluate best model on test data for horizon 6, Test MAE: 13.2916, Test RMSE: 49.4343, Test MAPE: 20.9969, Test WMAPE: 0.0773
Evaluate best model on test data for horizon 7, Test MAE: 14.1798, Test RMSE: 52.6400, Test MAPE: 21.0114, Test WMAPE: 0.0824
Evaluate best model on test data for horizon 8, Test MAE: 15.0608, Test RMSE: 56.4686, Test MAPE: 21.9000, Test WMAPE: 0.0876
Evaluate best model on test data for horizon 9, Test MAE: 15.1910, Test RMSE: 53.0330, Test MAPE: 22.1654, Test WMAPE: 0.0884
Evaluate best model on test data for horizon 10, Test MAE: 15.2972, Test RMSE: 50.1606, Test MAPE: 22.6893, Test WMAPE: 0.0890
Evaluate best model on test data for horizon 11, Test MAE: 16.1472, Test RMSE: 57.1368, Test MAPE: 22.0293, Test WMAPE: 0.0939
Evaluate best model on test data for horizon 12, Test MAE: 16.2712, Test RMSE: 57.7183, Test MAPE: 20.9971, Test WMAPE: 0.0947
On average over 12 horizons, Test MAE: 13.3445, Test RMSE: 53.7552, Test MAPE: 18.3380, Test WMAPE: 0.0776
Test low! Updating! Test Loss: 13.34451675415039, Test low! Updating! Valid Loss: 10.724878856113978, epoch:  110
Iter: 000, Train Loss: 6.7115, Train RMSE: 14.3087, Train MAPE: 0.9253, Train WMAPE: 0.0373
Iter: 050, Train Loss: 6.6044, Train RMSE: 13.4637, Train MAPE: 0.9702, Train WMAPE: 0.0362
Epoch: 111, Training Time: 15.1472 secs
Epoch: 111, Inference Time: 1.9036 secs
Epoch: 111, Train Loss: 6.6315, Train RMSE: 14.0879, Train MAPE: 1.3925, Train WMAPE: 0.0371, 
Epoch: 111, Valid Loss: 10.7242, Valid RMSE: 41.5032, Valid MAPE: 2.8792, Valid WMAPE: 0.0616
###Update tasks appear###
Evaluate best model on test data for horizon 1, Test MAE: 9.2006, Test RMSE: 61.1752, Test MAPE: 6.7136, Test WMAPE: 0.0534
Evaluate best model on test data for horizon 2, Test MAE: 10.1745, Test RMSE: 54.3520, Test MAPE: 11.0805, Test WMAPE: 0.0591
Evaluate best model on test data for horizon 3, Test MAE: 10.5271, Test RMSE: 44.0309, Test MAPE: 15.1787, Test WMAPE: 0.0611
Evaluate best model on test data for horizon 4, Test MAE: 12.0453, Test RMSE: 51.9707, Test MAPE: 17.8120, Test WMAPE: 0.0700
Evaluate best model on test data for horizon 5, Test MAE: 13.3915, Test RMSE: 57.4595, Test MAPE: 18.5879, Test WMAPE: 0.0778
Evaluate best model on test data for horizon 6, Test MAE: 13.6079, Test RMSE: 49.7310, Test MAPE: 21.2629, Test WMAPE: 0.0791
Evaluate best model on test data for horizon 7, Test MAE: 14.5833, Test RMSE: 53.1617, Test MAPE: 20.9579, Test WMAPE: 0.0848
Evaluate best model on test data for horizon 8, Test MAE: 15.5284, Test RMSE: 57.1621, Test MAPE: 21.6141, Test WMAPE: 0.0903
Evaluate best model on test data for horizon 9, Test MAE: 15.8016, Test RMSE: 53.8877, Test MAPE: 22.1996, Test WMAPE: 0.0919
Evaluate best model on test data for horizon 10, Test MAE: 15.9739, Test RMSE: 51.1934, Test MAPE: 22.5874, Test WMAPE: 0.0929
Evaluate best model on test data for horizon 11, Test MAE: 16.8758, Test RMSE: 58.2868, Test MAPE: 21.8534, Test WMAPE: 0.0982
Evaluate best model on test data for horizon 12, Test MAE: 17.0397, Test RMSE: 58.8906, Test MAPE: 21.0653, Test WMAPE: 0.0991
On average over 12 horizons, Test MAE: 13.7291, Test RMSE: 54.2751, Test MAPE: 18.4094, Test WMAPE: 0.0798
No update
Iter: 000, Train Loss: 6.7638, Train RMSE: 14.2032, Train MAPE: 0.9419, Train WMAPE: 0.0376
Iter: 050, Train Loss: 7.0902, Train RMSE: 14.3927, Train MAPE: 1.5446, Train WMAPE: 0.0389
Epoch: 112, Training Time: 14.4747 secs
Epoch: 112, Inference Time: 1.9067 secs
Epoch: 112, Train Loss: 6.6176, Train RMSE: 14.0276, Train MAPE: 1.3829, Train WMAPE: 0.0370, 
Epoch: 112, Valid Loss: 11.1433, Valid RMSE: 41.6741, Valid MAPE: 5.0391, Valid WMAPE: 0.0640
No update
Iter: 000, Train Loss: 7.1957, Train RMSE: 14.3206, Train MAPE: 1.8708, Train WMAPE: 0.0399
Iter: 050, Train Loss: 6.6964, Train RMSE: 13.7399, Train MAPE: 1.3768, Train WMAPE: 0.0367
Epoch: 113, Training Time: 14.6420 secs
Epoch: 113, Inference Time: 1.9156 secs
Epoch: 113, Train Loss: 6.6859, Train RMSE: 14.0976, Train MAPE: 1.4365, Train WMAPE: 0.0374, 
Epoch: 113, Valid Loss: 10.7617, Valid RMSE: 41.6610, Valid MAPE: 2.5510, Valid WMAPE: 0.0618
No update
Iter: 000, Train Loss: 6.7466, Train RMSE: 14.0196, Train MAPE: 0.8745, Train WMAPE: 0.0375
Iter: 050, Train Loss: 6.8214, Train RMSE: 13.6578, Train MAPE: 1.0878, Train WMAPE: 0.0374
Epoch: 114, Training Time: 14.2346 secs
Epoch: 114, Inference Time: 1.8530 secs
Epoch: 114, Train Loss: 6.6033, Train RMSE: 13.9785, Train MAPE: 1.3280, Train WMAPE: 0.0369, 
Epoch: 114, Valid Loss: 10.7473, Valid RMSE: 41.2596, Valid MAPE: 3.3338, Valid WMAPE: 0.0617
No update
Iter: 000, Train Loss: 6.5078, Train RMSE: 13.6851, Train MAPE: 1.1156, Train WMAPE: 0.0361
Iter: 050, Train Loss: 6.9033, Train RMSE: 13.7650, Train MAPE: 1.3401, Train WMAPE: 0.0379
Epoch: 115, Training Time: 14.8052 secs
Epoch: 115, Inference Time: 2.0009 secs
Epoch: 115, Train Loss: 6.5604, Train RMSE: 13.9300, Train MAPE: 1.2893, Train WMAPE: 0.0367, 
Epoch: 115, Valid Loss: 11.1006, Valid RMSE: 41.4107, Valid MAPE: 6.1098, Valid WMAPE: 0.0637
No update
Iter: 000, Train Loss: 6.8822, Train RMSE: 13.9563, Train MAPE: 2.1613, Train WMAPE: 0.0382
Iter: 050, Train Loss: 6.7108, Train RMSE: 13.7827, Train MAPE: 0.8666, Train WMAPE: 0.0368
Epoch: 116, Training Time: 14.8808 secs
Epoch: 116, Inference Time: 1.9053 secs
Epoch: 116, Train Loss: 6.6295, Train RMSE: 14.0431, Train MAPE: 1.3404, Train WMAPE: 0.0371, 
Epoch: 116, Valid Loss: 10.7064, Valid RMSE: 41.1361, Valid MAPE: 3.0341, Valid WMAPE: 0.0615
###Update tasks appear###
Evaluate best model on test data for horizon 1, Test MAE: 9.1773, Test RMSE: 61.1845, Test MAPE: 6.8417, Test WMAPE: 0.0533
Evaluate best model on test data for horizon 2, Test MAE: 10.1282, Test RMSE: 54.4785, Test MAPE: 11.4004, Test WMAPE: 0.0588
Evaluate best model on test data for horizon 3, Test MAE: 10.4921, Test RMSE: 43.7398, Test MAPE: 15.7065, Test WMAPE: 0.0609
Evaluate best model on test data for horizon 4, Test MAE: 12.0014, Test RMSE: 51.5452, Test MAPE: 18.1863, Test WMAPE: 0.0697
Evaluate best model on test data for horizon 5, Test MAE: 13.3481, Test RMSE: 57.1710, Test MAPE: 18.9066, Test WMAPE: 0.0776
Evaluate best model on test data for horizon 6, Test MAE: 13.4201, Test RMSE: 49.1684, Test MAPE: 21.2816, Test WMAPE: 0.0780
Evaluate best model on test data for horizon 7, Test MAE: 14.3342, Test RMSE: 52.5024, Test MAPE: 21.1455, Test WMAPE: 0.0833
Evaluate best model on test data for horizon 8, Test MAE: 15.1920, Test RMSE: 56.2244, Test MAPE: 21.8211, Test WMAPE: 0.0883
Evaluate best model on test data for horizon 9, Test MAE: 15.3818, Test RMSE: 52.8324, Test MAPE: 22.4364, Test WMAPE: 0.0895
Evaluate best model on test data for horizon 10, Test MAE: 15.3586, Test RMSE: 49.8339, Test MAPE: 22.5629, Test WMAPE: 0.0893
Evaluate best model on test data for horizon 11, Test MAE: 16.3165, Test RMSE: 57.1129, Test MAPE: 22.0323, Test WMAPE: 0.0949
Evaluate best model on test data for horizon 12, Test MAE: 16.5224, Test RMSE: 57.4958, Test MAPE: 21.2332, Test WMAPE: 0.0961
On average over 12 horizons, Test MAE: 13.4727, Test RMSE: 53.6074, Test MAPE: 18.6295, Test WMAPE: 0.0783
No update
Iter: 000, Train Loss: 6.5705, Train RMSE: 13.8440, Train MAPE: 1.0779, Train WMAPE: 0.0365
Iter: 050, Train Loss: 6.7396, Train RMSE: 13.7278, Train MAPE: 0.5435, Train WMAPE: 0.0370
Epoch: 117, Training Time: 14.3784 secs
Epoch: 117, Inference Time: 1.9985 secs
Epoch: 117, Train Loss: 6.6616, Train RMSE: 14.1661, Train MAPE: 1.2857, Train WMAPE: 0.0373, 
Epoch: 117, Valid Loss: 10.9039, Valid RMSE: 41.1505, Valid MAPE: 3.9506, Valid WMAPE: 0.0626
No update
Iter: 000, Train Loss: 6.7246, Train RMSE: 13.9567, Train MAPE: 1.3239, Train WMAPE: 0.0373
Iter: 050, Train Loss: 6.8573, Train RMSE: 14.1525, Train MAPE: 0.6671, Train WMAPE: 0.0376
Epoch: 118, Training Time: 14.3229 secs
Epoch: 118, Inference Time: 1.9487 secs
Epoch: 118, Train Loss: 6.6663, Train RMSE: 14.2391, Train MAPE: 1.0988, Train WMAPE: 0.0373, 
Epoch: 118, Valid Loss: 11.0566, Valid RMSE: 41.3707, Valid MAPE: 2.7263, Valid WMAPE: 0.0635
No update
Iter: 000, Train Loss: 7.1001, Train RMSE: 15.5596, Train MAPE: 0.9054, Train WMAPE: 0.0394
Iter: 050, Train Loss: 7.5350, Train RMSE: 16.5427, Train MAPE: 0.6869, Train WMAPE: 0.0413
Epoch: 119, Training Time: 14.6994 secs
Epoch: 119, Inference Time: 2.0001 secs
Epoch: 119, Train Loss: 6.6788, Train RMSE: 14.3670, Train MAPE: 1.0871, Train WMAPE: 0.0374, 
Epoch: 119, Valid Loss: 10.8570, Valid RMSE: 41.8750, Valid MAPE: 2.2893, Valid WMAPE: 0.0623
No update
Iter: 000, Train Loss: 6.7142, Train RMSE: 13.9611, Train MAPE: 0.8167, Train WMAPE: 0.0373
Iter: 050, Train Loss: 6.6536, Train RMSE: 13.5739, Train MAPE: 0.8054, Train WMAPE: 0.0365
Epoch: 120, Training Time: 14.7923 secs
Epoch: 120, Inference Time: 2.0067 secs
Epoch: 120, Train Loss: 6.5942, Train RMSE: 14.0577, Train MAPE: 1.0417, Train WMAPE: 0.0369, 
Epoch: 120, Valid Loss: 10.7400, Valid RMSE: 41.1514, Valid MAPE: 2.7508, Valid WMAPE: 0.0617
No update
Iter: 000, Train Loss: 6.7318, Train RMSE: 14.5087, Train MAPE: 0.9375, Train WMAPE: 0.0374
Iter: 050, Train Loss: 6.7136, Train RMSE: 13.6748, Train MAPE: 0.8474, Train WMAPE: 0.0368
Epoch: 121, Training Time: 14.6110 secs
Epoch: 121, Inference Time: 1.9606 secs
Epoch: 121, Train Loss: 6.6091, Train RMSE: 14.1948, Train MAPE: 1.0599, Train WMAPE: 0.0370, 
Epoch: 121, Valid Loss: 10.7295, Valid RMSE: 40.8686, Valid MAPE: 2.6964, Valid WMAPE: 0.0616
No update
Iter: 000, Train Loss: 6.7848, Train RMSE: 14.1305, Train MAPE: 0.7949, Train WMAPE: 0.0377
Iter: 050, Train Loss: 6.8462, Train RMSE: 14.5634, Train MAPE: 0.6392, Train WMAPE: 0.0375
Epoch: 122, Training Time: 14.8825 secs
Epoch: 122, Inference Time: 1.9092 secs
Epoch: 122, Train Loss: 6.5905, Train RMSE: 14.1837, Train MAPE: 1.0483, Train WMAPE: 0.0369, 
Epoch: 122, Valid Loss: 10.8507, Valid RMSE: 41.4151, Valid MAPE: 2.8508, Valid WMAPE: 0.0623
No update
Iter: 000, Train Loss: 7.1506, Train RMSE: 15.4187, Train MAPE: 0.9195, Train WMAPE: 0.0397
Iter: 050, Train Loss: 6.4906, Train RMSE: 13.2610, Train MAPE: 0.7642, Train WMAPE: 0.0356
Epoch: 123, Training Time: 14.9777 secs
Epoch: 123, Inference Time: 2.0879 secs
Epoch: 123, Train Loss: 6.4910, Train RMSE: 13.9427, Train MAPE: 0.9723, Train WMAPE: 0.0363, 
Epoch: 123, Valid Loss: 11.1473, Valid RMSE: 41.1637, Valid MAPE: 3.8725, Valid WMAPE: 0.0640
No update
Iter: 000, Train Loss: 6.8845, Train RMSE: 14.2062, Train MAPE: 1.2304, Train WMAPE: 0.0382
Iter: 050, Train Loss: 6.3923, Train RMSE: 13.0797, Train MAPE: 0.8397, Train WMAPE: 0.0351
Epoch: 124, Training Time: 14.7999 secs
Epoch: 124, Inference Time: 1.9910 secs
Epoch: 124, Train Loss: 6.4243, Train RMSE: 13.8053, Train MAPE: 1.0270, Train WMAPE: 0.0359, 
Epoch: 124, Valid Loss: 10.8257, Valid RMSE: 41.2791, Valid MAPE: 3.5145, Valid WMAPE: 0.0622
No update
Iter: 000, Train Loss: 6.6311, Train RMSE: 13.7052, Train MAPE: 1.1432, Train WMAPE: 0.0368
Iter: 050, Train Loss: 6.5220, Train RMSE: 13.2880, Train MAPE: 0.7242, Train WMAPE: 0.0358
Epoch: 125, Training Time: 14.3933 secs
Epoch: 125, Inference Time: 1.9979 secs
Epoch: 125, Train Loss: 6.4337, Train RMSE: 13.8001, Train MAPE: 0.9750, Train WMAPE: 0.0360, 
Epoch: 125, Valid Loss: 10.7430, Valid RMSE: 41.2625, Valid MAPE: 2.1459, Valid WMAPE: 0.0617
No update
Iter: 000, Train Loss: 6.5110, Train RMSE: 13.7204, Train MAPE: 0.7508, Train WMAPE: 0.0361
Iter: 050, Train Loss: 6.4385, Train RMSE: 13.1353, Train MAPE: 0.7104, Train WMAPE: 0.0353
Epoch: 126, Training Time: 14.6922 secs
Epoch: 126, Inference Time: 2.0052 secs
Epoch: 126, Train Loss: 6.4233, Train RMSE: 13.7892, Train MAPE: 1.0117, Train WMAPE: 0.0359, 
Epoch: 126, Valid Loss: 10.6738, Valid RMSE: 41.2555, Valid MAPE: 2.5051, Valid WMAPE: 0.0613
###Update tasks appear###
Evaluate best model on test data for horizon 1, Test MAE: 9.2648, Test RMSE: 61.6208, Test MAPE: 6.8828, Test WMAPE: 0.0538
Evaluate best model on test data for horizon 2, Test MAE: 10.1985, Test RMSE: 54.8267, Test MAPE: 11.2560, Test WMAPE: 0.0592
Evaluate best model on test data for horizon 3, Test MAE: 10.5002, Test RMSE: 43.7275, Test MAPE: 15.3151, Test WMAPE: 0.0610
Evaluate best model on test data for horizon 4, Test MAE: 12.1152, Test RMSE: 51.8413, Test MAPE: 18.0223, Test WMAPE: 0.0704
Evaluate best model on test data for horizon 5, Test MAE: 13.4811, Test RMSE: 57.6490, Test MAPE: 19.0150, Test WMAPE: 0.0783
Evaluate best model on test data for horizon 6, Test MAE: 13.5988, Test RMSE: 49.4216, Test MAPE: 21.3652, Test WMAPE: 0.0790
Evaluate best model on test data for horizon 7, Test MAE: 14.4934, Test RMSE: 52.5293, Test MAPE: 21.2328, Test WMAPE: 0.0843
Evaluate best model on test data for horizon 8, Test MAE: 15.3077, Test RMSE: 56.4608, Test MAPE: 21.8012, Test WMAPE: 0.0890
Evaluate best model on test data for horizon 9, Test MAE: 15.4024, Test RMSE: 53.1412, Test MAPE: 22.5413, Test WMAPE: 0.0896
Evaluate best model on test data for horizon 10, Test MAE: 15.4253, Test RMSE: 50.0678, Test MAPE: 22.5444, Test WMAPE: 0.0897
Evaluate best model on test data for horizon 11, Test MAE: 16.2397, Test RMSE: 57.4159, Test MAPE: 21.9283, Test WMAPE: 0.0945
Evaluate best model on test data for horizon 12, Test MAE: 16.3520, Test RMSE: 57.4077, Test MAPE: 21.3901, Test WMAPE: 0.0951
On average over 12 horizons, Test MAE: 13.5316, Test RMSE: 53.8425, Test MAPE: 18.6079, Test WMAPE: 0.0787
No update
Iter: 000, Train Loss: 6.4094, Train RMSE: 13.6025, Train MAPE: 0.8147, Train WMAPE: 0.0356
Iter: 050, Train Loss: 6.3942, Train RMSE: 13.1619, Train MAPE: 0.6553, Train WMAPE: 0.0351
Epoch: 127, Training Time: 14.9769 secs
Epoch: 127, Inference Time: 1.9018 secs
Epoch: 127, Train Loss: 6.4099, Train RMSE: 13.7633, Train MAPE: 1.0120, Train WMAPE: 0.0358, 
Epoch: 127, Valid Loss: 10.6782, Valid RMSE: 41.0293, Valid MAPE: 2.9101, Valid WMAPE: 0.0613
###Update tasks appear###
Evaluate best model on test data for horizon 1, Test MAE: 9.2674, Test RMSE: 61.1478, Test MAPE: 6.9234, Test WMAPE: 0.0538
Evaluate best model on test data for horizon 2, Test MAE: 10.3414, Test RMSE: 54.5172, Test MAPE: 11.4309, Test WMAPE: 0.0600
Evaluate best model on test data for horizon 3, Test MAE: 10.5929, Test RMSE: 43.4904, Test MAPE: 15.5598, Test WMAPE: 0.0615
Evaluate best model on test data for horizon 4, Test MAE: 12.1275, Test RMSE: 51.0197, Test MAPE: 18.2095, Test WMAPE: 0.0705
Evaluate best model on test data for horizon 5, Test MAE: 13.4106, Test RMSE: 57.0640, Test MAPE: 19.1474, Test WMAPE: 0.0779
Evaluate best model on test data for horizon 6, Test MAE: 13.5022, Test RMSE: 49.0042, Test MAPE: 21.3568, Test WMAPE: 0.0785
Evaluate best model on test data for horizon 7, Test MAE: 14.3687, Test RMSE: 52.0645, Test MAPE: 21.1722, Test WMAPE: 0.0835
Evaluate best model on test data for horizon 8, Test MAE: 15.1743, Test RMSE: 55.9809, Test MAPE: 21.6964, Test WMAPE: 0.0882
Evaluate best model on test data for horizon 9, Test MAE: 15.3776, Test RMSE: 52.7569, Test MAPE: 22.2081, Test WMAPE: 0.0894
Evaluate best model on test data for horizon 10, Test MAE: 15.4137, Test RMSE: 49.8622, Test MAPE: 22.3993, Test WMAPE: 0.0897
Evaluate best model on test data for horizon 11, Test MAE: 16.1731, Test RMSE: 57.2097, Test MAPE: 21.8092, Test WMAPE: 0.0941
Evaluate best model on test data for horizon 12, Test MAE: 16.3181, Test RMSE: 57.4502, Test MAPE: 21.1097, Test WMAPE: 0.0949
On average over 12 horizons, Test MAE: 13.5056, Test RMSE: 53.4640, Test MAPE: 18.5852, Test WMAPE: 0.0785
No update
Iter: 000, Train Loss: 6.5733, Train RMSE: 13.8559, Train MAPE: 0.9343, Train WMAPE: 0.0365
Iter: 050, Train Loss: 6.5072, Train RMSE: 13.4829, Train MAPE: 0.8682, Train WMAPE: 0.0357
Epoch: 128, Training Time: 15.0663 secs
Epoch: 128, Inference Time: 1.9934 secs
Epoch: 128, Train Loss: 6.3963, Train RMSE: 13.7559, Train MAPE: 0.9576, Train WMAPE: 0.0358, 
Epoch: 128, Valid Loss: 10.7008, Valid RMSE: 40.9524, Valid MAPE: 2.3922, Valid WMAPE: 0.0614
###Update tasks appear###
Evaluate best model on test data for horizon 1, Test MAE: 9.1942, Test RMSE: 60.8509, Test MAPE: 7.1147, Test WMAPE: 0.0534
Evaluate best model on test data for horizon 2, Test MAE: 10.0641, Test RMSE: 54.1512, Test MAPE: 11.4850, Test WMAPE: 0.0584
Evaluate best model on test data for horizon 3, Test MAE: 10.3598, Test RMSE: 43.4666, Test MAPE: 15.4910, Test WMAPE: 0.0602
Evaluate best model on test data for horizon 4, Test MAE: 11.8520, Test RMSE: 50.7863, Test MAPE: 18.0889, Test WMAPE: 0.0689
Evaluate best model on test data for horizon 5, Test MAE: 13.1147, Test RMSE: 56.6973, Test MAPE: 18.8997, Test WMAPE: 0.0762
Evaluate best model on test data for horizon 6, Test MAE: 13.2762, Test RMSE: 48.6725, Test MAPE: 21.1565, Test WMAPE: 0.0772
Evaluate best model on test data for horizon 7, Test MAE: 14.2095, Test RMSE: 51.6828, Test MAPE: 21.0988, Test WMAPE: 0.0826
Evaluate best model on test data for horizon 8, Test MAE: 15.0342, Test RMSE: 55.4750, Test MAPE: 21.6318, Test WMAPE: 0.0874
Evaluate best model on test data for horizon 9, Test MAE: 15.2630, Test RMSE: 52.5504, Test MAPE: 21.9462, Test WMAPE: 0.0888
Evaluate best model on test data for horizon 10, Test MAE: 15.3485, Test RMSE: 49.6798, Test MAPE: 21.9109, Test WMAPE: 0.0893
Evaluate best model on test data for horizon 11, Test MAE: 16.3116, Test RMSE: 57.2074, Test MAPE: 21.3514, Test WMAPE: 0.0949
Evaluate best model on test data for horizon 12, Test MAE: 16.5253, Test RMSE: 57.6459, Test MAPE: 20.4591, Test WMAPE: 0.0961
On average over 12 horizons, Test MAE: 13.3794, Test RMSE: 53.2388, Test MAPE: 18.3862, Test WMAPE: 0.0778
No update
Iter: 000, Train Loss: 6.7873, Train RMSE: 14.4269, Train MAPE: 0.6920, Train WMAPE: 0.0377
Iter: 050, Train Loss: 6.3981, Train RMSE: 13.2130, Train MAPE: 0.7159, Train WMAPE: 0.0351
Epoch: 129, Training Time: 14.3777 secs
Epoch: 129, Inference Time: 2.0008 secs
Epoch: 129, Train Loss: 6.3841, Train RMSE: 13.7256, Train MAPE: 0.9814, Train WMAPE: 0.0357, 
Epoch: 129, Valid Loss: 10.6520, Valid RMSE: 41.0839, Valid MAPE: 2.9243, Valid WMAPE: 0.0612
###Update tasks appear###
Evaluate best model on test data for horizon 1, Test MAE: 9.4222, Test RMSE: 61.2148, Test MAPE: 7.5534, Test WMAPE: 0.0547
Evaluate best model on test data for horizon 2, Test MAE: 10.1097, Test RMSE: 54.4774, Test MAPE: 11.8135, Test WMAPE: 0.0587
Evaluate best model on test data for horizon 3, Test MAE: 10.3947, Test RMSE: 43.5250, Test MAPE: 15.5831, Test WMAPE: 0.0604
Evaluate best model on test data for horizon 4, Test MAE: 11.9692, Test RMSE: 51.3161, Test MAPE: 18.1405, Test WMAPE: 0.0695
Evaluate best model on test data for horizon 5, Test MAE: 13.3700, Test RMSE: 57.2523, Test MAPE: 18.9381, Test WMAPE: 0.0777
Evaluate best model on test data for horizon 6, Test MAE: 13.4575, Test RMSE: 49.1974, Test MAPE: 21.4839, Test WMAPE: 0.0782
Evaluate best model on test data for horizon 7, Test MAE: 14.2675, Test RMSE: 52.0816, Test MAPE: 20.8947, Test WMAPE: 0.0830
Evaluate best model on test data for horizon 8, Test MAE: 15.2981, Test RMSE: 55.9693, Test MAPE: 22.3265, Test WMAPE: 0.0890
Evaluate best model on test data for horizon 9, Test MAE: 15.3207, Test RMSE: 52.7961, Test MAPE: 22.0119, Test WMAPE: 0.0891
Evaluate best model on test data for horizon 10, Test MAE: 15.4063, Test RMSE: 49.7616, Test MAPE: 22.1015, Test WMAPE: 0.0896
Evaluate best model on test data for horizon 11, Test MAE: 16.2433, Test RMSE: 57.3149, Test MAPE: 21.3159, Test WMAPE: 0.0945
Evaluate best model on test data for horizon 12, Test MAE: 16.3783, Test RMSE: 57.5523, Test MAPE: 20.4511, Test WMAPE: 0.0953
On average over 12 horizons, Test MAE: 13.4698, Test RMSE: 53.5382, Test MAPE: 18.5512, Test WMAPE: 0.0783
No update
Iter: 000, Train Loss: 6.5056, Train RMSE: 13.8077, Train MAPE: 0.9398, Train WMAPE: 0.0361
Iter: 050, Train Loss: 7.2661, Train RMSE: 15.6014, Train MAPE: 0.7329, Train WMAPE: 0.0398
Epoch: 130, Training Time: 14.4862 secs
Epoch: 130, Inference Time: 1.9005 secs
Epoch: 130, Train Loss: 6.4144, Train RMSE: 13.8831, Train MAPE: 0.9869, Train WMAPE: 0.0359, 
Epoch: 130, Valid Loss: 10.8920, Valid RMSE: 41.3315, Valid MAPE: 2.8062, Valid WMAPE: 0.0625
No update
Iter: 000, Train Loss: 7.1782, Train RMSE: 15.3150, Train MAPE: 0.8569, Train WMAPE: 0.0399
Iter: 050, Train Loss: 6.6834, Train RMSE: 13.7579, Train MAPE: 1.2098, Train WMAPE: 0.0366
Epoch: 131, Training Time: 14.9865 secs
Epoch: 131, Inference Time: 1.9893 secs
Epoch: 131, Train Loss: 6.4281, Train RMSE: 13.7825, Train MAPE: 1.1373, Train WMAPE: 0.0359, 
Epoch: 131, Valid Loss: 10.7572, Valid RMSE: 40.9853, Valid MAPE: 4.2762, Valid WMAPE: 0.0618
No update
Iter: 000, Train Loss: 6.4355, Train RMSE: 13.3991, Train MAPE: 1.4250, Train WMAPE: 0.0357
Iter: 050, Train Loss: 6.4408, Train RMSE: 13.5606, Train MAPE: 0.6986, Train WMAPE: 0.0353
Epoch: 132, Training Time: 14.6992 secs
Epoch: 132, Inference Time: 1.8859 secs
Epoch: 132, Train Loss: 6.3476, Train RMSE: 13.6618, Train MAPE: 1.0886, Train WMAPE: 0.0355, 
Epoch: 132, Valid Loss: 10.6111, Valid RMSE: 40.8514, Valid MAPE: 2.2908, Valid WMAPE: 0.0609
###Update tasks appear###
Evaluate best model on test data for horizon 1, Test MAE: 9.2577, Test RMSE: 61.3070, Test MAPE: 7.0716, Test WMAPE: 0.0537
Evaluate best model on test data for horizon 2, Test MAE: 10.1799, Test RMSE: 54.3194, Test MAPE: 11.6443, Test WMAPE: 0.0591
Evaluate best model on test data for horizon 3, Test MAE: 10.4839, Test RMSE: 43.4892, Test MAPE: 15.7721, Test WMAPE: 0.0609
Evaluate best model on test data for horizon 4, Test MAE: 12.0702, Test RMSE: 51.1640, Test MAPE: 18.5701, Test WMAPE: 0.0701
Evaluate best model on test data for horizon 5, Test MAE: 13.4379, Test RMSE: 57.2141, Test MAPE: 19.5697, Test WMAPE: 0.0781
Evaluate best model on test data for horizon 6, Test MAE: 13.5721, Test RMSE: 48.8480, Test MAPE: 21.7234, Test WMAPE: 0.0789
Evaluate best model on test data for horizon 7, Test MAE: 14.4370, Test RMSE: 52.1343, Test MAPE: 21.5391, Test WMAPE: 0.0839
Evaluate best model on test data for horizon 8, Test MAE: 15.2493, Test RMSE: 55.6370, Test MAPE: 22.2050, Test WMAPE: 0.0887
Evaluate best model on test data for horizon 9, Test MAE: 15.4185, Test RMSE: 52.4743, Test MAPE: 22.7275, Test WMAPE: 0.0897
Evaluate best model on test data for horizon 10, Test MAE: 15.4246, Test RMSE: 49.6708, Test MAPE: 22.7177, Test WMAPE: 0.0897
Evaluate best model on test data for horizon 11, Test MAE: 16.2610, Test RMSE: 57.0464, Test MAPE: 22.0665, Test WMAPE: 0.0946
Evaluate best model on test data for horizon 12, Test MAE: 16.3615, Test RMSE: 57.2228, Test MAPE: 21.2860, Test WMAPE: 0.0952
On average over 12 horizons, Test MAE: 13.5128, Test RMSE: 53.3773, Test MAPE: 18.9077, Test WMAPE: 0.0786
No update
Iter: 000, Train Loss: 6.2635, Train RMSE: 13.3962, Train MAPE: 0.6835, Train WMAPE: 0.0348
Iter: 050, Train Loss: 6.4543, Train RMSE: 12.9067, Train MAPE: 1.0098, Train WMAPE: 0.0354
Epoch: 133, Training Time: 14.7672 secs
Epoch: 133, Inference Time: 2.0871 secs
Epoch: 133, Train Loss: 6.3543, Train RMSE: 13.5123, Train MAPE: 1.2762, Train WMAPE: 0.0355, 
Epoch: 133, Valid Loss: 10.9077, Valid RMSE: 40.8637, Valid MAPE: 5.3898, Valid WMAPE: 0.0626
No update
Iter: 000, Train Loss: 6.6021, Train RMSE: 13.5792, Train MAPE: 1.9804, Train WMAPE: 0.0367
Iter: 050, Train Loss: 6.3685, Train RMSE: 12.9369, Train MAPE: 0.9159, Train WMAPE: 0.0349
Epoch: 134, Training Time: 14.7319 secs
Epoch: 134, Inference Time: 1.9649 secs
Epoch: 134, Train Loss: 6.3807, Train RMSE: 13.5434, Train MAPE: 1.2456, Train WMAPE: 0.0357, 
Epoch: 134, Valid Loss: 10.8677, Valid RMSE: 41.1341, Valid MAPE: 4.6448, Valid WMAPE: 0.0624
No update
Iter: 000, Train Loss: 6.8278, Train RMSE: 14.4220, Train MAPE: 1.6292, Train WMAPE: 0.0379
Iter: 050, Train Loss: 6.2410, Train RMSE: 12.9066, Train MAPE: 0.8529, Train WMAPE: 0.0342
Epoch: 135, Training Time: 15.0882 secs
Epoch: 135, Inference Time: 1.9865 secs
Epoch: 135, Train Loss: 6.3001, Train RMSE: 13.4139, Train MAPE: 1.3191, Train WMAPE: 0.0352, 
Epoch: 135, Valid Loss: 10.5929, Valid RMSE: 41.2139, Valid MAPE: 2.6522, Valid WMAPE: 0.0608
###Update tasks appear###
Evaluate best model on test data for horizon 1, Test MAE: 9.1304, Test RMSE: 61.4176, Test MAPE: 6.9162, Test WMAPE: 0.0530
Evaluate best model on test data for horizon 2, Test MAE: 10.0834, Test RMSE: 54.4492, Test MAPE: 11.1935, Test WMAPE: 0.0586
Evaluate best model on test data for horizon 3, Test MAE: 10.4270, Test RMSE: 43.7482, Test MAPE: 15.2255, Test WMAPE: 0.0606
Evaluate best model on test data for horizon 4, Test MAE: 11.9771, Test RMSE: 51.5991, Test MAPE: 17.9264, Test WMAPE: 0.0696
Evaluate best model on test data for horizon 5, Test MAE: 13.3420, Test RMSE: 57.5642, Test MAPE: 18.7106, Test WMAPE: 0.0775
Evaluate best model on test data for horizon 6, Test MAE: 13.4191, Test RMSE: 49.1232, Test MAPE: 20.7554, Test WMAPE: 0.0780
Evaluate best model on test data for horizon 7, Test MAE: 14.2748, Test RMSE: 52.4632, Test MAPE: 20.5113, Test WMAPE: 0.0830
Evaluate best model on test data for horizon 8, Test MAE: 15.0770, Test RMSE: 55.8751, Test MAPE: 21.1096, Test WMAPE: 0.0877
Evaluate best model on test data for horizon 9, Test MAE: 15.1710, Test RMSE: 52.5550, Test MAPE: 21.5959, Test WMAPE: 0.0882
Evaluate best model on test data for horizon 10, Test MAE: 15.2382, Test RMSE: 49.5922, Test MAPE: 21.8756, Test WMAPE: 0.0886
Evaluate best model on test data for horizon 11, Test MAE: 16.0553, Test RMSE: 57.1185, Test MAPE: 21.2997, Test WMAPE: 0.0934
Evaluate best model on test data for horizon 12, Test MAE: 16.1397, Test RMSE: 57.1116, Test MAPE: 20.6046, Test WMAPE: 0.0939
On average over 12 horizons, Test MAE: 13.3613, Test RMSE: 53.5514, Test MAPE: 18.1437, Test WMAPE: 0.0777
No update
Iter: 000, Train Loss: 6.2905, Train RMSE: 13.3589, Train MAPE: 0.7748, Train WMAPE: 0.0349
Iter: 050, Train Loss: 6.4387, Train RMSE: 13.0003, Train MAPE: 1.2842, Train WMAPE: 0.0353
Epoch: 136, Training Time: 14.8416 secs
Epoch: 136, Inference Time: 2.0257 secs
Epoch: 136, Train Loss: 6.3016, Train RMSE: 13.4395, Train MAPE: 1.2744, Train WMAPE: 0.0352, 
Epoch: 136, Valid Loss: 11.0012, Valid RMSE: 41.1186, Valid MAPE: 5.7391, Valid WMAPE: 0.0632
No update
Iter: 000, Train Loss: 6.9756, Train RMSE: 14.3414, Train MAPE: 2.0128, Train WMAPE: 0.0387
Iter: 050, Train Loss: 6.3360, Train RMSE: 12.9345, Train MAPE: 0.9266, Train WMAPE: 0.0347
Epoch: 137, Training Time: 14.7951 secs
Epoch: 137, Inference Time: 2.0777 secs
Epoch: 137, Train Loss: 6.3272, Train RMSE: 13.4583, Train MAPE: 1.2781, Train WMAPE: 0.0354, 
Epoch: 137, Valid Loss: 10.5599, Valid RMSE: 41.0622, Valid MAPE: 2.4493, Valid WMAPE: 0.0606
###Update tasks appear###
Evaluate best model on test data for horizon 1, Test MAE: 9.1147, Test RMSE: 61.2455, Test MAPE: 7.0110, Test WMAPE: 0.0529
Evaluate best model on test data for horizon 2, Test MAE: 10.0776, Test RMSE: 54.4197, Test MAPE: 11.3818, Test WMAPE: 0.0585
Evaluate best model on test data for horizon 3, Test MAE: 10.3821, Test RMSE: 43.6202, Test MAPE: 15.5198, Test WMAPE: 0.0603
Evaluate best model on test data for horizon 4, Test MAE: 11.9435, Test RMSE: 51.3673, Test MAPE: 18.2132, Test WMAPE: 0.0694
Evaluate best model on test data for horizon 5, Test MAE: 13.2376, Test RMSE: 57.2970, Test MAPE: 19.0774, Test WMAPE: 0.0769
Evaluate best model on test data for horizon 6, Test MAE: 13.3049, Test RMSE: 48.8291, Test MAPE: 21.0866, Test WMAPE: 0.0773
Evaluate best model on test data for horizon 7, Test MAE: 14.1458, Test RMSE: 52.1131, Test MAPE: 20.8154, Test WMAPE: 0.0822
Evaluate best model on test data for horizon 8, Test MAE: 14.9286, Test RMSE: 55.5082, Test MAPE: 21.4189, Test WMAPE: 0.0868
Evaluate best model on test data for horizon 9, Test MAE: 15.0162, Test RMSE: 52.1186, Test MAPE: 21.7782, Test WMAPE: 0.0873
Evaluate best model on test data for horizon 10, Test MAE: 15.0570, Test RMSE: 49.2902, Test MAPE: 21.9792, Test WMAPE: 0.0876
Evaluate best model on test data for horizon 11, Test MAE: 15.8608, Test RMSE: 56.8187, Test MAPE: 21.3688, Test WMAPE: 0.0923
Evaluate best model on test data for horizon 12, Test MAE: 15.9334, Test RMSE: 56.6440, Test MAPE: 20.6347, Test WMAPE: 0.0927
On average over 12 horizons, Test MAE: 13.2502, Test RMSE: 53.2726, Test MAPE: 18.3571, Test WMAPE: 0.0770
Test low! Updating! Test Loss: 13.250178734461466, Test low! Updating! Valid Loss: 10.559895583561488, epoch:  137
Iter: 000, Train Loss: 6.2887, Train RMSE: 13.2216, Train MAPE: 0.7929, Train WMAPE: 0.0349
Iter: 050, Train Loss: 6.3764, Train RMSE: 13.0155, Train MAPE: 0.6643, Train WMAPE: 0.0350
Epoch: 138, Training Time: 15.2150 secs
Epoch: 138, Inference Time: 1.9290 secs
Epoch: 138, Train Loss: 6.2827, Train RMSE: 13.3993, Train MAPE: 1.2530, Train WMAPE: 0.0351, 
Epoch: 138, Valid Loss: 10.6486, Valid RMSE: 40.8734, Valid MAPE: 3.1699, Valid WMAPE: 0.0611
No update
Iter: 000, Train Loss: 6.2608, Train RMSE: 13.1991, Train MAPE: 1.0201, Train WMAPE: 0.0348
Iter: 050, Train Loss: 6.2563, Train RMSE: 12.7366, Train MAPE: 0.5722, Train WMAPE: 0.0343
Epoch: 139, Training Time: 14.9968 secs
Epoch: 139, Inference Time: 1.9099 secs
Epoch: 139, Train Loss: 6.2737, Train RMSE: 13.4493, Train MAPE: 0.9660, Train WMAPE: 0.0351, 
Epoch: 139, Valid Loss: 10.7462, Valid RMSE: 40.9127, Valid MAPE: 2.6849, Valid WMAPE: 0.0617
No update
Iter: 000, Train Loss: 6.4078, Train RMSE: 13.4769, Train MAPE: 0.8527, Train WMAPE: 0.0356
Iter: 050, Train Loss: 6.3224, Train RMSE: 12.8281, Train MAPE: 0.7576, Train WMAPE: 0.0347
Epoch: 140, Training Time: 14.9739 secs
Epoch: 140, Inference Time: 1.8908 secs
Epoch: 140, Train Loss: 6.2938, Train RMSE: 13.4386, Train MAPE: 1.1768, Train WMAPE: 0.0352, 
Epoch: 140, Valid Loss: 10.6400, Valid RMSE: 40.9628, Valid MAPE: 2.8540, Valid WMAPE: 0.0611
No update
Iter: 000, Train Loss: 6.3849, Train RMSE: 13.5280, Train MAPE: 0.9729, Train WMAPE: 0.0354
Iter: 050, Train Loss: 6.3070, Train RMSE: 12.9441, Train MAPE: 0.9843, Train WMAPE: 0.0346
Epoch: 141, Training Time: 14.8904 secs
Epoch: 141, Inference Time: 2.0019 secs
Epoch: 141, Train Loss: 6.2815, Train RMSE: 13.3839, Train MAPE: 1.2610, Train WMAPE: 0.0351, 
Epoch: 141, Valid Loss: 10.6228, Valid RMSE: 41.2224, Valid MAPE: 3.0886, Valid WMAPE: 0.0610
No update
Iter: 000, Train Loss: 6.3432, Train RMSE: 13.4621, Train MAPE: 1.0327, Train WMAPE: 0.0352
Iter: 050, Train Loss: 6.4336, Train RMSE: 13.2530, Train MAPE: 1.0925, Train WMAPE: 0.0353
Epoch: 142, Training Time: 15.1832 secs
Epoch: 142, Inference Time: 2.0021 secs
Epoch: 142, Train Loss: 6.2949, Train RMSE: 13.3964, Train MAPE: 1.3082, Train WMAPE: 0.0352, 
Epoch: 142, Valid Loss: 10.5623, Valid RMSE: 41.2059, Valid MAPE: 2.1596, Valid WMAPE: 0.0607
No update
Iter: 000, Train Loss: 6.3426, Train RMSE: 13.4015, Train MAPE: 0.7106, Train WMAPE: 0.0352
Iter: 050, Train Loss: 6.4341, Train RMSE: 12.9349, Train MAPE: 1.0959, Train WMAPE: 0.0353
Epoch: 143, Training Time: 14.8414 secs
Epoch: 143, Inference Time: 1.9507 secs
Epoch: 143, Train Loss: 6.2576, Train RMSE: 13.3632, Train MAPE: 1.1868, Train WMAPE: 0.0350, 
Epoch: 143, Valid Loss: 10.6620, Valid RMSE: 41.4756, Valid MAPE: 2.1565, Valid WMAPE: 0.0612
No update
Iter: 000, Train Loss: 6.2874, Train RMSE: 13.3755, Train MAPE: 0.6955, Train WMAPE: 0.0349
Iter: 050, Train Loss: 6.3877, Train RMSE: 12.8343, Train MAPE: 0.5643, Train WMAPE: 0.0350
Epoch: 144, Training Time: 14.7740 secs
Epoch: 144, Inference Time: 1.9849 secs
Epoch: 144, Train Loss: 6.2742, Train RMSE: 13.4470, Train MAPE: 0.9881, Train WMAPE: 0.0351, 
Epoch: 144, Valid Loss: 10.5857, Valid RMSE: 41.2182, Valid MAPE: 2.2592, Valid WMAPE: 0.0608
No update
Iter: 000, Train Loss: 6.1696, Train RMSE: 13.0973, Train MAPE: 0.6432, Train WMAPE: 0.0343
Iter: 050, Train Loss: 6.2592, Train RMSE: 12.7992, Train MAPE: 0.6347, Train WMAPE: 0.0343
Epoch: 145, Training Time: 14.8011 secs
Epoch: 145, Inference Time: 1.9923 secs
Epoch: 145, Train Loss: 6.2904, Train RMSE: 13.5162, Train MAPE: 1.0160, Train WMAPE: 0.0352, 
Epoch: 145, Valid Loss: 10.6461, Valid RMSE: 40.8039, Valid MAPE: 2.9672, Valid WMAPE: 0.0611
No update
Iter: 000, Train Loss: 6.3596, Train RMSE: 13.4549, Train MAPE: 0.8659, Train WMAPE: 0.0353
Iter: 050, Train Loss: 6.2406, Train RMSE: 12.8680, Train MAPE: 0.5730, Train WMAPE: 0.0342
Epoch: 146, Training Time: 14.6899 secs
Epoch: 146, Inference Time: 1.9018 secs
Epoch: 146, Train Loss: 6.3775, Train RMSE: 13.7335, Train MAPE: 0.9455, Train WMAPE: 0.0357, 
Epoch: 146, Valid Loss: 10.8743, Valid RMSE: 41.1607, Valid MAPE: 3.2332, Valid WMAPE: 0.0624
No update
Iter: 000, Train Loss: 6.8559, Train RMSE: 14.0885, Train MAPE: 1.0725, Train WMAPE: 0.0381
Iter: 050, Train Loss: 6.1732, Train RMSE: 12.8443, Train MAPE: 0.5855, Train WMAPE: 0.0339
Epoch: 147, Training Time: 14.8923 secs
Epoch: 147, Inference Time: 1.9874 secs
Epoch: 147, Train Loss: 6.2590, Train RMSE: 13.5069, Train MAPE: 0.9415, Train WMAPE: 0.0350, 
Epoch: 147, Valid Loss: 10.9195, Valid RMSE: 41.3752, Valid MAPE: 2.5360, Valid WMAPE: 0.0627
No update
Iter: 000, Train Loss: 6.7616, Train RMSE: 14.3031, Train MAPE: 0.7302, Train WMAPE: 0.0375
Iter: 050, Train Loss: 6.3644, Train RMSE: 12.8850, Train MAPE: 0.7987, Train WMAPE: 0.0349
Epoch: 148, Training Time: 15.1914 secs
Epoch: 148, Inference Time: 1.9103 secs
Epoch: 148, Train Loss: 6.2510, Train RMSE: 13.4691, Train MAPE: 1.0158, Train WMAPE: 0.0350, 
Epoch: 148, Valid Loss: 10.7480, Valid RMSE: 40.8966, Valid MAPE: 3.0870, Valid WMAPE: 0.0617
No update
Iter: 000, Train Loss: 6.4941, Train RMSE: 13.4585, Train MAPE: 0.9522, Train WMAPE: 0.0361
Iter: 050, Train Loss: 6.1895, Train RMSE: 12.6005, Train MAPE: 0.7229, Train WMAPE: 0.0339
Epoch: 149, Training Time: 14.7751 secs
Epoch: 149, Inference Time: 1.9862 secs
Epoch: 149, Train Loss: 6.2133, Train RMSE: 13.4060, Train MAPE: 0.9702, Train WMAPE: 0.0347, 
Epoch: 149, Valid Loss: 10.6653, Valid RMSE: 41.3466, Valid MAPE: 2.2885, Valid WMAPE: 0.0612
No update
Iter: 000, Train Loss: 6.3265, Train RMSE: 13.4157, Train MAPE: 0.7102, Train WMAPE: 0.0351
Iter: 050, Train Loss: 6.2455, Train RMSE: 12.7991, Train MAPE: 0.6109, Train WMAPE: 0.0342
Epoch: 150, Training Time: 14.9016 secs
Epoch: 150, Inference Time: 2.0937 secs
Epoch: 150, Train Loss: 6.1948, Train RMSE: 13.3219, Train MAPE: 0.9369, Train WMAPE: 0.0346, 
Epoch: 150, Valid Loss: 10.6586, Valid RMSE: 40.9750, Valid MAPE: 2.4652, Valid WMAPE: 0.0612
No update
Iter: 000, Train Loss: 6.2512, Train RMSE: 13.3225, Train MAPE: 0.8268, Train WMAPE: 0.0347
Iter: 050, Train Loss: 6.1592, Train RMSE: 12.7475, Train MAPE: 0.5956, Train WMAPE: 0.0338
Epoch: 151, Training Time: 14.7797 secs
Epoch: 151, Inference Time: 2.0042 secs
Epoch: 151, Train Loss: 6.1576, Train RMSE: 13.2459, Train MAPE: 0.9420, Train WMAPE: 0.0344, 
Epoch: 151, Valid Loss: 10.6100, Valid RMSE: 40.9510, Valid MAPE: 2.2848, Valid WMAPE: 0.0609
No update
Iter: 000, Train Loss: 6.1579, Train RMSE: 13.2615, Train MAPE: 0.6856, Train WMAPE: 0.0342
Iter: 050, Train Loss: 6.0879, Train RMSE: 12.4901, Train MAPE: 0.5734, Train WMAPE: 0.0334
Epoch: 152, Training Time: 15.1263 secs
Epoch: 152, Inference Time: 1.8671 secs
Epoch: 152, Train Loss: 6.1996, Train RMSE: 13.3772, Train MAPE: 0.9399, Train WMAPE: 0.0347, 
Epoch: 152, Valid Loss: 10.6591, Valid RMSE: 41.0118, Valid MAPE: 2.7446, Valid WMAPE: 0.0612
No update
Iter: 000, Train Loss: 6.1771, Train RMSE: 13.2710, Train MAPE: 0.7621, Train WMAPE: 0.0343
Iter: 050, Train Loss: 6.1646, Train RMSE: 12.6602, Train MAPE: 0.6633, Train WMAPE: 0.0338
Epoch: 153, Training Time: 14.7752 secs
Epoch: 153, Inference Time: 1.9036 secs
Epoch: 153, Train Loss: 6.1693, Train RMSE: 13.3356, Train MAPE: 0.9343, Train WMAPE: 0.0345, 
Epoch: 153, Valid Loss: 10.6232, Valid RMSE: 40.5575, Valid MAPE: 3.0407, Valid WMAPE: 0.0610
No update
Iter: 000, Train Loss: 6.4064, Train RMSE: 13.5159, Train MAPE: 1.0265, Train WMAPE: 0.0356
Iter: 050, Train Loss: 6.2093, Train RMSE: 12.8556, Train MAPE: 0.6202, Train WMAPE: 0.0340
Epoch: 154, Training Time: 14.8307 secs
Epoch: 154, Inference Time: 1.9584 secs
Epoch: 154, Train Loss: 6.1660, Train RMSE: 13.2839, Train MAPE: 0.9892, Train WMAPE: 0.0345, 
Epoch: 154, Valid Loss: 10.6193, Valid RMSE: 40.6329, Valid MAPE: 2.7954, Valid WMAPE: 0.0610
No update
Iter: 000, Train Loss: 6.1933, Train RMSE: 13.0991, Train MAPE: 0.9121, Train WMAPE: 0.0344
Iter: 050, Train Loss: 6.2569, Train RMSE: 12.7726, Train MAPE: 0.6827, Train WMAPE: 0.0343
Epoch: 155, Training Time: 15.1726 secs
Epoch: 155, Inference Time: 1.9883 secs
Epoch: 155, Train Loss: 6.1358, Train RMSE: 13.2244, Train MAPE: 0.9633, Train WMAPE: 0.0343, 
Epoch: 155, Valid Loss: 10.5688, Valid RMSE: 40.8371, Valid MAPE: 2.4210, Valid WMAPE: 0.0607
No update
Iter: 000, Train Loss: 6.2343, Train RMSE: 13.4248, Train MAPE: 0.6631, Train WMAPE: 0.0346
Iter: 050, Train Loss: 6.3186, Train RMSE: 12.9685, Train MAPE: 0.7589, Train WMAPE: 0.0346
Epoch: 156, Training Time: 14.7963 secs
Epoch: 156, Inference Time: 1.9060 secs
Epoch: 156, Train Loss: 6.2325, Train RMSE: 13.4972, Train MAPE: 0.9295, Train WMAPE: 0.0349, 
Epoch: 156, Valid Loss: 10.5555, Valid RMSE: 40.6854, Valid MAPE: 2.4534, Valid WMAPE: 0.0606
###Update tasks appear###
Evaluate best model on test data for horizon 1, Test MAE: 9.0832, Test RMSE: 61.0167, Test MAPE: 7.3902, Test WMAPE: 0.0527
Evaluate best model on test data for horizon 2, Test MAE: 10.0123, Test RMSE: 53.8623, Test MAPE: 11.9272, Test WMAPE: 0.0581
Evaluate best model on test data for horizon 3, Test MAE: 10.3132, Test RMSE: 43.0482, Test MAPE: 15.6049, Test WMAPE: 0.0599
Evaluate best model on test data for horizon 4, Test MAE: 11.9427, Test RMSE: 50.6119, Test MAPE: 18.4617, Test WMAPE: 0.0694
Evaluate best model on test data for horizon 5, Test MAE: 13.2016, Test RMSE: 56.3387, Test MAPE: 19.6255, Test WMAPE: 0.0767
Evaluate best model on test data for horizon 6, Test MAE: 13.3615, Test RMSE: 48.0158, Test MAPE: 20.7732, Test WMAPE: 0.0777
Evaluate best model on test data for horizon 7, Test MAE: 14.2077, Test RMSE: 51.5055, Test MAPE: 20.8371, Test WMAPE: 0.0826
Evaluate best model on test data for horizon 8, Test MAE: 14.9823, Test RMSE: 54.7469, Test MAPE: 21.6288, Test WMAPE: 0.0871
Evaluate best model on test data for horizon 9, Test MAE: 15.1145, Test RMSE: 51.6194, Test MAPE: 22.1279, Test WMAPE: 0.0879
Evaluate best model on test data for horizon 10, Test MAE: 15.1703, Test RMSE: 49.2487, Test MAPE: 22.0817, Test WMAPE: 0.0882
Evaluate best model on test data for horizon 11, Test MAE: 15.9400, Test RMSE: 56.3938, Test MAPE: 21.3265, Test WMAPE: 0.0927
Evaluate best model on test data for horizon 12, Test MAE: 16.0364, Test RMSE: 56.3874, Test MAPE: 20.8280, Test WMAPE: 0.0933
On average over 12 horizons, Test MAE: 13.2805, Test RMSE: 52.7329, Test MAPE: 18.5511, Test WMAPE: 0.0772
No update
Iter: 000, Train Loss: 6.1229, Train RMSE: 13.0006, Train MAPE: 0.7471, Train WMAPE: 0.0340
Iter: 050, Train Loss: 6.1447, Train RMSE: 12.7017, Train MAPE: 0.6570, Train WMAPE: 0.0337
Epoch: 157, Training Time: 14.8880 secs
Epoch: 157, Inference Time: 1.8815 secs
Epoch: 157, Train Loss: 6.1234, Train RMSE: 13.2190, Train MAPE: 0.9399, Train WMAPE: 0.0342, 
Epoch: 157, Valid Loss: 10.6932, Valid RMSE: 41.3114, Valid MAPE: 3.2353, Valid WMAPE: 0.0614
No update
Iter: 000, Train Loss: 6.6806, Train RMSE: 14.6965, Train MAPE: 1.0822, Train WMAPE: 0.0371
Iter: 050, Train Loss: 6.1340, Train RMSE: 12.6123, Train MAPE: 0.4949, Train WMAPE: 0.0336
Epoch: 158, Training Time: 14.7484 secs
Epoch: 158, Inference Time: 1.8541 secs
Epoch: 158, Train Loss: 6.1061, Train RMSE: 13.1930, Train MAPE: 0.9090, Train WMAPE: 0.0341, 
Epoch: 158, Valid Loss: 10.7862, Valid RMSE: 40.8974, Valid MAPE: 2.8542, Valid WMAPE: 0.0619
No update
Iter: 000, Train Loss: 6.3231, Train RMSE: 13.2056, Train MAPE: 0.8664, Train WMAPE: 0.0351
Iter: 050, Train Loss: 5.9402, Train RMSE: 12.3450, Train MAPE: 0.4550, Train WMAPE: 0.0326
Epoch: 159, Training Time: 14.7756 secs
Epoch: 159, Inference Time: 1.9094 secs
Epoch: 159, Train Loss: 6.0969, Train RMSE: 13.1420, Train MAPE: 0.9203, Train WMAPE: 0.0341, 
Epoch: 159, Valid Loss: 10.5138, Valid RMSE: 40.9653, Valid MAPE: 2.3204, Valid WMAPE: 0.0604
###Update tasks appear###
Evaluate best model on test data for horizon 1, Test MAE: 9.1342, Test RMSE: 60.9008, Test MAPE: 7.4436, Test WMAPE: 0.0530
Evaluate best model on test data for horizon 2, Test MAE: 10.0644, Test RMSE: 53.8965, Test MAPE: 11.8497, Test WMAPE: 0.0584
Evaluate best model on test data for horizon 3, Test MAE: 10.3595, Test RMSE: 43.1169, Test MAPE: 15.6986, Test WMAPE: 0.0602
Evaluate best model on test data for horizon 4, Test MAE: 11.9133, Test RMSE: 50.9428, Test MAPE: 18.6205, Test WMAPE: 0.0692
Evaluate best model on test data for horizon 5, Test MAE: 13.1742, Test RMSE: 56.5341, Test MAPE: 19.2537, Test WMAPE: 0.0766
Evaluate best model on test data for horizon 6, Test MAE: 13.3959, Test RMSE: 48.3898, Test MAPE: 21.4644, Test WMAPE: 0.0779
Evaluate best model on test data for horizon 7, Test MAE: 14.1621, Test RMSE: 51.8832, Test MAPE: 20.7657, Test WMAPE: 0.0823
Evaluate best model on test data for horizon 8, Test MAE: 14.9709, Test RMSE: 55.0566, Test MAPE: 21.3722, Test WMAPE: 0.0871
Evaluate best model on test data for horizon 9, Test MAE: 15.0750, Test RMSE: 51.9275, Test MAPE: 21.6681, Test WMAPE: 0.0877
Evaluate best model on test data for horizon 10, Test MAE: 15.1345, Test RMSE: 49.6397, Test MAPE: 21.6289, Test WMAPE: 0.0880
Evaluate best model on test data for horizon 11, Test MAE: 15.9673, Test RMSE: 56.9849, Test MAPE: 21.3131, Test WMAPE: 0.0929
Evaluate best model on test data for horizon 12, Test MAE: 15.9863, Test RMSE: 56.7397, Test MAPE: 20.6178, Test WMAPE: 0.0930
On average over 12 horizons, Test MAE: 13.2781, Test RMSE: 53.0010, Test MAPE: 18.4747, Test WMAPE: 0.0772
No update
Iter: 000, Train Loss: 6.2875, Train RMSE: 13.3123, Train MAPE: 0.7274, Train WMAPE: 0.0349
Iter: 050, Train Loss: 6.2797, Train RMSE: 12.8730, Train MAPE: 0.5513, Train WMAPE: 0.0344
Epoch: 160, Training Time: 15.1649 secs
Epoch: 160, Inference Time: 1.9995 secs
Epoch: 160, Train Loss: 6.1865, Train RMSE: 13.2961, Train MAPE: 0.9582, Train WMAPE: 0.0346, 
Epoch: 160, Valid Loss: 10.6799, Valid RMSE: 40.8214, Valid MAPE: 4.0957, Valid WMAPE: 0.0613
No update
Iter: 000, Train Loss: 6.3023, Train RMSE: 13.0295, Train MAPE: 1.3908, Train WMAPE: 0.0350
Iter: 050, Train Loss: 6.1385, Train RMSE: 12.3086, Train MAPE: 0.8692, Train WMAPE: 0.0337
Epoch: 161, Training Time: 15.0883 secs
Epoch: 161, Inference Time: 1.9790 secs
Epoch: 161, Train Loss: 6.1021, Train RMSE: 12.9947, Train MAPE: 1.2805, Train WMAPE: 0.0341, 
Epoch: 161, Valid Loss: 10.6330, Valid RMSE: 41.0154, Valid MAPE: 3.6655, Valid WMAPE: 0.0611
No update
Iter: 000, Train Loss: 6.2123, Train RMSE: 13.0946, Train MAPE: 1.2350, Train WMAPE: 0.0345
Iter: 050, Train Loss: 6.1430, Train RMSE: 12.3677, Train MAPE: 1.0080, Train WMAPE: 0.0337
Epoch: 162, Training Time: 14.8992 secs
Epoch: 162, Inference Time: 1.9850 secs
Epoch: 162, Train Loss: 6.0479, Train RMSE: 12.9524, Train MAPE: 1.1567, Train WMAPE: 0.0338, 
Epoch: 162, Valid Loss: 10.7292, Valid RMSE: 40.8386, Valid MAPE: 4.3982, Valid WMAPE: 0.0616
No update
Iter: 000, Train Loss: 6.2500, Train RMSE: 13.0471, Train MAPE: 1.3905, Train WMAPE: 0.0347
Iter: 050, Train Loss: 6.0347, Train RMSE: 12.3446, Train MAPE: 0.8475, Train WMAPE: 0.0331
Epoch: 163, Training Time: 14.9940 secs
Epoch: 163, Inference Time: 1.9919 secs
Epoch: 163, Train Loss: 6.0410, Train RMSE: 12.9335, Train MAPE: 1.0847, Train WMAPE: 0.0338, 
Epoch: 163, Valid Loss: 10.7645, Valid RMSE: 40.9671, Valid MAPE: 2.5609, Valid WMAPE: 0.0618
No update
Iter: 000, Train Loss: 6.4158, Train RMSE: 13.4245, Train MAPE: 0.6820, Train WMAPE: 0.0356
Iter: 050, Train Loss: 5.9781, Train RMSE: 12.3295, Train MAPE: 0.6077, Train WMAPE: 0.0328
Epoch: 164, Training Time: 14.7448 secs
Epoch: 164, Inference Time: 1.9395 secs
Epoch: 164, Train Loss: 6.0834, Train RMSE: 13.1178, Train MAPE: 0.8633, Train WMAPE: 0.0340, 
Epoch: 164, Valid Loss: 10.5245, Valid RMSE: 40.8810, Valid MAPE: 2.3373, Valid WMAPE: 0.0604
###Update tasks appear###
Evaluate best model on test data for horizon 1, Test MAE: 9.1562, Test RMSE: 60.9043, Test MAPE: 7.2682, Test WMAPE: 0.0532
Evaluate best model on test data for horizon 2, Test MAE: 10.1220, Test RMSE: 53.6980, Test MAPE: 11.4514, Test WMAPE: 0.0588
Evaluate best model on test data for horizon 3, Test MAE: 10.4022, Test RMSE: 42.6554, Test MAPE: 15.3005, Test WMAPE: 0.0604
Evaluate best model on test data for horizon 4, Test MAE: 12.0213, Test RMSE: 50.8663, Test MAPE: 18.3580, Test WMAPE: 0.0698
Evaluate best model on test data for horizon 5, Test MAE: 13.2970, Test RMSE: 56.4931, Test MAPE: 19.5528, Test WMAPE: 0.0773
Evaluate best model on test data for horizon 6, Test MAE: 13.3552, Test RMSE: 48.0049, Test MAPE: 20.6225, Test WMAPE: 0.0776
Evaluate best model on test data for horizon 7, Test MAE: 14.2852, Test RMSE: 52.0186, Test MAPE: 20.7545, Test WMAPE: 0.0831
Evaluate best model on test data for horizon 8, Test MAE: 15.0276, Test RMSE: 54.9720, Test MAPE: 21.2893, Test WMAPE: 0.0874
Evaluate best model on test data for horizon 9, Test MAE: 15.0887, Test RMSE: 51.6738, Test MAPE: 21.3670, Test WMAPE: 0.0878
Evaluate best model on test data for horizon 10, Test MAE: 15.1720, Test RMSE: 49.4136, Test MAPE: 21.5507, Test WMAPE: 0.0883
Evaluate best model on test data for horizon 11, Test MAE: 15.9571, Test RMSE: 56.6024, Test MAPE: 21.1061, Test WMAPE: 0.0928
Evaluate best model on test data for horizon 12, Test MAE: 15.9629, Test RMSE: 56.1981, Test MAPE: 20.3789, Test WMAPE: 0.0929
On average over 12 horizons, Test MAE: 13.3206, Test RMSE: 52.7917, Test MAPE: 18.2500, Test WMAPE: 0.0774
No update
Iter: 000, Train Loss: 6.1546, Train RMSE: 13.1865, Train MAPE: 0.6543, Train WMAPE: 0.0342
Iter: 050, Train Loss: 5.9584, Train RMSE: 12.2634, Train MAPE: 0.6259, Train WMAPE: 0.0327
Epoch: 165, Training Time: 14.6977 secs
Epoch: 165, Inference Time: 1.8680 secs
Epoch: 165, Train Loss: 6.0220, Train RMSE: 12.9843, Train MAPE: 0.9271, Train WMAPE: 0.0337, 
Epoch: 165, Valid Loss: 10.8195, Valid RMSE: 41.2812, Valid MAPE: 2.6401, Valid WMAPE: 0.0621
No update
Iter: 000, Train Loss: 6.3260, Train RMSE: 13.2174, Train MAPE: 0.7890, Train WMAPE: 0.0351
Iter: 050, Train Loss: 6.3480, Train RMSE: 13.2721, Train MAPE: 0.5691, Train WMAPE: 0.0348
Epoch: 166, Training Time: 14.7095 secs
Epoch: 166, Inference Time: 1.9787 secs
Epoch: 166, Train Loss: 6.0895, Train RMSE: 13.1440, Train MAPE: 0.8957, Train WMAPE: 0.0341, 
Epoch: 166, Valid Loss: 10.5487, Valid RMSE: 40.9561, Valid MAPE: 2.4281, Valid WMAPE: 0.0606
###Update tasks appear###
Evaluate best model on test data for horizon 1, Test MAE: 9.1291, Test RMSE: 61.0304, Test MAPE: 7.5047, Test WMAPE: 0.0530
Evaluate best model on test data for horizon 2, Test MAE: 10.0624, Test RMSE: 53.7842, Test MAPE: 11.6046, Test WMAPE: 0.0584
Evaluate best model on test data for horizon 3, Test MAE: 10.3548, Test RMSE: 42.8091, Test MAPE: 15.4533, Test WMAPE: 0.0601
Evaluate best model on test data for horizon 4, Test MAE: 11.9986, Test RMSE: 51.0180, Test MAPE: 18.2932, Test WMAPE: 0.0697
Evaluate best model on test data for horizon 5, Test MAE: 13.2777, Test RMSE: 56.8584, Test MAPE: 19.4292, Test WMAPE: 0.0772
Evaluate best model on test data for horizon 6, Test MAE: 13.3286, Test RMSE: 48.2483, Test MAPE: 20.1374, Test WMAPE: 0.0775
Evaluate best model on test data for horizon 7, Test MAE: 14.3310, Test RMSE: 52.0623, Test MAPE: 20.5073, Test WMAPE: 0.0833
Evaluate best model on test data for horizon 8, Test MAE: 15.0336, Test RMSE: 55.1798, Test MAPE: 20.4121, Test WMAPE: 0.0874
Evaluate best model on test data for horizon 9, Test MAE: 15.1040, Test RMSE: 51.6979, Test MAPE: 20.6363, Test WMAPE: 0.0878
Evaluate best model on test data for horizon 10, Test MAE: 15.2220, Test RMSE: 49.3959, Test MAPE: 20.3967, Test WMAPE: 0.0885
Evaluate best model on test data for horizon 11, Test MAE: 16.0741, Test RMSE: 56.8394, Test MAPE: 20.4819, Test WMAPE: 0.0935
Evaluate best model on test data for horizon 12, Test MAE: 16.0154, Test RMSE: 56.1190, Test MAPE: 19.3233, Test WMAPE: 0.0932
On average over 12 horizons, Test MAE: 13.3276, Test RMSE: 52.9202, Test MAPE: 17.8483, Test WMAPE: 0.0775
No update
Iter: 000, Train Loss: 6.0457, Train RMSE: 12.8141, Train MAPE: 0.7372, Train WMAPE: 0.0336
Iter: 050, Train Loss: 6.0654, Train RMSE: 12.4858, Train MAPE: 0.6221, Train WMAPE: 0.0333
Epoch: 167, Training Time: 14.7628 secs
Epoch: 167, Inference Time: 1.8975 secs
Epoch: 167, Train Loss: 6.0584, Train RMSE: 13.0768, Train MAPE: 0.8894, Train WMAPE: 0.0339, 
Epoch: 167, Valid Loss: 10.5232, Valid RMSE: 40.6634, Valid MAPE: 2.6241, Valid WMAPE: 0.0604
###Update tasks appear###
Evaluate best model on test data for horizon 1, Test MAE: 9.0381, Test RMSE: 60.6558, Test MAPE: 7.5101, Test WMAPE: 0.0525
Evaluate best model on test data for horizon 2, Test MAE: 9.9669, Test RMSE: 53.4019, Test MAPE: 11.6832, Test WMAPE: 0.0579
Evaluate best model on test data for horizon 3, Test MAE: 10.2634, Test RMSE: 42.4807, Test MAPE: 15.5688, Test WMAPE: 0.0596
Evaluate best model on test data for horizon 4, Test MAE: 11.9079, Test RMSE: 50.7715, Test MAPE: 18.6030, Test WMAPE: 0.0692
Evaluate best model on test data for horizon 5, Test MAE: 13.1296, Test RMSE: 56.3025, Test MAPE: 19.2689, Test WMAPE: 0.0763
Evaluate best model on test data for horizon 6, Test MAE: 13.2170, Test RMSE: 47.7372, Test MAPE: 20.6257, Test WMAPE: 0.0768
Evaluate best model on test data for horizon 7, Test MAE: 14.1831, Test RMSE: 51.8250, Test MAPE: 20.6896, Test WMAPE: 0.0825
Evaluate best model on test data for horizon 8, Test MAE: 14.9339, Test RMSE: 54.6962, Test MAPE: 21.2206, Test WMAPE: 0.0868
Evaluate best model on test data for horizon 9, Test MAE: 14.9979, Test RMSE: 51.0900, Test MAPE: 21.4942, Test WMAPE: 0.0872
Evaluate best model on test data for horizon 10, Test MAE: 15.1013, Test RMSE: 49.1378, Test MAPE: 21.6931, Test WMAPE: 0.0878
Evaluate best model on test data for horizon 11, Test MAE: 15.8981, Test RMSE: 56.5490, Test MAPE: 21.1493, Test WMAPE: 0.0925
Evaluate best model on test data for horizon 12, Test MAE: 15.9368, Test RMSE: 55.8711, Test MAPE: 20.5618, Test WMAPE: 0.0927
On average over 12 horizons, Test MAE: 13.2145, Test RMSE: 52.5432, Test MAPE: 18.3390, Test WMAPE: 0.0768
Test low! Updating! Test Loss: 13.2144984404246, Test low! Updating! Valid Loss: 10.523198570523943, epoch:  167
Iter: 000, Train Loss: 6.1730, Train RMSE: 13.0480, Train MAPE: 0.8111, Train WMAPE: 0.0343
Iter: 050, Train Loss: 6.2790, Train RMSE: 13.1590, Train MAPE: 0.6759, Train WMAPE: 0.0344
Epoch: 168, Training Time: 15.0402 secs
Epoch: 168, Inference Time: 1.9899 secs
Epoch: 168, Train Loss: 6.0531, Train RMSE: 13.0901, Train MAPE: 0.8816, Train WMAPE: 0.0338, 
Epoch: 168, Valid Loss: 10.5392, Valid RMSE: 40.8270, Valid MAPE: 2.5120, Valid WMAPE: 0.0605
No update
Iter: 000, Train Loss: 6.1143, Train RMSE: 13.0111, Train MAPE: 0.7601, Train WMAPE: 0.0339
Iter: 050, Train Loss: 6.0407, Train RMSE: 12.5122, Train MAPE: 0.5740, Train WMAPE: 0.0331
Epoch: 169, Training Time: 14.7579 secs
Epoch: 169, Inference Time: 1.9422 secs
Epoch: 169, Train Loss: 6.0458, Train RMSE: 13.0600, Train MAPE: 0.9257, Train WMAPE: 0.0338, 
Epoch: 169, Valid Loss: 11.0060, Valid RMSE: 41.6597, Valid MAPE: 2.5833, Valid WMAPE: 0.0632
No update
Iter: 000, Train Loss: 7.4150, Train RMSE: 18.0491, Train MAPE: 0.7813, Train WMAPE: 0.0412
Iter: 050, Train Loss: 5.9437, Train RMSE: 12.1609, Train MAPE: 0.5435, Train WMAPE: 0.0326
Epoch: 170, Training Time: 14.7756 secs
Epoch: 170, Inference Time: 2.0039 secs
Epoch: 170, Train Loss: 6.0375, Train RMSE: 13.0299, Train MAPE: 0.8988, Train WMAPE: 0.0338, 
Epoch: 170, Valid Loss: 10.6759, Valid RMSE: 40.9207, Valid MAPE: 3.0366, Valid WMAPE: 0.0613
No update
Iter: 000, Train Loss: 6.1850, Train RMSE: 12.8152, Train MAPE: 0.9503, Train WMAPE: 0.0343
Iter: 050, Train Loss: 5.9531, Train RMSE: 12.3305, Train MAPE: 0.4894, Train WMAPE: 0.0326
Epoch: 171, Training Time: 14.7465 secs
Epoch: 171, Inference Time: 1.9408 secs
Epoch: 171, Train Loss: 6.0229, Train RMSE: 13.0173, Train MAPE: 0.9127, Train WMAPE: 0.0337, 
Epoch: 171, Valid Loss: 10.5432, Valid RMSE: 41.0036, Valid MAPE: 2.8400, Valid WMAPE: 0.0605
No update
Iter: 000, Train Loss: 6.1955, Train RMSE: 13.0782, Train MAPE: 0.8791, Train WMAPE: 0.0344
Iter: 050, Train Loss: 6.9821, Train RMSE: 15.2401, Train MAPE: 0.9383, Train WMAPE: 0.0383
Epoch: 172, Training Time: 15.1719 secs
Epoch: 172, Inference Time: 2.0113 secs
Epoch: 172, Train Loss: 6.1328, Train RMSE: 13.2790, Train MAPE: 0.8914, Train WMAPE: 0.0343, 
Epoch: 172, Valid Loss: 10.7417, Valid RMSE: 40.9414, Valid MAPE: 3.0721, Valid WMAPE: 0.0617
No update
Iter: 000, Train Loss: 6.3442, Train RMSE: 13.2291, Train MAPE: 0.9641, Train WMAPE: 0.0352
Iter: 050, Train Loss: 6.0253, Train RMSE: 12.3507, Train MAPE: 0.6525, Train WMAPE: 0.0330
Epoch: 173, Training Time: 14.9735 secs
Epoch: 173, Inference Time: 2.0020 secs
Epoch: 173, Train Loss: 5.9883, Train RMSE: 12.9114, Train MAPE: 0.9162, Train WMAPE: 0.0335, 
Epoch: 173, Valid Loss: 10.5657, Valid RMSE: 40.6451, Valid MAPE: 2.4382, Valid WMAPE: 0.0607
No update
Iter: 000, Train Loss: 6.0918, Train RMSE: 12.9701, Train MAPE: 0.7529, Train WMAPE: 0.0338
Iter: 050, Train Loss: 5.9473, Train RMSE: 12.2440, Train MAPE: 0.5935, Train WMAPE: 0.0326
Epoch: 174, Training Time: 14.8822 secs
Epoch: 174, Inference Time: 2.0897 secs
Epoch: 174, Train Loss: 5.9661, Train RMSE: 12.8988, Train MAPE: 0.8625, Train WMAPE: 0.0334, 
Epoch: 174, Valid Loss: 10.4873, Valid RMSE: 40.6262, Valid MAPE: 2.1525, Valid WMAPE: 0.0602
###Update tasks appear###
Evaluate best model on test data for horizon 1, Test MAE: 9.0500, Test RMSE: 60.9438, Test MAPE: 7.4341, Test WMAPE: 0.0525
Evaluate best model on test data for horizon 2, Test MAE: 9.9682, Test RMSE: 53.5296, Test MAPE: 11.6435, Test WMAPE: 0.0579
Evaluate best model on test data for horizon 3, Test MAE: 10.2601, Test RMSE: 42.5471, Test MAPE: 15.3179, Test WMAPE: 0.0596
Evaluate best model on test data for horizon 4, Test MAE: 11.8392, Test RMSE: 50.6335, Test MAPE: 18.0664, Test WMAPE: 0.0688
Evaluate best model on test data for horizon 5, Test MAE: 13.1063, Test RMSE: 56.2894, Test MAPE: 19.2855, Test WMAPE: 0.0762
Evaluate best model on test data for horizon 6, Test MAE: 13.1929, Test RMSE: 47.8712, Test MAPE: 20.4268, Test WMAPE: 0.0767
Evaluate best model on test data for horizon 7, Test MAE: 14.0852, Test RMSE: 51.4127, Test MAPE: 20.4688, Test WMAPE: 0.0819
Evaluate best model on test data for horizon 8, Test MAE: 14.9029, Test RMSE: 54.5213, Test MAPE: 21.4607, Test WMAPE: 0.0867
Evaluate best model on test data for horizon 9, Test MAE: 14.9226, Test RMSE: 50.9700, Test MAPE: 21.5540, Test WMAPE: 0.0868
Evaluate best model on test data for horizon 10, Test MAE: 14.9465, Test RMSE: 48.7948, Test MAPE: 21.2065, Test WMAPE: 0.0869
Evaluate best model on test data for horizon 11, Test MAE: 15.7714, Test RMSE: 56.0629, Test MAPE: 21.0983, Test WMAPE: 0.0917
Evaluate best model on test data for horizon 12, Test MAE: 15.8143, Test RMSE: 55.5099, Test MAPE: 20.7708, Test WMAPE: 0.0920
On average over 12 horizons, Test MAE: 13.1550, Test RMSE: 52.4239, Test MAPE: 18.2278, Test WMAPE: 0.0765
Test low! Updating! Test Loss: 13.15497350692749, Test low! Updating! Valid Loss: 10.487309626170568, epoch:  174
Iter: 000, Train Loss: 6.1518, Train RMSE: 13.0803, Train MAPE: 0.6930, Train WMAPE: 0.0342
Iter: 050, Train Loss: 5.9382, Train RMSE: 12.2492, Train MAPE: 0.5175, Train WMAPE: 0.0326
Epoch: 175, Training Time: 15.0439 secs
Epoch: 175, Inference Time: 1.9946 secs
Epoch: 175, Train Loss: 5.9872, Train RMSE: 12.9161, Train MAPE: 0.9174, Train WMAPE: 0.0335, 
Epoch: 175, Valid Loss: 10.8245, Valid RMSE: 40.5826, Valid MAPE: 5.2097, Valid WMAPE: 0.0622
No update
Iter: 000, Train Loss: 6.6487, Train RMSE: 13.6155, Train MAPE: 1.9209, Train WMAPE: 0.0369
Iter: 050, Train Loss: 5.9067, Train RMSE: 12.2651, Train MAPE: 0.9485, Train WMAPE: 0.0324
Epoch: 176, Training Time: 14.7919 secs
Epoch: 176, Inference Time: 1.9913 secs
Epoch: 176, Train Loss: 5.9974, Train RMSE: 12.7777, Train MAPE: 1.2143, Train WMAPE: 0.0335, 
Epoch: 176, Valid Loss: 10.5376, Valid RMSE: 40.6413, Valid MAPE: 2.0920, Valid WMAPE: 0.0605
No update
Iter: 000, Train Loss: 6.1254, Train RMSE: 12.9366, Train MAPE: 0.5891, Train WMAPE: 0.0340
Iter: 050, Train Loss: 5.9830, Train RMSE: 12.0101, Train MAPE: 0.8786, Train WMAPE: 0.0328
Epoch: 177, Training Time: 14.8834 secs
Epoch: 177, Inference Time: 1.9987 secs
Epoch: 177, Train Loss: 5.9853, Train RMSE: 12.7171, Train MAPE: 1.1809, Train WMAPE: 0.0335, 
Epoch: 177, Valid Loss: 10.7077, Valid RMSE: 40.7519, Valid MAPE: 4.0615, Valid WMAPE: 0.0615
No update
Iter: 000, Train Loss: 6.1406, Train RMSE: 12.7990, Train MAPE: 1.3597, Train WMAPE: 0.0341
Iter: 050, Train Loss: 5.9056, Train RMSE: 12.0815, Train MAPE: 0.6263, Train WMAPE: 0.0324
Epoch: 178, Training Time: 14.9835 secs
Epoch: 178, Inference Time: 1.9166 secs
Epoch: 178, Train Loss: 5.9696, Train RMSE: 12.7546, Train MAPE: 1.0657, Train WMAPE: 0.0334, 
Epoch: 178, Valid Loss: 10.6934, Valid RMSE: 40.5743, Valid MAPE: 4.6276, Valid WMAPE: 0.0614
No update
Iter: 000, Train Loss: 6.2046, Train RMSE: 12.7746, Train MAPE: 1.6540, Train WMAPE: 0.0344
Iter: 050, Train Loss: 5.9388, Train RMSE: 12.1416, Train MAPE: 0.7055, Train WMAPE: 0.0326
Epoch: 179, Training Time: 14.8728 secs
Epoch: 179, Inference Time: 2.0041 secs
Epoch: 179, Train Loss: 5.9857, Train RMSE: 12.7676, Train MAPE: 1.1406, Train WMAPE: 0.0335, 
Epoch: 179, Valid Loss: 10.5271, Valid RMSE: 40.6122, Valid MAPE: 2.7425, Valid WMAPE: 0.0604
No update
Iter: 000, Train Loss: 5.9545, Train RMSE: 12.7173, Train MAPE: 0.8572, Train WMAPE: 0.0331
Iter: 050, Train Loss: 5.8045, Train RMSE: 11.9740, Train MAPE: 0.6171, Train WMAPE: 0.0318
Epoch: 180, Training Time: 15.0135 secs
Epoch: 180, Inference Time: 1.9433 secs
Epoch: 180, Train Loss: 5.9195, Train RMSE: 12.6318, Train MAPE: 1.1628, Train WMAPE: 0.0331, 
Epoch: 180, Valid Loss: 10.5862, Valid RMSE: 40.6498, Valid MAPE: 3.4379, Valid WMAPE: 0.0608
No update
Iter: 000, Train Loss: 6.0437, Train RMSE: 12.7760, Train MAPE: 0.9828, Train WMAPE: 0.0336
Iter: 050, Train Loss: 5.9461, Train RMSE: 12.0705, Train MAPE: 0.8578, Train WMAPE: 0.0326
Epoch: 181, Training Time: 15.0971 secs
Epoch: 181, Inference Time: 1.9981 secs
Epoch: 181, Train Loss: 5.9420, Train RMSE: 12.6822, Train MAPE: 1.0990, Train WMAPE: 0.0332, 
Epoch: 181, Valid Loss: 10.6797, Valid RMSE: 40.6845, Valid MAPE: 4.0872, Valid WMAPE: 0.0613
No update
Iter: 000, Train Loss: 6.2537, Train RMSE: 12.8108, Train MAPE: 1.2562, Train WMAPE: 0.0347
Iter: 050, Train Loss: 5.9167, Train RMSE: 12.1212, Train MAPE: 0.8426, Train WMAPE: 0.0324
Epoch: 182, Training Time: 15.2480 secs
Epoch: 182, Inference Time: 1.9257 secs
Epoch: 182, Train Loss: 5.9418, Train RMSE: 12.7058, Train MAPE: 1.1851, Train WMAPE: 0.0332, 
Epoch: 182, Valid Loss: 10.6940, Valid RMSE: 40.8528, Valid MAPE: 4.3650, Valid WMAPE: 0.0614
No update
Iter: 000, Train Loss: 6.1230, Train RMSE: 12.6869, Train MAPE: 1.3286, Train WMAPE: 0.0340
Iter: 050, Train Loss: 5.9509, Train RMSE: 12.0276, Train MAPE: 0.8853, Train WMAPE: 0.0326
Epoch: 183, Training Time: 14.3888 secs
Epoch: 183, Inference Time: 1.9134 secs
Epoch: 183, Train Loss: 5.9163, Train RMSE: 12.6788, Train MAPE: 1.0181, Train WMAPE: 0.0331, 
Epoch: 183, Valid Loss: 10.5933, Valid RMSE: 41.0340, Valid MAPE: 2.4590, Valid WMAPE: 0.0608
No update
Iter: 000, Train Loss: 6.1182, Train RMSE: 12.7130, Train MAPE: 0.7013, Train WMAPE: 0.0340
Iter: 050, Train Loss: 5.9870, Train RMSE: 12.2484, Train MAPE: 0.4781, Train WMAPE: 0.0328
Epoch: 184, Training Time: 14.5696 secs
Epoch: 184, Inference Time: 1.9847 secs
Epoch: 184, Train Loss: 5.9540, Train RMSE: 12.8028, Train MAPE: 0.8245, Train WMAPE: 0.0333, 
Epoch: 184, Valid Loss: 10.6012, Valid RMSE: 40.7871, Valid MAPE: 3.2537, Valid WMAPE: 0.0609
No update
Iter: 000, Train Loss: 6.0814, Train RMSE: 12.7951, Train MAPE: 0.9984, Train WMAPE: 0.0338
Iter: 050, Train Loss: 5.9977, Train RMSE: 12.2746, Train MAPE: 0.7176, Train WMAPE: 0.0329
Epoch: 185, Training Time: 14.8964 secs
Epoch: 185, Inference Time: 1.9019 secs
Epoch: 185, Train Loss: 5.9712, Train RMSE: 12.8156, Train MAPE: 0.8749, Train WMAPE: 0.0334, 
Epoch: 185, Valid Loss: 10.5900, Valid RMSE: 40.9217, Valid MAPE: 3.2283, Valid WMAPE: 0.0608
No update
Iter: 000, Train Loss: 5.9513, Train RMSE: 12.4868, Train MAPE: 0.9901, Train WMAPE: 0.0330
Iter: 050, Train Loss: 5.8922, Train RMSE: 12.1120, Train MAPE: 0.5929, Train WMAPE: 0.0323
Epoch: 186, Training Time: 15.2082 secs
Epoch: 186, Inference Time: 1.8783 secs
Epoch: 186, Train Loss: 5.9609, Train RMSE: 12.8117, Train MAPE: 0.9705, Train WMAPE: 0.0333, 
Epoch: 186, Valid Loss: 10.5068, Valid RMSE: 40.3812, Valid MAPE: 2.2513, Valid WMAPE: 0.0603
No update
Iter: 000, Train Loss: 5.9893, Train RMSE: 12.8473, Train MAPE: 0.6366, Train WMAPE: 0.0333
Iter: 050, Train Loss: 5.8253, Train RMSE: 11.8175, Train MAPE: 0.5933, Train WMAPE: 0.0319
Epoch: 187, Training Time: 14.6687 secs
Epoch: 187, Inference Time: 1.8086 secs
Epoch: 187, Train Loss: 5.9122, Train RMSE: 12.7384, Train MAPE: 0.9471, Train WMAPE: 0.0331, 
Epoch: 187, Valid Loss: 10.7509, Valid RMSE: 40.9074, Valid MAPE: 3.2571, Valid WMAPE: 0.0617
No update
Iter: 000, Train Loss: 6.1409, Train RMSE: 12.8108, Train MAPE: 1.0685, Train WMAPE: 0.0341
Iter: 050, Train Loss: 5.8282, Train RMSE: 11.9441, Train MAPE: 0.5840, Train WMAPE: 0.0320
Epoch: 188, Training Time: 15.0741 secs
Epoch: 188, Inference Time: 1.9941 secs
Epoch: 188, Train Loss: 5.9312, Train RMSE: 12.8102, Train MAPE: 0.8929, Train WMAPE: 0.0332, 
Epoch: 188, Valid Loss: 10.6153, Valid RMSE: 41.0981, Valid MAPE: 2.3826, Valid WMAPE: 0.0610
No update
Iter: 000, Train Loss: 6.1010, Train RMSE: 12.8484, Train MAPE: 0.7896, Train WMAPE: 0.0339
Iter: 050, Train Loss: 5.9229, Train RMSE: 12.2300, Train MAPE: 0.5559, Train WMAPE: 0.0325
Epoch: 189, Training Time: 14.6857 secs
Epoch: 189, Inference Time: 2.1009 secs
Epoch: 189, Train Loss: 5.9832, Train RMSE: 12.9000, Train MAPE: 0.8610, Train WMAPE: 0.0335, 
Epoch: 189, Valid Loss: 10.6023, Valid RMSE: 40.7470, Valid MAPE: 2.7491, Valid WMAPE: 0.0609
No update
Iter: 000, Train Loss: 6.1519, Train RMSE: 12.8974, Train MAPE: 0.8019, Train WMAPE: 0.0342
Iter: 050, Train Loss: 5.8202, Train RMSE: 11.9290, Train MAPE: 0.6533, Train WMAPE: 0.0319
Epoch: 190, Training Time: 14.9821 secs
Epoch: 190, Inference Time: 1.9984 secs
Epoch: 190, Train Loss: 5.8785, Train RMSE: 12.6874, Train MAPE: 0.8679, Train WMAPE: 0.0329, 
Epoch: 190, Valid Loss: 10.5322, Valid RMSE: 40.9371, Valid MAPE: 2.5133, Valid WMAPE: 0.0605
No update
Iter: 000, Train Loss: 6.0575, Train RMSE: 12.7532, Train MAPE: 0.7580, Train WMAPE: 0.0336
Iter: 050, Train Loss: 5.8536, Train RMSE: 11.9402, Train MAPE: 0.6501, Train WMAPE: 0.0321
Epoch: 191, Training Time: 14.8696 secs
Epoch: 191, Inference Time: 1.9894 secs
Epoch: 191, Train Loss: 5.8561, Train RMSE: 12.6153, Train MAPE: 0.8489, Train WMAPE: 0.0327, 
Epoch: 191, Valid Loss: 10.4780, Valid RMSE: 40.8175, Valid MAPE: 2.0019, Valid WMAPE: 0.0602
###Update tasks appear###
Evaluate best model on test data for horizon 1, Test MAE: 9.1115, Test RMSE: 61.2734, Test MAPE: 7.6155, Test WMAPE: 0.0529
Evaluate best model on test data for horizon 2, Test MAE: 10.0457, Test RMSE: 53.6137, Test MAPE: 11.8104, Test WMAPE: 0.0583
Evaluate best model on test data for horizon 3, Test MAE: 10.3460, Test RMSE: 42.5596, Test MAPE: 15.5136, Test WMAPE: 0.0601
Evaluate best model on test data for horizon 4, Test MAE: 11.9659, Test RMSE: 50.9506, Test MAPE: 18.2749, Test WMAPE: 0.0695
Evaluate best model on test data for horizon 5, Test MAE: 13.2856, Test RMSE: 56.9018, Test MAPE: 19.6119, Test WMAPE: 0.0772
Evaluate best model on test data for horizon 6, Test MAE: 13.3557, Test RMSE: 48.4155, Test MAPE: 20.2003, Test WMAPE: 0.0776
Evaluate best model on test data for horizon 7, Test MAE: 14.3063, Test RMSE: 52.2735, Test MAPE: 20.3833, Test WMAPE: 0.0832
Evaluate best model on test data for horizon 8, Test MAE: 15.0470, Test RMSE: 55.3742, Test MAPE: 20.6720, Test WMAPE: 0.0875
Evaluate best model on test data for horizon 9, Test MAE: 15.1124, Test RMSE: 51.6910, Test MAPE: 20.9691, Test WMAPE: 0.0879
Evaluate best model on test data for horizon 10, Test MAE: 15.1782, Test RMSE: 49.5838, Test MAPE: 20.9613, Test WMAPE: 0.0883
Evaluate best model on test data for horizon 11, Test MAE: 15.9758, Test RMSE: 56.9363, Test MAPE: 20.7726, Test WMAPE: 0.0929
Evaluate best model on test data for horizon 12, Test MAE: 15.9667, Test RMSE: 56.2506, Test MAPE: 20.2092, Test WMAPE: 0.0929
On average over 12 horizons, Test MAE: 13.3081, Test RMSE: 52.9853, Test MAPE: 18.0828, Test WMAPE: 0.0774
No update
Iter: 000, Train Loss: 6.0113, Train RMSE: 12.7256, Train MAPE: 0.5592, Train WMAPE: 0.0334
Iter: 050, Train Loss: 5.8757, Train RMSE: 12.0224, Train MAPE: 0.5233, Train WMAPE: 0.0322
Epoch: 192, Training Time: 15.0886 secs
Epoch: 192, Inference Time: 2.0878 secs
Epoch: 192, Train Loss: 5.9251, Train RMSE: 12.7965, Train MAPE: 0.8297, Train WMAPE: 0.0331, 
Epoch: 192, Valid Loss: 10.4707, Valid RMSE: 40.4213, Valid MAPE: 2.5195, Valid WMAPE: 0.0601
###Update tasks appear###
Evaluate best model on test data for horizon 1, Test MAE: 9.1208, Test RMSE: 61.3377, Test MAPE: 7.5288, Test WMAPE: 0.0529
Evaluate best model on test data for horizon 2, Test MAE: 10.0651, Test RMSE: 53.1823, Test MAPE: 11.8902, Test WMAPE: 0.0584
Evaluate best model on test data for horizon 3, Test MAE: 10.3750, Test RMSE: 42.2590, Test MAPE: 15.5438, Test WMAPE: 0.0603
Evaluate best model on test data for horizon 4, Test MAE: 11.9312, Test RMSE: 50.6227, Test MAPE: 18.2294, Test WMAPE: 0.0693
Evaluate best model on test data for horizon 5, Test MAE: 13.2121, Test RMSE: 56.3492, Test MAPE: 19.6707, Test WMAPE: 0.0768
Evaluate best model on test data for horizon 6, Test MAE: 13.3513, Test RMSE: 47.7824, Test MAPE: 20.0856, Test WMAPE: 0.0776
Evaluate best model on test data for horizon 7, Test MAE: 14.2943, Test RMSE: 51.7209, Test MAPE: 20.6842, Test WMAPE: 0.0831
Evaluate best model on test data for horizon 8, Test MAE: 14.9791, Test RMSE: 54.3571, Test MAPE: 20.7924, Test WMAPE: 0.0871
Evaluate best model on test data for horizon 9, Test MAE: 15.0060, Test RMSE: 50.7581, Test MAPE: 21.1759, Test WMAPE: 0.0873
Evaluate best model on test data for horizon 10, Test MAE: 15.1009, Test RMSE: 48.8816, Test MAPE: 21.0786, Test WMAPE: 0.0878
Evaluate best model on test data for horizon 11, Test MAE: 15.9137, Test RMSE: 56.0323, Test MAPE: 21.5320, Test WMAPE: 0.0926
Evaluate best model on test data for horizon 12, Test MAE: 15.8886, Test RMSE: 55.2413, Test MAPE: 20.5221, Test WMAPE: 0.0924
On average over 12 horizons, Test MAE: 13.2698, Test RMSE: 52.3771, Test MAPE: 18.2278, Test WMAPE: 0.0771
No update
Iter: 000, Train Loss: 5.9178, Train RMSE: 12.5617, Train MAPE: 0.7398, Train WMAPE: 0.0329
Iter: 050, Train Loss: 5.9004, Train RMSE: 11.9543, Train MAPE: 0.6471, Train WMAPE: 0.0324
Epoch: 193, Training Time: 15.2572 secs
Epoch: 193, Inference Time: 1.8147 secs
Epoch: 193, Train Loss: 5.8949, Train RMSE: 12.7251, Train MAPE: 0.8394, Train WMAPE: 0.0330, 
Epoch: 193, Valid Loss: 10.7846, Valid RMSE: 40.8430, Valid MAPE: 3.0071, Valid WMAPE: 0.0619
No update
Iter: 000, Train Loss: 6.2249, Train RMSE: 12.9169, Train MAPE: 0.9854, Train WMAPE: 0.0346
Iter: 050, Train Loss: 5.8304, Train RMSE: 11.9827, Train MAPE: 0.5562, Train WMAPE: 0.0320
Epoch: 194, Training Time: 15.1992 secs
Epoch: 194, Inference Time: 1.9696 secs
Epoch: 194, Train Loss: 5.8815, Train RMSE: 12.5565, Train MAPE: 1.0357, Train WMAPE: 0.0329, 
Epoch: 194, Valid Loss: 10.6665, Valid RMSE: 40.8065, Valid MAPE: 3.8474, Valid WMAPE: 0.0612
No update
Iter: 000, Train Loss: 6.1266, Train RMSE: 12.8144, Train MAPE: 1.3405, Train WMAPE: 0.0340
Iter: 050, Train Loss: 5.6943, Train RMSE: 11.7205, Train MAPE: 0.8506, Train WMAPE: 0.0312
Epoch: 195, Training Time: 15.0846 secs
Epoch: 195, Inference Time: 1.9837 secs
Epoch: 195, Train Loss: 5.8550, Train RMSE: 12.5089, Train MAPE: 1.1577, Train WMAPE: 0.0327, 
Epoch: 195, Valid Loss: 10.5688, Valid RMSE: 40.6625, Valid MAPE: 3.0347, Valid WMAPE: 0.0607
No update
Iter: 000, Train Loss: 6.0442, Train RMSE: 12.7947, Train MAPE: 0.9923, Train WMAPE: 0.0336
Iter: 050, Train Loss: 5.8350, Train RMSE: 11.7069, Train MAPE: 1.1426, Train WMAPE: 0.0320
Epoch: 196, Training Time: 14.9952 secs
Epoch: 196, Inference Time: 2.0858 secs
Epoch: 196, Train Loss: 5.8491, Train RMSE: 12.4957, Train MAPE: 1.1087, Train WMAPE: 0.0327, 
Epoch: 196, Valid Loss: 10.6210, Valid RMSE: 41.0420, Valid MAPE: 3.5655, Valid WMAPE: 0.0610
No update
Iter: 000, Train Loss: 6.0783, Train RMSE: 12.6323, Train MAPE: 1.2715, Train WMAPE: 0.0337
Iter: 050, Train Loss: 5.8845, Train RMSE: 11.8528, Train MAPE: 0.7792, Train WMAPE: 0.0323
Epoch: 197, Training Time: 15.0880 secs
Epoch: 197, Inference Time: 2.1044 secs
Epoch: 197, Train Loss: 5.8438, Train RMSE: 12.4626, Train MAPE: 1.0745, Train WMAPE: 0.0327, 
Epoch: 197, Valid Loss: 10.4721, Valid RMSE: 40.8871, Valid MAPE: 2.2296, Valid WMAPE: 0.0601
###Update tasks appear###
Evaluate best model on test data for horizon 1, Test MAE: 9.1266, Test RMSE: 61.5579, Test MAPE: 7.5224, Test WMAPE: 0.0530
Evaluate best model on test data for horizon 2, Test MAE: 10.0136, Test RMSE: 53.3722, Test MAPE: 11.7245, Test WMAPE: 0.0581
Evaluate best model on test data for horizon 3, Test MAE: 10.2518, Test RMSE: 42.3507, Test MAPE: 15.2322, Test WMAPE: 0.0595
Evaluate best model on test data for horizon 4, Test MAE: 11.8849, Test RMSE: 50.8256, Test MAPE: 17.8844, Test WMAPE: 0.0690
Evaluate best model on test data for horizon 5, Test MAE: 13.1608, Test RMSE: 56.8955, Test MAPE: 19.1314, Test WMAPE: 0.0765
Evaluate best model on test data for horizon 6, Test MAE: 13.2400, Test RMSE: 48.2176, Test MAPE: 19.7531, Test WMAPE: 0.0770
Evaluate best model on test data for horizon 7, Test MAE: 14.1795, Test RMSE: 52.1655, Test MAPE: 19.7731, Test WMAPE: 0.0824
Evaluate best model on test data for horizon 8, Test MAE: 14.8835, Test RMSE: 55.0450, Test MAPE: 20.0846, Test WMAPE: 0.0865
Evaluate best model on test data for horizon 9, Test MAE: 14.8820, Test RMSE: 51.1946, Test MAPE: 20.3499, Test WMAPE: 0.0866
Evaluate best model on test data for horizon 10, Test MAE: 14.9682, Test RMSE: 49.2594, Test MAPE: 20.5211, Test WMAPE: 0.0871
Evaluate best model on test data for horizon 11, Test MAE: 15.7386, Test RMSE: 56.7738, Test MAPE: 20.3283, Test WMAPE: 0.0916
Evaluate best model on test data for horizon 12, Test MAE: 15.7500, Test RMSE: 55.9245, Test MAPE: 19.8480, Test WMAPE: 0.0916
On average over 12 horizons, Test MAE: 13.1733, Test RMSE: 52.7985, Test MAPE: 17.6794, Test WMAPE: 0.0766
No update
Iter: 000, Train Loss: 5.8691, Train RMSE: 12.5635, Train MAPE: 0.5779, Train WMAPE: 0.0326
Iter: 050, Train Loss: 6.1531, Train RMSE: 12.7627, Train MAPE: 0.5462, Train WMAPE: 0.0337
Epoch: 198, Training Time: 14.7965 secs
Epoch: 198, Inference Time: 1.9824 secs
Epoch: 198, Train Loss: 5.9154, Train RMSE: 12.7258, Train MAPE: 0.7834, Train WMAPE: 0.0331, 
Epoch: 198, Valid Loss: 10.5117, Valid RMSE: 40.5906, Valid MAPE: 1.8984, Valid WMAPE: 0.0604
No update
Iter: 000, Train Loss: 5.8637, Train RMSE: 12.5376, Train MAPE: 0.5304, Train WMAPE: 0.0326
Iter: 050, Train Loss: 5.9875, Train RMSE: 12.0153, Train MAPE: 0.9553, Train WMAPE: 0.0328
Epoch: 199, Training Time: 15.2967 secs
Epoch: 199, Inference Time: 1.9024 secs
Epoch: 199, Train Loss: 5.8422, Train RMSE: 12.4946, Train MAPE: 0.9816, Train WMAPE: 0.0327, 
Epoch: 199, Valid Loss: 10.5698, Valid RMSE: 40.5097, Valid MAPE: 3.0609, Valid WMAPE: 0.0607
No update
Iter: 000, Train Loss: 5.9612, Train RMSE: 12.5761, Train MAPE: 0.8799, Train WMAPE: 0.0331
Iter: 050, Train Loss: 5.8880, Train RMSE: 11.8650, Train MAPE: 0.9450, Train WMAPE: 0.0323
Epoch: 200, Training Time: 14.9871 secs
Epoch: 200, Inference Time: 1.9976 secs
Epoch: 200, Train Loss: 5.8267, Train RMSE: 12.5386, Train MAPE: 0.8519, Train WMAPE: 0.0326, 
Epoch: 200, Valid Loss: 10.4725, Valid RMSE: 40.6604, Valid MAPE: 2.3212, Valid WMAPE: 0.0601
###Update tasks appear###
Evaluate best model on test data for horizon 1, Test MAE: 9.2136, Test RMSE: 61.5575, Test MAPE: 7.5106, Test WMAPE: 0.0535
Evaluate best model on test data for horizon 2, Test MAE: 10.0920, Test RMSE: 53.1748, Test MAPE: 11.7418, Test WMAPE: 0.0586
Evaluate best model on test data for horizon 3, Test MAE: 10.3889, Test RMSE: 42.0265, Test MAPE: 15.2743, Test WMAPE: 0.0603
Evaluate best model on test data for horizon 4, Test MAE: 12.0024, Test RMSE: 50.8103, Test MAPE: 17.9959, Test WMAPE: 0.0697
Evaluate best model on test data for horizon 5, Test MAE: 13.3459, Test RMSE: 56.6692, Test MAPE: 19.2719, Test WMAPE: 0.0776
Evaluate best model on test data for horizon 6, Test MAE: 13.3566, Test RMSE: 47.9636, Test MAPE: 20.0520, Test WMAPE: 0.0776
Evaluate best model on test data for horizon 7, Test MAE: 14.3185, Test RMSE: 52.1195, Test MAPE: 20.2170, Test WMAPE: 0.0832
Evaluate best model on test data for horizon 8, Test MAE: 15.0545, Test RMSE: 55.0156, Test MAPE: 20.6564, Test WMAPE: 0.0875
Evaluate best model on test data for horizon 9, Test MAE: 15.0986, Test RMSE: 51.1226, Test MAPE: 21.1648, Test WMAPE: 0.0878
Evaluate best model on test data for horizon 10, Test MAE: 15.2357, Test RMSE: 49.2921, Test MAPE: 21.3910, Test WMAPE: 0.0886
Evaluate best model on test data for horizon 11, Test MAE: 16.1496, Test RMSE: 56.9774, Test MAPE: 21.4918, Test WMAPE: 0.0939
Evaluate best model on test data for horizon 12, Test MAE: 16.1003, Test RMSE: 55.9613, Test MAPE: 20.9205, Test WMAPE: 0.0937
On average over 12 horizons, Test MAE: 13.3630, Test RMSE: 52.7242, Test MAPE: 18.1407, Test WMAPE: 0.0777
No update
Iter: 000, Train Loss: 5.9367, Train RMSE: 12.5394, Train MAPE: 0.6763, Train WMAPE: 0.0330
Iter: 050, Train Loss: 5.6786, Train RMSE: 11.7177, Train MAPE: 0.4579, Train WMAPE: 0.0311
Epoch: 201, Training Time: 14.8553 secs
Epoch: 201, Inference Time: 2.0017 secs
Epoch: 201, Train Loss: 5.8465, Train RMSE: 12.6414, Train MAPE: 0.8526, Train WMAPE: 0.0327, 
Epoch: 201, Valid Loss: 10.6251, Valid RMSE: 40.8403, Valid MAPE: 2.8054, Valid WMAPE: 0.0610
No update
Iter: 000, Train Loss: 6.0497, Train RMSE: 12.7479, Train MAPE: 0.8328, Train WMAPE: 0.0336
Iter: 050, Train Loss: 5.7943, Train RMSE: 11.7756, Train MAPE: 0.5658, Train WMAPE: 0.0318
Epoch: 202, Training Time: 14.7760 secs
Epoch: 202, Inference Time: 2.0876 secs
Epoch: 202, Train Loss: 5.8172, Train RMSE: 12.5345, Train MAPE: 0.8192, Train WMAPE: 0.0325, 
Epoch: 202, Valid Loss: 10.6967, Valid RMSE: 41.1331, Valid MAPE: 3.4749, Valid WMAPE: 0.0614
No update
Iter: 000, Train Loss: 6.1004, Train RMSE: 12.9082, Train MAPE: 1.0266, Train WMAPE: 0.0339
Iter: 050, Train Loss: 5.8962, Train RMSE: 12.1206, Train MAPE: 0.6059, Train WMAPE: 0.0323
Epoch: 203, Training Time: 14.7421 secs
Epoch: 203, Inference Time: 1.8474 secs
Epoch: 203, Train Loss: 5.8702, Train RMSE: 12.6553, Train MAPE: 0.8577, Train WMAPE: 0.0328, 
Epoch: 203, Valid Loss: 10.5272, Valid RMSE: 40.7376, Valid MAPE: 2.9086, Valid WMAPE: 0.0604
No update
Iter: 000, Train Loss: 5.8917, Train RMSE: 12.4435, Train MAPE: 0.8560, Train WMAPE: 0.0327
Iter: 050, Train Loss: 5.8114, Train RMSE: 11.9401, Train MAPE: 0.5315, Train WMAPE: 0.0319
Epoch: 204, Training Time: 14.8806 secs
Epoch: 204, Inference Time: 1.9964 secs
Epoch: 204, Train Loss: 5.8142, Train RMSE: 12.5207, Train MAPE: 0.8304, Train WMAPE: 0.0325, 
Epoch: 204, Valid Loss: 10.5468, Valid RMSE: 40.7464, Valid MAPE: 2.3536, Valid WMAPE: 0.0606
No update
Iter: 000, Train Loss: 5.9161, Train RMSE: 12.6185, Train MAPE: 0.7471, Train WMAPE: 0.0328
Iter: 050, Train Loss: 5.8020, Train RMSE: 11.9105, Train MAPE: 0.4262, Train WMAPE: 0.0318
Epoch: 205, Training Time: 15.4850 secs
Epoch: 205, Inference Time: 2.0094 secs
Epoch: 205, Train Loss: 5.7884, Train RMSE: 12.4237, Train MAPE: 0.9221, Train WMAPE: 0.0324, 
Epoch: 205, Valid Loss: 10.6906, Valid RMSE: 40.3223, Valid MAPE: 3.3851, Valid WMAPE: 0.0614
No update
Iter: 000, Train Loss: 6.1147, Train RMSE: 12.6475, Train MAPE: 1.0272, Train WMAPE: 0.0339
Iter: 050, Train Loss: 5.6986, Train RMSE: 11.6214, Train MAPE: 0.5457, Train WMAPE: 0.0312
Epoch: 206, Training Time: 15.2667 secs
Epoch: 206, Inference Time: 1.8885 secs
Epoch: 206, Train Loss: 5.8203, Train RMSE: 12.5497, Train MAPE: 0.8755, Train WMAPE: 0.0325, 
Epoch: 206, Valid Loss: 10.4312, Valid RMSE: 41.0693, Valid MAPE: 2.1679, Valid WMAPE: 0.0599
###Update tasks appear###
Evaluate best model on test data for horizon 1, Test MAE: 9.2425, Test RMSE: 61.7556, Test MAPE: 7.7184, Test WMAPE: 0.0537
Evaluate best model on test data for horizon 2, Test MAE: 10.1150, Test RMSE: 53.8113, Test MAPE: 11.8511, Test WMAPE: 0.0587
Evaluate best model on test data for horizon 3, Test MAE: 10.4354, Test RMSE: 42.3913, Test MAPE: 15.1221, Test WMAPE: 0.0606
Evaluate best model on test data for horizon 4, Test MAE: 12.0175, Test RMSE: 50.8830, Test MAPE: 17.8142, Test WMAPE: 0.0698
Evaluate best model on test data for horizon 5, Test MAE: 13.3337, Test RMSE: 56.8191, Test MAPE: 19.0526, Test WMAPE: 0.0775
Evaluate best model on test data for horizon 6, Test MAE: 13.3461, Test RMSE: 48.6256, Test MAPE: 19.6376, Test WMAPE: 0.0776
Evaluate best model on test data for horizon 7, Test MAE: 14.2775, Test RMSE: 52.4098, Test MAPE: 20.0377, Test WMAPE: 0.0830
Evaluate best model on test data for horizon 8, Test MAE: 14.9830, Test RMSE: 55.3081, Test MAPE: 20.4263, Test WMAPE: 0.0871
Evaluate best model on test data for horizon 9, Test MAE: 14.9944, Test RMSE: 51.4801, Test MAPE: 20.5589, Test WMAPE: 0.0872
Evaluate best model on test data for horizon 10, Test MAE: 15.0939, Test RMSE: 49.6647, Test MAPE: 20.6450, Test WMAPE: 0.0878
Evaluate best model on test data for horizon 11, Test MAE: 15.8759, Test RMSE: 57.0285, Test MAPE: 20.5580, Test WMAPE: 0.0924
Evaluate best model on test data for horizon 12, Test MAE: 15.7714, Test RMSE: 55.7005, Test MAPE: 20.1654, Test WMAPE: 0.0918
On average over 12 horizons, Test MAE: 13.2905, Test RMSE: 52.9898, Test MAPE: 17.7989, Test WMAPE: 0.0773
No update
Iter: 000, Train Loss: 6.0539, Train RMSE: 12.7847, Train MAPE: 0.6318, Train WMAPE: 0.0336
Iter: 050, Train Loss: 5.6530, Train RMSE: 11.5377, Train MAPE: 0.4892, Train WMAPE: 0.0310
Epoch: 207, Training Time: 14.7724 secs
Epoch: 207, Inference Time: 2.0071 secs
Epoch: 207, Train Loss: 5.7896, Train RMSE: 12.4836, Train MAPE: 0.8424, Train WMAPE: 0.0324, 
Epoch: 207, Valid Loss: 10.5578, Valid RMSE: 40.6574, Valid MAPE: 2.6776, Valid WMAPE: 0.0606
No update
Iter: 000, Train Loss: 6.0737, Train RMSE: 12.9193, Train MAPE: 0.7535, Train WMAPE: 0.0337
Iter: 050, Train Loss: 5.8129, Train RMSE: 12.0075, Train MAPE: 0.5475, Train WMAPE: 0.0319
Epoch: 208, Training Time: 14.9722 secs
Epoch: 208, Inference Time: 1.9856 secs
Epoch: 208, Train Loss: 5.8240, Train RMSE: 12.6269, Train MAPE: 0.8340, Train WMAPE: 0.0326, 
Epoch: 208, Valid Loss: 10.4943, Valid RMSE: 40.5999, Valid MAPE: 2.7957, Valid WMAPE: 0.0603
No update
Iter: 000, Train Loss: 5.9404, Train RMSE: 12.5985, Train MAPE: 0.8087, Train WMAPE: 0.0330
Iter: 050, Train Loss: 5.8400, Train RMSE: 11.9254, Train MAPE: 0.5954, Train WMAPE: 0.0320
Epoch: 209, Training Time: 14.7948 secs
Epoch: 209, Inference Time: 1.8108 secs
Epoch: 209, Train Loss: 5.7919, Train RMSE: 12.4681, Train MAPE: 0.8697, Train WMAPE: 0.0324, 
Epoch: 209, Valid Loss: 10.5866, Valid RMSE: 40.8115, Valid MAPE: 2.2168, Valid WMAPE: 0.0608
No update
Iter: 000, Train Loss: 5.8734, Train RMSE: 12.5157, Train MAPE: 0.6636, Train WMAPE: 0.0326
Iter: 050, Train Loss: 5.9284, Train RMSE: 12.1000, Train MAPE: 0.6485, Train WMAPE: 0.0325
Epoch: 210, Training Time: 14.6769 secs
Epoch: 210, Inference Time: 1.9890 secs
Epoch: 210, Train Loss: 5.8659, Train RMSE: 12.6848, Train MAPE: 0.8278, Train WMAPE: 0.0328, 
Epoch: 210, Valid Loss: 10.4626, Valid RMSE: 40.6237, Valid MAPE: 2.5027, Valid WMAPE: 0.0601
###Update tasks appear###
Evaluate best model on test data for horizon 1, Test MAE: 9.2663, Test RMSE: 61.5021, Test MAPE: 7.6783, Test WMAPE: 0.0538
Evaluate best model on test data for horizon 2, Test MAE: 10.0431, Test RMSE: 53.1827, Test MAPE: 11.8577, Test WMAPE: 0.0583
Evaluate best model on test data for horizon 3, Test MAE: 10.2955, Test RMSE: 41.7722, Test MAPE: 15.2550, Test WMAPE: 0.0598
Evaluate best model on test data for horizon 4, Test MAE: 11.8995, Test RMSE: 50.2510, Test MAPE: 18.2552, Test WMAPE: 0.0691
Evaluate best model on test data for horizon 5, Test MAE: 13.1669, Test RMSE: 56.2130, Test MAPE: 19.3347, Test WMAPE: 0.0765
Evaluate best model on test data for horizon 6, Test MAE: 13.2501, Test RMSE: 47.9652, Test MAPE: 19.5425, Test WMAPE: 0.0770
Evaluate best model on test data for horizon 7, Test MAE: 14.1727, Test RMSE: 51.7567, Test MAPE: 19.5602, Test WMAPE: 0.0824
Evaluate best model on test data for horizon 8, Test MAE: 14.8572, Test RMSE: 54.1093, Test MAPE: 20.3402, Test WMAPE: 0.0864
Evaluate best model on test data for horizon 9, Test MAE: 14.8401, Test RMSE: 50.2350, Test MAPE: 20.5428, Test WMAPE: 0.0863
Evaluate best model on test data for horizon 10, Test MAE: 14.9913, Test RMSE: 48.7467, Test MAPE: 20.8283, Test WMAPE: 0.0872
Evaluate best model on test data for horizon 11, Test MAE: 15.7368, Test RMSE: 55.6514, Test MAPE: 20.3800, Test WMAPE: 0.0915
Evaluate best model on test data for horizon 12, Test MAE: 15.7820, Test RMSE: 54.4889, Test MAPE: 19.9985, Test WMAPE: 0.0918
On average over 12 horizons, Test MAE: 13.1918, Test RMSE: 52.1562, Test MAPE: 17.7978, Test WMAPE: 0.0767
No update
Iter: 000, Train Loss: 5.8604, Train RMSE: 12.6026, Train MAPE: 0.6756, Train WMAPE: 0.0325
Iter: 050, Train Loss: 5.8128, Train RMSE: 12.0755, Train MAPE: 0.4770, Train WMAPE: 0.0319
Epoch: 211, Training Time: 14.5553 secs
Epoch: 211, Inference Time: 1.8951 secs
Epoch: 211, Train Loss: 5.7826, Train RMSE: 12.5186, Train MAPE: 0.7851, Train WMAPE: 0.0323, 
Epoch: 211, Valid Loss: 10.7133, Valid RMSE: 40.7786, Valid MAPE: 4.0624, Valid WMAPE: 0.0615
No update
Iter: 000, Train Loss: 6.3172, Train RMSE: 13.4974, Train MAPE: 1.3600, Train WMAPE: 0.0351
Iter: 050, Train Loss: 5.6774, Train RMSE: 11.7007, Train MAPE: 0.7140, Train WMAPE: 0.0311
Epoch: 212, Training Time: 14.7834 secs
Epoch: 212, Inference Time: 1.8093 secs
Epoch: 212, Train Loss: 5.7753, Train RMSE: 12.4410, Train MAPE: 0.9180, Train WMAPE: 0.0323, 
Epoch: 212, Valid Loss: 10.6078, Valid RMSE: 40.8824, Valid MAPE: 2.6179, Valid WMAPE: 0.0609
No update
Iter: 000, Train Loss: 6.0704, Train RMSE: 12.5542, Train MAPE: 0.7077, Train WMAPE: 0.0337
Iter: 050, Train Loss: 5.6227, Train RMSE: 11.6790, Train MAPE: 0.3984, Train WMAPE: 0.0308
Epoch: 213, Training Time: 14.7763 secs
Epoch: 213, Inference Time: 1.8022 secs
Epoch: 213, Train Loss: 5.7381, Train RMSE: 12.3300, Train MAPE: 0.8035, Train WMAPE: 0.0321, 
Epoch: 213, Valid Loss: 10.5479, Valid RMSE: 40.7356, Valid MAPE: 2.4573, Valid WMAPE: 0.0606
No update
Iter: 000, Train Loss: 5.9299, Train RMSE: 12.4575, Train MAPE: 0.6920, Train WMAPE: 0.0329
Iter: 050, Train Loss: 5.6609, Train RMSE: 11.6246, Train MAPE: 0.6575, Train WMAPE: 0.0310
Epoch: 214, Training Time: 14.9009 secs
Epoch: 214, Inference Time: 1.9814 secs
Epoch: 214, Train Loss: 5.7208, Train RMSE: 12.3257, Train MAPE: 0.8138, Train WMAPE: 0.0320, 
Epoch: 214, Valid Loss: 10.3868, Valid RMSE: 40.5273, Valid MAPE: 2.1319, Valid WMAPE: 0.0596
###Update tasks appear###
Evaluate best model on test data for horizon 1, Test MAE: 9.2163, Test RMSE: 61.5021, Test MAPE: 7.7687, Test WMAPE: 0.0535
Evaluate best model on test data for horizon 2, Test MAE: 10.0678, Test RMSE: 53.0670, Test MAPE: 12.0227, Test WMAPE: 0.0585
Evaluate best model on test data for horizon 3, Test MAE: 10.3271, Test RMSE: 41.8808, Test MAPE: 15.5311, Test WMAPE: 0.0600
Evaluate best model on test data for horizon 4, Test MAE: 11.9117, Test RMSE: 50.3638, Test MAPE: 18.0505, Test WMAPE: 0.0692
Evaluate best model on test data for horizon 5, Test MAE: 13.3260, Test RMSE: 56.4433, Test MAPE: 19.2131, Test WMAPE: 0.0774
Evaluate best model on test data for horizon 6, Test MAE: 13.3627, Test RMSE: 48.1308, Test MAPE: 19.9216, Test WMAPE: 0.0777
Evaluate best model on test data for horizon 7, Test MAE: 14.3017, Test RMSE: 51.9901, Test MAPE: 19.8210, Test WMAPE: 0.0831
Evaluate best model on test data for horizon 8, Test MAE: 15.0344, Test RMSE: 54.4727, Test MAPE: 20.1651, Test WMAPE: 0.0874
Evaluate best model on test data for horizon 9, Test MAE: 15.0295, Test RMSE: 50.7345, Test MAPE: 20.6483, Test WMAPE: 0.0874
Evaluate best model on test data for horizon 10, Test MAE: 15.1703, Test RMSE: 49.2930, Test MAPE: 20.9660, Test WMAPE: 0.0882
Evaluate best model on test data for horizon 11, Test MAE: 15.9345, Test RMSE: 56.3223, Test MAPE: 20.8536, Test WMAPE: 0.0927
Evaluate best model on test data for horizon 12, Test MAE: 15.8752, Test RMSE: 55.0275, Test MAPE: 20.5905, Test WMAPE: 0.0924
On average over 12 horizons, Test MAE: 13.2964, Test RMSE: 52.4357, Test MAPE: 17.9627, Test WMAPE: 0.0773
No update
Iter: 000, Train Loss: 5.7740, Train RMSE: 12.2359, Train MAPE: 0.5807, Train WMAPE: 0.0321
Iter: 050, Train Loss: 5.7164, Train RMSE: 11.7079, Train MAPE: 0.5193, Train WMAPE: 0.0313
Epoch: 215, Training Time: 15.1692 secs
Epoch: 215, Inference Time: 1.9913 secs
Epoch: 215, Train Loss: 5.7107, Train RMSE: 12.3405, Train MAPE: 0.7915, Train WMAPE: 0.0319, 
Epoch: 215, Valid Loss: 10.4438, Valid RMSE: 40.8457, Valid MAPE: 2.6873, Valid WMAPE: 0.0600
###Update tasks appear###
Evaluate best model on test data for horizon 1, Test MAE: 9.1726, Test RMSE: 61.6851, Test MAPE: 7.8956, Test WMAPE: 0.0532
Evaluate best model on test data for horizon 2, Test MAE: 10.0230, Test RMSE: 53.1810, Test MAPE: 12.1939, Test WMAPE: 0.0582
Evaluate best model on test data for horizon 3, Test MAE: 10.2693, Test RMSE: 42.1055, Test MAPE: 15.5437, Test WMAPE: 0.0596
Evaluate best model on test data for horizon 4, Test MAE: 11.9535, Test RMSE: 50.9278, Test MAPE: 18.4536, Test WMAPE: 0.0694
Evaluate best model on test data for horizon 5, Test MAE: 13.1762, Test RMSE: 56.6341, Test MAPE: 19.4515, Test WMAPE: 0.0766
Evaluate best model on test data for horizon 6, Test MAE: 13.2204, Test RMSE: 48.2727, Test MAPE: 20.0137, Test WMAPE: 0.0768
Evaluate best model on test data for horizon 7, Test MAE: 14.2490, Test RMSE: 52.0732, Test MAPE: 20.8877, Test WMAPE: 0.0828
Evaluate best model on test data for horizon 8, Test MAE: 14.9005, Test RMSE: 54.7886, Test MAPE: 20.9415, Test WMAPE: 0.0866
Evaluate best model on test data for horizon 9, Test MAE: 14.9743, Test RMSE: 51.0852, Test MAPE: 21.4968, Test WMAPE: 0.0871
Evaluate best model on test data for horizon 10, Test MAE: 15.0396, Test RMSE: 49.3206, Test MAPE: 21.7205, Test WMAPE: 0.0875
Evaluate best model on test data for horizon 11, Test MAE: 15.7761, Test RMSE: 56.5517, Test MAPE: 21.5772, Test WMAPE: 0.0918
Evaluate best model on test data for horizon 12, Test MAE: 15.7097, Test RMSE: 55.2317, Test MAPE: 21.0509, Test WMAPE: 0.0914
On average over 12 horizons, Test MAE: 13.2054, Test RMSE: 52.6548, Test MAPE: 18.4355, Test WMAPE: 0.0768
No update
Iter: 000, Train Loss: 5.8425, Train RMSE: 12.3938, Train MAPE: 0.7593, Train WMAPE: 0.0324
Iter: 050, Train Loss: 5.7462, Train RMSE: 11.7737, Train MAPE: 0.5729, Train WMAPE: 0.0315
Epoch: 216, Training Time: 14.9707 secs
Epoch: 216, Inference Time: 1.9003 secs
Epoch: 216, Train Loss: 5.7532, Train RMSE: 12.4128, Train MAPE: 0.8229, Train WMAPE: 0.0322, 
Epoch: 216, Valid Loss: 10.4877, Valid RMSE: 40.3890, Valid MAPE: 2.3062, Valid WMAPE: 0.0602
No update
Iter: 000, Train Loss: 5.8013, Train RMSE: 12.3822, Train MAPE: 0.6444, Train WMAPE: 0.0322
Iter: 050, Train Loss: 5.7270, Train RMSE: 11.5376, Train MAPE: 0.9241, Train WMAPE: 0.0314
Epoch: 217, Training Time: 14.9631 secs
Epoch: 217, Inference Time: 1.9901 secs
Epoch: 217, Train Loss: 5.6947, Train RMSE: 12.2547, Train MAPE: 0.7963, Train WMAPE: 0.0318, 
Epoch: 217, Valid Loss: 10.5366, Valid RMSE: 40.2516, Valid MAPE: 3.5590, Valid WMAPE: 0.0605
No update
Iter: 000, Train Loss: 5.9727, Train RMSE: 12.4276, Train MAPE: 1.0650, Train WMAPE: 0.0332
Iter: 050, Train Loss: 5.6097, Train RMSE: 11.5267, Train MAPE: 0.6652, Train WMAPE: 0.0308
Epoch: 218, Training Time: 14.8786 secs
Epoch: 218, Inference Time: 1.8064 secs
Epoch: 218, Train Loss: 5.6767, Train RMSE: 12.2503, Train MAPE: 0.8641, Train WMAPE: 0.0317, 
Epoch: 218, Valid Loss: 10.6199, Valid RMSE: 40.7872, Valid MAPE: 2.8192, Valid WMAPE: 0.0610
No update
Iter: 000, Train Loss: 6.0665, Train RMSE: 12.7954, Train MAPE: 0.7673, Train WMAPE: 0.0337
Iter: 050, Train Loss: 5.7431, Train RMSE: 11.9088, Train MAPE: 0.5318, Train WMAPE: 0.0315
Epoch: 219, Training Time: 14.6779 secs
Epoch: 219, Inference Time: 2.0882 secs
Epoch: 219, Train Loss: 5.7656, Train RMSE: 12.4891, Train MAPE: 0.7940, Train WMAPE: 0.0322, 
Epoch: 219, Valid Loss: 10.5481, Valid RMSE: 40.8951, Valid MAPE: 2.7561, Valid WMAPE: 0.0606
No update
Iter: 000, Train Loss: 5.9933, Train RMSE: 12.5180, Train MAPE: 0.7809, Train WMAPE: 0.0333
Iter: 050, Train Loss: 5.7659, Train RMSE: 11.8637, Train MAPE: 0.5824, Train WMAPE: 0.0316
Epoch: 220, Training Time: 15.2834 secs
Epoch: 220, Inference Time: 1.9020 secs
Epoch: 220, Train Loss: 5.7228, Train RMSE: 12.3195, Train MAPE: 0.8045, Train WMAPE: 0.0320, 
Epoch: 220, Valid Loss: 10.5521, Valid RMSE: 40.8905, Valid MAPE: 2.1086, Valid WMAPE: 0.0606
No update
Iter: 000, Train Loss: 5.9397, Train RMSE: 12.4855, Train MAPE: 0.6117, Train WMAPE: 0.0330
Iter: 050, Train Loss: 5.8190, Train RMSE: 11.9027, Train MAPE: 0.4682, Train WMAPE: 0.0319
Epoch: 221, Training Time: 14.9823 secs
Epoch: 221, Inference Time: 1.8866 secs
Epoch: 221, Train Loss: 5.6942, Train RMSE: 12.2565, Train MAPE: 0.7867, Train WMAPE: 0.0318, 
Epoch: 221, Valid Loss: 10.5225, Valid RMSE: 40.8632, Valid MAPE: 2.7672, Valid WMAPE: 0.0604
No update
Iter: 000, Train Loss: 5.8572, Train RMSE: 12.4985, Train MAPE: 0.8469, Train WMAPE: 0.0325
Iter: 050, Train Loss: 5.6142, Train RMSE: 11.6096, Train MAPE: 0.5008, Train WMAPE: 0.0308
Epoch: 222, Training Time: 14.7892 secs
Epoch: 222, Inference Time: 2.0099 secs
Epoch: 222, Train Loss: 5.6595, Train RMSE: 12.2275, Train MAPE: 0.8123, Train WMAPE: 0.0316, 
Epoch: 222, Valid Loss: 10.4317, Valid RMSE: 40.9776, Valid MAPE: 2.2091, Valid WMAPE: 0.0599
###Update tasks appear###
Evaluate best model on test data for horizon 1, Test MAE: 9.0966, Test RMSE: 61.6959, Test MAPE: 7.6077, Test WMAPE: 0.0528
Evaluate best model on test data for horizon 2, Test MAE: 9.9314, Test RMSE: 52.9823, Test MAPE: 11.8536, Test WMAPE: 0.0577
Evaluate best model on test data for horizon 3, Test MAE: 10.2101, Test RMSE: 42.1847, Test MAPE: 15.1198, Test WMAPE: 0.0593
Evaluate best model on test data for horizon 4, Test MAE: 11.8020, Test RMSE: 50.9142, Test MAPE: 17.8375, Test WMAPE: 0.0686
Evaluate best model on test data for horizon 5, Test MAE: 13.0391, Test RMSE: 56.3821, Test MAPE: 19.0672, Test WMAPE: 0.0758
Evaluate best model on test data for horizon 6, Test MAE: 13.1106, Test RMSE: 48.1470, Test MAPE: 19.4260, Test WMAPE: 0.0762
Evaluate best model on test data for horizon 7, Test MAE: 14.1474, Test RMSE: 52.1850, Test MAPE: 20.2482, Test WMAPE: 0.0823
Evaluate best model on test data for horizon 8, Test MAE: 14.8304, Test RMSE: 54.9979, Test MAPE: 19.6931, Test WMAPE: 0.0862
Evaluate best model on test data for horizon 9, Test MAE: 14.7111, Test RMSE: 50.7796, Test MAPE: 19.9825, Test WMAPE: 0.0856
Evaluate best model on test data for horizon 10, Test MAE: 14.7973, Test RMSE: 49.3022, Test MAPE: 20.2344, Test WMAPE: 0.0861
Evaluate best model on test data for horizon 11, Test MAE: 15.5241, Test RMSE: 56.5362, Test MAPE: 20.3112, Test WMAPE: 0.0903
Evaluate best model on test data for horizon 12, Test MAE: 15.4721, Test RMSE: 55.0048, Test MAPE: 19.8370, Test WMAPE: 0.0900
On average over 12 horizons, Test MAE: 13.0560, Test RMSE: 52.5927, Test MAPE: 17.6015, Test WMAPE: 0.0759
Test low! Updating! Test Loss: 13.056020577748617, Test low! Updating! Valid Loss: 10.4316805430821, epoch:  222
Iter: 000, Train Loss: 5.7334, Train RMSE: 12.2093, Train MAPE: 0.6252, Train WMAPE: 0.0318
Iter: 050, Train Loss: 6.4561, Train RMSE: 14.1689, Train MAPE: 0.5488, Train WMAPE: 0.0354
Epoch: 223, Training Time: 14.8513 secs
Epoch: 223, Inference Time: 1.9868 secs
Epoch: 223, Train Loss: 5.7598, Train RMSE: 12.4748, Train MAPE: 0.7978, Train WMAPE: 0.0322, 
Epoch: 223, Valid Loss: 10.7384, Valid RMSE: 40.4774, Valid MAPE: 2.7613, Valid WMAPE: 0.0617
No update
Iter: 000, Train Loss: 6.3670, Train RMSE: 13.7420, Train MAPE: 0.7359, Train WMAPE: 0.0353
Iter: 050, Train Loss: 5.7517, Train RMSE: 11.6429, Train MAPE: 0.6718, Train WMAPE: 0.0315
Epoch: 224, Training Time: 14.8400 secs
Epoch: 224, Inference Time: 1.9456 secs
Epoch: 224, Train Loss: 5.7614, Train RMSE: 12.4419, Train MAPE: 0.8300, Train WMAPE: 0.0322, 
Epoch: 224, Valid Loss: 10.4467, Valid RMSE: 40.5391, Valid MAPE: 2.3704, Valid WMAPE: 0.0600
No update
Iter: 000, Train Loss: 5.7953, Train RMSE: 12.3927, Train MAPE: 0.6449, Train WMAPE: 0.0322
Iter: 050, Train Loss: 5.5522, Train RMSE: 11.4394, Train MAPE: 0.4424, Train WMAPE: 0.0304
Epoch: 225, Training Time: 14.6030 secs
Epoch: 225, Inference Time: 1.8783 secs
Epoch: 225, Train Loss: 5.6738, Train RMSE: 12.2499, Train MAPE: 0.8279, Train WMAPE: 0.0317, 
Epoch: 225, Valid Loss: 10.4318, Valid RMSE: 40.6229, Valid MAPE: 2.5065, Valid WMAPE: 0.0599
No update
Iter: 000, Train Loss: 5.8357, Train RMSE: 12.2734, Train MAPE: 0.7136, Train WMAPE: 0.0324
Iter: 050, Train Loss: 5.7656, Train RMSE: 11.8038, Train MAPE: 0.6544, Train WMAPE: 0.0316
Epoch: 226, Training Time: 14.0388 secs
Epoch: 226, Inference Time: 1.8258 secs
Epoch: 226, Train Loss: 5.6774, Train RMSE: 12.2597, Train MAPE: 0.8104, Train WMAPE: 0.0317, 
Epoch: 226, Valid Loss: 10.4226, Valid RMSE: 40.3944, Valid MAPE: 2.4300, Valid WMAPE: 0.0598
###Update tasks appear###
Evaluate best model on test data for horizon 1, Test MAE: 9.1214, Test RMSE: 61.4302, Test MAPE: 7.7552, Test WMAPE: 0.0530
Evaluate best model on test data for horizon 2, Test MAE: 9.9537, Test RMSE: 52.6549, Test MAPE: 12.1530, Test WMAPE: 0.0578
Evaluate best model on test data for horizon 3, Test MAE: 10.2864, Test RMSE: 41.8133, Test MAPE: 15.2364, Test WMAPE: 0.0597
Evaluate best model on test data for horizon 4, Test MAE: 11.8289, Test RMSE: 50.2700, Test MAPE: 17.7412, Test WMAPE: 0.0687
Evaluate best model on test data for horizon 5, Test MAE: 13.1686, Test RMSE: 55.9154, Test MAPE: 19.4103, Test WMAPE: 0.0765
Evaluate best model on test data for horizon 6, Test MAE: 13.2053, Test RMSE: 47.6139, Test MAPE: 19.7721, Test WMAPE: 0.0768
Evaluate best model on test data for horizon 7, Test MAE: 14.0832, Test RMSE: 51.4071, Test MAPE: 19.6959, Test WMAPE: 0.0819
Evaluate best model on test data for horizon 8, Test MAE: 14.7354, Test RMSE: 53.7078, Test MAPE: 19.7913, Test WMAPE: 0.0857
Evaluate best model on test data for horizon 9, Test MAE: 14.7995, Test RMSE: 50.0331, Test MAPE: 20.5646, Test WMAPE: 0.0861
Evaluate best model on test data for horizon 10, Test MAE: 14.8456, Test RMSE: 48.5065, Test MAPE: 20.3739, Test WMAPE: 0.0864
Evaluate best model on test data for horizon 11, Test MAE: 15.6333, Test RMSE: 55.7910, Test MAPE: 20.4468, Test WMAPE: 0.0909
Evaluate best model on test data for horizon 12, Test MAE: 15.6290, Test RMSE: 54.5891, Test MAPE: 20.5759, Test WMAPE: 0.0909
On average over 12 horizons, Test MAE: 13.1075, Test RMSE: 51.9777, Test MAPE: 17.7931, Test WMAPE: 0.0762
No update
Iter: 000, Train Loss: 5.8924, Train RMSE: 12.6417, Train MAPE: 0.6354, Train WMAPE: 0.0327
Iter: 050, Train Loss: 5.6470, Train RMSE: 11.6745, Train MAPE: 0.5265, Train WMAPE: 0.0310
Epoch: 227, Training Time: 14.4737 secs
Epoch: 227, Inference Time: 1.9997 secs
Epoch: 227, Train Loss: 5.6695, Train RMSE: 12.2601, Train MAPE: 0.7779, Train WMAPE: 0.0317, 
Epoch: 227, Valid Loss: 10.4482, Valid RMSE: 40.5932, Valid MAPE: 2.8636, Valid WMAPE: 0.0600
No update
Iter: 000, Train Loss: 5.7941, Train RMSE: 12.2181, Train MAPE: 0.7638, Train WMAPE: 0.0322
Iter: 050, Train Loss: 5.6654, Train RMSE: 11.6149, Train MAPE: 0.4729, Train WMAPE: 0.0311
Epoch: 228, Training Time: 14.5450 secs
Epoch: 228, Inference Time: 1.9213 secs
Epoch: 228, Train Loss: 5.6758, Train RMSE: 12.2670, Train MAPE: 0.7419, Train WMAPE: 0.0317, 
Epoch: 228, Valid Loss: 10.4080, Valid RMSE: 40.4442, Valid MAPE: 2.1016, Valid WMAPE: 0.0598
###Update tasks appear###
Evaluate best model on test data for horizon 1, Test MAE: 9.1664, Test RMSE: 61.5623, Test MAPE: 8.0918, Test WMAPE: 0.0532
Evaluate best model on test data for horizon 2, Test MAE: 9.9774, Test RMSE: 52.9147, Test MAPE: 12.4649, Test WMAPE: 0.0579
Evaluate best model on test data for horizon 3, Test MAE: 10.2392, Test RMSE: 41.8907, Test MAPE: 15.5761, Test WMAPE: 0.0595
Evaluate best model on test data for horizon 4, Test MAE: 11.8849, Test RMSE: 50.2006, Test MAPE: 18.3809, Test WMAPE: 0.0690
Evaluate best model on test data for horizon 5, Test MAE: 13.1460, Test RMSE: 55.8648, Test MAPE: 19.4305, Test WMAPE: 0.0764
Evaluate best model on test data for horizon 6, Test MAE: 13.2204, Test RMSE: 47.8718, Test MAPE: 19.7684, Test WMAPE: 0.0768
Evaluate best model on test data for horizon 7, Test MAE: 14.1717, Test RMSE: 51.6500, Test MAPE: 20.1166, Test WMAPE: 0.0824
Evaluate best model on test data for horizon 8, Test MAE: 14.8402, Test RMSE: 53.9984, Test MAPE: 20.3092, Test WMAPE: 0.0863
Evaluate best model on test data for horizon 9, Test MAE: 14.8271, Test RMSE: 50.2774, Test MAPE: 20.7080, Test WMAPE: 0.0862
Evaluate best model on test data for horizon 10, Test MAE: 14.9712, Test RMSE: 48.9916, Test MAPE: 21.0269, Test WMAPE: 0.0871
Evaluate best model on test data for horizon 11, Test MAE: 15.7388, Test RMSE: 56.1154, Test MAPE: 20.9908, Test WMAPE: 0.0916
Evaluate best model on test data for horizon 12, Test MAE: 15.7447, Test RMSE: 54.8780, Test MAPE: 20.7563, Test WMAPE: 0.0916
On average over 12 horizons, Test MAE: 13.1607, Test RMSE: 52.1846, Test MAPE: 18.1350, Test WMAPE: 0.0765
No update
Iter: 000, Train Loss: 5.7005, Train RMSE: 12.1638, Train MAPE: 0.5465, Train WMAPE: 0.0316
Iter: 050, Train Loss: 5.6090, Train RMSE: 11.4439, Train MAPE: 0.4831, Train WMAPE: 0.0308
Epoch: 229, Training Time: 14.9024 secs
Epoch: 229, Inference Time: 1.9049 secs
Epoch: 229, Train Loss: 5.7014, Train RMSE: 12.3118, Train MAPE: 0.8022, Train WMAPE: 0.0319, 
Epoch: 229, Valid Loss: 10.5368, Valid RMSE: 40.6072, Valid MAPE: 2.7885, Valid WMAPE: 0.0605
No update
Iter: 000, Train Loss: 5.8848, Train RMSE: 12.5573, Train MAPE: 0.7921, Train WMAPE: 0.0327
Iter: 050, Train Loss: 5.5578, Train RMSE: 11.3027, Train MAPE: 0.4598, Train WMAPE: 0.0305
Epoch: 230, Training Time: 15.0030 secs
Epoch: 230, Inference Time: 1.9585 secs
Epoch: 230, Train Loss: 5.6790, Train RMSE: 12.2516, Train MAPE: 0.8097, Train WMAPE: 0.0318, 
Epoch: 230, Valid Loss: 10.4048, Valid RMSE: 40.4810, Valid MAPE: 2.1354, Valid WMAPE: 0.0597
###Update tasks appear###
Evaluate best model on test data for horizon 1, Test MAE: 9.1758, Test RMSE: 61.6035, Test MAPE: 7.9722, Test WMAPE: 0.0533
Evaluate best model on test data for horizon 2, Test MAE: 9.9979, Test RMSE: 52.9788, Test MAPE: 12.2641, Test WMAPE: 0.0581
Evaluate best model on test data for horizon 3, Test MAE: 10.2904, Test RMSE: 41.8942, Test MAPE: 15.7343, Test WMAPE: 0.0598
Evaluate best model on test data for horizon 4, Test MAE: 11.8455, Test RMSE: 50.2572, Test MAPE: 18.1103, Test WMAPE: 0.0688
Evaluate best model on test data for horizon 5, Test MAE: 13.1253, Test RMSE: 56.2096, Test MAPE: 19.2230, Test WMAPE: 0.0763
Evaluate best model on test data for horizon 6, Test MAE: 13.2022, Test RMSE: 47.9473, Test MAPE: 19.4939, Test WMAPE: 0.0767
Evaluate best model on test data for horizon 7, Test MAE: 14.1270, Test RMSE: 51.6607, Test MAPE: 19.8070, Test WMAPE: 0.0821
Evaluate best model on test data for horizon 8, Test MAE: 14.7721, Test RMSE: 53.9379, Test MAPE: 20.0584, Test WMAPE: 0.0859
Evaluate best model on test data for horizon 9, Test MAE: 14.7834, Test RMSE: 50.3875, Test MAPE: 20.4183, Test WMAPE: 0.0860
Evaluate best model on test data for horizon 10, Test MAE: 14.8850, Test RMSE: 49.0429, Test MAPE: 20.7282, Test WMAPE: 0.0866
Evaluate best model on test data for horizon 11, Test MAE: 15.6183, Test RMSE: 56.0960, Test MAPE: 20.7732, Test WMAPE: 0.0909
Evaluate best model on test data for horizon 12, Test MAE: 15.5881, Test RMSE: 54.8542, Test MAPE: 20.5380, Test WMAPE: 0.0907
On average over 12 horizons, Test MAE: 13.1176, Test RMSE: 52.2392, Test MAPE: 17.9267, Test WMAPE: 0.0763
No update
Iter: 000, Train Loss: 5.6750, Train RMSE: 12.2003, Train MAPE: 0.4763, Train WMAPE: 0.0315
Iter: 050, Train Loss: 5.5984, Train RMSE: 11.4532, Train MAPE: 0.5100, Train WMAPE: 0.0307
Epoch: 231, Training Time: 14.5654 secs
Epoch: 231, Inference Time: 1.9009 secs
Epoch: 231, Train Loss: 5.6508, Train RMSE: 12.1936, Train MAPE: 0.7736, Train WMAPE: 0.0316, 
Epoch: 231, Valid Loss: 10.4791, Valid RMSE: 40.7888, Valid MAPE: 2.7170, Valid WMAPE: 0.0602
No update
Iter: 000, Train Loss: 5.7849, Train RMSE: 12.3552, Train MAPE: 0.7669, Train WMAPE: 0.0321
Iter: 050, Train Loss: 5.7775, Train RMSE: 11.8254, Train MAPE: 0.8868, Train WMAPE: 0.0317
Epoch: 232, Training Time: 15.0699 secs
Epoch: 232, Inference Time: 1.9110 secs
Epoch: 232, Train Loss: 5.6677, Train RMSE: 12.1666, Train MAPE: 0.9663, Train WMAPE: 0.0317, 
Epoch: 232, Valid Loss: 10.8344, Valid RMSE: 41.0089, Valid MAPE: 5.7976, Valid WMAPE: 0.0622
No update
Iter: 000, Train Loss: 6.0891, Train RMSE: 12.2989, Train MAPE: 2.0924, Train WMAPE: 0.0338
Iter: 050, Train Loss: 5.7497, Train RMSE: 11.4683, Train MAPE: 0.9393, Train WMAPE: 0.0315
Epoch: 233, Training Time: 14.8774 secs
Epoch: 233, Inference Time: 1.8026 secs
Epoch: 233, Train Loss: 5.6871, Train RMSE: 12.0997, Train MAPE: 1.0675, Train WMAPE: 0.0318, 
Epoch: 233, Valid Loss: 10.5886, Valid RMSE: 40.9022, Valid MAPE: 3.9110, Valid WMAPE: 0.0608
No update
Iter: 000, Train Loss: 5.8140, Train RMSE: 12.1206, Train MAPE: 1.2141, Train WMAPE: 0.0323
Iter: 050, Train Loss: 5.6951, Train RMSE: 11.5489, Train MAPE: 0.9256, Train WMAPE: 0.0312
Epoch: 234, Training Time: 14.9756 secs
Epoch: 234, Inference Time: 1.9042 secs
Epoch: 234, Train Loss: 5.6456, Train RMSE: 12.0456, Train MAPE: 1.0760, Train WMAPE: 0.0316, 
Epoch: 234, Valid Loss: 10.4929, Valid RMSE: 40.8382, Valid MAPE: 3.0477, Valid WMAPE: 0.0603
No update
Iter: 000, Train Loss: 5.7275, Train RMSE: 11.9349, Train MAPE: 0.9233, Train WMAPE: 0.0318
Iter: 050, Train Loss: 5.6722, Train RMSE: 11.6499, Train MAPE: 0.4758, Train WMAPE: 0.0311
Epoch: 235, Training Time: 15.1668 secs
Epoch: 235, Inference Time: 1.8169 secs
Epoch: 235, Train Loss: 5.6372, Train RMSE: 12.1338, Train MAPE: 0.8852, Train WMAPE: 0.0315, 
Epoch: 235, Valid Loss: 10.4374, Valid RMSE: 40.7275, Valid MAPE: 2.0430, Valid WMAPE: 0.0599
No update
Iter: 000, Train Loss: 5.8431, Train RMSE: 12.3198, Train MAPE: 0.6337, Train WMAPE: 0.0324
Iter: 050, Train Loss: 5.5492, Train RMSE: 11.4981, Train MAPE: 0.4324, Train WMAPE: 0.0304
Epoch: 236, Training Time: 14.2638 secs
Epoch: 236, Inference Time: 1.9010 secs
Epoch: 236, Train Loss: 5.6165, Train RMSE: 12.1071, Train MAPE: 0.8100, Train WMAPE: 0.0314, 
Epoch: 236, Valid Loss: 10.5895, Valid RMSE: 40.7129, Valid MAPE: 3.1362, Valid WMAPE: 0.0608
No update
Iter: 000, Train Loss: 5.8132, Train RMSE: 12.2205, Train MAPE: 0.9874, Train WMAPE: 0.0323
Iter: 050, Train Loss: 5.5091, Train RMSE: 11.3251, Train MAPE: 0.4598, Train WMAPE: 0.0302
Epoch: 237, Training Time: 14.6870 secs
Epoch: 237, Inference Time: 2.0840 secs
Epoch: 237, Train Loss: 5.6540, Train RMSE: 12.2041, Train MAPE: 0.8047, Train WMAPE: 0.0316, 
Epoch: 237, Valid Loss: 10.5070, Valid RMSE: 40.8249, Valid MAPE: 2.6593, Valid WMAPE: 0.0603
No update
Iter: 000, Train Loss: 5.7179, Train RMSE: 12.2001, Train MAPE: 0.6628, Train WMAPE: 0.0317
Iter: 050, Train Loss: 5.6921, Train RMSE: 11.6386, Train MAPE: 0.5224, Train WMAPE: 0.0312
Epoch: 238, Training Time: 14.7953 secs
Epoch: 238, Inference Time: 2.0886 secs
Epoch: 238, Train Loss: 5.6346, Train RMSE: 12.1778, Train MAPE: 0.7449, Train WMAPE: 0.0315, 
Epoch: 238, Valid Loss: 10.5053, Valid RMSE: 40.7206, Valid MAPE: 3.1304, Valid WMAPE: 0.0603
No update
Iter: 000, Train Loss: 5.9023, Train RMSE: 12.3736, Train MAPE: 0.9100, Train WMAPE: 0.0328
Iter: 050, Train Loss: 5.6696, Train RMSE: 11.5807, Train MAPE: 0.5538, Train WMAPE: 0.0311
Epoch: 239, Training Time: 14.4882 secs
Epoch: 239, Inference Time: 1.9190 secs
Epoch: 239, Train Loss: 5.6246, Train RMSE: 12.1364, Train MAPE: 0.8009, Train WMAPE: 0.0314, 
Epoch: 239, Valid Loss: 10.3602, Valid RMSE: 40.4558, Valid MAPE: 1.9978, Valid WMAPE: 0.0595
###Update tasks appear###
Evaluate best model on test data for horizon 1, Test MAE: 9.0809, Test RMSE: 61.5517, Test MAPE: 7.8339, Test WMAPE: 0.0527
Evaluate best model on test data for horizon 2, Test MAE: 9.8893, Test RMSE: 52.6681, Test MAPE: 12.2079, Test WMAPE: 0.0574
Evaluate best model on test data for horizon 3, Test MAE: 10.2025, Test RMSE: 41.5399, Test MAPE: 15.8091, Test WMAPE: 0.0593
Evaluate best model on test data for horizon 4, Test MAE: 11.7975, Test RMSE: 50.2470, Test MAPE: 17.9600, Test WMAPE: 0.0685
Evaluate best model on test data for horizon 5, Test MAE: 13.0589, Test RMSE: 56.0562, Test MAPE: 19.0142, Test WMAPE: 0.0759
Evaluate best model on test data for horizon 6, Test MAE: 13.1405, Test RMSE: 47.7160, Test MAPE: 19.1669, Test WMAPE: 0.0764
Evaluate best model on test data for horizon 7, Test MAE: 14.1364, Test RMSE: 51.6156, Test MAPE: 19.7646, Test WMAPE: 0.0822
Evaluate best model on test data for horizon 8, Test MAE: 14.8121, Test RMSE: 54.1657, Test MAPE: 19.9747, Test WMAPE: 0.0861
Evaluate best model on test data for horizon 9, Test MAE: 14.7964, Test RMSE: 50.2575, Test MAPE: 20.0310, Test WMAPE: 0.0861
Evaluate best model on test data for horizon 10, Test MAE: 14.9425, Test RMSE: 49.0878, Test MAPE: 20.3436, Test WMAPE: 0.0869
Evaluate best model on test data for horizon 11, Test MAE: 15.7109, Test RMSE: 56.0969, Test MAPE: 20.3362, Test WMAPE: 0.0914
Evaluate best model on test data for horizon 12, Test MAE: 15.6649, Test RMSE: 54.9142, Test MAPE: 20.0952, Test WMAPE: 0.0911
On average over 12 horizons, Test MAE: 13.1027, Test RMSE: 52.1597, Test MAPE: 17.7114, Test WMAPE: 0.0762
No update
Iter: 000, Train Loss: 5.6272, Train RMSE: 11.9233, Train MAPE: 0.4935, Train WMAPE: 0.0312
Iter: 050, Train Loss: 5.6188, Train RMSE: 11.5089, Train MAPE: 0.5260, Train WMAPE: 0.0308
Epoch: 240, Training Time: 14.9691 secs
Epoch: 240, Inference Time: 1.9039 secs
Epoch: 240, Train Loss: 5.6031, Train RMSE: 12.0995, Train MAPE: 0.7924, Train WMAPE: 0.0313, 
Epoch: 240, Valid Loss: 10.4121, Valid RMSE: 40.5861, Valid MAPE: 2.2957, Valid WMAPE: 0.0598
###Update tasks appear###
Evaluate best model on test data for horizon 1, Test MAE: 9.1252, Test RMSE: 61.6345, Test MAPE: 7.9654, Test WMAPE: 0.0530
Evaluate best model on test data for horizon 2, Test MAE: 9.9704, Test RMSE: 52.9988, Test MAPE: 12.2838, Test WMAPE: 0.0579
Evaluate best model on test data for horizon 3, Test MAE: 10.2039, Test RMSE: 41.5860, Test MAPE: 15.7323, Test WMAPE: 0.0593
Evaluate best model on test data for horizon 4, Test MAE: 11.8263, Test RMSE: 50.3544, Test MAPE: 18.4196, Test WMAPE: 0.0687
Evaluate best model on test data for horizon 5, Test MAE: 13.0954, Test RMSE: 56.2271, Test MAPE: 19.6243, Test WMAPE: 0.0761
Evaluate best model on test data for horizon 6, Test MAE: 13.1813, Test RMSE: 48.0631, Test MAPE: 19.5675, Test WMAPE: 0.0766
Evaluate best model on test data for horizon 7, Test MAE: 14.1874, Test RMSE: 51.7980, Test MAPE: 20.6363, Test WMAPE: 0.0825
Evaluate best model on test data for horizon 8, Test MAE: 14.7642, Test RMSE: 54.0195, Test MAPE: 20.8051, Test WMAPE: 0.0859
Evaluate best model on test data for horizon 9, Test MAE: 14.6837, Test RMSE: 50.1760, Test MAPE: 20.5852, Test WMAPE: 0.0854
Evaluate best model on test data for horizon 10, Test MAE: 14.8220, Test RMSE: 48.8952, Test MAPE: 20.7585, Test WMAPE: 0.0862
Evaluate best model on test data for horizon 11, Test MAE: 15.5346, Test RMSE: 55.7858, Test MAPE: 20.8628, Test WMAPE: 0.0904
Evaluate best model on test data for horizon 12, Test MAE: 15.4895, Test RMSE: 54.4814, Test MAPE: 20.7167, Test WMAPE: 0.0901
On average over 12 horizons, Test MAE: 13.0737, Test RMSE: 52.1683, Test MAPE: 18.1631, Test WMAPE: 0.0760
No update
Iter: 000, Train Loss: 5.5997, Train RMSE: 11.9969, Train MAPE: 0.6291, Train WMAPE: 0.0311
Iter: 050, Train Loss: 5.6084, Train RMSE: 11.5645, Train MAPE: 0.6126, Train WMAPE: 0.0308
Epoch: 241, Training Time: 14.8036 secs
Epoch: 241, Inference Time: 2.0060 secs
Epoch: 241, Train Loss: 5.5911, Train RMSE: 12.0217, Train MAPE: 0.9046, Train WMAPE: 0.0313, 
Epoch: 241, Valid Loss: 10.5231, Valid RMSE: 40.7011, Valid MAPE: 3.6305, Valid WMAPE: 0.0604
No update
Iter: 000, Train Loss: 5.8422, Train RMSE: 12.1046, Train MAPE: 1.2224, Train WMAPE: 0.0324
Iter: 050, Train Loss: 5.5063, Train RMSE: 11.2623, Train MAPE: 0.7909, Train WMAPE: 0.0302
Epoch: 242, Training Time: 14.4379 secs
Epoch: 242, Inference Time: 1.9301 secs
Epoch: 242, Train Loss: 5.6025, Train RMSE: 11.9974, Train MAPE: 1.0446, Train WMAPE: 0.0313, 
Epoch: 242, Valid Loss: 10.4348, Valid RMSE: 40.6314, Valid MAPE: 2.3711, Valid WMAPE: 0.0599
No update
Iter: 000, Train Loss: 5.6898, Train RMSE: 12.0306, Train MAPE: 0.7651, Train WMAPE: 0.0316
Iter: 050, Train Loss: 5.4793, Train RMSE: 11.2906, Train MAPE: 0.4087, Train WMAPE: 0.0300
Epoch: 243, Training Time: 15.0820 secs
Epoch: 243, Inference Time: 2.0891 secs
Epoch: 243, Train Loss: 5.6302, Train RMSE: 12.0183, Train MAPE: 1.0318, Train WMAPE: 0.0315, 
Epoch: 243, Valid Loss: 10.5014, Valid RMSE: 40.5430, Valid MAPE: 3.4138, Valid WMAPE: 0.0603
No update
Iter: 000, Train Loss: 5.8035, Train RMSE: 12.3779, Train MAPE: 1.0619, Train WMAPE: 0.0322
Iter: 050, Train Loss: 5.4789, Train RMSE: 11.2299, Train MAPE: 0.6417, Train WMAPE: 0.0300
Epoch: 244, Training Time: 14.9885 secs
Epoch: 244, Inference Time: 2.0880 secs
Epoch: 244, Train Loss: 5.6017, Train RMSE: 11.9773, Train MAPE: 1.0314, Train WMAPE: 0.0313, 
Epoch: 244, Valid Loss: 10.3758, Valid RMSE: 40.6059, Valid MAPE: 1.9015, Valid WMAPE: 0.0596
###Update tasks appear###
Evaluate best model on test data for horizon 1, Test MAE: 9.0833, Test RMSE: 61.6465, Test MAPE: 7.7165, Test WMAPE: 0.0527
Evaluate best model on test data for horizon 2, Test MAE: 9.9188, Test RMSE: 52.9353, Test MAPE: 12.0573, Test WMAPE: 0.0576
Evaluate best model on test data for horizon 3, Test MAE: 10.1949, Test RMSE: 41.7941, Test MAPE: 15.4551, Test WMAPE: 0.0592
Evaluate best model on test data for horizon 4, Test MAE: 11.8215, Test RMSE: 50.6322, Test MAPE: 17.8985, Test WMAPE: 0.0687
Evaluate best model on test data for horizon 5, Test MAE: 13.0648, Test RMSE: 56.1237, Test MAPE: 18.9257, Test WMAPE: 0.0759
Evaluate best model on test data for horizon 6, Test MAE: 13.1710, Test RMSE: 48.0717, Test MAPE: 19.2310, Test WMAPE: 0.0766
Evaluate best model on test data for horizon 7, Test MAE: 14.1218, Test RMSE: 51.8520, Test MAPE: 19.4411, Test WMAPE: 0.0821
Evaluate best model on test data for horizon 8, Test MAE: 14.7922, Test RMSE: 54.2393, Test MAPE: 19.8292, Test WMAPE: 0.0860
Evaluate best model on test data for horizon 9, Test MAE: 14.7559, Test RMSE: 50.2925, Test MAPE: 20.0796, Test WMAPE: 0.0858
Evaluate best model on test data for horizon 10, Test MAE: 14.8814, Test RMSE: 49.0947, Test MAPE: 20.3595, Test WMAPE: 0.0866
Evaluate best model on test data for horizon 11, Test MAE: 15.6149, Test RMSE: 56.1296, Test MAPE: 20.4624, Test WMAPE: 0.0908
Evaluate best model on test data for horizon 12, Test MAE: 15.5602, Test RMSE: 54.8272, Test MAPE: 20.2445, Test WMAPE: 0.0905
On average over 12 horizons, Test MAE: 13.0817, Test RMSE: 52.3032, Test MAPE: 17.6417, Test WMAPE: 0.0760
No update
Iter: 000, Train Loss: 5.6363, Train RMSE: 11.9688, Train MAPE: 0.4451, Train WMAPE: 0.0313
Iter: 050, Train Loss: 5.6636, Train RMSE: 11.3178, Train MAPE: 1.1792, Train WMAPE: 0.0311
Epoch: 245, Training Time: 14.8605 secs
Epoch: 245, Inference Time: 1.9140 secs
Epoch: 245, Train Loss: 5.5731, Train RMSE: 11.9612, Train MAPE: 1.0129, Train WMAPE: 0.0312, 
Epoch: 245, Valid Loss: 10.4404, Valid RMSE: 40.7907, Valid MAPE: 2.4054, Valid WMAPE: 0.0599
No update
Iter: 000, Train Loss: 5.6175, Train RMSE: 11.9954, Train MAPE: 0.5708, Train WMAPE: 0.0312
Iter: 050, Train Loss: 5.6034, Train RMSE: 11.2692, Train MAPE: 1.0579, Train WMAPE: 0.0307
Epoch: 246, Training Time: 14.9674 secs
Epoch: 246, Inference Time: 1.8964 secs
Epoch: 246, Train Loss: 5.6211, Train RMSE: 12.0160, Train MAPE: 1.0263, Train WMAPE: 0.0314, 
Epoch: 246, Valid Loss: 10.3882, Valid RMSE: 40.6354, Valid MAPE: 2.1575, Valid WMAPE: 0.0596
###Update tasks appear###
Evaluate best model on test data for horizon 1, Test MAE: 9.0905, Test RMSE: 61.6459, Test MAPE: 7.7426, Test WMAPE: 0.0528
Evaluate best model on test data for horizon 2, Test MAE: 9.9175, Test RMSE: 52.9438, Test MAPE: 12.0154, Test WMAPE: 0.0576
Evaluate best model on test data for horizon 3, Test MAE: 10.1861, Test RMSE: 41.6146, Test MAPE: 15.2868, Test WMAPE: 0.0592
Evaluate best model on test data for horizon 4, Test MAE: 11.8507, Test RMSE: 50.7066, Test MAPE: 17.7410, Test WMAPE: 0.0689
Evaluate best model on test data for horizon 5, Test MAE: 13.0772, Test RMSE: 56.3152, Test MAPE: 18.9131, Test WMAPE: 0.0760
Evaluate best model on test data for horizon 6, Test MAE: 13.1597, Test RMSE: 48.0563, Test MAPE: 19.2922, Test WMAPE: 0.0765
Evaluate best model on test data for horizon 7, Test MAE: 14.0548, Test RMSE: 51.7621, Test MAPE: 19.5282, Test WMAPE: 0.0817
Evaluate best model on test data for horizon 8, Test MAE: 14.7490, Test RMSE: 54.3680, Test MAPE: 19.9060, Test WMAPE: 0.0858
Evaluate best model on test data for horizon 9, Test MAE: 14.6929, Test RMSE: 50.3752, Test MAPE: 20.1439, Test WMAPE: 0.0855
Evaluate best model on test data for horizon 10, Test MAE: 14.8054, Test RMSE: 49.0007, Test MAPE: 20.3588, Test WMAPE: 0.0861
Evaluate best model on test data for horizon 11, Test MAE: 15.5521, Test RMSE: 56.1788, Test MAPE: 20.4309, Test WMAPE: 0.0905
Evaluate best model on test data for horizon 12, Test MAE: 15.5156, Test RMSE: 54.7702, Test MAPE: 20.1362, Test WMAPE: 0.0903
On average over 12 horizons, Test MAE: 13.0543, Test RMSE: 52.3114, Test MAPE: 17.6246, Test WMAPE: 0.0759
Test low! Updating! Test Loss: 13.054296652475992, Test low! Updating! Valid Loss: 10.388228722981044, epoch:  246
Iter: 000, Train Loss: 5.6311, Train RMSE: 12.1457, Train MAPE: 0.6080, Train WMAPE: 0.0313
Iter: 050, Train Loss: 5.5731, Train RMSE: 11.4333, Train MAPE: 0.4915, Train WMAPE: 0.0306
Epoch: 247, Training Time: 14.0405 secs
Epoch: 247, Inference Time: 2.0117 secs
Epoch: 247, Train Loss: 5.5829, Train RMSE: 12.0264, Train MAPE: 0.8246, Train WMAPE: 0.0312, 
Epoch: 247, Valid Loss: 10.7205, Valid RMSE: 40.3184, Valid MAPE: 2.5997, Valid WMAPE: 0.0616
No update
Iter: 000, Train Loss: 5.9565, Train RMSE: 12.4183, Train MAPE: 0.7369, Train WMAPE: 0.0331
Iter: 050, Train Loss: 5.5241, Train RMSE: 11.2956, Train MAPE: 0.6945, Train WMAPE: 0.0303
Epoch: 248, Training Time: 14.6675 secs
Epoch: 248, Inference Time: 1.8914 secs
Epoch: 248, Train Loss: 5.6006, Train RMSE: 12.0091, Train MAPE: 0.8167, Train WMAPE: 0.0313, 
Epoch: 248, Valid Loss: 10.4582, Valid RMSE: 40.5193, Valid MAPE: 2.8574, Valid WMAPE: 0.0600
No update
Iter: 000, Train Loss: 6.1196, Train RMSE: 13.9024, Train MAPE: 0.7606, Train WMAPE: 0.0340
Iter: 050, Train Loss: 5.4542, Train RMSE: 11.2186, Train MAPE: 0.4705, Train WMAPE: 0.0299
Epoch: 249, Training Time: 14.6803 secs
Epoch: 249, Inference Time: 1.9140 secs
Epoch: 249, Train Loss: 5.5985, Train RMSE: 12.0552, Train MAPE: 0.8553, Train WMAPE: 0.0313, 
Epoch: 249, Valid Loss: 10.4224, Valid RMSE: 40.5569, Valid MAPE: 2.6700, Valid WMAPE: 0.0598
No update
Iter: 000, Train Loss: 5.8859, Train RMSE: 12.3779, Train MAPE: 0.7249, Train WMAPE: 0.0327
Iter: 050, Train Loss: 5.4866, Train RMSE: 11.1575, Train MAPE: 0.5322, Train WMAPE: 0.0301
Epoch: 250, Training Time: 14.6057 secs
Epoch: 250, Inference Time: 2.0656 secs
Epoch: 250, Train Loss: 5.5915, Train RMSE: 12.0217, Train MAPE: 0.8098, Train WMAPE: 0.0313, 
Epoch: 250, Valid Loss: 10.4491, Valid RMSE: 40.6026, Valid MAPE: 1.9611, Valid WMAPE: 0.0600
No update
Iter: 000, Train Loss: 5.7321, Train RMSE: 12.1450, Train MAPE: 0.5046, Train WMAPE: 0.0318
Iter: 050, Train Loss: 6.4192, Train RMSE: 13.9487, Train MAPE: 0.5170, Train WMAPE: 0.0352
Epoch: 251, Training Time: 14.9676 secs
Epoch: 251, Inference Time: 1.8956 secs
Epoch: 251, Train Loss: 5.6531, Train RMSE: 12.2011, Train MAPE: 0.7893, Train WMAPE: 0.0316, 
Epoch: 251, Valid Loss: 10.4644, Valid RMSE: 40.2157, Valid MAPE: 2.3310, Valid WMAPE: 0.0601
No update
Iter: 000, Train Loss: 5.6853, Train RMSE: 12.2123, Train MAPE: 0.6220, Train WMAPE: 0.0316
Iter: 050, Train Loss: 5.6342, Train RMSE: 11.4096, Train MAPE: 0.6138, Train WMAPE: 0.0309
Epoch: 252, Training Time: 14.9939 secs
Epoch: 252, Inference Time: 1.9922 secs
Epoch: 252, Train Loss: 5.6118, Train RMSE: 12.0585, Train MAPE: 0.8407, Train WMAPE: 0.0314, 
Epoch: 252, Valid Loss: 10.4291, Valid RMSE: 40.2483, Valid MAPE: 2.8840, Valid WMAPE: 0.0599
No update
Iter: 000, Train Loss: 5.6117, Train RMSE: 11.9553, Train MAPE: 0.8085, Train WMAPE: 0.0312
Iter: 050, Train Loss: 5.5381, Train RMSE: 11.3500, Train MAPE: 0.7021, Train WMAPE: 0.0304
Epoch: 253, Training Time: 15.0789 secs
Epoch: 253, Inference Time: 2.0183 secs
Epoch: 253, Train Loss: 5.6296, Train RMSE: 12.0999, Train MAPE: 0.9271, Train WMAPE: 0.0315, 
Epoch: 253, Valid Loss: 10.6039, Valid RMSE: 40.3615, Valid MAPE: 3.1345, Valid WMAPE: 0.0609
No update
Iter: 000, Train Loss: 5.9187, Train RMSE: 12.3371, Train MAPE: 0.8982, Train WMAPE: 0.0329
Iter: 050, Train Loss: 5.4532, Train RMSE: 11.1965, Train MAPE: 0.4824, Train WMAPE: 0.0299
Epoch: 254, Training Time: 15.6190 secs
Epoch: 254, Inference Time: 1.8540 secs
Epoch: 254, Train Loss: 5.5976, Train RMSE: 12.0514, Train MAPE: 0.8041, Train WMAPE: 0.0313, 
Epoch: 254, Valid Loss: 10.4477, Valid RMSE: 40.5447, Valid MAPE: 2.9066, Valid WMAPE: 0.0600
No update
Iter: 000, Train Loss: 5.7248, Train RMSE: 12.1797, Train MAPE: 0.8475, Train WMAPE: 0.0318
Iter: 050, Train Loss: 5.3960, Train RMSE: 11.0759, Train MAPE: 0.4719, Train WMAPE: 0.0296
Epoch: 255, Training Time: 14.7666 secs
Epoch: 255, Inference Time: 2.0959 secs
Epoch: 255, Train Loss: 5.5332, Train RMSE: 11.9289, Train MAPE: 0.8000, Train WMAPE: 0.0309, 
Epoch: 255, Valid Loss: 10.4175, Valid RMSE: 40.3558, Valid MAPE: 2.4632, Valid WMAPE: 0.0598
No update
Iter: 000, Train Loss: 5.7922, Train RMSE: 12.1477, Train MAPE: 0.6543, Train WMAPE: 0.0322
Iter: 050, Train Loss: 5.5906, Train RMSE: 11.3464, Train MAPE: 0.5142, Train WMAPE: 0.0307
Epoch: 256, Training Time: 14.5864 secs
Epoch: 256, Inference Time: 1.9918 secs
Epoch: 256, Train Loss: 5.5663, Train RMSE: 11.9781, Train MAPE: 0.7431, Train WMAPE: 0.0311, 
Epoch: 256, Valid Loss: 10.4633, Valid RMSE: 40.4415, Valid MAPE: 2.5495, Valid WMAPE: 0.0601
No update
Iter: 000, Train Loss: 5.6477, Train RMSE: 12.0401, Train MAPE: 0.6839, Train WMAPE: 0.0314
Iter: 050, Train Loss: 5.6538, Train RMSE: 11.5487, Train MAPE: 0.4310, Train WMAPE: 0.0310
Epoch: 257, Training Time: 14.4911 secs
Epoch: 257, Inference Time: 1.8856 secs
Epoch: 257, Train Loss: 5.5914, Train RMSE: 12.0148, Train MAPE: 0.8274, Train WMAPE: 0.0313, 
Epoch: 257, Valid Loss: 10.5289, Valid RMSE: 40.5649, Valid MAPE: 2.5129, Valid WMAPE: 0.0605
No update
Iter: 000, Train Loss: 5.7027, Train RMSE: 12.2428, Train MAPE: 0.7235, Train WMAPE: 0.0317
Iter: 050, Train Loss: 5.5205, Train RMSE: 11.4214, Train MAPE: 0.6204, Train WMAPE: 0.0303
Epoch: 258, Training Time: 15.1893 secs
Epoch: 258, Inference Time: 1.9090 secs
Epoch: 258, Train Loss: 5.5408, Train RMSE: 11.9491, Train MAPE: 0.8135, Train WMAPE: 0.0310, 
Epoch: 258, Valid Loss: 10.3974, Valid RMSE: 40.6655, Valid MAPE: 2.2855, Valid WMAPE: 0.0597
No update
Iter: 000, Train Loss: 5.7675, Train RMSE: 12.6735, Train MAPE: 0.5960, Train WMAPE: 0.0320
Iter: 050, Train Loss: 5.6337, Train RMSE: 11.2287, Train MAPE: 1.0865, Train WMAPE: 0.0309
Epoch: 259, Training Time: 15.0681 secs
Epoch: 259, Inference Time: 2.0043 secs
Epoch: 259, Train Loss: 5.6042, Train RMSE: 12.0964, Train MAPE: 0.8052, Train WMAPE: 0.0313, 
Epoch: 259, Valid Loss: 10.5199, Valid RMSE: 40.7968, Valid MAPE: 2.4647, Valid WMAPE: 0.0604
No update
Iter: 000, Train Loss: 5.8619, Train RMSE: 12.3555, Train MAPE: 0.6849, Train WMAPE: 0.0325
Iter: 050, Train Loss: 5.4999, Train RMSE: 11.2367, Train MAPE: 0.5225, Train WMAPE: 0.0302
Epoch: 260, Training Time: 14.5713 secs
Epoch: 260, Inference Time: 1.9086 secs
Epoch: 260, Train Loss: 5.5939, Train RMSE: 12.0629, Train MAPE: 0.7981, Train WMAPE: 0.0313, 
Epoch: 260, Valid Loss: 10.3483, Valid RMSE: 40.3455, Valid MAPE: 2.2120, Valid WMAPE: 0.0594
###Update tasks appear###
Evaluate best model on test data for horizon 1, Test MAE: 9.1029, Test RMSE: 61.4323, Test MAPE: 7.9689, Test WMAPE: 0.0528
Evaluate best model on test data for horizon 2, Test MAE: 9.9052, Test RMSE: 52.5997, Test MAPE: 12.2643, Test WMAPE: 0.0575
Evaluate best model on test data for horizon 3, Test MAE: 10.2137, Test RMSE: 41.7063, Test MAPE: 15.6527, Test WMAPE: 0.0593
Evaluate best model on test data for horizon 4, Test MAE: 11.7635, Test RMSE: 50.1266, Test MAPE: 18.0082, Test WMAPE: 0.0683
Evaluate best model on test data for horizon 5, Test MAE: 13.0395, Test RMSE: 56.0707, Test MAPE: 18.9938, Test WMAPE: 0.0758
Evaluate best model on test data for horizon 6, Test MAE: 13.1222, Test RMSE: 47.9314, Test MAPE: 19.1460, Test WMAPE: 0.0763
Evaluate best model on test data for horizon 7, Test MAE: 14.0706, Test RMSE: 51.8051, Test MAPE: 19.3125, Test WMAPE: 0.0818
Evaluate best model on test data for horizon 8, Test MAE: 14.6841, Test RMSE: 54.0754, Test MAPE: 19.6376, Test WMAPE: 0.0854
Evaluate best model on test data for horizon 9, Test MAE: 14.7019, Test RMSE: 50.2947, Test MAPE: 19.8722, Test WMAPE: 0.0855
Evaluate best model on test data for horizon 10, Test MAE: 14.8026, Test RMSE: 48.9723, Test MAPE: 20.3936, Test WMAPE: 0.0861
Evaluate best model on test data for horizon 11, Test MAE: 15.5508, Test RMSE: 56.0272, Test MAPE: 20.4419, Test WMAPE: 0.0905
Evaluate best model on test data for horizon 12, Test MAE: 15.4865, Test RMSE: 54.7131, Test MAPE: 20.0540, Test WMAPE: 0.0901
On average over 12 horizons, Test MAE: 13.0370, Test RMSE: 52.1462, Test MAPE: 17.6455, Test WMAPE: 0.0758
Test low! Updating! Test Loss: 13.036967833836874, Test low! Updating! Valid Loss: 10.348253795078822, epoch:  260
Iter: 000, Train Loss: 5.6296, Train RMSE: 11.9795, Train MAPE: 0.5452, Train WMAPE: 0.0313
Iter: 050, Train Loss: 5.3874, Train RMSE: 11.0597, Train MAPE: 0.3429, Train WMAPE: 0.0295
Epoch: 261, Training Time: 14.7573 secs
Epoch: 261, Inference Time: 1.8855 secs
Epoch: 261, Train Loss: 5.5116, Train RMSE: 11.8791, Train MAPE: 0.7957, Train WMAPE: 0.0308, 
Epoch: 261, Valid Loss: 10.4545, Valid RMSE: 40.2489, Valid MAPE: 3.2840, Valid WMAPE: 0.0600
No update
Iter: 000, Train Loss: 5.7172, Train RMSE: 12.0240, Train MAPE: 0.9628, Train WMAPE: 0.0317
Iter: 050, Train Loss: 5.4696, Train RMSE: 11.1876, Train MAPE: 0.4338, Train WMAPE: 0.0300
Epoch: 262, Training Time: 14.7760 secs
Epoch: 262, Inference Time: 1.9930 secs
Epoch: 262, Train Loss: 5.5436, Train RMSE: 11.9461, Train MAPE: 0.7771, Train WMAPE: 0.0310, 
Epoch: 262, Valid Loss: 10.6355, Valid RMSE: 40.5515, Valid MAPE: 2.5434, Valid WMAPE: 0.0611
No update
Iter: 000, Train Loss: 5.7343, Train RMSE: 11.8997, Train MAPE: 0.6540, Train WMAPE: 0.0318
Iter: 050, Train Loss: 5.7012, Train RMSE: 11.9607, Train MAPE: 0.5437, Train WMAPE: 0.0313
Epoch: 263, Training Time: 14.9655 secs
Epoch: 263, Inference Time: 1.8247 secs
Epoch: 263, Train Loss: 5.5399, Train RMSE: 11.9195, Train MAPE: 0.7481, Train WMAPE: 0.0310, 
Epoch: 263, Valid Loss: 10.5436, Valid RMSE: 40.4948, Valid MAPE: 2.3874, Valid WMAPE: 0.0605
No update
Iter: 000, Train Loss: 5.7187, Train RMSE: 12.1237, Train MAPE: 0.6719, Train WMAPE: 0.0317
Iter: 050, Train Loss: 5.4984, Train RMSE: 11.2666, Train MAPE: 0.5185, Train WMAPE: 0.0302
Epoch: 264, Training Time: 14.8340 secs
Epoch: 264, Inference Time: 1.8408 secs
Epoch: 264, Train Loss: 5.5356, Train RMSE: 11.8880, Train MAPE: 0.8156, Train WMAPE: 0.0310, 
Epoch: 264, Valid Loss: 10.3866, Valid RMSE: 40.4767, Valid MAPE: 1.9721, Valid WMAPE: 0.0596
No update
Iter: 000, Train Loss: 5.6280, Train RMSE: 12.0810, Train MAPE: 0.5000, Train WMAPE: 0.0312
Iter: 050, Train Loss: 5.5064, Train RMSE: 11.3332, Train MAPE: 0.4509, Train WMAPE: 0.0302
Epoch: 265, Training Time: 15.0741 secs
Epoch: 265, Inference Time: 1.9915 secs
Epoch: 265, Train Loss: 5.5053, Train RMSE: 11.8017, Train MAPE: 0.8740, Train WMAPE: 0.0308, 
Epoch: 265, Valid Loss: 10.4611, Valid RMSE: 40.5937, Valid MAPE: 2.4675, Valid WMAPE: 0.0601
No update
Iter: 000, Train Loss: 5.6575, Train RMSE: 12.0200, Train MAPE: 0.6776, Train WMAPE: 0.0314
Iter: 050, Train Loss: 5.4355, Train RMSE: 11.0957, Train MAPE: 0.4232, Train WMAPE: 0.0298
Epoch: 266, Training Time: 15.1834 secs
Epoch: 266, Inference Time: 1.9881 secs
Epoch: 266, Train Loss: 5.4881, Train RMSE: 11.8351, Train MAPE: 0.7583, Train WMAPE: 0.0307, 
Epoch: 266, Valid Loss: 10.8170, Valid RMSE: 40.9985, Valid MAPE: 2.8955, Valid WMAPE: 0.0621
No update
Iter: 000, Train Loss: 6.3439, Train RMSE: 14.6716, Train MAPE: 0.8243, Train WMAPE: 0.0352
Iter: 050, Train Loss: 5.3690, Train RMSE: 10.9508, Train MAPE: 0.4651, Train WMAPE: 0.0294
Epoch: 267, Training Time: 14.9854 secs
Epoch: 267, Inference Time: 2.0976 secs
Epoch: 267, Train Loss: 5.5042, Train RMSE: 11.8690, Train MAPE: 0.7738, Train WMAPE: 0.0308, 
Epoch: 267, Valid Loss: 10.4353, Valid RMSE: 40.3969, Valid MAPE: 2.3685, Valid WMAPE: 0.0599
No update
Iter: 000, Train Loss: 5.6862, Train RMSE: 12.1061, Train MAPE: 0.6117, Train WMAPE: 0.0316
Iter: 050, Train Loss: 5.4474, Train RMSE: 11.2303, Train MAPE: 0.5170, Train WMAPE: 0.0299
Epoch: 268, Training Time: 15.1476 secs
Epoch: 268, Inference Time: 1.9265 secs
Epoch: 268, Train Loss: 5.4804, Train RMSE: 11.8293, Train MAPE: 0.7660, Train WMAPE: 0.0306, 
Epoch: 268, Valid Loss: 10.4268, Valid RMSE: 40.2476, Valid MAPE: 2.9775, Valid WMAPE: 0.0599
No update
Iter: 000, Train Loss: 5.7010, Train RMSE: 12.0828, Train MAPE: 0.8711, Train WMAPE: 0.0317
Iter: 050, Train Loss: 5.4697, Train RMSE: 11.1707, Train MAPE: 0.5593, Train WMAPE: 0.0300
Epoch: 269, Training Time: 14.8739 secs
Epoch: 269, Inference Time: 1.9918 secs
Epoch: 269, Train Loss: 5.5254, Train RMSE: 11.8750, Train MAPE: 0.8077, Train WMAPE: 0.0309, 
Epoch: 269, Valid Loss: 10.5619, Valid RMSE: 41.0042, Valid MAPE: 2.2220, Valid WMAPE: 0.0606
No update
Iter: 000, Train Loss: 5.6887, Train RMSE: 12.1564, Train MAPE: 0.5583, Train WMAPE: 0.0316
Iter: 050, Train Loss: 5.6947, Train RMSE: 11.4398, Train MAPE: 0.6158, Train WMAPE: 0.0312
Epoch: 270, Training Time: 14.6847 secs
Epoch: 270, Inference Time: 1.8905 secs
Epoch: 270, Train Loss: 5.5250, Train RMSE: 11.8800, Train MAPE: 0.7517, Train WMAPE: 0.0309, 
Epoch: 270, Valid Loss: 10.4643, Valid RMSE: 40.7176, Valid MAPE: 2.5668, Valid WMAPE: 0.0601
No update
Iter: 000, Train Loss: 5.5890, Train RMSE: 11.8932, Train MAPE: 0.6601, Train WMAPE: 0.0310
Iter: 050, Train Loss: 5.4430, Train RMSE: 11.2165, Train MAPE: 0.5841, Train WMAPE: 0.0298
Epoch: 271, Training Time: 14.7906 secs
Epoch: 271, Inference Time: 1.9101 secs
Epoch: 271, Train Loss: 5.4697, Train RMSE: 11.7778, Train MAPE: 0.7453, Train WMAPE: 0.0306, 
Epoch: 271, Valid Loss: 10.4410, Valid RMSE: 40.4183, Valid MAPE: 2.6088, Valid WMAPE: 0.0600
No update
Iter: 000, Train Loss: 5.6130, Train RMSE: 11.9468, Train MAPE: 0.6964, Train WMAPE: 0.0312
Iter: 050, Train Loss: 5.4371, Train RMSE: 11.1604, Train MAPE: 0.4909, Train WMAPE: 0.0298
Epoch: 272, Training Time: 15.0699 secs
Epoch: 272, Inference Time: 1.9868 secs
Epoch: 272, Train Loss: 5.4486, Train RMSE: 11.7342, Train MAPE: 0.7692, Train WMAPE: 0.0305, 
Epoch: 272, Valid Loss: 10.4823, Valid RMSE: 40.2021, Valid MAPE: 3.1474, Valid WMAPE: 0.0602
No update
Iter: 000, Train Loss: 5.7084, Train RMSE: 11.8368, Train MAPE: 0.8507, Train WMAPE: 0.0317
Iter: 050, Train Loss: 5.3091, Train RMSE: 11.0500, Train MAPE: 0.3889, Train WMAPE: 0.0291
Epoch: 273, Training Time: 15.0488 secs
Epoch: 273, Inference Time: 1.8378 secs
Epoch: 273, Train Loss: 5.4535, Train RMSE: 11.7396, Train MAPE: 0.8104, Train WMAPE: 0.0305, 
Epoch: 273, Valid Loss: 10.5323, Valid RMSE: 40.2951, Valid MAPE: 2.7425, Valid WMAPE: 0.0605
No update
Iter: 000, Train Loss: 5.9526, Train RMSE: 12.8598, Train MAPE: 0.7400, Train WMAPE: 0.0330
Iter: 050, Train Loss: 5.4850, Train RMSE: 11.1572, Train MAPE: 0.4858, Train WMAPE: 0.0301
Epoch: 274, Training Time: 14.8676 secs
Epoch: 274, Inference Time: 1.8190 secs
Epoch: 274, Train Loss: 5.5021, Train RMSE: 11.8675, Train MAPE: 0.7321, Train WMAPE: 0.0308, 
Epoch: 274, Valid Loss: 10.5797, Valid RMSE: 40.6974, Valid MAPE: 2.2417, Valid WMAPE: 0.0607
No update
Iter: 000, Train Loss: 5.7503, Train RMSE: 11.8579, Train MAPE: 0.5212, Train WMAPE: 0.0319
Iter: 050, Train Loss: 5.4352, Train RMSE: 11.1155, Train MAPE: 0.4435, Train WMAPE: 0.0298
Epoch: 275, Training Time: 14.7834 secs
Epoch: 275, Inference Time: 1.8962 secs
Epoch: 275, Train Loss: 5.5402, Train RMSE: 11.9087, Train MAPE: 0.7004, Train WMAPE: 0.0310, 
Epoch: 275, Valid Loss: 10.5700, Valid RMSE: 40.7296, Valid MAPE: 2.6227, Valid WMAPE: 0.0607
No update
Iter: 000, Train Loss: 5.5927, Train RMSE: 11.9226, Train MAPE: 0.7019, Train WMAPE: 0.0310
Iter: 050, Train Loss: 5.4681, Train RMSE: 11.1430, Train MAPE: 0.4187, Train WMAPE: 0.0300
Epoch: 276, Training Time: 14.9754 secs
Epoch: 276, Inference Time: 1.9891 secs
Epoch: 276, Train Loss: 5.5101, Train RMSE: 11.8753, Train MAPE: 0.7142, Train WMAPE: 0.0308, 
Epoch: 276, Valid Loss: 10.4920, Valid RMSE: 40.8984, Valid MAPE: 1.9169, Valid WMAPE: 0.0602
No update
Iter: 000, Train Loss: 5.4532, Train RMSE: 11.6574, Train MAPE: 0.4470, Train WMAPE: 0.0303
Iter: 050, Train Loss: 5.4180, Train RMSE: 11.1789, Train MAPE: 0.5039, Train WMAPE: 0.0297
Epoch: 277, Training Time: 15.2751 secs
Epoch: 277, Inference Time: 1.8887 secs
Epoch: 277, Train Loss: 5.4645, Train RMSE: 11.7639, Train MAPE: 0.7805, Train WMAPE: 0.0306, 
Epoch: 277, Valid Loss: 10.5233, Valid RMSE: 40.6974, Valid MAPE: 3.5251, Valid WMAPE: 0.0604
No update
Iter: 000, Train Loss: 5.7191, Train RMSE: 12.0159, Train MAPE: 1.0202, Train WMAPE: 0.0318
Iter: 050, Train Loss: 5.3631, Train RMSE: 11.0254, Train MAPE: 0.4377, Train WMAPE: 0.0294
Epoch: 278, Training Time: 14.9886 secs
Epoch: 278, Inference Time: 1.8779 secs
Epoch: 278, Train Loss: 5.4627, Train RMSE: 11.7655, Train MAPE: 0.7795, Train WMAPE: 0.0305, 
Epoch: 278, Valid Loss: 10.4317, Valid RMSE: 40.6026, Valid MAPE: 2.4555, Valid WMAPE: 0.0599
No update
Iter: 000, Train Loss: 5.5893, Train RMSE: 11.8552, Train MAPE: 0.6472, Train WMAPE: 0.0310
Iter: 050, Train Loss: 5.2931, Train RMSE: 10.9537, Train MAPE: 0.3986, Train WMAPE: 0.0290
Epoch: 279, Training Time: 14.8973 secs
Epoch: 279, Inference Time: 1.9875 secs
Epoch: 279, Train Loss: 5.4212, Train RMSE: 11.6830, Train MAPE: 0.7714, Train WMAPE: 0.0303, 
Epoch: 279, Valid Loss: 10.5795, Valid RMSE: 40.6604, Valid MAPE: 3.2165, Valid WMAPE: 0.0607
No update
Iter: 000, Train Loss: 5.7090, Train RMSE: 12.0371, Train MAPE: 0.9200, Train WMAPE: 0.0317
Iter: 050, Train Loss: 5.5315, Train RMSE: 11.1453, Train MAPE: 0.4473, Train WMAPE: 0.0303
Epoch: 280, Training Time: 14.6286 secs
Epoch: 280, Inference Time: 1.9436 secs
Epoch: 280, Train Loss: 5.4605, Train RMSE: 11.7316, Train MAPE: 0.7613, Train WMAPE: 0.0305, 
Epoch: 280, Valid Loss: 10.5849, Valid RMSE: 40.7384, Valid MAPE: 2.8983, Valid WMAPE: 0.0608
No update
Iter: 000, Train Loss: 5.7526, Train RMSE: 12.1532, Train MAPE: 0.8829, Train WMAPE: 0.0319
Iter: 050, Train Loss: 5.4995, Train RMSE: 11.0788, Train MAPE: 0.6084, Train WMAPE: 0.0302
Epoch: 281, Training Time: 14.5931 secs
Epoch: 281, Inference Time: 1.9055 secs
Epoch: 281, Train Loss: 5.5012, Train RMSE: 11.8260, Train MAPE: 0.8133, Train WMAPE: 0.0308, 
Epoch: 281, Valid Loss: 10.4611, Valid RMSE: 40.4223, Valid MAPE: 3.2744, Valid WMAPE: 0.0601
No update
Iter: 000, Train Loss: 5.6346, Train RMSE: 11.8883, Train MAPE: 1.0317, Train WMAPE: 0.0313
Iter: 050, Train Loss: 5.5030, Train RMSE: 11.1590, Train MAPE: 0.9213, Train WMAPE: 0.0302
Epoch: 282, Training Time: 14.8728 secs
Epoch: 282, Inference Time: 1.8939 secs
Epoch: 282, Train Loss: 5.5184, Train RMSE: 11.7446, Train MAPE: 1.0289, Train WMAPE: 0.0309, 
Epoch: 282, Valid Loss: 10.5119, Valid RMSE: 40.7424, Valid MAPE: 3.3560, Valid WMAPE: 0.0604
No update
Iter: 000, Train Loss: 5.5478, Train RMSE: 11.5766, Train MAPE: 1.0421, Train WMAPE: 0.0308
Iter: 050, Train Loss: 5.4235, Train RMSE: 11.1792, Train MAPE: 0.4391, Train WMAPE: 0.0297
Epoch: 283, Training Time: 14.6965 secs
Epoch: 283, Inference Time: 1.8965 secs
Epoch: 283, Train Loss: 5.4741, Train RMSE: 11.7304, Train MAPE: 0.8087, Train WMAPE: 0.0306, 
Epoch: 283, Valid Loss: 10.3961, Valid RMSE: 40.3250, Valid MAPE: 2.2363, Valid WMAPE: 0.0597
No update
Iter: 000, Train Loss: 5.6789, Train RMSE: 12.1086, Train MAPE: 0.5963, Train WMAPE: 0.0315
Iter: 050, Train Loss: 5.2754, Train RMSE: 10.7936, Train MAPE: 0.4501, Train WMAPE: 0.0289
Epoch: 284, Training Time: 15.1898 secs
Epoch: 284, Inference Time: 1.8771 secs
Epoch: 284, Train Loss: 5.4516, Train RMSE: 11.6908, Train MAPE: 0.7280, Train WMAPE: 0.0305, 
Epoch: 284, Valid Loss: 10.4585, Valid RMSE: 40.5478, Valid MAPE: 3.1120, Valid WMAPE: 0.0601
No update
Iter: 000, Train Loss: 5.7114, Train RMSE: 12.0981, Train MAPE: 0.8669, Train WMAPE: 0.0317
Iter: 050, Train Loss: 5.3475, Train RMSE: 10.9130, Train MAPE: 0.4966, Train WMAPE: 0.0293
Epoch: 285, Training Time: 15.0661 secs
Epoch: 285, Inference Time: 1.9959 secs
Epoch: 285, Train Loss: 5.4409, Train RMSE: 11.6909, Train MAPE: 0.7413, Train WMAPE: 0.0304, 
Epoch: 285, Valid Loss: 10.5268, Valid RMSE: 40.4986, Valid MAPE: 2.3566, Valid WMAPE: 0.0604
No update
Iter: 000, Train Loss: 5.6074, Train RMSE: 12.0183, Train MAPE: 0.5771, Train WMAPE: 0.0311
Iter: 050, Train Loss: 5.6792, Train RMSE: 12.3197, Train MAPE: 0.4589, Train WMAPE: 0.0311
Epoch: 286, Training Time: 14.7752 secs
Epoch: 286, Inference Time: 1.9216 secs
Epoch: 286, Train Loss: 5.4415, Train RMSE: 11.7247, Train MAPE: 0.7942, Train WMAPE: 0.0304, 
Epoch: 286, Valid Loss: 10.4552, Valid RMSE: 40.3412, Valid MAPE: 3.2276, Valid WMAPE: 0.0600
No update
Iter: 000, Train Loss: 5.6758, Train RMSE: 11.8962, Train MAPE: 0.9509, Train WMAPE: 0.0315
Iter: 050, Train Loss: 5.4405, Train RMSE: 11.1590, Train MAPE: 0.4593, Train WMAPE: 0.0298
Epoch: 287, Training Time: 15.0598 secs
Epoch: 287, Inference Time: 1.9792 secs
Epoch: 287, Train Loss: 5.5085, Train RMSE: 11.8684, Train MAPE: 0.7486, Train WMAPE: 0.0308, 
Epoch: 287, Valid Loss: 10.5379, Valid RMSE: 40.8035, Valid MAPE: 2.9870, Valid WMAPE: 0.0605
No update
Iter: 000, Train Loss: 5.6993, Train RMSE: 12.0655, Train MAPE: 0.8868, Train WMAPE: 0.0316
Iter: 050, Train Loss: 5.4413, Train RMSE: 11.1081, Train MAPE: 0.5411, Train WMAPE: 0.0298
Epoch: 288, Training Time: 14.7979 secs
Epoch: 288, Inference Time: 1.9904 secs
Epoch: 288, Train Loss: 5.5789, Train RMSE: 11.9389, Train MAPE: 0.8627, Train WMAPE: 0.0312, 
Epoch: 288, Valid Loss: 10.5477, Valid RMSE: 40.5653, Valid MAPE: 2.7991, Valid WMAPE: 0.0606
No update
Iter: 000, Train Loss: 5.6063, Train RMSE: 11.7854, Train MAPE: 0.8062, Train WMAPE: 0.0311
Iter: 050, Train Loss: 5.4801, Train RMSE: 10.8893, Train MAPE: 0.8082, Train WMAPE: 0.0301
Epoch: 289, Training Time: 14.6802 secs
Epoch: 289, Inference Time: 1.9082 secs
Epoch: 289, Train Loss: 5.4796, Train RMSE: 11.6677, Train MAPE: 1.0066, Train WMAPE: 0.0306, 
Epoch: 289, Valid Loss: 10.4583, Valid RMSE: 40.4541, Valid MAPE: 2.2897, Valid WMAPE: 0.0601
No update
Iter: 000, Train Loss: 5.5420, Train RMSE: 11.8475, Train MAPE: 0.5489, Train WMAPE: 0.0308
Iter: 050, Train Loss: 5.3637, Train RMSE: 10.9871, Train MAPE: 0.5208, Train WMAPE: 0.0294
Epoch: 290, Training Time: 14.5723 secs
Epoch: 290, Inference Time: 1.9900 secs
Epoch: 290, Train Loss: 5.4149, Train RMSE: 11.5562, Train MAPE: 0.9320, Train WMAPE: 0.0303, 
Epoch: 290, Valid Loss: 10.3874, Valid RMSE: 40.5712, Valid MAPE: 2.1589, Valid WMAPE: 0.0596
No update
Iter: 000, Train Loss: 5.4844, Train RMSE: 11.7428, Train MAPE: 0.4979, Train WMAPE: 0.0304
Iter: 050, Train Loss: 5.3131, Train RMSE: 10.8821, Train MAPE: 0.5203, Train WMAPE: 0.0291
Epoch: 291, Training Time: 14.6830 secs
Epoch: 291, Inference Time: 1.9152 secs
Epoch: 291, Train Loss: 5.4119, Train RMSE: 11.5441, Train MAPE: 0.9497, Train WMAPE: 0.0303, 
Epoch: 291, Valid Loss: 10.5657, Valid RMSE: 40.6369, Valid MAPE: 3.6690, Valid WMAPE: 0.0607
No update
Iter: 000, Train Loss: 5.6246, Train RMSE: 11.7202, Train MAPE: 1.0491, Train WMAPE: 0.0312
Iter: 050, Train Loss: 5.3966, Train RMSE: 10.9872, Train MAPE: 0.5740, Train WMAPE: 0.0296
Epoch: 292, Training Time: 14.8125 secs
Epoch: 292, Inference Time: 1.8483 secs
Epoch: 292, Train Loss: 5.4482, Train RMSE: 11.6176, Train MAPE: 0.9798, Train WMAPE: 0.0305, 
Epoch: 292, Valid Loss: 10.4187, Valid RMSE: 40.4943, Valid MAPE: 2.8382, Valid WMAPE: 0.0598
No update
Iter: 000, Train Loss: 5.5000, Train RMSE: 11.6748, Train MAPE: 0.8462, Train WMAPE: 0.0305
Iter: 050, Train Loss: 5.2832, Train RMSE: 10.7701, Train MAPE: 0.7246, Train WMAPE: 0.0290
Epoch: 293, Training Time: 14.8696 secs
Epoch: 293, Inference Time: 1.8884 secs
Epoch: 293, Train Loss: 5.4200, Train RMSE: 11.5786, Train MAPE: 0.9863, Train WMAPE: 0.0303, 
Epoch: 293, Valid Loss: 10.4376, Valid RMSE: 40.6298, Valid MAPE: 3.1034, Valid WMAPE: 0.0599
No update
Iter: 000, Train Loss: 5.4580, Train RMSE: 11.5998, Train MAPE: 0.9328, Train WMAPE: 0.0303
Iter: 050, Train Loss: 5.3989, Train RMSE: 10.9919, Train MAPE: 0.6168, Train WMAPE: 0.0296
Epoch: 294, Training Time: 14.5861 secs
Epoch: 294, Inference Time: 1.8872 secs
Epoch: 294, Train Loss: 5.3970, Train RMSE: 11.5164, Train MAPE: 0.9668, Train WMAPE: 0.0302, 
Epoch: 294, Valid Loss: 10.3620, Valid RMSE: 40.3964, Valid MAPE: 2.2462, Valid WMAPE: 0.0595
No update
Iter: 000, Train Loss: 5.4254, Train RMSE: 11.4497, Train MAPE: 0.6044, Train WMAPE: 0.0301
Iter: 050, Train Loss: 5.3880, Train RMSE: 10.9700, Train MAPE: 0.4339, Train WMAPE: 0.0295
Epoch: 295, Training Time: 14.4451 secs
Epoch: 295, Inference Time: 1.9411 secs
Epoch: 295, Train Loss: 5.3991, Train RMSE: 11.6028, Train MAPE: 0.7426, Train WMAPE: 0.0302, 
Epoch: 295, Valid Loss: 10.5556, Valid RMSE: 40.0852, Valid MAPE: 4.2037, Valid WMAPE: 0.0606
No update
Iter: 000, Train Loss: 5.7307, Train RMSE: 11.9207, Train MAPE: 1.3971, Train WMAPE: 0.0318
Iter: 050, Train Loss: 5.3554, Train RMSE: 11.0158, Train MAPE: 0.4864, Train WMAPE: 0.0294
Epoch: 296, Training Time: 15.0803 secs
Epoch: 296, Inference Time: 2.0908 secs
Epoch: 296, Train Loss: 5.4025, Train RMSE: 11.5969, Train MAPE: 0.7865, Train WMAPE: 0.0302, 
Epoch: 296, Valid Loss: 10.4512, Valid RMSE: 40.3130, Valid MAPE: 3.1177, Valid WMAPE: 0.0600
No update
Iter: 000, Train Loss: 5.5904, Train RMSE: 11.7868, Train MAPE: 0.8824, Train WMAPE: 0.0310
Iter: 050, Train Loss: 5.3501, Train RMSE: 11.0793, Train MAPE: 0.4701, Train WMAPE: 0.0293
Epoch: 297, Training Time: 14.5416 secs
Epoch: 297, Inference Time: 1.8457 secs
Epoch: 297, Train Loss: 5.4237, Train RMSE: 11.6530, Train MAPE: 0.7668, Train WMAPE: 0.0303, 
Epoch: 297, Valid Loss: 10.5111, Valid RMSE: 40.0052, Valid MAPE: 2.7432, Valid WMAPE: 0.0604
No update
Iter: 000, Train Loss: 5.7764, Train RMSE: 12.2314, Train MAPE: 0.7581, Train WMAPE: 0.0321
Iter: 050, Train Loss: 5.6021, Train RMSE: 12.0351, Train MAPE: 0.3670, Train WMAPE: 0.0307
Epoch: 298, Training Time: 14.0741 secs
Epoch: 298, Inference Time: 1.8965 secs
Epoch: 298, Train Loss: 5.4632, Train RMSE: 11.7265, Train MAPE: 0.7102, Train WMAPE: 0.0305, 
Epoch: 298, Valid Loss: 10.6989, Valid RMSE: 40.5647, Valid MAPE: 2.0446, Valid WMAPE: 0.0614
No update
Iter: 000, Train Loss: 5.7450, Train RMSE: 11.8243, Train MAPE: 0.5087, Train WMAPE: 0.0319
Iter: 050, Train Loss: 5.4289, Train RMSE: 11.0043, Train MAPE: 0.5853, Train WMAPE: 0.0298
Epoch: 299, Training Time: 14.4787 secs
Epoch: 299, Inference Time: 2.0093 secs
Epoch: 299, Train Loss: 5.4394, Train RMSE: 11.6551, Train MAPE: 0.7292, Train WMAPE: 0.0304, 
Epoch: 299, Valid Loss: 10.4856, Valid RMSE: 40.3034, Valid MAPE: 1.9827, Valid WMAPE: 0.0602
No update
Iter: 000, Train Loss: 5.6172, Train RMSE: 12.3964, Train MAPE: 0.4903, Train WMAPE: 0.0312
Iter: 050, Train Loss: 5.3149, Train RMSE: 10.8090, Train MAPE: 0.4534, Train WMAPE: 0.0291
Epoch: 300, Training Time: 15.1741 secs
Epoch: 300, Inference Time: 2.0007 secs
Epoch: 300, Train Loss: 5.3842, Train RMSE: 11.5857, Train MAPE: 0.7661, Train WMAPE: 0.0301, 
Epoch: 300, Valid Loss: 10.3681, Valid RMSE: 40.2978, Valid MAPE: 2.2979, Valid WMAPE: 0.0595
No update
Average Training Time: 14.8677 secs/epoch
Average Inference Time: 1.9689 secs
Training ends
The epoch of the best result： 260
The valid loss of the best model 10.3483

[Info] Enabling gate recording for ClusterGatedFeedback...
Evaluate best model on test data for horizon 1, Test MAE: 9.1029, Test RMSE: 61.4323, Test MAPE: 7.9689, Test WMAPE: 0.0528
Evaluate best model on test data for horizon 2, Test MAE: 9.9052, Test RMSE: 52.5997, Test MAPE: 12.2643, Test WMAPE: 0.0575
Evaluate best model on test data for horizon 3, Test MAE: 10.2137, Test RMSE: 41.7063, Test MAPE: 15.6527, Test WMAPE: 0.0593
Evaluate best model on test data for horizon 4, Test MAE: 11.7635, Test RMSE: 50.1266, Test MAPE: 18.0082, Test WMAPE: 0.0683
Evaluate best model on test data for horizon 5, Test MAE: 13.0395, Test RMSE: 56.0707, Test MAPE: 18.9938, Test WMAPE: 0.0758
Evaluate best model on test data for horizon 6, Test MAE: 13.1222, Test RMSE: 47.9314, Test MAPE: 19.1460, Test WMAPE: 0.0763
Evaluate best model on test data for horizon 7, Test MAE: 14.0706, Test RMSE: 51.8051, Test MAPE: 19.3125, Test WMAPE: 0.0818
Evaluate best model on test data for horizon 8, Test MAE: 14.6841, Test RMSE: 54.0754, Test MAPE: 19.6376, Test WMAPE: 0.0854
Evaluate best model on test data for horizon 9, Test MAE: 14.7019, Test RMSE: 50.2947, Test MAPE: 19.8722, Test WMAPE: 0.0855
Evaluate best model on test data for horizon 10, Test MAE: 14.8026, Test RMSE: 48.9723, Test MAPE: 20.3936, Test WMAPE: 0.0861
Evaluate best model on test data for horizon 11, Test MAE: 15.5508, Test RMSE: 56.0272, Test MAPE: 20.4419, Test WMAPE: 0.0905
Evaluate best model on test data for horizon 12, Test MAE: 15.4865, Test RMSE: 54.7131, Test MAPE: 20.0540, Test WMAPE: 0.0901
On average over 12 horizons, Test MAE: 13.0370, Test RMSE: 52.1462, Test MAPE: 17.6455, Test WMAPE: 0.0758

================================================================================
[Info] Generating ClusterGatedFeedback Gate Analysis Report...
================================================================================
================================================================================
[GateReport] ClusterGatedFeedback Gate Analysis
================================================================================

[Overall Statistics]
  Total nodes: 68
  Channels: 64
  Average gate value (all nodes): 0.5652
  Std of gate values: 0.0016
  Min gate value: 0.5580
  Max gate value: 0.5682

[Gate Distribution]
  Low gate (< 0.3, mostly blocked): 0 nodes (0.0%)
  Mid gate (0.3-0.7, partial): 68 nodes (100.0%)
  High gate (> 0.7, mostly passed): 0 nodes (0.0%)

[Cluster-wise Statistics]

  cluster_0:
    Nodes: 41
    Gate mean: 0.5654
    Gate std:  0.0006
    Gate range: [0.5643, 0.5670]
    Tendency: PARTIAL (moderate gate)

  cluster_1:
    Nodes: 1
    Gate mean: 0.5678
    Gate std:  0.0000
    Gate range: [0.5678, 0.5678]
    Tendency: PARTIAL (moderate gate)

  cluster_2:
    Nodes: 6
    Gate mean: 0.5628
    Gate std:  0.0033
    Gate range: [0.5580, 0.5662]
    Tendency: PARTIAL (moderate gate)

  cluster_3:
    Nodes: 4
    Gate mean: 0.5655
    Gate std:  0.0005
    Gate range: [0.5647, 0.5659]
    Tendency: PARTIAL (moderate gate)

  cluster_4:
    Nodes: 16
    Gate mean: 0.5652
    Gate std:  0.0018
    Gate range: [0.5609, 0.5682]
    Tendency: PARTIAL (moderate gate)

[Node-level Gate Values]
  Node ID | Cluster | Gate Mean | Status
  --------------------------------------------------
        0 |       0 |    0.5661 | PARTIAL
        1 |       0 |    0.5648 | PARTIAL
        2 |       0 |    0.5662 | PARTIAL
        3 |       0 |    0.5654 | PARTIAL
        4 |       2 |    0.5619 | PARTIAL
        5 |       3 |    0.5656 | PARTIAL
        6 |       2 |    0.5594 | PARTIAL
        7 |       0 |    0.5650 | PARTIAL
        8 |       4 |    0.5677 | PARTIAL
        9 |       2 |    0.5655 | PARTIAL
       10 |       4 |    0.5671 | PARTIAL
       11 |       0 |    0.5665 | PARTIAL
       12 |       0 |    0.5648 | PARTIAL
       13 |       0 |    0.5652 | PARTIAL
       14 |       4 |    0.5663 | PARTIAL
       15 |       0 |    0.5657 | PARTIAL
       16 |       0 |    0.5659 | PARTIAL
       17 |       4 |    0.5652 | PARTIAL
       18 |       4 |    0.5663 | PARTIAL
       19 |       0 |    0.5657 | PARTIAL
       20 |       0 |    0.5658 | PARTIAL
       21 |       0 |    0.5654 | PARTIAL
       22 |       0 |    0.5648 | PARTIAL
       23 |       0 |    0.5652 | PARTIAL
       24 |       4 |    0.5637 | PARTIAL
       25 |       4 |    0.5650 | PARTIAL
       26 |       0 |    0.5658 | PARTIAL
       27 |       4 |    0.5648 | PARTIAL
       28 |       4 |    0.5654 | PARTIAL
       29 |       0 |    0.5657 | PARTIAL
       30 |       3 |    0.5647 | PARTIAL
       31 |       0 |    0.5657 | PARTIAL
       32 |       0 |    0.5648 | PARTIAL
       33 |       0 |    0.5647 | PARTIAL
       34 |       4 |    0.5639 | PARTIAL
       35 |       0 |    0.5652 | PARTIAL
       36 |       0 |    0.5653 | PARTIAL
       37 |       0 |    0.5652 | PARTIAL
       38 |       0 |    0.5645 | PARTIAL
       39 |       0 |    0.5654 | PARTIAL
       40 |       0 |    0.5645 | PARTIAL
       41 |       0 |    0.5657 | PARTIAL
       42 |       4 |    0.5682 | PARTIAL
       43 |       0 |    0.5657 | PARTIAL
       44 |       0 |    0.5651 | PARTIAL
       45 |       4 |    0.5609 | PARTIAL
       46 |       0 |    0.5670 | PARTIAL
       47 |       0 |    0.5647 | PARTIAL
       48 |       0 |    0.5663 | PARTIAL
       49 |       0 |    0.5650 | PARTIAL
       50 |       3 |    0.5656 | PARTIAL
       51 |       0 |    0.5657 | PARTIAL
       52 |       2 |    0.5661 | PARTIAL
       53 |       0 |    0.5660 | PARTIAL
       54 |       4 |    0.5654 | PARTIAL
       55 |       0 |    0.5643 | PARTIAL
       56 |       0 |    0.5658 | PARTIAL
       57 |       0 |    0.5652 | PARTIAL
       58 |       4 |    0.5657 | PARTIAL
       59 |       4 |    0.5643 | PARTIAL
       60 |       0 |    0.5656 | PARTIAL
       61 |       3 |    0.5659 | PARTIAL
       62 |       2 |    0.5662 | PARTIAL
       63 |       0 |    0.5652 | PARTIAL
       64 |       2 |    0.5580 | PARTIAL
       65 |       0 |    0.5649 | PARTIAL
       66 |       4 |    0.5631 | PARTIAL
       67 |       1 |    0.5678 | PARTIAL
================================================================================
[Info] Gate analysis report saved to: ./logs/MeanAgg-GatedFb-PostAggelectricityLondon//gate_analysis.log
Total time spent: 5123.3826
