nohup: ignoring input
Perform shuffle on the dataset
Namespace(batch_size=64, data='data//electricityLondon', device='cuda:0', dropout=0.1, epochs=300, es_patience=100, expid=1, input_dim=3, learning_rate=0.001, print_every=50, save='./logs/MeanAgg-MLPFb-PostAgg-K4', weight_decay=0.0001)
Ranger optimizer loaded. 
Gradient Centralization usage = True
GC applied to both conv and fc layers
The number of parameters: 511925
STIDGCN(
  (Temb): TemporalEmbedding()
  (start_conv): Conv2d(3, 32, kernel_size=(1, 1), stride=(1, 1))
  (tree): IDGCN_Tree(
    (IDGCN1): IDGCN(
      (split): Splitting()
      (conv1): Sequential(
        (0): ReplicationPad2d((3, 3, 0, 0))
        (1): Conv2d(64, 64, kernel_size=(1, 5), stride=(1, 1))
        (2): LeakyReLU(negative_slope=0.01, inplace=True)
        (3): Dropout(p=0.1, inplace=False)
        (4): Conv2d(64, 64, kernel_size=(1, 3), stride=(1, 1))
        (5): Tanh()
      )
      (conv2): Sequential(
        (0): ReplicationPad2d((3, 3, 0, 0))
        (1): Conv2d(64, 64, kernel_size=(1, 5), stride=(1, 1))
        (2): LeakyReLU(negative_slope=0.01, inplace=True)
        (3): Dropout(p=0.1, inplace=False)
        (4): Conv2d(64, 64, kernel_size=(1, 3), stride=(1, 1))
        (5): Tanh()
      )
      (conv3): Sequential(
        (0): ReplicationPad2d((3, 3, 0, 0))
        (1): Conv2d(64, 64, kernel_size=(1, 5), stride=(1, 1))
        (2): LeakyReLU(negative_slope=0.01, inplace=True)
        (3): Dropout(p=0.1, inplace=False)
        (4): Conv2d(64, 64, kernel_size=(1, 3), stride=(1, 1))
        (5): Tanh()
      )
      (conv4): Sequential(
        (0): ReplicationPad2d((3, 3, 0, 0))
        (1): Conv2d(64, 64, kernel_size=(1, 5), stride=(1, 1))
        (2): LeakyReLU(negative_slope=0.01, inplace=True)
        (3): Dropout(p=0.1, inplace=False)
        (4): Conv2d(64, 64, kernel_size=(1, 3), stride=(1, 1))
        (5): Tanh()
      )
      (dgcn): DGCN(
        (conv): Conv2d(64, 64, kernel_size=(1, 1), stride=(1, 1))
        (generator): Graph_Generator(
          (fc): Linear(in_features=2, out_features=1, bias=True)
        )
        (gcn): Diffusion_GCN(
          (conv): Conv2d(64, 64, kernel_size=(1, 1), stride=(1, 1))
          (dropout): Dropout(p=0.1, inplace=False)
        )
      )
    )
    (IDGCN2): IDGCN(
      (split): Splitting()
      (conv1): Sequential(
        (0): ReplicationPad2d((3, 3, 0, 0))
        (1): Conv2d(64, 64, kernel_size=(1, 5), stride=(1, 1))
        (2): LeakyReLU(negative_slope=0.01, inplace=True)
        (3): Dropout(p=0.1, inplace=False)
        (4): Conv2d(64, 64, kernel_size=(1, 3), stride=(1, 1))
        (5): Tanh()
      )
      (conv2): Sequential(
        (0): ReplicationPad2d((3, 3, 0, 0))
        (1): Conv2d(64, 64, kernel_size=(1, 5), stride=(1, 1))
        (2): LeakyReLU(negative_slope=0.01, inplace=True)
        (3): Dropout(p=0.1, inplace=False)
        (4): Conv2d(64, 64, kernel_size=(1, 3), stride=(1, 1))
        (5): Tanh()
      )
      (conv3): Sequential(
        (0): ReplicationPad2d((3, 3, 0, 0))
        (1): Conv2d(64, 64, kernel_size=(1, 5), stride=(1, 1))
        (2): LeakyReLU(negative_slope=0.01, inplace=True)
        (3): Dropout(p=0.1, inplace=False)
        (4): Conv2d(64, 64, kernel_size=(1, 3), stride=(1, 1))
        (5): Tanh()
      )
      (conv4): Sequential(
        (0): ReplicationPad2d((3, 3, 0, 0))
        (1): Conv2d(64, 64, kernel_size=(1, 5), stride=(1, 1))
        (2): LeakyReLU(negative_slope=0.01, inplace=True)
        (3): Dropout(p=0.1, inplace=False)
        (4): Conv2d(64, 64, kernel_size=(1, 3), stride=(1, 1))
        (5): Tanh()
      )
      (dgcn): DGCN(
        (conv): Conv2d(64, 64, kernel_size=(1, 1), stride=(1, 1))
        (generator): Graph_Generator(
          (fc): Linear(in_features=2, out_features=1, bias=True)
        )
        (gcn): Diffusion_GCN(
          (conv): Conv2d(64, 64, kernel_size=(1, 1), stride=(1, 1))
          (dropout): Dropout(p=0.1, inplace=False)
        )
      )
    )
    (IDGCN3): IDGCN(
      (split): Splitting()
      (conv1): Sequential(
        (0): ReplicationPad2d((3, 3, 0, 0))
        (1): Conv2d(64, 64, kernel_size=(1, 5), stride=(1, 1))
        (2): LeakyReLU(negative_slope=0.01, inplace=True)
        (3): Dropout(p=0.1, inplace=False)
        (4): Conv2d(64, 64, kernel_size=(1, 3), stride=(1, 1))
        (5): Tanh()
      )
      (conv2): Sequential(
        (0): ReplicationPad2d((3, 3, 0, 0))
        (1): Conv2d(64, 64, kernel_size=(1, 5), stride=(1, 1))
        (2): LeakyReLU(negative_slope=0.01, inplace=True)
        (3): Dropout(p=0.1, inplace=False)
        (4): Conv2d(64, 64, kernel_size=(1, 3), stride=(1, 1))
        (5): Tanh()
      )
      (conv3): Sequential(
        (0): ReplicationPad2d((3, 3, 0, 0))
        (1): Conv2d(64, 64, kernel_size=(1, 5), stride=(1, 1))
        (2): LeakyReLU(negative_slope=0.01, inplace=True)
        (3): Dropout(p=0.1, inplace=False)
        (4): Conv2d(64, 64, kernel_size=(1, 3), stride=(1, 1))
        (5): Tanh()
      )
      (conv4): Sequential(
        (0): ReplicationPad2d((3, 3, 0, 0))
        (1): Conv2d(64, 64, kernel_size=(1, 5), stride=(1, 1))
        (2): LeakyReLU(negative_slope=0.01, inplace=True)
        (3): Dropout(p=0.1, inplace=False)
        (4): Conv2d(64, 64, kernel_size=(1, 3), stride=(1, 1))
        (5): Tanh()
      )
      (dgcn): DGCN(
        (conv): Conv2d(64, 64, kernel_size=(1, 1), stride=(1, 1))
        (generator): Graph_Generator(
          (fc): Linear(in_features=2, out_features=1, bias=True)
        )
        (gcn): Diffusion_GCN(
          (conv): Conv2d(64, 64, kernel_size=(1, 1), stride=(1, 1))
          (dropout): Dropout(p=0.1, inplace=False)
        )
      )
    )
  )
  (glu): GLU(
    (conv1): Conv2d(64, 64, kernel_size=(1, 1), stride=(1, 1))
    (conv2): Conv2d(64, 64, kernel_size=(1, 1), stride=(1, 1))
    (conv3): Conv2d(64, 64, kernel_size=(1, 1), stride=(1, 1))
    (dropout): Dropout(p=0.1, inplace=False)
  )
  (regression_layer): Conv2d(64, 12, kernel_size=(1, 12), stride=(1, 1))
  (cluster_agg): ClusterMeanAggregation()
  (cluster_feedback): ClusterMLPFeedback(
    (activation): ReLU()
  )
)
start training...
/dfs/data/Cluster-aware-STIDGCN/ranger21.py:131: UserWarning: This overload of addcmul_ is deprecated:
	addcmul_(Number value, Tensor tensor1, Tensor tensor2)
Consider using one of the following signatures instead:
	addcmul_(Tensor tensor1, Tensor tensor2, *, Number value) (Triggered internally at /opt/pytorch/pytorch/torch/csrc/utils/python_arg_parser.cpp:1488.)
  exp_avg_sq.mul_(beta2).addcmul_(1 - beta2, grad, grad)
Iter: 000, Train Loss: 152.9024, Train RMSE: 208.0152, Train MAPE: 160.8031, Train WMAPE: 0.8489
Iter: 050, Train Loss: 122.1153, Train RMSE: 181.4020, Train MAPE: 87.2020, Train WMAPE: 0.6696
Epoch: 001, Training Time: 15.6881 secs
Epoch: 001, Inference Time: 1.8718 secs
Epoch: 001, Train Loss: 123.3325, Train RMSE: 177.8221, Train MAPE: 111.6173, Train WMAPE: 0.6897, 
Epoch: 001, Valid Loss: 68.0566, Valid RMSE: 116.8508, Valid MAPE: 83.5913, Valid WMAPE: 0.3906
###Update tasks appear###
Updating! Valid Loss: 68.05663081577846, epoch:  1
Iter: 000, Train Loss: 68.1748, Train RMSE: 110.9498, Train MAPE: 35.4655, Train WMAPE: 0.3785
Iter: 050, Train Loss: 30.2354, Train RMSE: 54.0060, Train MAPE: 9.3782, Train WMAPE: 0.1658
Epoch: 002, Training Time: 14.9605 secs
Epoch: 002, Inference Time: 1.9026 secs
Epoch: 002, Train Loss: 35.9020, Train RMSE: 61.0152, Train MAPE: 14.4955, Train WMAPE: 0.2007, 
Epoch: 002, Valid Loss: 28.1521, Valid RMSE: 62.0084, Valid MAPE: 20.2498, Valid WMAPE: 0.1615
###Update tasks appear###
Updating! Valid Loss: 28.15208980015346, epoch:  2
Iter: 000, Train Loss: 26.3470, Train RMSE: 47.1237, Train MAPE: 8.8971, Train WMAPE: 0.1463
Iter: 050, Train Loss: 21.8739, Train RMSE: 38.0153, Train MAPE: 3.7834, Train WMAPE: 0.1199
Epoch: 003, Training Time: 15.0645 secs
Epoch: 003, Inference Time: 1.9124 secs
Epoch: 003, Train Loss: 21.8456, Train RMSE: 37.5343, Train MAPE: 5.8709, Train WMAPE: 0.1222, 
Epoch: 003, Valid Loss: 21.7384, Valid RMSE: 53.0593, Valid MAPE: 9.3785, Valid WMAPE: 0.1249
###Update tasks appear###
Updating! Valid Loss: 21.738379546574183, epoch:  3
Iter: 000, Train Loss: 19.4618, Train RMSE: 33.4065, Train MAPE: 4.1696, Train WMAPE: 0.1080
Iter: 050, Train Loss: 18.0564, Train RMSE: 32.7896, Train MAPE: 2.7755, Train WMAPE: 0.0990
Epoch: 004, Training Time: 14.8658 secs
Epoch: 004, Inference Time: 1.8139 secs
Epoch: 004, Train Loss: 17.4591, Train RMSE: 30.5568, Train MAPE: 4.1288, Train WMAPE: 0.0976, 
Epoch: 004, Valid Loss: 18.6761, Valid RMSE: 52.0211, Valid MAPE: 8.3543, Valid WMAPE: 0.1073
###Update tasks appear###
Updating! Valid Loss: 18.676116739000594, epoch:  4
Iter: 000, Train Loss: 16.3369, Train RMSE: 30.5036, Train MAPE: 3.8868, Train WMAPE: 0.0907
Iter: 050, Train Loss: 16.7762, Train RMSE: 32.0306, Train MAPE: 2.5221, Train WMAPE: 0.0920
Epoch: 005, Training Time: 15.2174 secs
Epoch: 005, Inference Time: 1.9286 secs
Epoch: 005, Train Loss: 15.3125, Train RMSE: 28.1951, Train MAPE: 3.5496, Train WMAPE: 0.0856, 
Epoch: 005, Valid Loss: 17.9774, Valid RMSE: 51.3567, Valid MAPE: 7.9974, Valid WMAPE: 0.1033
###Update tasks appear###
Updating! Valid Loss: 17.977404390062606, epoch:  5
Iter: 000, Train Loss: 15.2009, Train RMSE: 28.6990, Train MAPE: 3.9183, Train WMAPE: 0.0844
Iter: 050, Train Loss: 15.8284, Train RMSE: 30.8792, Train MAPE: 2.5315, Train WMAPE: 0.0868
Epoch: 006, Training Time: 14.8969 secs
Epoch: 006, Inference Time: 1.8064 secs
Epoch: 006, Train Loss: 14.2591, Train RMSE: 27.0413, Train MAPE: 3.1022, Train WMAPE: 0.0797, 
Epoch: 006, Valid Loss: 17.2928, Valid RMSE: 50.6219, Valid MAPE: 6.8462, Valid WMAPE: 0.0994
###Update tasks appear###
Updating! Valid Loss: 17.29280182293483, epoch:  6
Iter: 000, Train Loss: 14.1073, Train RMSE: 27.7046, Train MAPE: 3.4153, Train WMAPE: 0.0783
Iter: 050, Train Loss: 15.7754, Train RMSE: 30.5853, Train MAPE: 2.2819, Train WMAPE: 0.0865
Epoch: 007, Training Time: 15.0671 secs
Epoch: 007, Inference Time: 1.9950 secs
Epoch: 007, Train Loss: 13.5913, Train RMSE: 26.3436, Train MAPE: 2.8718, Train WMAPE: 0.0760, 
Epoch: 007, Valid Loss: 17.2660, Valid RMSE: 50.9557, Valid MAPE: 5.7382, Valid WMAPE: 0.0992
###Update tasks appear###
Updating! Valid Loss: 17.265972546168737, epoch:  7
Iter: 000, Train Loss: 14.4700, Train RMSE: 28.4575, Train MAPE: 2.9680, Train WMAPE: 0.0803
Iter: 050, Train Loss: 14.7525, Train RMSE: 29.6852, Train MAPE: 1.9531, Train WMAPE: 0.0809
Epoch: 008, Training Time: 15.4752 secs
Epoch: 008, Inference Time: 2.0914 secs
Epoch: 008, Train Loss: 13.1108, Train RMSE: 25.8245, Train MAPE: 2.7896, Train WMAPE: 0.0733, 
Epoch: 008, Valid Loss: 16.5623, Valid RMSE: 50.1977, Valid MAPE: 6.2708, Valid WMAPE: 0.0952
###Update tasks appear###
Updating! Valid Loss: 16.562267780303955, epoch:  8
Iter: 000, Train Loss: 13.2735, Train RMSE: 26.8987, Train MAPE: 2.8156, Train WMAPE: 0.0737
Iter: 050, Train Loss: 14.3480, Train RMSE: 29.2230, Train MAPE: 2.1089, Train WMAPE: 0.0787
Epoch: 009, Training Time: 14.3853 secs
Epoch: 009, Inference Time: 1.8930 secs
Epoch: 009, Train Loss: 12.5938, Train RMSE: 25.1853, Train MAPE: 2.6155, Train WMAPE: 0.0704, 
Epoch: 009, Valid Loss: 16.2934, Valid RMSE: 49.9262, Valid MAPE: 5.9084, Valid WMAPE: 0.0937
###Update tasks appear###
Updating! Valid Loss: 16.29335171835763, epoch:  9
Iter: 000, Train Loss: 12.8649, Train RMSE: 26.4471, Train MAPE: 2.9826, Train WMAPE: 0.0714
Iter: 050, Train Loss: 14.2521, Train RMSE: 28.7125, Train MAPE: 2.0049, Train WMAPE: 0.0782
Epoch: 010, Training Time: 15.9363 secs
Epoch: 010, Inference Time: 2.0548 secs
Epoch: 010, Train Loss: 12.2975, Train RMSE: 24.8013, Train MAPE: 2.7104, Train WMAPE: 0.0688, 
Epoch: 010, Valid Loss: 15.9625, Valid RMSE: 49.5890, Valid MAPE: 5.0148, Valid WMAPE: 0.0918
###Update tasks appear###
Updating! Valid Loss: 15.962518113000053, epoch:  10
Iter: 000, Train Loss: 12.2785, Train RMSE: 25.5275, Train MAPE: 2.5448, Train WMAPE: 0.0682
Iter: 050, Train Loss: 13.7700, Train RMSE: 28.5460, Train MAPE: 1.8910, Train WMAPE: 0.0755
Epoch: 011, Training Time: 15.3822 secs
Epoch: 011, Inference Time: 1.8810 secs
Epoch: 011, Train Loss: 11.9788, Train RMSE: 24.4300, Train MAPE: 2.5044, Train WMAPE: 0.0670, 
Epoch: 011, Valid Loss: 15.9444, Valid RMSE: 49.4214, Valid MAPE: 8.5007, Valid WMAPE: 0.0917
###Update tasks appear###
Updating! Valid Loss: 15.944369111742292, epoch:  11
Iter: 000, Train Loss: 12.1552, Train RMSE: 25.0882, Train MAPE: 3.8150, Train WMAPE: 0.0675
Iter: 050, Train Loss: 13.5116, Train RMSE: 28.1376, Train MAPE: 1.9881, Train WMAPE: 0.0741
Epoch: 012, Training Time: 15.0870 secs
Epoch: 012, Inference Time: 1.9844 secs
Epoch: 012, Train Loss: 11.7939, Train RMSE: 24.1555, Train MAPE: 2.4582, Train WMAPE: 0.0660, 
Epoch: 012, Valid Loss: 15.3794, Valid RMSE: 49.2232, Valid MAPE: 5.0126, Valid WMAPE: 0.0885
###Update tasks appear###
Updating! Valid Loss: 15.37937821660723, epoch:  12
Iter: 000, Train Loss: 11.7753, Train RMSE: 24.9712, Train MAPE: 2.4670, Train WMAPE: 0.0654
Iter: 050, Train Loss: 13.4342, Train RMSE: 27.9862, Train MAPE: 1.7520, Train WMAPE: 0.0737
Epoch: 013, Training Time: 15.0421 secs
Epoch: 013, Inference Time: 1.8571 secs
Epoch: 013, Train Loss: 11.5085, Train RMSE: 23.7360, Train MAPE: 2.4105, Train WMAPE: 0.0644, 
Epoch: 013, Valid Loss: 15.5512, Valid RMSE: 49.1504, Valid MAPE: 7.5577, Valid WMAPE: 0.0894
No update
Iter: 000, Train Loss: 11.9573, Train RMSE: 24.9634, Train MAPE: 3.4294, Train WMAPE: 0.0664
Iter: 050, Train Loss: 13.2754, Train RMSE: 27.5545, Train MAPE: 1.6501, Train WMAPE: 0.0728
Epoch: 014, Training Time: 15.2085 secs
Epoch: 014, Inference Time: 1.8897 secs
Epoch: 014, Train Loss: 11.3225, Train RMSE: 23.4900, Train MAPE: 2.3094, Train WMAPE: 0.0633, 
Epoch: 014, Valid Loss: 15.0806, Valid RMSE: 49.0963, Valid MAPE: 4.7918, Valid WMAPE: 0.0867
###Update tasks appear###
Updating! Valid Loss: 15.080621821539742, epoch:  14
Iter: 000, Train Loss: 11.5808, Train RMSE: 24.7055, Train MAPE: 2.1579, Train WMAPE: 0.0643
Iter: 050, Train Loss: 12.8548, Train RMSE: 27.4290, Train MAPE: 1.5678, Train WMAPE: 0.0705
Epoch: 015, Training Time: 15.1917 secs
Epoch: 015, Inference Time: 1.8028 secs
Epoch: 015, Train Loss: 11.2437, Train RMSE: 23.4030, Train MAPE: 2.2389, Train WMAPE: 0.0629, 
Epoch: 015, Valid Loss: 14.9971, Valid RMSE: 48.7371, Valid MAPE: 4.9775, Valid WMAPE: 0.0862
###Update tasks appear###
Updating! Valid Loss: 14.997109992163521, epoch:  15
Iter: 000, Train Loss: 11.4506, Train RMSE: 24.3877, Train MAPE: 2.2325, Train WMAPE: 0.0636
Iter: 050, Train Loss: 13.0535, Train RMSE: 27.4203, Train MAPE: 1.6272, Train WMAPE: 0.0716
Epoch: 016, Training Time: 15.7070 secs
Epoch: 016, Inference Time: 1.8832 secs
Epoch: 016, Train Loss: 11.0476, Train RMSE: 23.1092, Train MAPE: 2.1120, Train WMAPE: 0.0618, 
Epoch: 016, Valid Loss: 14.8468, Valid RMSE: 48.5493, Valid MAPE: 5.5705, Valid WMAPE: 0.0854
###Update tasks appear###
Updating! Valid Loss: 14.846812861306327, epoch:  16
Iter: 000, Train Loss: 11.2769, Train RMSE: 24.1311, Train MAPE: 2.5731, Train WMAPE: 0.0626
Iter: 050, Train Loss: 12.9703, Train RMSE: 27.3219, Train MAPE: 1.9539, Train WMAPE: 0.0711
Epoch: 017, Training Time: 15.5607 secs
Epoch: 017, Inference Time: 1.9108 secs
Epoch: 017, Train Loss: 10.9231, Train RMSE: 22.9573, Train MAPE: 2.0827, Train WMAPE: 0.0611, 
Epoch: 017, Valid Loss: 14.7937, Valid RMSE: 48.5821, Valid MAPE: 3.6822, Valid WMAPE: 0.0851
###Update tasks appear###
Updating! Valid Loss: 14.793724843433925, epoch:  17
Iter: 000, Train Loss: 11.1628, Train RMSE: 24.0060, Train MAPE: 1.6591, Train WMAPE: 0.0620
Iter: 050, Train Loss: 12.8447, Train RMSE: 27.1451, Train MAPE: 1.4573, Train WMAPE: 0.0704
Epoch: 018, Training Time: 15.2989 secs
Epoch: 018, Inference Time: 1.8771 secs
Epoch: 018, Train Loss: 10.8135, Train RMSE: 22.7843, Train MAPE: 2.0792, Train WMAPE: 0.0605, 
Epoch: 018, Valid Loss: 14.5810, Valid RMSE: 48.4858, Valid MAPE: 5.5432, Valid WMAPE: 0.0838
###Update tasks appear###
Updating! Valid Loss: 14.580993413925171, epoch:  18
Iter: 000, Train Loss: 11.0943, Train RMSE: 24.1303, Train MAPE: 2.3616, Train WMAPE: 0.0616
Iter: 050, Train Loss: 12.6216, Train RMSE: 27.0745, Train MAPE: 1.2349, Train WMAPE: 0.0692
Epoch: 019, Training Time: 15.1958 secs
Epoch: 019, Inference Time: 1.9778 secs
Epoch: 019, Train Loss: 10.6438, Train RMSE: 22.5649, Train MAPE: 1.9002, Train WMAPE: 0.0595, 
Epoch: 019, Valid Loss: 14.8283, Valid RMSE: 48.6830, Valid MAPE: 3.7691, Valid WMAPE: 0.0852
No update
Iter: 000, Train Loss: 11.7345, Train RMSE: 24.9104, Train MAPE: 1.5228, Train WMAPE: 0.0651
Iter: 050, Train Loss: 12.3785, Train RMSE: 26.4775, Train MAPE: 1.4802, Train WMAPE: 0.0679
Epoch: 020, Training Time: 15.1882 secs
Epoch: 020, Inference Time: 1.8002 secs
Epoch: 020, Train Loss: 10.5859, Train RMSE: 22.3829, Train MAPE: 2.0892, Train WMAPE: 0.0592, 
Epoch: 020, Valid Loss: 14.2246, Valid RMSE: 47.8969, Valid MAPE: 4.6620, Valid WMAPE: 0.0817
###Update tasks appear###
Updating! Valid Loss: 14.224583864212036, epoch:  20
Iter: 000, Train Loss: 10.7981, Train RMSE: 23.7012, Train MAPE: 1.6997, Train WMAPE: 0.0599
Iter: 050, Train Loss: 12.1684, Train RMSE: 26.0974, Train MAPE: 1.3638, Train WMAPE: 0.0667
Epoch: 021, Training Time: 14.5700 secs
Epoch: 021, Inference Time: 1.7874 secs
Epoch: 021, Train Loss: 10.5092, Train RMSE: 22.2443, Train MAPE: 2.0208, Train WMAPE: 0.0588, 
Epoch: 021, Valid Loss: 14.0945, Valid RMSE: 47.9732, Valid MAPE: 3.2969, Valid WMAPE: 0.0810
###Update tasks appear###
Updating! Valid Loss: 14.094505275998797, epoch:  21
Iter: 000, Train Loss: 10.6480, Train RMSE: 23.5759, Train MAPE: 1.5676, Train WMAPE: 0.0591
Iter: 050, Train Loss: 12.4944, Train RMSE: 26.7180, Train MAPE: 1.2869, Train WMAPE: 0.0685
Epoch: 022, Training Time: 14.3896 secs
Epoch: 022, Inference Time: 1.8971 secs
Epoch: 022, Train Loss: 10.3764, Train RMSE: 22.0970, Train MAPE: 1.8018, Train WMAPE: 0.0580, 
Epoch: 022, Valid Loss: 14.0416, Valid RMSE: 47.5907, Valid MAPE: 5.2375, Valid WMAPE: 0.0807
###Update tasks appear###
Updating! Valid Loss: 14.041615894862584, epoch:  22
Iter: 000, Train Loss: 10.6037, Train RMSE: 23.2905, Train MAPE: 2.2969, Train WMAPE: 0.0589
Iter: 050, Train Loss: 11.9290, Train RMSE: 25.8820, Train MAPE: 1.2025, Train WMAPE: 0.0654
Epoch: 023, Training Time: 14.4054 secs
Epoch: 023, Inference Time: 1.8716 secs
Epoch: 023, Train Loss: 10.2606, Train RMSE: 21.9258, Train MAPE: 1.9024, Train WMAPE: 0.0574, 
Epoch: 023, Valid Loss: 13.9647, Valid RMSE: 47.3951, Valid MAPE: 5.8887, Valid WMAPE: 0.0802
###Update tasks appear###
Updating! Valid Loss: 13.964684792927333, epoch:  23
Iter: 000, Train Loss: 10.6074, Train RMSE: 23.3122, Train MAPE: 2.2799, Train WMAPE: 0.0589
Iter: 050, Train Loss: 11.9357, Train RMSE: 26.0372, Train MAPE: 1.2122, Train WMAPE: 0.0655
Epoch: 024, Training Time: 14.7831 secs
Epoch: 024, Inference Time: 1.9023 secs
Epoch: 024, Train Loss: 10.1448, Train RMSE: 21.6989, Train MAPE: 1.8599, Train WMAPE: 0.0567, 
Epoch: 024, Valid Loss: 13.7432, Valid RMSE: 47.1511, Valid MAPE: 4.5060, Valid WMAPE: 0.0790
###Update tasks appear###
Updating! Valid Loss: 13.743229287011284, epoch:  24
Iter: 000, Train Loss: 10.4220, Train RMSE: 23.1233, Train MAPE: 1.7684, Train WMAPE: 0.0579
Iter: 050, Train Loss: 11.8077, Train RMSE: 25.7321, Train MAPE: 1.2483, Train WMAPE: 0.0647
Epoch: 025, Training Time: 15.0122 secs
Epoch: 025, Inference Time: 1.8497 secs
Epoch: 025, Train Loss: 10.1035, Train RMSE: 21.5964, Train MAPE: 1.9228, Train WMAPE: 0.0565, 
Epoch: 025, Valid Loss: 13.9458, Valid RMSE: 47.4799, Valid MAPE: 3.5862, Valid WMAPE: 0.0801
No update
Iter: 000, Train Loss: 10.7662, Train RMSE: 23.8418, Train MAPE: 1.6963, Train WMAPE: 0.0598
Iter: 050, Train Loss: 12.0971, Train RMSE: 25.8946, Train MAPE: 1.9908, Train WMAPE: 0.0663
Epoch: 026, Training Time: 14.8610 secs
Epoch: 026, Inference Time: 1.8258 secs
Epoch: 026, Train Loss: 10.0721, Train RMSE: 21.5178, Train MAPE: 1.8820, Train WMAPE: 0.0563, 
Epoch: 026, Valid Loss: 13.5741, Valid RMSE: 47.1003, Valid MAPE: 3.3927, Valid WMAPE: 0.0780
###Update tasks appear###
Updating! Valid Loss: 13.574137721742902, epoch:  26
Iter: 000, Train Loss: 10.3993, Train RMSE: 23.2110, Train MAPE: 1.1984, Train WMAPE: 0.0577
Iter: 050, Train Loss: 11.8041, Train RMSE: 25.3843, Train MAPE: 1.3157, Train WMAPE: 0.0647
Epoch: 027, Training Time: 15.5904 secs
Epoch: 027, Inference Time: 1.9076 secs
Epoch: 027, Train Loss: 9.9653, Train RMSE: 21.3548, Train MAPE: 1.7761, Train WMAPE: 0.0557, 
Epoch: 027, Valid Loss: 13.6030, Valid RMSE: 46.8121, Valid MAPE: 5.1905, Valid WMAPE: 0.0781
No update
Iter: 000, Train Loss: 10.4072, Train RMSE: 23.0500, Train MAPE: 1.9869, Train WMAPE: 0.0578
Iter: 050, Train Loss: 11.8035, Train RMSE: 25.6165, Train MAPE: 1.5929, Train WMAPE: 0.0647
Epoch: 028, Training Time: 15.5815 secs
Epoch: 028, Inference Time: 1.8817 secs
Epoch: 028, Train Loss: 9.8713, Train RMSE: 21.2590, Train MAPE: 1.7465, Train WMAPE: 0.0552, 
Epoch: 028, Valid Loss: 13.9050, Valid RMSE: 47.2968, Valid MAPE: 3.4893, Valid WMAPE: 0.0798
No update
Iter: 000, Train Loss: 10.6590, Train RMSE: 23.7094, Train MAPE: 1.3950, Train WMAPE: 0.0592
Iter: 050, Train Loss: 11.7584, Train RMSE: 25.4099, Train MAPE: 1.4307, Train WMAPE: 0.0645
Epoch: 029, Training Time: 15.0035 secs
Epoch: 029, Inference Time: 1.8900 secs
Epoch: 029, Train Loss: 9.8500, Train RMSE: 21.1105, Train MAPE: 1.8690, Train WMAPE: 0.0551, 
Epoch: 029, Valid Loss: 13.7446, Valid RMSE: 46.7012, Valid MAPE: 7.2624, Valid WMAPE: 0.0789
No update
Iter: 000, Train Loss: 10.4329, Train RMSE: 22.7741, Train MAPE: 2.9540, Train WMAPE: 0.0579
Iter: 050, Train Loss: 11.5084, Train RMSE: 24.9604, Train MAPE: 1.1937, Train WMAPE: 0.0631
Epoch: 030, Training Time: 15.2346 secs
Epoch: 030, Inference Time: 1.8730 secs
Epoch: 030, Train Loss: 9.7472, Train RMSE: 21.0056, Train MAPE: 1.7813, Train WMAPE: 0.0545, 
Epoch: 030, Valid Loss: 13.1416, Valid RMSE: 46.3030, Valid MAPE: 2.9301, Valid WMAPE: 0.0755
###Update tasks appear###
Updating! Valid Loss: 13.14162826538086, epoch:  30
Iter: 000, Train Loss: 9.9516, Train RMSE: 22.5396, Train MAPE: 1.1340, Train WMAPE: 0.0552
Iter: 050, Train Loss: 11.7572, Train RMSE: 25.2507, Train MAPE: 1.7377, Train WMAPE: 0.0645
Epoch: 031, Training Time: 14.9986 secs
Epoch: 031, Inference Time: 1.8756 secs
Epoch: 031, Train Loss: 9.6963, Train RMSE: 20.8970, Train MAPE: 1.7492, Train WMAPE: 0.0542, 
Epoch: 031, Valid Loss: 13.7103, Valid RMSE: 46.6285, Valid MAPE: 5.1506, Valid WMAPE: 0.0787
No update
Iter: 000, Train Loss: 10.6490, Train RMSE: 23.1199, Train MAPE: 1.9148, Train WMAPE: 0.0591
Iter: 050, Train Loss: 11.6146, Train RMSE: 24.9349, Train MAPE: 1.4273, Train WMAPE: 0.0637
Epoch: 032, Training Time: 14.3902 secs
Epoch: 032, Inference Time: 1.8965 secs
Epoch: 032, Train Loss: 9.6927, Train RMSE: 20.7535, Train MAPE: 1.8558, Train WMAPE: 0.0542, 
Epoch: 032, Valid Loss: 13.1338, Valid RMSE: 46.0983, Valid MAPE: 3.6090, Valid WMAPE: 0.0754
###Update tasks appear###
Updating! Valid Loss: 13.133776528494698, epoch:  32
Iter: 000, Train Loss: 9.9987, Train RMSE: 22.3191, Train MAPE: 1.4014, Train WMAPE: 0.0555
Iter: 050, Train Loss: 11.2214, Train RMSE: 24.2569, Train MAPE: 1.3927, Train WMAPE: 0.0615
Epoch: 033, Training Time: 15.0136 secs
Epoch: 033, Inference Time: 1.9796 secs
Epoch: 033, Train Loss: 9.5831, Train RMSE: 20.5607, Train MAPE: 1.7956, Train WMAPE: 0.0536, 
Epoch: 033, Valid Loss: 13.4174, Valid RMSE: 45.9198, Valid MAPE: 4.2908, Valid WMAPE: 0.0771
No update
Iter: 000, Train Loss: 10.3807, Train RMSE: 22.5058, Train MAPE: 1.7650, Train WMAPE: 0.0576
Iter: 050, Train Loss: 11.5355, Train RMSE: 24.7594, Train MAPE: 1.7933, Train WMAPE: 0.0633
Epoch: 034, Training Time: 15.1724 secs
Epoch: 034, Inference Time: 1.8045 secs
Epoch: 034, Train Loss: 9.4987, Train RMSE: 20.5132, Train MAPE: 1.5914, Train WMAPE: 0.0531, 
Epoch: 034, Valid Loss: 13.1728, Valid RMSE: 46.0461, Valid MAPE: 3.8137, Valid WMAPE: 0.0756
No update
Iter: 000, Train Loss: 10.1611, Train RMSE: 22.5736, Train MAPE: 1.6105, Train WMAPE: 0.0564
Iter: 050, Train Loss: 11.2151, Train RMSE: 23.8733, Train MAPE: 2.2537, Train WMAPE: 0.0615
Epoch: 035, Training Time: 15.2896 secs
Epoch: 035, Inference Time: 1.9098 secs
Epoch: 035, Train Loss: 9.3757, Train RMSE: 20.1875, Train MAPE: 1.7966, Train WMAPE: 0.0524, 
Epoch: 035, Valid Loss: 13.0063, Valid RMSE: 45.8565, Valid MAPE: 2.9238, Valid WMAPE: 0.0747
###Update tasks appear###
Updating! Valid Loss: 13.006259850093297, epoch:  35
Iter: 000, Train Loss: 9.9166, Train RMSE: 22.2423, Train MAPE: 1.3522, Train WMAPE: 0.0551
Iter: 050, Train Loss: 11.0675, Train RMSE: 23.9498, Train MAPE: 1.1038, Train WMAPE: 0.0607
Epoch: 036, Training Time: 15.2708 secs
Epoch: 036, Inference Time: 1.8929 secs
Epoch: 036, Train Loss: 9.3772, Train RMSE: 20.1287, Train MAPE: 1.7531, Train WMAPE: 0.0524, 
Epoch: 036, Valid Loss: 12.9050, Valid RMSE: 45.6436, Valid MAPE: 3.9815, Valid WMAPE: 0.0741
###Update tasks appear###
Updating! Valid Loss: 12.905025890895299, epoch:  36
Iter: 000, Train Loss: 9.8075, Train RMSE: 22.1185, Train MAPE: 1.5335, Train WMAPE: 0.0544
Iter: 050, Train Loss: 10.8550, Train RMSE: 23.3620, Train MAPE: 0.9645, Train WMAPE: 0.0595
Epoch: 037, Training Time: 15.0742 secs
Epoch: 037, Inference Time: 1.8129 secs
Epoch: 037, Train Loss: 9.2984, Train RMSE: 20.0099, Train MAPE: 1.6577, Train WMAPE: 0.0520, 
Epoch: 037, Valid Loss: 13.7322, Valid RMSE: 46.3951, Valid MAPE: 5.8458, Valid WMAPE: 0.0788
No update
Iter: 000, Train Loss: 10.8103, Train RMSE: 23.3257, Train MAPE: 2.2964, Train WMAPE: 0.0600
Iter: 050, Train Loss: 10.9108, Train RMSE: 23.4022, Train MAPE: 1.0778, Train WMAPE: 0.0598
Epoch: 038, Training Time: 15.1715 secs
Epoch: 038, Inference Time: 1.9021 secs
Epoch: 038, Train Loss: 9.3011, Train RMSE: 20.0064, Train MAPE: 1.5755, Train WMAPE: 0.0520, 
Epoch: 038, Valid Loss: 12.9960, Valid RMSE: 45.7684, Valid MAPE: 4.0100, Valid WMAPE: 0.0746
No update
Iter: 000, Train Loss: 9.9502, Train RMSE: 22.1678, Train MAPE: 1.4701, Train WMAPE: 0.0552
Iter: 050, Train Loss: 10.6901, Train RMSE: 23.0372, Train MAPE: 0.8375, Train WMAPE: 0.0586
Epoch: 039, Training Time: 15.2964 secs
Epoch: 039, Inference Time: 1.8130 secs
Epoch: 039, Train Loss: 9.2219, Train RMSE: 19.8163, Train MAPE: 1.6932, Train WMAPE: 0.0516, 
Epoch: 039, Valid Loss: 13.1057, Valid RMSE: 45.4237, Valid MAPE: 6.7886, Valid WMAPE: 0.0753
No update
Iter: 000, Train Loss: 10.0266, Train RMSE: 21.7759, Train MAPE: 2.4455, Train WMAPE: 0.0557
Iter: 050, Train Loss: 11.4176, Train RMSE: 23.9620, Train MAPE: 1.5949, Train WMAPE: 0.0626
Epoch: 040, Training Time: 15.1812 secs
Epoch: 040, Inference Time: 1.8916 secs
Epoch: 040, Train Loss: 9.2381, Train RMSE: 19.8031, Train MAPE: 1.6958, Train WMAPE: 0.0517, 
Epoch: 040, Valid Loss: 13.0791, Valid RMSE: 45.3846, Valid MAPE: 7.3341, Valid WMAPE: 0.0751
No update
Iter: 000, Train Loss: 9.9054, Train RMSE: 21.5471, Train MAPE: 2.7380, Train WMAPE: 0.0550
Iter: 050, Train Loss: 10.5704, Train RMSE: 22.9075, Train MAPE: 1.0198, Train WMAPE: 0.0580
Epoch: 041, Training Time: 15.5052 secs
Epoch: 041, Inference Time: 2.0845 secs
Epoch: 041, Train Loss: 9.1091, Train RMSE: 19.5571, Train MAPE: 1.5942, Train WMAPE: 0.0509, 
Epoch: 041, Valid Loss: 12.6951, Valid RMSE: 45.4111, Valid MAPE: 3.7579, Valid WMAPE: 0.0729
###Update tasks appear###
Updating! Valid Loss: 12.69506219455174, epoch:  41
Iter: 000, Train Loss: 9.5469, Train RMSE: 21.5071, Train MAPE: 1.4812, Train WMAPE: 0.0530
Iter: 050, Train Loss: 10.8018, Train RMSE: 23.1126, Train MAPE: 1.0718, Train WMAPE: 0.0592
Epoch: 042, Training Time: 15.4801 secs
Epoch: 042, Inference Time: 1.8159 secs
Epoch: 042, Train Loss: 9.0692, Train RMSE: 19.4390, Train MAPE: 1.6003, Train WMAPE: 0.0507, 
Epoch: 042, Valid Loss: 12.6439, Valid RMSE: 45.1149, Valid MAPE: 4.7113, Valid WMAPE: 0.0726
###Update tasks appear###
Updating! Valid Loss: 12.643901450293404, epoch:  42
Iter: 000, Train Loss: 9.4797, Train RMSE: 21.3820, Train MAPE: 1.8722, Train WMAPE: 0.0526
Iter: 050, Train Loss: 10.4780, Train RMSE: 22.1110, Train MAPE: 1.0239, Train WMAPE: 0.0575
Epoch: 043, Training Time: 14.8583 secs
Epoch: 043, Inference Time: 1.9100 secs
Epoch: 043, Train Loss: 9.0030, Train RMSE: 19.2829, Train MAPE: 1.6585, Train WMAPE: 0.0504, 
Epoch: 043, Valid Loss: 12.8044, Valid RMSE: 45.3651, Valid MAPE: 4.8902, Valid WMAPE: 0.0735
No update
Iter: 000, Train Loss: 9.8408, Train RMSE: 21.6750, Train MAPE: 1.7678, Train WMAPE: 0.0546
Iter: 050, Train Loss: 10.4384, Train RMSE: 22.1360, Train MAPE: 1.0790, Train WMAPE: 0.0572
Epoch: 044, Training Time: 14.9527 secs
Epoch: 044, Inference Time: 1.8389 secs
Epoch: 044, Train Loss: 8.9989, Train RMSE: 19.2800, Train MAPE: 1.4802, Train WMAPE: 0.0503, 
Epoch: 044, Valid Loss: 12.5703, Valid RMSE: 45.1791, Valid MAPE: 3.1366, Valid WMAPE: 0.0722
###Update tasks appear###
Updating! Valid Loss: 12.570287261690412, epoch:  44
Iter: 000, Train Loss: 9.4049, Train RMSE: 21.1020, Train MAPE: 1.2469, Train WMAPE: 0.0522
Iter: 050, Train Loss: 10.5047, Train RMSE: 22.3556, Train MAPE: 1.0923, Train WMAPE: 0.0576
Epoch: 045, Training Time: 15.2531 secs
Epoch: 045, Inference Time: 1.8194 secs
Epoch: 045, Train Loss: 8.8444, Train RMSE: 18.9783, Train MAPE: 1.6211, Train WMAPE: 0.0495, 
Epoch: 045, Valid Loss: 12.7732, Valid RMSE: 44.7944, Valid MAPE: 7.0315, Valid WMAPE: 0.0733
No update
Iter: 000, Train Loss: 9.6370, Train RMSE: 20.8545, Train MAPE: 2.5388, Train WMAPE: 0.0535
Iter: 050, Train Loss: 10.4579, Train RMSE: 22.3569, Train MAPE: 1.1536, Train WMAPE: 0.0573
Epoch: 046, Training Time: 15.2191 secs
Epoch: 046, Inference Time: 1.8952 secs
Epoch: 046, Train Loss: 8.9101, Train RMSE: 19.0377, Train MAPE: 1.6562, Train WMAPE: 0.0498, 
Epoch: 046, Valid Loss: 12.8045, Valid RMSE: 44.9396, Valid MAPE: 7.0129, Valid WMAPE: 0.0735
No update
Iter: 000, Train Loss: 9.7139, Train RMSE: 20.9578, Train MAPE: 2.5521, Train WMAPE: 0.0539
Iter: 050, Train Loss: 10.6869, Train RMSE: 22.1512, Train MAPE: 1.2884, Train WMAPE: 0.0586
Epoch: 047, Training Time: 15.3899 secs
Epoch: 047, Inference Time: 1.9069 secs
Epoch: 047, Train Loss: 8.8460, Train RMSE: 18.9619, Train MAPE: 1.4692, Train WMAPE: 0.0495, 
Epoch: 047, Valid Loss: 12.6799, Valid RMSE: 45.2116, Valid MAPE: 2.7653, Valid WMAPE: 0.0728
No update
Iter: 000, Train Loss: 9.6948, Train RMSE: 21.3314, Train MAPE: 1.0166, Train WMAPE: 0.0538
Iter: 050, Train Loss: 10.2884, Train RMSE: 21.8333, Train MAPE: 1.0167, Train WMAPE: 0.0564
Epoch: 048, Training Time: 15.2939 secs
Epoch: 048, Inference Time: 1.9776 secs
Epoch: 048, Train Loss: 8.7828, Train RMSE: 18.8420, Train MAPE: 1.4982, Train WMAPE: 0.0491, 
Epoch: 048, Valid Loss: 12.3111, Valid RMSE: 44.6332, Valid MAPE: 4.0927, Valid WMAPE: 0.0707
###Update tasks appear###
Updating! Valid Loss: 12.311090128762382, epoch:  48
Iter: 000, Train Loss: 9.1367, Train RMSE: 20.2874, Train MAPE: 1.5074, Train WMAPE: 0.0507
Iter: 050, Train Loss: 9.9683, Train RMSE: 21.0542, Train MAPE: 1.1196, Train WMAPE: 0.0547
Epoch: 049, Training Time: 15.2851 secs
Epoch: 049, Inference Time: 1.9145 secs
Epoch: 049, Train Loss: 8.6752, Train RMSE: 18.6089, Train MAPE: 1.4646, Train WMAPE: 0.0485, 
Epoch: 049, Valid Loss: 12.3442, Valid RMSE: 44.5645, Valid MAPE: 2.9807, Valid WMAPE: 0.0709
No update
Iter: 000, Train Loss: 9.3154, Train RMSE: 20.7060, Train MAPE: 1.2708, Train WMAPE: 0.0517
Iter: 050, Train Loss: 9.7868, Train RMSE: 20.7282, Train MAPE: 1.1094, Train WMAPE: 0.0537
Epoch: 050, Training Time: 14.9719 secs
Epoch: 050, Inference Time: 1.8189 secs
Epoch: 050, Train Loss: 8.5930, Train RMSE: 18.4921, Train MAPE: 1.3505, Train WMAPE: 0.0481, 
Epoch: 050, Valid Loss: 12.6477, Valid RMSE: 45.0360, Valid MAPE: 4.1206, Valid WMAPE: 0.0726
No update
Iter: 000, Train Loss: 9.5048, Train RMSE: 20.7604, Train MAPE: 1.3616, Train WMAPE: 0.0528
Iter: 050, Train Loss: 9.7636, Train RMSE: 20.6890, Train MAPE: 0.8169, Train WMAPE: 0.0535
Epoch: 051, Training Time: 15.2751 secs
Epoch: 051, Inference Time: 1.9125 secs
Epoch: 051, Train Loss: 8.6057, Train RMSE: 18.4252, Train MAPE: 1.5690, Train WMAPE: 0.0481, 
Epoch: 051, Valid Loss: 12.2602, Valid RMSE: 44.4007, Valid MAPE: 3.9940, Valid WMAPE: 0.0704
###Update tasks appear###
Updating! Valid Loss: 12.260163170950753, epoch:  51
Iter: 000, Train Loss: 9.0404, Train RMSE: 19.8735, Train MAPE: 1.4592, Train WMAPE: 0.0502
Iter: 050, Train Loss: 9.9864, Train RMSE: 21.1231, Train MAPE: 1.1447, Train WMAPE: 0.0548
Epoch: 052, Training Time: 14.9616 secs
Epoch: 052, Inference Time: 1.8997 secs
Epoch: 052, Train Loss: 8.4852, Train RMSE: 18.2125, Train MAPE: 1.5209, Train WMAPE: 0.0475, 
Epoch: 052, Valid Loss: 12.6312, Valid RMSE: 44.3187, Valid MAPE: 7.8167, Valid WMAPE: 0.0725
No update
Iter: 000, Train Loss: 9.4242, Train RMSE: 20.1196, Train MAPE: 3.1801, Train WMAPE: 0.0523
Iter: 050, Train Loss: 9.9759, Train RMSE: 20.7922, Train MAPE: 1.2874, Train WMAPE: 0.0547
Epoch: 053, Training Time: 15.0932 secs
Epoch: 053, Inference Time: 1.8079 secs
Epoch: 053, Train Loss: 8.5174, Train RMSE: 18.1931, Train MAPE: 1.6346, Train WMAPE: 0.0476, 
Epoch: 053, Valid Loss: 12.1957, Valid RMSE: 44.4160, Valid MAPE: 3.9016, Valid WMAPE: 0.0700
###Update tasks appear###
Updating! Valid Loss: 12.195728199822563, epoch:  53
Iter: 000, Train Loss: 8.9662, Train RMSE: 19.6281, Train MAPE: 1.4961, Train WMAPE: 0.0498
Iter: 050, Train Loss: 9.9350, Train RMSE: 20.7930, Train MAPE: 1.1952, Train WMAPE: 0.0545
Epoch: 054, Training Time: 15.5693 secs
Epoch: 054, Inference Time: 1.8870 secs
Epoch: 054, Train Loss: 8.5135, Train RMSE: 18.2417, Train MAPE: 1.5093, Train WMAPE: 0.0476, 
Epoch: 054, Valid Loss: 12.0524, Valid RMSE: 44.0889, Valid MAPE: 4.5275, Valid WMAPE: 0.0692
###Update tasks appear###
Updating! Valid Loss: 12.0524400302342, epoch:  54
Iter: 000, Train Loss: 8.8534, Train RMSE: 19.8407, Train MAPE: 1.6629, Train WMAPE: 0.0492
Iter: 050, Train Loss: 9.5421, Train RMSE: 20.1356, Train MAPE: 0.9473, Train WMAPE: 0.0523
Epoch: 055, Training Time: 15.1256 secs
Epoch: 055, Inference Time: 2.0520 secs
Epoch: 055, Train Loss: 8.4335, Train RMSE: 18.0575, Train MAPE: 1.5043, Train WMAPE: 0.0472, 
Epoch: 055, Valid Loss: 12.0652, Valid RMSE: 44.0474, Valid MAPE: 3.8388, Valid WMAPE: 0.0693
No update
Iter: 000, Train Loss: 8.9279, Train RMSE: 19.5311, Train MAPE: 1.2952, Train WMAPE: 0.0496
Iter: 050, Train Loss: 9.3312, Train RMSE: 19.3164, Train MAPE: 1.1959, Train WMAPE: 0.0512
Epoch: 056, Training Time: 15.9002 secs
Epoch: 056, Inference Time: 1.8961 secs
Epoch: 056, Train Loss: 8.3476, Train RMSE: 17.8844, Train MAPE: 1.5268, Train WMAPE: 0.0467, 
Epoch: 056, Valid Loss: 12.0982, Valid RMSE: 44.1585, Valid MAPE: 2.7440, Valid WMAPE: 0.0695
No update
Iter: 000, Train Loss: 8.7669, Train RMSE: 19.0820, Train MAPE: 0.9664, Train WMAPE: 0.0487
Iter: 050, Train Loss: 9.2998, Train RMSE: 19.2802, Train MAPE: 1.0283, Train WMAPE: 0.0510
Epoch: 057, Training Time: 15.2023 secs
Epoch: 057, Inference Time: 1.9712 secs
Epoch: 057, Train Loss: 8.3378, Train RMSE: 17.8231, Train MAPE: 1.4852, Train WMAPE: 0.0466, 
Epoch: 057, Valid Loss: 12.2936, Valid RMSE: 43.9633, Valid MAPE: 5.0224, Valid WMAPE: 0.0706
No update
Iter: 000, Train Loss: 8.9161, Train RMSE: 18.8723, Train MAPE: 1.8974, Train WMAPE: 0.0495
Iter: 050, Train Loss: 9.5427, Train RMSE: 19.9481, Train MAPE: 1.1449, Train WMAPE: 0.0523
Epoch: 058, Training Time: 15.5352 secs
Epoch: 058, Inference Time: 1.8641 secs
Epoch: 058, Train Loss: 8.3757, Train RMSE: 17.8478, Train MAPE: 1.5057, Train WMAPE: 0.0468, 
Epoch: 058, Valid Loss: 12.0209, Valid RMSE: 44.0684, Valid MAPE: 3.1085, Valid WMAPE: 0.0690
###Update tasks appear###
Updating! Valid Loss: 12.020860161100115, epoch:  58
Iter: 000, Train Loss: 8.7084, Train RMSE: 19.2195, Train MAPE: 1.1046, Train WMAPE: 0.0483
Iter: 050, Train Loss: 9.2830, Train RMSE: 19.2678, Train MAPE: 0.8823, Train WMAPE: 0.0509
Epoch: 059, Training Time: 14.7202 secs
Epoch: 059, Inference Time: 1.9351 secs
Epoch: 059, Train Loss: 8.2374, Train RMSE: 17.6313, Train MAPE: 1.5258, Train WMAPE: 0.0461, 
Epoch: 059, Valid Loss: 11.8746, Valid RMSE: 43.6186, Valid MAPE: 2.9658, Valid WMAPE: 0.0682
###Update tasks appear###
Updating! Valid Loss: 11.874601670673915, epoch:  59
Iter: 000, Train Loss: 8.5653, Train RMSE: 18.6548, Train MAPE: 1.1618, Train WMAPE: 0.0476
Iter: 050, Train Loss: 9.8928, Train RMSE: 20.8012, Train MAPE: 1.2670, Train WMAPE: 0.0542
Epoch: 060, Training Time: 15.0855 secs
Epoch: 060, Inference Time: 1.8974 secs
Epoch: 060, Train Loss: 8.2444, Train RMSE: 17.6257, Train MAPE: 1.4270, Train WMAPE: 0.0461, 
Epoch: 060, Valid Loss: 11.8237, Valid RMSE: 43.7957, Valid MAPE: 3.0389, Valid WMAPE: 0.0679
###Update tasks appear###
Updating! Valid Loss: 11.82368516921997, epoch:  60
Iter: 000, Train Loss: 8.5426, Train RMSE: 18.9096, Train MAPE: 1.1336, Train WMAPE: 0.0474
Iter: 050, Train Loss: 9.0326, Train RMSE: 18.7602, Train MAPE: 1.0166, Train WMAPE: 0.0495
Epoch: 061, Training Time: 15.0701 secs
Epoch: 061, Inference Time: 1.8871 secs
Epoch: 061, Train Loss: 8.1532, Train RMSE: 17.4509, Train MAPE: 1.4631, Train WMAPE: 0.0456, 
Epoch: 061, Valid Loss: 12.0075, Valid RMSE: 43.5420, Valid MAPE: 5.1463, Valid WMAPE: 0.0689
No update
Iter: 000, Train Loss: 8.7330, Train RMSE: 18.8176, Train MAPE: 1.8050, Train WMAPE: 0.0485
Iter: 050, Train Loss: 9.0861, Train RMSE: 19.0157, Train MAPE: 0.7839, Train WMAPE: 0.0498
Epoch: 062, Training Time: 15.3082 secs
Epoch: 062, Inference Time: 1.8972 secs
Epoch: 062, Train Loss: 8.1330, Train RMSE: 17.3387, Train MAPE: 1.4846, Train WMAPE: 0.0455, 
Epoch: 062, Valid Loss: 11.9643, Valid RMSE: 43.9043, Valid MAPE: 4.0147, Valid WMAPE: 0.0687
No update
Iter: 000, Train Loss: 8.7220, Train RMSE: 19.0460, Train MAPE: 1.5212, Train WMAPE: 0.0484
Iter: 050, Train Loss: 9.1985, Train RMSE: 19.0570, Train MAPE: 0.7876, Train WMAPE: 0.0504
Epoch: 063, Training Time: 15.9975 secs
Epoch: 063, Inference Time: 1.9866 secs
Epoch: 063, Train Loss: 8.1280, Train RMSE: 17.3387, Train MAPE: 1.4107, Train WMAPE: 0.0455, 
Epoch: 063, Valid Loss: 11.9901, Valid RMSE: 43.6615, Valid MAPE: 5.0552, Valid WMAPE: 0.0688
No update
Iter: 000, Train Loss: 8.4055, Train RMSE: 17.9071, Train MAPE: 1.9867, Train WMAPE: 0.0467
Iter: 050, Train Loss: 9.2460, Train RMSE: 19.4599, Train MAPE: 0.9465, Train WMAPE: 0.0507
Epoch: 064, Training Time: 15.6044 secs
Epoch: 064, Inference Time: 1.9057 secs
Epoch: 064, Train Loss: 8.0393, Train RMSE: 17.0921, Train MAPE: 1.4691, Train WMAPE: 0.0450, 
Epoch: 064, Valid Loss: 11.8125, Valid RMSE: 43.7362, Valid MAPE: 2.9665, Valid WMAPE: 0.0678
###Update tasks appear###
Updating! Valid Loss: 11.812499489103045, epoch:  64
Iter: 000, Train Loss: 8.5630, Train RMSE: 18.7122, Train MAPE: 1.0655, Train WMAPE: 0.0475
Iter: 050, Train Loss: 9.3014, Train RMSE: 19.6572, Train MAPE: 0.9230, Train WMAPE: 0.0510
Epoch: 065, Training Time: 15.5616 secs
Epoch: 065, Inference Time: 1.9032 secs
Epoch: 065, Train Loss: 7.9948, Train RMSE: 17.1260, Train MAPE: 1.2941, Train WMAPE: 0.0447, 
Epoch: 065, Valid Loss: 11.9256, Valid RMSE: 43.8498, Valid MAPE: 2.9517, Valid WMAPE: 0.0685
No update
Iter: 000, Train Loss: 8.4339, Train RMSE: 18.6383, Train MAPE: 1.1887, Train WMAPE: 0.0468
Iter: 050, Train Loss: 8.8909, Train RMSE: 18.5707, Train MAPE: 0.6880, Train WMAPE: 0.0488
Epoch: 066, Training Time: 15.2944 secs
Epoch: 066, Inference Time: 1.9018 secs
Epoch: 066, Train Loss: 7.9655, Train RMSE: 16.9650, Train MAPE: 1.4320, Train WMAPE: 0.0445, 
Epoch: 066, Valid Loss: 11.8364, Valid RMSE: 43.6238, Valid MAPE: 5.7374, Valid WMAPE: 0.0680
No update
Iter: 000, Train Loss: 8.3398, Train RMSE: 18.0321, Train MAPE: 2.0630, Train WMAPE: 0.0463
Iter: 050, Train Loss: 8.6542, Train RMSE: 18.1523, Train MAPE: 0.9884, Train WMAPE: 0.0475
Epoch: 067, Training Time: 15.0765 secs
Epoch: 067, Inference Time: 1.9230 secs
Epoch: 067, Train Loss: 7.8750, Train RMSE: 16.7702, Train MAPE: 1.4806, Train WMAPE: 0.0440, 
Epoch: 067, Valid Loss: 12.2454, Valid RMSE: 43.5921, Valid MAPE: 7.0651, Valid WMAPE: 0.0703
No update
Iter: 000, Train Loss: 8.7837, Train RMSE: 18.1379, Train MAPE: 2.7523, Train WMAPE: 0.0488
Iter: 050, Train Loss: 8.5153, Train RMSE: 17.7666, Train MAPE: 0.7353, Train WMAPE: 0.0467
Epoch: 068, Training Time: 15.5746 secs
Epoch: 068, Inference Time: 1.9860 secs
Epoch: 068, Train Loss: 7.8208, Train RMSE: 16.6614, Train MAPE: 1.4838, Train WMAPE: 0.0437, 
Epoch: 068, Valid Loss: 11.6618, Valid RMSE: 43.5676, Valid MAPE: 3.0259, Valid WMAPE: 0.0670
###Update tasks appear###
Updating! Valid Loss: 11.661823647362846, epoch:  68
Iter: 000, Train Loss: 8.3216, Train RMSE: 18.0629, Train MAPE: 0.9642, Train WMAPE: 0.0462
Iter: 050, Train Loss: 8.6076, Train RMSE: 17.9968, Train MAPE: 0.9533, Train WMAPE: 0.0472
Epoch: 069, Training Time: 15.1833 secs
Epoch: 069, Inference Time: 1.9815 secs
Epoch: 069, Train Loss: 7.8732, Train RMSE: 16.7579, Train MAPE: 1.4196, Train WMAPE: 0.0440, 
Epoch: 069, Valid Loss: 11.9349, Valid RMSE: 43.8642, Valid MAPE: 4.3610, Valid WMAPE: 0.0685
No update
Iter: 000, Train Loss: 8.5921, Train RMSE: 18.3008, Train MAPE: 1.5305, Train WMAPE: 0.0477
Iter: 050, Train Loss: 8.5815, Train RMSE: 17.5222, Train MAPE: 1.2513, Train WMAPE: 0.0471
Epoch: 070, Training Time: 15.6956 secs
Epoch: 070, Inference Time: 1.8177 secs
Epoch: 070, Train Loss: 7.8016, Train RMSE: 16.6091, Train MAPE: 1.3941, Train WMAPE: 0.0436, 
Epoch: 070, Valid Loss: 12.0133, Valid RMSE: 43.2620, Valid MAPE: 5.3569, Valid WMAPE: 0.0690
No update
Iter: 000, Train Loss: 8.6051, Train RMSE: 17.8617, Train MAPE: 1.8085, Train WMAPE: 0.0478
Iter: 050, Train Loss: 9.4807, Train RMSE: 20.3796, Train MAPE: 0.8643, Train WMAPE: 0.0520
Epoch: 071, Training Time: 15.3755 secs
Epoch: 071, Inference Time: 1.9220 secs
Epoch: 071, Train Loss: 7.7791, Train RMSE: 16.6009, Train MAPE: 1.3209, Train WMAPE: 0.0435, 
Epoch: 071, Valid Loss: 11.8786, Valid RMSE: 43.6270, Valid MAPE: 5.0679, Valid WMAPE: 0.0682
No update
Iter: 000, Train Loss: 8.4989, Train RMSE: 17.8585, Train MAPE: 1.7627, Train WMAPE: 0.0472
Iter: 050, Train Loss: 8.8585, Train RMSE: 18.3473, Train MAPE: 0.8236, Train WMAPE: 0.0486
Epoch: 072, Training Time: 15.6227 secs
Epoch: 072, Inference Time: 1.8873 secs
Epoch: 072, Train Loss: 7.7179, Train RMSE: 16.3981, Train MAPE: 1.2845, Train WMAPE: 0.0432, 
Epoch: 072, Valid Loss: 11.4612, Valid RMSE: 43.4091, Valid MAPE: 3.2195, Valid WMAPE: 0.0658
###Update tasks appear###
Updating! Valid Loss: 11.461192199162074, epoch:  72
Iter: 000, Train Loss: 7.8131, Train RMSE: 17.1563, Train MAPE: 1.0803, Train WMAPE: 0.0434
Iter: 050, Train Loss: 8.2397, Train RMSE: 16.9559, Train MAPE: 0.9206, Train WMAPE: 0.0452
Epoch: 073, Training Time: 15.5800 secs
Epoch: 073, Inference Time: 1.8930 secs
Epoch: 073, Train Loss: 7.6261, Train RMSE: 16.2646, Train MAPE: 1.2819, Train WMAPE: 0.0427, 
Epoch: 073, Valid Loss: 11.8878, Valid RMSE: 43.3002, Valid MAPE: 6.5883, Valid WMAPE: 0.0683
No update
Iter: 000, Train Loss: 8.5791, Train RMSE: 18.4809, Train MAPE: 2.4244, Train WMAPE: 0.0476
Iter: 050, Train Loss: 8.1187, Train RMSE: 16.8959, Train MAPE: 0.9049, Train WMAPE: 0.0445
Epoch: 074, Training Time: 15.0003 secs
Epoch: 074, Inference Time: 1.7949 secs
Epoch: 074, Train Loss: 7.5907, Train RMSE: 16.1871, Train MAPE: 1.3357, Train WMAPE: 0.0425, 
Epoch: 074, Valid Loss: 11.5696, Valid RMSE: 43.1412, Valid MAPE: 3.8419, Valid WMAPE: 0.0664
No update
Iter: 000, Train Loss: 7.9851, Train RMSE: 16.7980, Train MAPE: 1.3527, Train WMAPE: 0.0443
Iter: 050, Train Loss: 7.8933, Train RMSE: 16.0081, Train MAPE: 0.8658, Train WMAPE: 0.0433
Epoch: 075, Training Time: 15.1931 secs
Epoch: 075, Inference Time: 1.9007 secs
Epoch: 075, Train Loss: 7.6014, Train RMSE: 16.1171, Train MAPE: 1.4293, Train WMAPE: 0.0425, 
Epoch: 075, Valid Loss: 11.9120, Valid RMSE: 43.3777, Valid MAPE: 5.1110, Valid WMAPE: 0.0684
No update
Iter: 000, Train Loss: 8.3427, Train RMSE: 17.6352, Train MAPE: 1.6928, Train WMAPE: 0.0463
Iter: 050, Train Loss: 8.4338, Train RMSE: 17.7019, Train MAPE: 1.1477, Train WMAPE: 0.0462
Epoch: 076, Training Time: 15.4928 secs
Epoch: 076, Inference Time: 2.0031 secs
Epoch: 076, Train Loss: 7.5877, Train RMSE: 16.0953, Train MAPE: 1.4294, Train WMAPE: 0.0424, 
Epoch: 076, Valid Loss: 11.7013, Valid RMSE: 42.8860, Valid MAPE: 5.9169, Valid WMAPE: 0.0672
No update
Iter: 000, Train Loss: 7.9705, Train RMSE: 16.9306, Train MAPE: 1.9907, Train WMAPE: 0.0442
Iter: 050, Train Loss: 8.0348, Train RMSE: 16.5725, Train MAPE: 0.9581, Train WMAPE: 0.0441
Epoch: 077, Training Time: 15.2102 secs
Epoch: 077, Inference Time: 1.8824 secs
Epoch: 077, Train Loss: 7.4976, Train RMSE: 15.9068, Train MAPE: 1.3992, Train WMAPE: 0.0419, 
Epoch: 077, Valid Loss: 11.4682, Valid RMSE: 43.0668, Valid MAPE: 3.0936, Valid WMAPE: 0.0659
No update
Iter: 000, Train Loss: 7.6864, Train RMSE: 16.9853, Train MAPE: 1.1039, Train WMAPE: 0.0427
Iter: 050, Train Loss: 8.3001, Train RMSE: 17.4433, Train MAPE: 1.0340, Train WMAPE: 0.0455
Epoch: 078, Training Time: 14.9867 secs
Epoch: 078, Inference Time: 1.8744 secs
Epoch: 078, Train Loss: 7.5049, Train RMSE: 15.9233, Train MAPE: 1.2754, Train WMAPE: 0.0420, 
Epoch: 078, Valid Loss: 11.3180, Valid RMSE: 42.7712, Valid MAPE: 3.3475, Valid WMAPE: 0.0650
###Update tasks appear###
Updating! Valid Loss: 11.31804633140564, epoch:  78
Iter: 000, Train Loss: 7.6477, Train RMSE: 17.0359, Train MAPE: 1.2009, Train WMAPE: 0.0425
Iter: 050, Train Loss: 8.0937, Train RMSE: 17.1427, Train MAPE: 0.9188, Train WMAPE: 0.0444
Epoch: 079, Training Time: 15.1872 secs
Epoch: 079, Inference Time: 1.8092 secs
Epoch: 079, Train Loss: 7.5045, Train RMSE: 15.8890, Train MAPE: 1.3888, Train WMAPE: 0.0420, 
Epoch: 079, Valid Loss: 11.4602, Valid RMSE: 42.8051, Valid MAPE: 3.7673, Valid WMAPE: 0.0658
No update
Iter: 000, Train Loss: 8.0775, Train RMSE: 17.6295, Train MAPE: 1.5020, Train WMAPE: 0.0448
Iter: 050, Train Loss: 8.2107, Train RMSE: 17.2951, Train MAPE: 0.8683, Train WMAPE: 0.0450
Epoch: 080, Training Time: 15.1052 secs
Epoch: 080, Inference Time: 1.8846 secs
Epoch: 080, Train Loss: 7.3992, Train RMSE: 15.6520, Train MAPE: 1.5154, Train WMAPE: 0.0414, 
Epoch: 080, Valid Loss: 11.3811, Valid RMSE: 43.1472, Valid MAPE: 4.8215, Valid WMAPE: 0.0654
No update
Iter: 000, Train Loss: 7.7059, Train RMSE: 16.9946, Train MAPE: 1.5858, Train WMAPE: 0.0428
Iter: 050, Train Loss: 7.7038, Train RMSE: 15.6387, Train MAPE: 1.3313, Train WMAPE: 0.0422
Epoch: 081, Training Time: 15.3800 secs
Epoch: 081, Inference Time: 1.9081 secs
Epoch: 081, Train Loss: 7.3337, Train RMSE: 15.5168, Train MAPE: 1.4354, Train WMAPE: 0.0410, 
Epoch: 081, Valid Loss: 11.4678, Valid RMSE: 42.8274, Valid MAPE: 4.5762, Valid WMAPE: 0.0659
No update
Iter: 000, Train Loss: 7.6674, Train RMSE: 16.6803, Train MAPE: 1.4049, Train WMAPE: 0.0426
Iter: 050, Train Loss: 8.2880, Train RMSE: 17.2386, Train MAPE: 0.7779, Train WMAPE: 0.0454
Epoch: 082, Training Time: 15.2124 secs
Epoch: 082, Inference Time: 2.0678 secs
Epoch: 082, Train Loss: 7.3894, Train RMSE: 15.6653, Train MAPE: 1.3395, Train WMAPE: 0.0413, 
Epoch: 082, Valid Loss: 11.3035, Valid RMSE: 42.7355, Valid MAPE: 3.5518, Valid WMAPE: 0.0649
###Update tasks appear###
Updating! Valid Loss: 11.303450073514666, epoch:  82
Iter: 000, Train Loss: 7.8738, Train RMSE: 17.1834, Train MAPE: 1.1752, Train WMAPE: 0.0437
Iter: 050, Train Loss: 8.7145, Train RMSE: 18.6086, Train MAPE: 1.2079, Train WMAPE: 0.0478
Epoch: 083, Training Time: 14.7397 secs
Epoch: 083, Inference Time: 1.9369 secs
Epoch: 083, Train Loss: 7.3172, Train RMSE: 15.4808, Train MAPE: 1.3650, Train WMAPE: 0.0409, 
Epoch: 083, Valid Loss: 11.5200, Valid RMSE: 42.8875, Valid MAPE: 3.7335, Valid WMAPE: 0.0662
No update
Iter: 000, Train Loss: 8.0321, Train RMSE: 17.4669, Train MAPE: 1.3225, Train WMAPE: 0.0446
Iter: 050, Train Loss: 7.9494, Train RMSE: 16.3162, Train MAPE: 1.1526, Train WMAPE: 0.0436
Epoch: 084, Training Time: 14.5889 secs
Epoch: 084, Inference Time: 1.8828 secs
Epoch: 084, Train Loss: 7.3744, Train RMSE: 15.5687, Train MAPE: 1.3595, Train WMAPE: 0.0412, 
Epoch: 084, Valid Loss: 11.3371, Valid RMSE: 42.6060, Valid MAPE: 5.0275, Valid WMAPE: 0.0651
No update
Iter: 000, Train Loss: 7.4927, Train RMSE: 15.8409, Train MAPE: 1.9147, Train WMAPE: 0.0416
Iter: 050, Train Loss: 7.6284, Train RMSE: 15.4434, Train MAPE: 1.0302, Train WMAPE: 0.0418
Epoch: 085, Training Time: 15.6941 secs
Epoch: 085, Inference Time: 1.8829 secs
Epoch: 085, Train Loss: 7.2382, Train RMSE: 15.2986, Train MAPE: 1.3894, Train WMAPE: 0.0405, 
Epoch: 085, Valid Loss: 11.6874, Valid RMSE: 42.6454, Valid MAPE: 5.7165, Valid WMAPE: 0.0671
No update
Iter: 000, Train Loss: 7.8596, Train RMSE: 15.8502, Train MAPE: 1.9095, Train WMAPE: 0.0436
Iter: 050, Train Loss: 7.5345, Train RMSE: 15.5248, Train MAPE: 0.9715, Train WMAPE: 0.0413
Epoch: 086, Training Time: 15.2051 secs
Epoch: 086, Inference Time: 1.8919 secs
Epoch: 086, Train Loss: 7.1500, Train RMSE: 15.1147, Train MAPE: 1.3684, Train WMAPE: 0.0400, 
Epoch: 086, Valid Loss: 11.3378, Valid RMSE: 42.6397, Valid MAPE: 4.0176, Valid WMAPE: 0.0651
No update
Iter: 000, Train Loss: 7.7114, Train RMSE: 16.0628, Train MAPE: 1.3992, Train WMAPE: 0.0428
Iter: 050, Train Loss: 7.4432, Train RMSE: 15.1779, Train MAPE: 0.7812, Train WMAPE: 0.0408
Epoch: 087, Training Time: 15.3933 secs
Epoch: 087, Inference Time: 1.9144 secs
Epoch: 087, Train Loss: 7.2298, Train RMSE: 15.3256, Train MAPE: 1.2883, Train WMAPE: 0.0404, 
Epoch: 087, Valid Loss: 11.2567, Valid RMSE: 42.3571, Valid MAPE: 4.9332, Valid WMAPE: 0.0646
###Update tasks appear###
Updating! Valid Loss: 11.256680420466832, epoch:  87
Iter: 000, Train Loss: 7.3643, Train RMSE: 15.7480, Train MAPE: 1.6523, Train WMAPE: 0.0409
Iter: 050, Train Loss: 7.4541, Train RMSE: 15.0642, Train MAPE: 1.0711, Train WMAPE: 0.0409
Epoch: 088, Training Time: 15.3363 secs
Epoch: 088, Inference Time: 1.8709 secs
Epoch: 088, Train Loss: 7.1044, Train RMSE: 15.0278, Train MAPE: 1.3120, Train WMAPE: 0.0397, 
Epoch: 088, Valid Loss: 11.2321, Valid RMSE: 42.1717, Valid MAPE: 3.9536, Valid WMAPE: 0.0645
###Update tasks appear###
Updating! Valid Loss: 11.232131447110858, epoch:  88
Iter: 000, Train Loss: 7.1341, Train RMSE: 14.7399, Train MAPE: 1.2975, Train WMAPE: 0.0396
Iter: 050, Train Loss: 8.1655, Train RMSE: 17.0732, Train MAPE: 0.9899, Train WMAPE: 0.0448
Epoch: 089, Training Time: 15.4638 secs
Epoch: 089, Inference Time: 1.9895 secs
Epoch: 089, Train Loss: 7.1754, Train RMSE: 15.2323, Train MAPE: 1.2189, Train WMAPE: 0.0401, 
Epoch: 089, Valid Loss: 11.4359, Valid RMSE: 42.5090, Valid MAPE: 3.5084, Valid WMAPE: 0.0657
No update
Iter: 000, Train Loss: 7.4820, Train RMSE: 15.7416, Train MAPE: 1.1447, Train WMAPE: 0.0415
Iter: 050, Train Loss: 7.5006, Train RMSE: 15.4833, Train MAPE: 0.9955, Train WMAPE: 0.0411
Epoch: 090, Training Time: 15.1358 secs
Epoch: 090, Inference Time: 1.7563 secs
Epoch: 090, Train Loss: 7.1435, Train RMSE: 15.1053, Train MAPE: 1.2203, Train WMAPE: 0.0399, 
Epoch: 090, Valid Loss: 11.1454, Valid RMSE: 42.1618, Valid MAPE: 2.9398, Valid WMAPE: 0.0640
###Update tasks appear###
Updating! Valid Loss: 11.14544347354344, epoch:  90
Iter: 000, Train Loss: 7.0054, Train RMSE: 14.7338, Train MAPE: 0.9018, Train WMAPE: 0.0389
Iter: 050, Train Loss: 7.4999, Train RMSE: 15.3534, Train MAPE: 0.7987, Train WMAPE: 0.0411
Epoch: 091, Training Time: 14.4743 secs
Epoch: 091, Inference Time: 1.7903 secs
Epoch: 091, Train Loss: 7.0529, Train RMSE: 14.8995, Train MAPE: 1.2335, Train WMAPE: 0.0394, 
Epoch: 091, Valid Loss: 11.1342, Valid RMSE: 42.0418, Valid MAPE: 3.7419, Valid WMAPE: 0.0639
###Update tasks appear###
Updating! Valid Loss: 11.134150743484497, epoch:  91
Iter: 000, Train Loss: 7.3769, Train RMSE: 15.4996, Train MAPE: 1.2237, Train WMAPE: 0.0410
Iter: 050, Train Loss: 7.3099, Train RMSE: 15.0658, Train MAPE: 0.9126, Train WMAPE: 0.0401
Epoch: 092, Training Time: 13.9913 secs
Epoch: 092, Inference Time: 1.7004 secs
Epoch: 092, Train Loss: 6.9820, Train RMSE: 14.8795, Train MAPE: 1.1443, Train WMAPE: 0.0390, 
Epoch: 092, Valid Loss: 11.2269, Valid RMSE: 42.0581, Valid MAPE: 3.1881, Valid WMAPE: 0.0645
No update
Iter: 000, Train Loss: 7.4749, Train RMSE: 15.1734, Train MAPE: 0.9118, Train WMAPE: 0.0415
Iter: 050, Train Loss: 7.2028, Train RMSE: 14.7224, Train MAPE: 0.6984, Train WMAPE: 0.0395
Epoch: 093, Training Time: 13.8862 secs
Epoch: 093, Inference Time: 1.7154 secs
Epoch: 093, Train Loss: 6.9974, Train RMSE: 14.8496, Train MAPE: 1.1192, Train WMAPE: 0.0391, 
Epoch: 093, Valid Loss: 11.7826, Valid RMSE: 42.1962, Valid MAPE: 3.3391, Valid WMAPE: 0.0677
No update
Iter: 000, Train Loss: 7.7049, Train RMSE: 15.6238, Train MAPE: 1.0431, Train WMAPE: 0.0428
Iter: 050, Train Loss: 7.3148, Train RMSE: 14.7420, Train MAPE: 1.0463, Train WMAPE: 0.0401
Epoch: 094, Training Time: 14.6127 secs
Epoch: 094, Inference Time: 1.9032 secs
Epoch: 094, Train Loss: 7.0506, Train RMSE: 14.9847, Train MAPE: 1.0834, Train WMAPE: 0.0394, 
Epoch: 094, Valid Loss: 11.2712, Valid RMSE: 41.7721, Valid MAPE: 3.2097, Valid WMAPE: 0.0647
No update
Iter: 000, Train Loss: 7.3483, Train RMSE: 15.7458, Train MAPE: 1.1017, Train WMAPE: 0.0408
Iter: 050, Train Loss: 7.2790, Train RMSE: 15.0703, Train MAPE: 0.8998, Train WMAPE: 0.0399
Epoch: 095, Training Time: 14.9871 secs
Epoch: 095, Inference Time: 1.8997 secs
Epoch: 095, Train Loss: 6.9667, Train RMSE: 14.7876, Train MAPE: 1.2276, Train WMAPE: 0.0390, 
Epoch: 095, Valid Loss: 11.0687, Valid RMSE: 42.1275, Valid MAPE: 2.7755, Valid WMAPE: 0.0636
###Update tasks appear###
Updating! Valid Loss: 11.06874748638698, epoch:  95
Iter: 000, Train Loss: 7.1450, Train RMSE: 14.8321, Train MAPE: 0.8383, Train WMAPE: 0.0397
Iter: 050, Train Loss: 8.3268, Train RMSE: 18.1217, Train MAPE: 0.8075, Train WMAPE: 0.0457
Epoch: 096, Training Time: 14.7702 secs
Epoch: 096, Inference Time: 1.9095 secs
Epoch: 096, Train Loss: 6.9548, Train RMSE: 14.7364, Train MAPE: 1.2146, Train WMAPE: 0.0389, 
Epoch: 096, Valid Loss: 10.9187, Valid RMSE: 41.3167, Valid MAPE: 3.4648, Valid WMAPE: 0.0627
###Update tasks appear###
Updating! Valid Loss: 10.918723549161639, epoch:  96
Iter: 000, Train Loss: 7.0298, Train RMSE: 15.0358, Train MAPE: 1.0622, Train WMAPE: 0.0390
Iter: 050, Train Loss: 7.3610, Train RMSE: 15.1171, Train MAPE: 1.1365, Train WMAPE: 0.0404
Epoch: 097, Training Time: 15.0930 secs
Epoch: 097, Inference Time: 1.9567 secs
Epoch: 097, Train Loss: 6.9122, Train RMSE: 14.6265, Train MAPE: 1.2338, Train WMAPE: 0.0387, 
Epoch: 097, Valid Loss: 11.1196, Valid RMSE: 41.3083, Valid MAPE: 3.7622, Valid WMAPE: 0.0639
No update
Iter: 000, Train Loss: 7.2342, Train RMSE: 14.7843, Train MAPE: 1.2416, Train WMAPE: 0.0402
Iter: 050, Train Loss: 7.1527, Train RMSE: 14.6149, Train MAPE: 0.8576, Train WMAPE: 0.0392
Epoch: 098, Training Time: 15.3989 secs
Epoch: 098, Inference Time: 1.8891 secs
Epoch: 098, Train Loss: 6.8801, Train RMSE: 14.5785, Train MAPE: 1.1397, Train WMAPE: 0.0385, 
Epoch: 098, Valid Loss: 10.7986, Valid RMSE: 41.1458, Valid MAPE: 2.3642, Valid WMAPE: 0.0620
###Update tasks appear###
Updating! Valid Loss: 10.798606838498797, epoch:  98
Iter: 000, Train Loss: 6.9564, Train RMSE: 14.5294, Train MAPE: 0.7088, Train WMAPE: 0.0386
Iter: 050, Train Loss: 7.0827, Train RMSE: 14.6752, Train MAPE: 0.7430, Train WMAPE: 0.0388
Epoch: 099, Training Time: 15.0791 secs
Epoch: 099, Inference Time: 1.8806 secs
Epoch: 099, Train Loss: 6.8231, Train RMSE: 14.4398, Train MAPE: 1.3166, Train WMAPE: 0.0382, 
Epoch: 099, Valid Loss: 11.0349, Valid RMSE: 41.0039, Valid MAPE: 5.0149, Valid WMAPE: 0.0634
No update
Iter: 000, Train Loss: 7.0430, Train RMSE: 14.6084, Train MAPE: 1.6340, Train WMAPE: 0.0391
Iter: 050, Train Loss: 7.0127, Train RMSE: 14.0911, Train MAPE: 0.8739, Train WMAPE: 0.0385
Epoch: 100, Training Time: 14.9462 secs
Epoch: 100, Inference Time: 1.8734 secs
Epoch: 100, Train Loss: 6.8011, Train RMSE: 14.4015, Train MAPE: 1.2525, Train WMAPE: 0.0380, 
Epoch: 100, Valid Loss: 11.3200, Valid RMSE: 41.2214, Valid MAPE: 6.0358, Valid WMAPE: 0.0650
No update
Iter: 000, Train Loss: 7.2213, Train RMSE: 14.7546, Train MAPE: 2.1085, Train WMAPE: 0.0401
Iter: 050, Train Loss: 7.3105, Train RMSE: 14.8334, Train MAPE: 0.9401, Train WMAPE: 0.0401
Epoch: 101, Training Time: 15.0723 secs
Epoch: 101, Inference Time: 1.8917 secs
Epoch: 101, Train Loss: 6.8347, Train RMSE: 14.4487, Train MAPE: 1.2441, Train WMAPE: 0.0382, 
Epoch: 101, Valid Loss: 10.9863, Valid RMSE: 41.3275, Valid MAPE: 4.6481, Valid WMAPE: 0.0631
No update
Iter: 000, Train Loss: 7.0564, Train RMSE: 14.4672, Train MAPE: 1.4656, Train WMAPE: 0.0392
Iter: 050, Train Loss: 7.2018, Train RMSE: 14.5375, Train MAPE: 1.3560, Train WMAPE: 0.0395
Epoch: 102, Training Time: 14.8960 secs
Epoch: 102, Inference Time: 1.7912 secs
Epoch: 102, Train Loss: 6.8091, Train RMSE: 14.3862, Train MAPE: 1.2694, Train WMAPE: 0.0381, 
Epoch: 102, Valid Loss: 10.8080, Valid RMSE: 41.1318, Valid MAPE: 2.7873, Valid WMAPE: 0.0621
No update
Iter: 000, Train Loss: 6.7465, Train RMSE: 14.1750, Train MAPE: 0.9408, Train WMAPE: 0.0375
Iter: 050, Train Loss: 7.0213, Train RMSE: 14.1305, Train MAPE: 1.1763, Train WMAPE: 0.0385
Epoch: 103, Training Time: 15.2324 secs
Epoch: 103, Inference Time: 1.8746 secs
Epoch: 103, Train Loss: 6.7547, Train RMSE: 14.3448, Train MAPE: 1.2129, Train WMAPE: 0.0378, 
Epoch: 103, Valid Loss: 10.9578, Valid RMSE: 40.8758, Valid MAPE: 3.8299, Valid WMAPE: 0.0629
No update
Iter: 000, Train Loss: 7.2037, Train RMSE: 14.8729, Train MAPE: 1.3269, Train WMAPE: 0.0400
Iter: 050, Train Loss: 6.9307, Train RMSE: 14.2670, Train MAPE: 0.6392, Train WMAPE: 0.0380
Epoch: 104, Training Time: 15.4784 secs
Epoch: 104, Inference Time: 1.9092 secs
Epoch: 104, Train Loss: 6.7287, Train RMSE: 14.3618, Train MAPE: 1.0578, Train WMAPE: 0.0376, 
Epoch: 104, Valid Loss: 10.9861, Valid RMSE: 40.6594, Valid MAPE: 2.7793, Valid WMAPE: 0.0631
No update
Iter: 000, Train Loss: 7.4160, Train RMSE: 15.5277, Train MAPE: 0.7753, Train WMAPE: 0.0412
Iter: 050, Train Loss: 6.8520, Train RMSE: 13.9873, Train MAPE: 0.6860, Train WMAPE: 0.0376
Epoch: 105, Training Time: 14.6392 secs
Epoch: 105, Inference Time: 1.8439 secs
Epoch: 105, Train Loss: 6.7359, Train RMSE: 14.3449, Train MAPE: 1.0429, Train WMAPE: 0.0377, 
Epoch: 105, Valid Loss: 11.0583, Valid RMSE: 40.8025, Valid MAPE: 2.8646, Valid WMAPE: 0.0635
No update
Iter: 000, Train Loss: 7.0142, Train RMSE: 14.6107, Train MAPE: 0.9524, Train WMAPE: 0.0389
Iter: 050, Train Loss: 7.0114, Train RMSE: 14.1983, Train MAPE: 0.6547, Train WMAPE: 0.0384
Epoch: 106, Training Time: 15.5128 secs
Epoch: 106, Inference Time: 1.8674 secs
Epoch: 106, Train Loss: 6.8479, Train RMSE: 14.5835, Train MAPE: 1.0845, Train WMAPE: 0.0383, 
Epoch: 106, Valid Loss: 10.9584, Valid RMSE: 40.6105, Valid MAPE: 4.0645, Valid WMAPE: 0.0629
No update
Iter: 000, Train Loss: 7.1209, Train RMSE: 14.6399, Train MAPE: 1.4735, Train WMAPE: 0.0395
Iter: 050, Train Loss: 7.0537, Train RMSE: 14.6264, Train MAPE: 0.8445, Train WMAPE: 0.0387
Epoch: 107, Training Time: 15.1971 secs
Epoch: 107, Inference Time: 1.8903 secs
Epoch: 107, Train Loss: 6.7989, Train RMSE: 14.4720, Train MAPE: 1.1005, Train WMAPE: 0.0380, 
Epoch: 107, Valid Loss: 11.0612, Valid RMSE: 40.6071, Valid MAPE: 2.9432, Valid WMAPE: 0.0635
No update
Iter: 000, Train Loss: 7.2468, Train RMSE: 14.9763, Train MAPE: 1.0177, Train WMAPE: 0.0402
Iter: 050, Train Loss: 7.0376, Train RMSE: 14.3034, Train MAPE: 0.9252, Train WMAPE: 0.0386
Epoch: 108, Training Time: 14.9994 secs
Epoch: 108, Inference Time: 1.8172 secs
Epoch: 108, Train Loss: 6.8183, Train RMSE: 14.4402, Train MAPE: 1.1418, Train WMAPE: 0.0381, 
Epoch: 108, Valid Loss: 10.8426, Valid RMSE: 40.1228, Valid MAPE: 2.2598, Valid WMAPE: 0.0623
No update
Iter: 000, Train Loss: 6.7573, Train RMSE: 14.2237, Train MAPE: 0.8613, Train WMAPE: 0.0375
Iter: 050, Train Loss: 7.1030, Train RMSE: 14.2668, Train MAPE: 0.9623, Train WMAPE: 0.0389
Epoch: 109, Training Time: 15.3124 secs
Epoch: 109, Inference Time: 1.8837 secs
Epoch: 109, Train Loss: 6.6928, Train RMSE: 14.2089, Train MAPE: 1.1462, Train WMAPE: 0.0374, 
Epoch: 109, Valid Loss: 10.9406, Valid RMSE: 39.7505, Valid MAPE: 4.6597, Valid WMAPE: 0.0628
No update
Iter: 000, Train Loss: 6.9924, Train RMSE: 14.2732, Train MAPE: 1.5031, Train WMAPE: 0.0388
Iter: 050, Train Loss: 6.8532, Train RMSE: 13.9637, Train MAPE: 0.7083, Train WMAPE: 0.0376
Epoch: 110, Training Time: 15.3019 secs
Epoch: 110, Inference Time: 1.8858 secs
Epoch: 110, Train Loss: 6.6533, Train RMSE: 14.1398, Train MAPE: 1.1412, Train WMAPE: 0.0372, 
Epoch: 110, Valid Loss: 10.7576, Valid RMSE: 39.6895, Valid MAPE: 2.9780, Valid WMAPE: 0.0618
###Update tasks appear###
Evaluate best model on test data for horizon 1, Test MAE: 9.1783, Test RMSE: 58.9960, Test MAPE: 6.6834, Test WMAPE: 0.0533
Evaluate best model on test data for horizon 2, Test MAE: 10.2476, Test RMSE: 53.9062, Test MAPE: 9.9060, Test WMAPE: 0.0595
Evaluate best model on test data for horizon 3, Test MAE: 10.4112, Test RMSE: 41.0785, Test MAPE: 13.1819, Test WMAPE: 0.0605
Evaluate best model on test data for horizon 4, Test MAE: 11.8543, Test RMSE: 48.2993, Test MAPE: 15.5051, Test WMAPE: 0.0689
Evaluate best model on test data for horizon 5, Test MAE: 13.0736, Test RMSE: 52.7476, Test MAPE: 16.1425, Test WMAPE: 0.0760
Evaluate best model on test data for horizon 6, Test MAE: 13.2426, Test RMSE: 45.5187, Test MAPE: 17.6078, Test WMAPE: 0.0770
Evaluate best model on test data for horizon 7, Test MAE: 14.1940, Test RMSE: 48.5090, Test MAPE: 17.8316, Test WMAPE: 0.0825
Evaluate best model on test data for horizon 8, Test MAE: 15.1491, Test RMSE: 53.2647, Test MAPE: 17.8646, Test WMAPE: 0.0881
Evaluate best model on test data for horizon 9, Test MAE: 15.3652, Test RMSE: 51.2360, Test MAPE: 17.7999, Test WMAPE: 0.0894
Evaluate best model on test data for horizon 10, Test MAE: 15.4403, Test RMSE: 49.2015, Test MAPE: 17.2629, Test WMAPE: 0.0898
Evaluate best model on test data for horizon 11, Test MAE: 16.0204, Test RMSE: 53.7435, Test MAPE: 17.2406, Test WMAPE: 0.0932
Evaluate best model on test data for horizon 12, Test MAE: 16.2255, Test RMSE: 54.0108, Test MAPE: 17.0692, Test WMAPE: 0.0944
On average over 12 horizons, Test MAE: 13.3668, Test RMSE: 50.8760, Test MAPE: 15.3413, Test WMAPE: 0.0777
Test low! Updating! Test Loss: 13.366840839385986, Test low! Updating! Valid Loss: 10.757641962596349, epoch:  110
Iter: 000, Train Loss: 6.8934, Train RMSE: 14.1285, Train MAPE: 0.9501, Train WMAPE: 0.0383
Iter: 050, Train Loss: 6.7819, Train RMSE: 13.9224, Train MAPE: 0.7490, Train WMAPE: 0.0372
Epoch: 111, Training Time: 14.7763 secs
Epoch: 111, Inference Time: 1.8866 secs
Epoch: 111, Train Loss: 6.6693, Train RMSE: 14.2109, Train MAPE: 1.0553, Train WMAPE: 0.0373, 
Epoch: 111, Valid Loss: 10.8771, Valid RMSE: 39.6373, Valid MAPE: 3.5203, Valid WMAPE: 0.0625
No update
Iter: 000, Train Loss: 6.8938, Train RMSE: 14.2043, Train MAPE: 1.1082, Train WMAPE: 0.0383
Iter: 050, Train Loss: 6.7831, Train RMSE: 13.6517, Train MAPE: 0.8250, Train WMAPE: 0.0372
Epoch: 112, Training Time: 15.1292 secs
Epoch: 112, Inference Time: 1.8668 secs
Epoch: 112, Train Loss: 6.6132, Train RMSE: 14.1334, Train MAPE: 0.9807, Train WMAPE: 0.0370, 
Epoch: 112, Valid Loss: 10.9633, Valid RMSE: 39.9221, Valid MAPE: 3.4864, Valid WMAPE: 0.0630
No update
Iter: 000, Train Loss: 7.2860, Train RMSE: 14.9030, Train MAPE: 1.0413, Train WMAPE: 0.0404
Iter: 050, Train Loss: 7.0344, Train RMSE: 14.1998, Train MAPE: 0.5993, Train WMAPE: 0.0386
Epoch: 113, Training Time: 14.9884 secs
Epoch: 113, Inference Time: 1.7963 secs
Epoch: 113, Train Loss: 6.6704, Train RMSE: 14.1720, Train MAPE: 1.0343, Train WMAPE: 0.0373, 
Epoch: 113, Valid Loss: 10.6784, Valid RMSE: 39.6557, Valid MAPE: 2.9805, Valid WMAPE: 0.0613
###Update tasks appear###
Evaluate best model on test data for horizon 1, Test MAE: 9.0679, Test RMSE: 58.9376, Test MAPE: 6.9531, Test WMAPE: 0.0526
Evaluate best model on test data for horizon 2, Test MAE: 10.0785, Test RMSE: 53.8513, Test MAPE: 9.8481, Test WMAPE: 0.0585
Evaluate best model on test data for horizon 3, Test MAE: 10.3932, Test RMSE: 41.2692, Test MAPE: 13.3189, Test WMAPE: 0.0604
Evaluate best model on test data for horizon 4, Test MAE: 11.7135, Test RMSE: 48.6603, Test MAPE: 15.5366, Test WMAPE: 0.0681
Evaluate best model on test data for horizon 5, Test MAE: 12.9034, Test RMSE: 52.9245, Test MAPE: 16.1405, Test WMAPE: 0.0750
Evaluate best model on test data for horizon 6, Test MAE: 13.0933, Test RMSE: 45.3516, Test MAPE: 17.7102, Test WMAPE: 0.0761
Evaluate best model on test data for horizon 7, Test MAE: 13.8850, Test RMSE: 48.2819, Test MAPE: 17.3136, Test WMAPE: 0.0807
Evaluate best model on test data for horizon 8, Test MAE: 14.8438, Test RMSE: 53.1779, Test MAPE: 17.4310, Test WMAPE: 0.0863
Evaluate best model on test data for horizon 9, Test MAE: 15.0178, Test RMSE: 50.8348, Test MAPE: 17.1897, Test WMAPE: 0.0873
Evaluate best model on test data for horizon 10, Test MAE: 15.0136, Test RMSE: 48.5908, Test MAPE: 17.0607, Test WMAPE: 0.0873
Evaluate best model on test data for horizon 11, Test MAE: 15.6521, Test RMSE: 53.4507, Test MAPE: 17.5310, Test WMAPE: 0.0911
Evaluate best model on test data for horizon 12, Test MAE: 15.7942, Test RMSE: 53.4857, Test MAPE: 17.6008, Test WMAPE: 0.0919
On average over 12 horizons, Test MAE: 13.1214, Test RMSE: 50.7347, Test MAPE: 15.3029, Test WMAPE: 0.0763
Test low! Updating! Test Loss: 13.121357679367065, Test low! Updating! Valid Loss: 10.678369011197772, epoch:  113
Iter: 000, Train Loss: 6.7457, Train RMSE: 14.0551, Train MAPE: 0.8502, Train WMAPE: 0.0375
Iter: 050, Train Loss: 8.0320, Train RMSE: 17.3276, Train MAPE: 0.9561, Train WMAPE: 0.0440
Epoch: 114, Training Time: 14.4479 secs
Epoch: 114, Inference Time: 1.8048 secs
Epoch: 114, Train Loss: 6.6442, Train RMSE: 14.1211, Train MAPE: 1.1096, Train WMAPE: 0.0372, 
Epoch: 114, Valid Loss: 10.6421, Valid RMSE: 39.4417, Valid MAPE: 2.8007, Valid WMAPE: 0.0611
###Update tasks appear###
Evaluate best model on test data for horizon 1, Test MAE: 9.0729, Test RMSE: 58.7018, Test MAPE: 6.4858, Test WMAPE: 0.0527
Evaluate best model on test data for horizon 2, Test MAE: 10.1320, Test RMSE: 53.8226, Test MAPE: 9.7668, Test WMAPE: 0.0588
Evaluate best model on test data for horizon 3, Test MAE: 10.3182, Test RMSE: 41.2118, Test MAPE: 12.9783, Test WMAPE: 0.0599
Evaluate best model on test data for horizon 4, Test MAE: 11.7064, Test RMSE: 48.2429, Test MAPE: 15.0069, Test WMAPE: 0.0680
Evaluate best model on test data for horizon 5, Test MAE: 12.9294, Test RMSE: 52.4733, Test MAPE: 15.9417, Test WMAPE: 0.0751
Evaluate best model on test data for horizon 6, Test MAE: 12.9931, Test RMSE: 45.0072, Test MAPE: 16.8693, Test WMAPE: 0.0755
Evaluate best model on test data for horizon 7, Test MAE: 13.8291, Test RMSE: 47.7996, Test MAPE: 16.9912, Test WMAPE: 0.0804
Evaluate best model on test data for horizon 8, Test MAE: 14.7359, Test RMSE: 52.4256, Test MAPE: 16.8646, Test WMAPE: 0.0857
Evaluate best model on test data for horizon 9, Test MAE: 14.9494, Test RMSE: 50.3909, Test MAPE: 16.8784, Test WMAPE: 0.0869
Evaluate best model on test data for horizon 10, Test MAE: 14.9863, Test RMSE: 48.3663, Test MAPE: 16.7850, Test WMAPE: 0.0872
Evaluate best model on test data for horizon 11, Test MAE: 15.6491, Test RMSE: 53.2388, Test MAPE: 16.9739, Test WMAPE: 0.0910
Evaluate best model on test data for horizon 12, Test MAE: 15.8591, Test RMSE: 53.4785, Test MAPE: 16.9971, Test WMAPE: 0.0923
On average over 12 horizons, Test MAE: 13.0967, Test RMSE: 50.4300, Test MAPE: 14.8783, Test WMAPE: 0.0761
Test low! Updating! Test Loss: 13.096737305323282, Test low! Updating! Valid Loss: 10.642069033214025, epoch:  114
Iter: 000, Train Loss: 6.7319, Train RMSE: 13.9695, Train MAPE: 0.9108, Train WMAPE: 0.0374
Iter: 050, Train Loss: 6.7981, Train RMSE: 14.0312, Train MAPE: 0.7814, Train WMAPE: 0.0373
Epoch: 115, Training Time: 15.1688 secs
Epoch: 115, Inference Time: 1.9824 secs
Epoch: 115, Train Loss: 6.5567, Train RMSE: 14.0221, Train MAPE: 1.0208, Train WMAPE: 0.0367, 
Epoch: 115, Valid Loss: 10.9585, Valid RMSE: 39.6575, Valid MAPE: 2.7081, Valid WMAPE: 0.0629
No update
Iter: 000, Train Loss: 7.1081, Train RMSE: 14.5473, Train MAPE: 0.8746, Train WMAPE: 0.0395
Iter: 050, Train Loss: 7.1533, Train RMSE: 14.7032, Train MAPE: 0.5815, Train WMAPE: 0.0392
Epoch: 116, Training Time: 15.0296 secs
Epoch: 116, Inference Time: 1.8713 secs
Epoch: 116, Train Loss: 6.5863, Train RMSE: 14.1025, Train MAPE: 1.0102, Train WMAPE: 0.0368, 
Epoch: 116, Valid Loss: 10.7467, Valid RMSE: 39.2768, Valid MAPE: 3.1451, Valid WMAPE: 0.0617
No update
Iter: 000, Train Loss: 7.0260, Train RMSE: 14.4022, Train MAPE: 1.0242, Train WMAPE: 0.0390
Iter: 050, Train Loss: 6.6283, Train RMSE: 13.5384, Train MAPE: 0.7834, Train WMAPE: 0.0363
Epoch: 117, Training Time: 15.3271 secs
Epoch: 117, Inference Time: 2.0554 secs
Epoch: 117, Train Loss: 6.5922, Train RMSE: 14.0687, Train MAPE: 1.0293, Train WMAPE: 0.0369, 
Epoch: 117, Valid Loss: 10.6460, Valid RMSE: 39.5690, Valid MAPE: 2.3946, Valid WMAPE: 0.0611
No update
Iter: 000, Train Loss: 6.6691, Train RMSE: 14.0845, Train MAPE: 0.8154, Train WMAPE: 0.0370
Iter: 050, Train Loss: 6.7687, Train RMSE: 13.8502, Train MAPE: 0.8314, Train WMAPE: 0.0371
Epoch: 118, Training Time: 15.9209 secs
Epoch: 118, Inference Time: 1.9533 secs
Epoch: 118, Train Loss: 6.5118, Train RMSE: 13.9300, Train MAPE: 1.0015, Train WMAPE: 0.0364, 
Epoch: 118, Valid Loss: 10.7065, Valid RMSE: 39.5783, Valid MAPE: 2.3577, Valid WMAPE: 0.0615
No update
Iter: 000, Train Loss: 6.7034, Train RMSE: 14.0900, Train MAPE: 0.7238, Train WMAPE: 0.0372
Iter: 050, Train Loss: 6.6645, Train RMSE: 13.6719, Train MAPE: 0.6479, Train WMAPE: 0.0365
Epoch: 119, Training Time: 15.1066 secs
Epoch: 119, Inference Time: 1.9021 secs
Epoch: 119, Train Loss: 6.4801, Train RMSE: 13.8577, Train MAPE: 1.0083, Train WMAPE: 0.0362, 
Epoch: 119, Valid Loss: 10.5636, Valid RMSE: 39.2792, Valid MAPE: 2.4346, Valid WMAPE: 0.0607
###Update tasks appear###
Evaluate best model on test data for horizon 1, Test MAE: 9.0102, Test RMSE: 58.4236, Test MAPE: 6.8400, Test WMAPE: 0.0523
Evaluate best model on test data for horizon 2, Test MAE: 10.0786, Test RMSE: 53.5008, Test MAPE: 10.0178, Test WMAPE: 0.0585
Evaluate best model on test data for horizon 3, Test MAE: 10.2353, Test RMSE: 41.1778, Test MAPE: 13.1551, Test WMAPE: 0.0594
Evaluate best model on test data for horizon 4, Test MAE: 11.6534, Test RMSE: 47.8909, Test MAPE: 15.3582, Test WMAPE: 0.0677
Evaluate best model on test data for horizon 5, Test MAE: 12.8842, Test RMSE: 52.3357, Test MAPE: 16.0707, Test WMAPE: 0.0749
Evaluate best model on test data for horizon 6, Test MAE: 13.0469, Test RMSE: 45.0118, Test MAPE: 17.4062, Test WMAPE: 0.0758
Evaluate best model on test data for horizon 7, Test MAE: 13.8771, Test RMSE: 47.7526, Test MAPE: 17.5911, Test WMAPE: 0.0807
Evaluate best model on test data for horizon 8, Test MAE: 14.7231, Test RMSE: 52.2404, Test MAPE: 17.0552, Test WMAPE: 0.0856
Evaluate best model on test data for horizon 9, Test MAE: 14.9445, Test RMSE: 50.5303, Test MAPE: 16.7089, Test WMAPE: 0.0869
Evaluate best model on test data for horizon 10, Test MAE: 14.9566, Test RMSE: 48.2647, Test MAPE: 16.8813, Test WMAPE: 0.0870
Evaluate best model on test data for horizon 11, Test MAE: 15.5808, Test RMSE: 53.0362, Test MAPE: 16.9697, Test WMAPE: 0.0906
Evaluate best model on test data for horizon 12, Test MAE: 15.7898, Test RMSE: 53.3968, Test MAPE: 16.8882, Test WMAPE: 0.0919
On average over 12 horizons, Test MAE: 13.0650, Test RMSE: 50.2968, Test MAPE: 15.0785, Test WMAPE: 0.0759
Test low! Updating! Test Loss: 13.065041303634644, Test low! Updating! Valid Loss: 10.563553776059832, epoch:  119
Iter: 000, Train Loss: 6.6267, Train RMSE: 13.9066, Train MAPE: 0.7386, Train WMAPE: 0.0368
Iter: 050, Train Loss: 6.8211, Train RMSE: 14.0301, Train MAPE: 0.6992, Train WMAPE: 0.0374
Epoch: 120, Training Time: 14.8676 secs
Epoch: 120, Inference Time: 1.8816 secs
Epoch: 120, Train Loss: 6.4983, Train RMSE: 13.8710, Train MAPE: 0.9966, Train WMAPE: 0.0363, 
Epoch: 120, Valid Loss: 10.5844, Valid RMSE: 39.7776, Valid MAPE: 2.3938, Valid WMAPE: 0.0608
No update
Iter: 000, Train Loss: 6.5408, Train RMSE: 13.7885, Train MAPE: 0.7460, Train WMAPE: 0.0363
Iter: 050, Train Loss: 6.7991, Train RMSE: 14.1656, Train MAPE: 0.7545, Train WMAPE: 0.0373
Epoch: 121, Training Time: 15.0938 secs
Epoch: 121, Inference Time: 1.8929 secs
Epoch: 121, Train Loss: 6.5271, Train RMSE: 13.9421, Train MAPE: 1.0077, Train WMAPE: 0.0365, 
Epoch: 121, Valid Loss: 10.8446, Valid RMSE: 39.5462, Valid MAPE: 3.2379, Valid WMAPE: 0.0623
No update
Iter: 000, Train Loss: 7.0923, Train RMSE: 15.1226, Train MAPE: 1.0048, Train WMAPE: 0.0394
Iter: 050, Train Loss: 6.5936, Train RMSE: 13.5374, Train MAPE: 0.5578, Train WMAPE: 0.0362
Epoch: 122, Training Time: 15.2963 secs
Epoch: 122, Inference Time: 1.9929 secs
Epoch: 122, Train Loss: 6.4662, Train RMSE: 13.8240, Train MAPE: 0.9984, Train WMAPE: 0.0362, 
Epoch: 122, Valid Loss: 10.5581, Valid RMSE: 39.1438, Valid MAPE: 3.4184, Valid WMAPE: 0.0606
###Update tasks appear###
Evaluate best model on test data for horizon 1, Test MAE: 9.0868, Test RMSE: 58.4199, Test MAPE: 6.9219, Test WMAPE: 0.0528
Evaluate best model on test data for horizon 2, Test MAE: 10.1547, Test RMSE: 53.4594, Test MAPE: 10.2358, Test WMAPE: 0.0590
Evaluate best model on test data for horizon 3, Test MAE: 10.3427, Test RMSE: 40.9491, Test MAPE: 13.8177, Test WMAPE: 0.0601
Evaluate best model on test data for horizon 4, Test MAE: 11.7450, Test RMSE: 47.7372, Test MAPE: 15.9372, Test WMAPE: 0.0682
Evaluate best model on test data for horizon 5, Test MAE: 12.9264, Test RMSE: 52.1089, Test MAPE: 16.9961, Test WMAPE: 0.0751
Evaluate best model on test data for horizon 6, Test MAE: 13.0648, Test RMSE: 44.5597, Test MAPE: 18.2829, Test WMAPE: 0.0759
Evaluate best model on test data for horizon 7, Test MAE: 13.8218, Test RMSE: 47.6288, Test MAPE: 18.0354, Test WMAPE: 0.0804
Evaluate best model on test data for horizon 8, Test MAE: 14.5763, Test RMSE: 51.9624, Test MAPE: 17.2669, Test WMAPE: 0.0848
Evaluate best model on test data for horizon 9, Test MAE: 14.8227, Test RMSE: 50.0867, Test MAPE: 17.4391, Test WMAPE: 0.0862
Evaluate best model on test data for horizon 10, Test MAE: 14.8154, Test RMSE: 47.9694, Test MAPE: 17.2436, Test WMAPE: 0.0862
Evaluate best model on test data for horizon 11, Test MAE: 15.4149, Test RMSE: 52.7472, Test MAPE: 17.0979, Test WMAPE: 0.0897
Evaluate best model on test data for horizon 12, Test MAE: 15.5839, Test RMSE: 52.8714, Test MAPE: 16.9913, Test WMAPE: 0.0907
On average over 12 horizons, Test MAE: 13.0296, Test RMSE: 50.0417, Test MAPE: 15.5222, Test WMAPE: 0.0757
Test low! Updating! Test Loss: 13.029621680577597, Test low! Updating! Valid Loss: 10.558073214122228, epoch:  122
Iter: 000, Train Loss: 6.5695, Train RMSE: 13.7649, Train MAPE: 1.0222, Train WMAPE: 0.0365
Iter: 050, Train Loss: 6.5123, Train RMSE: 13.3450, Train MAPE: 0.6313, Train WMAPE: 0.0357
Epoch: 123, Training Time: 15.3186 secs
Epoch: 123, Inference Time: 1.8574 secs
Epoch: 123, Train Loss: 6.4310, Train RMSE: 13.7736, Train MAPE: 0.9851, Train WMAPE: 0.0360, 
Epoch: 123, Valid Loss: 10.6265, Valid RMSE: 39.3546, Valid MAPE: 2.6187, Valid WMAPE: 0.0610
No update
Iter: 000, Train Loss: 6.6020, Train RMSE: 13.7265, Train MAPE: 0.8299, Train WMAPE: 0.0367
Iter: 050, Train Loss: 6.9492, Train RMSE: 14.3756, Train MAPE: 0.5810, Train WMAPE: 0.0381
Epoch: 124, Training Time: 15.0325 secs
Epoch: 124, Inference Time: 2.0540 secs
Epoch: 124, Train Loss: 6.4145, Train RMSE: 13.7081, Train MAPE: 0.9903, Train WMAPE: 0.0359, 
Epoch: 124, Valid Loss: 10.5997, Valid RMSE: 39.1966, Valid MAPE: 2.2132, Valid WMAPE: 0.0609
No update
Iter: 000, Train Loss: 6.4851, Train RMSE: 13.6479, Train MAPE: 0.7501, Train WMAPE: 0.0360
Iter: 050, Train Loss: 6.5997, Train RMSE: 13.4447, Train MAPE: 0.6306, Train WMAPE: 0.0362
Epoch: 125, Training Time: 15.5909 secs
Epoch: 125, Inference Time: 1.8094 secs
Epoch: 125, Train Loss: 6.4174, Train RMSE: 13.7412, Train MAPE: 0.9607, Train WMAPE: 0.0359, 
Epoch: 125, Valid Loss: 10.6525, Valid RMSE: 39.1165, Valid MAPE: 2.9717, Valid WMAPE: 0.0612
No update
Iter: 000, Train Loss: 6.5475, Train RMSE: 13.7932, Train MAPE: 0.8667, Train WMAPE: 0.0363
Iter: 050, Train Loss: 6.4826, Train RMSE: 13.4248, Train MAPE: 0.6942, Train WMAPE: 0.0355
Epoch: 126, Training Time: 15.4144 secs
Epoch: 126, Inference Time: 1.8742 secs
Epoch: 126, Train Loss: 6.3858, Train RMSE: 13.6772, Train MAPE: 0.9416, Train WMAPE: 0.0357, 
Epoch: 126, Valid Loss: 10.6570, Valid RMSE: 39.1450, Valid MAPE: 2.9493, Valid WMAPE: 0.0612
No update
Iter: 000, Train Loss: 6.4761, Train RMSE: 13.7228, Train MAPE: 0.9317, Train WMAPE: 0.0360
Iter: 050, Train Loss: 6.5149, Train RMSE: 13.4206, Train MAPE: 0.6589, Train WMAPE: 0.0357
Epoch: 127, Training Time: 15.0096 secs
Epoch: 127, Inference Time: 1.9648 secs
Epoch: 127, Train Loss: 6.3628, Train RMSE: 13.6314, Train MAPE: 0.9666, Train WMAPE: 0.0356, 
Epoch: 127, Valid Loss: 10.5693, Valid RMSE: 38.8137, Valid MAPE: 2.4864, Valid WMAPE: 0.0607
No update
Iter: 000, Train Loss: 6.5596, Train RMSE: 13.8404, Train MAPE: 0.7701, Train WMAPE: 0.0364
Iter: 050, Train Loss: 6.4298, Train RMSE: 13.2020, Train MAPE: 0.5125, Train WMAPE: 0.0353
Epoch: 128, Training Time: 15.1225 secs
Epoch: 128, Inference Time: 1.8773 secs
Epoch: 128, Train Loss: 6.3991, Train RMSE: 13.7413, Train MAPE: 0.9666, Train WMAPE: 0.0358, 
Epoch: 128, Valid Loss: 10.5319, Valid RMSE: 38.6331, Valid MAPE: 2.5735, Valid WMAPE: 0.0605
###Update tasks appear###
Evaluate best model on test data for horizon 1, Test MAE: 9.1071, Test RMSE: 58.0322, Test MAPE: 7.1216, Test WMAPE: 0.0529
Evaluate best model on test data for horizon 2, Test MAE: 10.1509, Test RMSE: 52.6457, Test MAPE: 10.2765, Test WMAPE: 0.0589
Evaluate best model on test data for horizon 3, Test MAE: 10.3637, Test RMSE: 40.3426, Test MAPE: 13.7526, Test WMAPE: 0.0602
Evaluate best model on test data for horizon 4, Test MAE: 11.7803, Test RMSE: 47.6172, Test MAPE: 15.8598, Test WMAPE: 0.0684
Evaluate best model on test data for horizon 5, Test MAE: 12.8265, Test RMSE: 51.7288, Test MAPE: 16.5005, Test WMAPE: 0.0745
Evaluate best model on test data for horizon 6, Test MAE: 12.8763, Test RMSE: 44.0360, Test MAPE: 17.1159, Test WMAPE: 0.0748
Evaluate best model on test data for horizon 7, Test MAE: 13.6984, Test RMSE: 46.8987, Test MAPE: 17.0518, Test WMAPE: 0.0796
Evaluate best model on test data for horizon 8, Test MAE: 14.5663, Test RMSE: 51.4146, Test MAPE: 16.9430, Test WMAPE: 0.0847
Evaluate best model on test data for horizon 9, Test MAE: 14.7627, Test RMSE: 49.5042, Test MAPE: 16.9726, Test WMAPE: 0.0859
Evaluate best model on test data for horizon 10, Test MAE: 14.7639, Test RMSE: 47.1543, Test MAPE: 16.8518, Test WMAPE: 0.0859
Evaluate best model on test data for horizon 11, Test MAE: 15.3778, Test RMSE: 51.7858, Test MAPE: 17.2997, Test WMAPE: 0.0895
Evaluate best model on test data for horizon 12, Test MAE: 15.4392, Test RMSE: 52.0050, Test MAPE: 17.4915, Test WMAPE: 0.0898
On average over 12 horizons, Test MAE: 12.9761, Test RMSE: 49.4304, Test MAPE: 15.2698, Test WMAPE: 0.0754
Test low! Updating! Test Loss: 12.976089159647623, Test low! Updating! Valid Loss: 10.53191443852016, epoch:  128
Iter: 000, Train Loss: 6.7693, Train RMSE: 14.0950, Train MAPE: 0.7963, Train WMAPE: 0.0376
Iter: 050, Train Loss: 6.4311, Train RMSE: 13.3617, Train MAPE: 0.5856, Train WMAPE: 0.0353
Epoch: 129, Training Time: 15.0608 secs
Epoch: 129, Inference Time: 1.8855 secs
Epoch: 129, Train Loss: 6.3649, Train RMSE: 13.6453, Train MAPE: 0.9497, Train WMAPE: 0.0356, 
Epoch: 129, Valid Loss: 10.6170, Valid RMSE: 39.0459, Valid MAPE: 3.5800, Valid WMAPE: 0.0610
No update
Iter: 000, Train Loss: 6.5494, Train RMSE: 13.6976, Train MAPE: 1.1833, Train WMAPE: 0.0364
Iter: 050, Train Loss: 7.6002, Train RMSE: 16.4751, Train MAPE: 0.6228, Train WMAPE: 0.0417
Epoch: 130, Training Time: 15.1959 secs
Epoch: 130, Inference Time: 1.8795 secs
Epoch: 130, Train Loss: 6.4207, Train RMSE: 13.7743, Train MAPE: 0.9311, Train WMAPE: 0.0359, 
Epoch: 130, Valid Loss: 10.6753, Valid RMSE: 38.6665, Valid MAPE: 2.6082, Valid WMAPE: 0.0613
No update
Iter: 000, Train Loss: 6.5611, Train RMSE: 13.8689, Train MAPE: 0.8410, Train WMAPE: 0.0364
Iter: 050, Train Loss: 6.5780, Train RMSE: 13.4640, Train MAPE: 0.6295, Train WMAPE: 0.0361
Epoch: 131, Training Time: 15.1695 secs
Epoch: 131, Inference Time: 1.7415 secs
Epoch: 131, Train Loss: 6.3637, Train RMSE: 13.6630, Train MAPE: 0.9458, Train WMAPE: 0.0356, 
Epoch: 131, Valid Loss: 10.5373, Valid RMSE: 38.8118, Valid MAPE: 2.2770, Valid WMAPE: 0.0605
No update
Iter: 000, Train Loss: 6.4157, Train RMSE: 13.5404, Train MAPE: 0.6620, Train WMAPE: 0.0356
Iter: 050, Train Loss: 6.7432, Train RMSE: 13.7916, Train MAPE: 0.6906, Train WMAPE: 0.0370
Epoch: 132, Training Time: 15.0808 secs
Epoch: 132, Inference Time: 1.8046 secs
Epoch: 132, Train Loss: 6.3143, Train RMSE: 13.5405, Train MAPE: 0.9241, Train WMAPE: 0.0353, 
Epoch: 132, Valid Loss: 10.4962, Valid RMSE: 39.1149, Valid MAPE: 2.5021, Valid WMAPE: 0.0603
###Update tasks appear###
Evaluate best model on test data for horizon 1, Test MAE: 8.9828, Test RMSE: 58.8049, Test MAPE: 6.8748, Test WMAPE: 0.0521
Evaluate best model on test data for horizon 2, Test MAE: 10.0467, Test RMSE: 53.3399, Test MAPE: 10.2075, Test WMAPE: 0.0583
Evaluate best model on test data for horizon 3, Test MAE: 10.2627, Test RMSE: 40.9454, Test MAPE: 13.1124, Test WMAPE: 0.0596
Evaluate best model on test data for horizon 4, Test MAE: 11.7365, Test RMSE: 47.9753, Test MAPE: 15.1332, Test WMAPE: 0.0682
Evaluate best model on test data for horizon 5, Test MAE: 12.9021, Test RMSE: 52.2133, Test MAPE: 16.5939, Test WMAPE: 0.0750
Evaluate best model on test data for horizon 6, Test MAE: 12.9936, Test RMSE: 44.6417, Test MAPE: 16.9328, Test WMAPE: 0.0755
Evaluate best model on test data for horizon 7, Test MAE: 13.9290, Test RMSE: 47.8788, Test MAPE: 17.3673, Test WMAPE: 0.0810
Evaluate best model on test data for horizon 8, Test MAE: 14.8223, Test RMSE: 52.1972, Test MAPE: 16.8723, Test WMAPE: 0.0862
Evaluate best model on test data for horizon 9, Test MAE: 15.1368, Test RMSE: 50.7925, Test MAPE: 16.7843, Test WMAPE: 0.0880
Evaluate best model on test data for horizon 10, Test MAE: 15.2253, Test RMSE: 48.6193, Test MAPE: 17.7562, Test WMAPE: 0.0886
Evaluate best model on test data for horizon 11, Test MAE: 15.8197, Test RMSE: 53.3308, Test MAPE: 17.4114, Test WMAPE: 0.0920
Evaluate best model on test data for horizon 12, Test MAE: 15.9877, Test RMSE: 53.4146, Test MAPE: 17.8580, Test WMAPE: 0.0930
On average over 12 horizons, Test MAE: 13.1538, Test RMSE: 50.3461, Test MAPE: 15.2420, Test WMAPE: 0.0765
No update
Iter: 000, Train Loss: 6.5210, Train RMSE: 14.0385, Train MAPE: 0.7577, Train WMAPE: 0.0362
Iter: 050, Train Loss: 6.6980, Train RMSE: 13.6854, Train MAPE: 0.6279, Train WMAPE: 0.0367
Epoch: 133, Training Time: 15.1780 secs
Epoch: 133, Inference Time: 1.8962 secs
Epoch: 133, Train Loss: 6.3415, Train RMSE: 13.5923, Train MAPE: 0.9316, Train WMAPE: 0.0355, 
Epoch: 133, Valid Loss: 10.6231, Valid RMSE: 38.8008, Valid MAPE: 3.1324, Valid WMAPE: 0.0610
No update
Iter: 000, Train Loss: 6.4656, Train RMSE: 13.5001, Train MAPE: 0.9545, Train WMAPE: 0.0359
Iter: 050, Train Loss: 6.3145, Train RMSE: 12.9903, Train MAPE: 0.6713, Train WMAPE: 0.0346
Epoch: 134, Training Time: 15.1923 secs
Epoch: 134, Inference Time: 1.8971 secs
Epoch: 134, Train Loss: 6.2635, Train RMSE: 13.4837, Train MAPE: 0.9272, Train WMAPE: 0.0350, 
Epoch: 134, Valid Loss: 10.4994, Valid RMSE: 38.9285, Valid MAPE: 2.9134, Valid WMAPE: 0.0603
###Update tasks appear###
Evaluate best model on test data for horizon 1, Test MAE: 9.0285, Test RMSE: 58.5779, Test MAPE: 6.7255, Test WMAPE: 0.0524
Evaluate best model on test data for horizon 2, Test MAE: 10.0526, Test RMSE: 53.2102, Test MAPE: 9.9893, Test WMAPE: 0.0584
Evaluate best model on test data for horizon 3, Test MAE: 10.1648, Test RMSE: 40.6931, Test MAPE: 13.3250, Test WMAPE: 0.0590
Evaluate best model on test data for horizon 4, Test MAE: 11.6696, Test RMSE: 47.7466, Test MAPE: 15.7756, Test WMAPE: 0.0678
Evaluate best model on test data for horizon 5, Test MAE: 12.8132, Test RMSE: 52.0756, Test MAPE: 16.2809, Test WMAPE: 0.0745
Evaluate best model on test data for horizon 6, Test MAE: 12.9343, Test RMSE: 44.3204, Test MAPE: 17.2278, Test WMAPE: 0.0752
Evaluate best model on test data for horizon 7, Test MAE: 13.9220, Test RMSE: 47.4454, Test MAPE: 18.0182, Test WMAPE: 0.0809
Evaluate best model on test data for horizon 8, Test MAE: 14.7774, Test RMSE: 51.8367, Test MAPE: 17.6605, Test WMAPE: 0.0859
Evaluate best model on test data for horizon 9, Test MAE: 14.9623, Test RMSE: 50.4476, Test MAPE: 16.6640, Test WMAPE: 0.0870
Evaluate best model on test data for horizon 10, Test MAE: 14.9373, Test RMSE: 48.0632, Test MAPE: 16.9973, Test WMAPE: 0.0869
Evaluate best model on test data for horizon 11, Test MAE: 15.5450, Test RMSE: 53.0473, Test MAPE: 17.0467, Test WMAPE: 0.0904
Evaluate best model on test data for horizon 12, Test MAE: 15.6707, Test RMSE: 52.8801, Test MAPE: 17.2502, Test WMAPE: 0.0912
On average over 12 horizons, Test MAE: 13.0398, Test RMSE: 50.0287, Test MAPE: 15.2468, Test WMAPE: 0.0758
No update
Iter: 000, Train Loss: 6.6781, Train RMSE: 13.9660, Train MAPE: 0.8833, Train WMAPE: 0.0371
Iter: 050, Train Loss: 6.3388, Train RMSE: 12.9830, Train MAPE: 0.6551, Train WMAPE: 0.0348
Epoch: 135, Training Time: 15.1742 secs
Epoch: 135, Inference Time: 1.7971 secs
Epoch: 135, Train Loss: 6.3345, Train RMSE: 13.5901, Train MAPE: 0.9395, Train WMAPE: 0.0354, 
Epoch: 135, Valid Loss: 10.5603, Valid RMSE: 38.9006, Valid MAPE: 2.2715, Valid WMAPE: 0.0606
No update
Iter: 000, Train Loss: 6.5031, Train RMSE: 13.7552, Train MAPE: 0.7947, Train WMAPE: 0.0361
Iter: 050, Train Loss: 6.4161, Train RMSE: 13.0452, Train MAPE: 0.5578, Train WMAPE: 0.0352
Epoch: 136, Training Time: 14.7947 secs
Epoch: 136, Inference Time: 1.8806 secs
Epoch: 136, Train Loss: 6.3012, Train RMSE: 13.4792, Train MAPE: 0.9251, Train WMAPE: 0.0352, 
Epoch: 136, Valid Loss: 10.5146, Valid RMSE: 38.9108, Valid MAPE: 3.4107, Valid WMAPE: 0.0604
###Update tasks appear###
Evaluate best model on test data for horizon 1, Test MAE: 9.2081, Test RMSE: 58.6804, Test MAPE: 7.0292, Test WMAPE: 0.0535
Evaluate best model on test data for horizon 2, Test MAE: 10.2050, Test RMSE: 53.2680, Test MAPE: 10.4262, Test WMAPE: 0.0593
Evaluate best model on test data for horizon 3, Test MAE: 10.3754, Test RMSE: 40.8721, Test MAPE: 13.7213, Test WMAPE: 0.0603
Evaluate best model on test data for horizon 4, Test MAE: 11.6284, Test RMSE: 47.9354, Test MAPE: 15.1571, Test WMAPE: 0.0676
Evaluate best model on test data for horizon 5, Test MAE: 12.8960, Test RMSE: 52.1539, Test MAPE: 16.2831, Test WMAPE: 0.0749
Evaluate best model on test data for horizon 6, Test MAE: 12.8370, Test RMSE: 44.4571, Test MAPE: 16.6478, Test WMAPE: 0.0746
Evaluate best model on test data for horizon 7, Test MAE: 13.6429, Test RMSE: 47.2713, Test MAPE: 16.7790, Test WMAPE: 0.0793
Evaluate best model on test data for horizon 8, Test MAE: 14.5158, Test RMSE: 51.6230, Test MAPE: 16.6290, Test WMAPE: 0.0844
Evaluate best model on test data for horizon 9, Test MAE: 14.7737, Test RMSE: 50.3362, Test MAPE: 16.8884, Test WMAPE: 0.0859
Evaluate best model on test data for horizon 10, Test MAE: 14.7404, Test RMSE: 47.5840, Test MAPE: 16.7966, Test WMAPE: 0.0857
Evaluate best model on test data for horizon 11, Test MAE: 15.3423, Test RMSE: 52.6711, Test MAPE: 17.1090, Test WMAPE: 0.0893
Evaluate best model on test data for horizon 12, Test MAE: 15.4785, Test RMSE: 52.6857, Test MAPE: 17.2161, Test WMAPE: 0.0901
On average over 12 horizons, Test MAE: 12.9703, Test RMSE: 49.9615, Test MAPE: 15.0569, Test WMAPE: 0.0754
Test low! Updating! Test Loss: 12.970290740331015, Test low! Updating! Valid Loss: 10.514632327216011, epoch:  136
Iter: 000, Train Loss: 6.5052, Train RMSE: 13.5950, Train MAPE: 1.1869, Train WMAPE: 0.0361
Iter: 050, Train Loss: 6.4240, Train RMSE: 13.2574, Train MAPE: 0.6796, Train WMAPE: 0.0352
Epoch: 137, Training Time: 15.3508 secs
Epoch: 137, Inference Time: 1.9085 secs
Epoch: 137, Train Loss: 6.2614, Train RMSE: 13.4472, Train MAPE: 0.9607, Train WMAPE: 0.0350, 
Epoch: 137, Valid Loss: 10.6270, Valid RMSE: 38.9786, Valid MAPE: 2.5593, Valid WMAPE: 0.0610
No update
Iter: 000, Train Loss: 6.3182, Train RMSE: 13.2272, Train MAPE: 0.8612, Train WMAPE: 0.0351
Iter: 050, Train Loss: 6.3562, Train RMSE: 13.1946, Train MAPE: 0.5575, Train WMAPE: 0.0349
Epoch: 138, Training Time: 14.9819 secs
Epoch: 138, Inference Time: 1.8853 secs
Epoch: 138, Train Loss: 6.3567, Train RMSE: 13.6754, Train MAPE: 0.9373, Train WMAPE: 0.0355, 
Epoch: 138, Valid Loss: 10.5699, Valid RMSE: 39.1167, Valid MAPE: 2.6354, Valid WMAPE: 0.0607
No update
Iter: 000, Train Loss: 6.3644, Train RMSE: 13.4199, Train MAPE: 0.8614, Train WMAPE: 0.0353
Iter: 050, Train Loss: 6.3486, Train RMSE: 13.0249, Train MAPE: 0.6337, Train WMAPE: 0.0348
Epoch: 139, Training Time: 15.2967 secs
Epoch: 139, Inference Time: 1.8048 secs
Epoch: 139, Train Loss: 6.2271, Train RMSE: 13.3888, Train MAPE: 0.8927, Train WMAPE: 0.0348, 
Epoch: 139, Valid Loss: 10.4807, Valid RMSE: 38.6954, Valid MAPE: 2.2983, Valid WMAPE: 0.0602
###Update tasks appear###
Evaluate best model on test data for horizon 1, Test MAE: 8.9885, Test RMSE: 58.5721, Test MAPE: 7.1870, Test WMAPE: 0.0522
Evaluate best model on test data for horizon 2, Test MAE: 10.0432, Test RMSE: 52.9926, Test MAPE: 10.0765, Test WMAPE: 0.0583
Evaluate best model on test data for horizon 3, Test MAE: 10.3146, Test RMSE: 40.6914, Test MAPE: 13.3670, Test WMAPE: 0.0599
Evaluate best model on test data for horizon 4, Test MAE: 11.7054, Test RMSE: 47.7480, Test MAPE: 15.3019, Test WMAPE: 0.0680
Evaluate best model on test data for horizon 5, Test MAE: 12.9102, Test RMSE: 51.8856, Test MAPE: 16.1959, Test WMAPE: 0.0750
Evaluate best model on test data for horizon 6, Test MAE: 12.8984, Test RMSE: 44.3211, Test MAPE: 16.7895, Test WMAPE: 0.0750
Evaluate best model on test data for horizon 7, Test MAE: 13.7854, Test RMSE: 47.2757, Test MAPE: 16.9635, Test WMAPE: 0.0801
Evaluate best model on test data for horizon 8, Test MAE: 14.6339, Test RMSE: 51.3697, Test MAPE: 17.0990, Test WMAPE: 0.0851
Evaluate best model on test data for horizon 9, Test MAE: 14.9404, Test RMSE: 50.1936, Test MAPE: 17.2626, Test WMAPE: 0.0869
Evaluate best model on test data for horizon 10, Test MAE: 14.9123, Test RMSE: 47.7834, Test MAPE: 16.7533, Test WMAPE: 0.0867
Evaluate best model on test data for horizon 11, Test MAE: 15.4743, Test RMSE: 52.1946, Test MAPE: 17.1651, Test WMAPE: 0.0900
Evaluate best model on test data for horizon 12, Test MAE: 15.5968, Test RMSE: 52.3949, Test MAPE: 17.5761, Test WMAPE: 0.0907
On average over 12 horizons, Test MAE: 13.0169, Test RMSE: 49.7852, Test MAPE: 15.1448, Test WMAPE: 0.0757
No update
Iter: 000, Train Loss: 6.3479, Train RMSE: 13.3276, Train MAPE: 0.7163, Train WMAPE: 0.0352
Iter: 050, Train Loss: 6.2538, Train RMSE: 12.8817, Train MAPE: 0.5416, Train WMAPE: 0.0343
Epoch: 140, Training Time: 15.6006 secs
Epoch: 140, Inference Time: 1.8551 secs
Epoch: 140, Train Loss: 6.2155, Train RMSE: 13.3451, Train MAPE: 0.9150, Train WMAPE: 0.0348, 
Epoch: 140, Valid Loss: 10.4981, Valid RMSE: 38.8615, Valid MAPE: 2.6233, Valid WMAPE: 0.0603
###Update tasks appear###
Evaluate best model on test data for horizon 1, Test MAE: 9.1433, Test RMSE: 59.1152, Test MAPE: 6.5302, Test WMAPE: 0.0531
Evaluate best model on test data for horizon 2, Test MAE: 10.2080, Test RMSE: 53.4639, Test MAPE: 9.8653, Test WMAPE: 0.0593
Evaluate best model on test data for horizon 3, Test MAE: 10.3316, Test RMSE: 41.1040, Test MAPE: 13.0423, Test WMAPE: 0.0600
Evaluate best model on test data for horizon 4, Test MAE: 11.7913, Test RMSE: 47.9715, Test MAPE: 14.9124, Test WMAPE: 0.0685
Evaluate best model on test data for horizon 5, Test MAE: 13.0194, Test RMSE: 52.4032, Test MAPE: 15.9417, Test WMAPE: 0.0757
Evaluate best model on test data for horizon 6, Test MAE: 13.0455, Test RMSE: 44.7308, Test MAPE: 16.7958, Test WMAPE: 0.0758
Evaluate best model on test data for horizon 7, Test MAE: 13.9138, Test RMSE: 47.5532, Test MAPE: 17.0103, Test WMAPE: 0.0809
Evaluate best model on test data for horizon 8, Test MAE: 14.8487, Test RMSE: 51.6671, Test MAPE: 16.8241, Test WMAPE: 0.0863
Evaluate best model on test data for horizon 9, Test MAE: 15.0640, Test RMSE: 50.4871, Test MAPE: 16.8120, Test WMAPE: 0.0876
Evaluate best model on test data for horizon 10, Test MAE: 15.0595, Test RMSE: 48.0621, Test MAPE: 17.3031, Test WMAPE: 0.0876
Evaluate best model on test data for horizon 11, Test MAE: 15.6710, Test RMSE: 52.5346, Test MAPE: 17.6924, Test WMAPE: 0.0912
Evaluate best model on test data for horizon 12, Test MAE: 15.7943, Test RMSE: 52.6998, Test MAPE: 17.8350, Test WMAPE: 0.0919
On average over 12 horizons, Test MAE: 13.1575, Test RMSE: 50.1494, Test MAPE: 15.0470, Test WMAPE: 0.0765
No update
Iter: 000, Train Loss: 6.3157, Train RMSE: 13.3211, Train MAPE: 0.7788, Train WMAPE: 0.0351
Iter: 050, Train Loss: 6.1972, Train RMSE: 12.8372, Train MAPE: 0.4969, Train WMAPE: 0.0340
Epoch: 141, Training Time: 15.0934 secs
Epoch: 141, Inference Time: 1.9059 secs
Epoch: 141, Train Loss: 6.2188, Train RMSE: 13.3571, Train MAPE: 0.9825, Train WMAPE: 0.0348, 
Epoch: 141, Valid Loss: 10.5622, Valid RMSE: 38.8142, Valid MAPE: 2.3982, Valid WMAPE: 0.0607
No update
Iter: 000, Train Loss: 6.4129, Train RMSE: 13.5307, Train MAPE: 0.7823, Train WMAPE: 0.0356
Iter: 050, Train Loss: 6.3483, Train RMSE: 12.7930, Train MAPE: 0.8697, Train WMAPE: 0.0348
Epoch: 142, Training Time: 15.2786 secs
Epoch: 142, Inference Time: 1.8049 secs
Epoch: 142, Train Loss: 6.2347, Train RMSE: 13.2691, Train MAPE: 1.1822, Train WMAPE: 0.0349, 
Epoch: 142, Valid Loss: 10.5928, Valid RMSE: 38.7463, Valid MAPE: 4.3065, Valid WMAPE: 0.0608
No update
Iter: 000, Train Loss: 6.5509, Train RMSE: 13.3906, Train MAPE: 1.5964, Train WMAPE: 0.0364
Iter: 050, Train Loss: 6.3596, Train RMSE: 12.9506, Train MAPE: 0.9429, Train WMAPE: 0.0349
Epoch: 143, Training Time: 14.9086 secs
Epoch: 143, Inference Time: 1.8724 secs
Epoch: 143, Train Loss: 6.1805, Train RMSE: 13.1771, Train MAPE: 1.1792, Train WMAPE: 0.0346, 
Epoch: 143, Valid Loss: 10.5777, Valid RMSE: 38.6288, Valid MAPE: 5.0533, Valid WMAPE: 0.0607
No update
Iter: 000, Train Loss: 6.3847, Train RMSE: 13.3488, Train MAPE: 1.6237, Train WMAPE: 0.0354
Iter: 050, Train Loss: 6.2188, Train RMSE: 12.7855, Train MAPE: 0.5932, Train WMAPE: 0.0341
Epoch: 144, Training Time: 14.6962 secs
Epoch: 144, Inference Time: 2.0742 secs
Epoch: 144, Train Loss: 6.1670, Train RMSE: 13.1661, Train MAPE: 1.0997, Train WMAPE: 0.0345, 
Epoch: 144, Valid Loss: 10.5798, Valid RMSE: 38.3690, Valid MAPE: 4.5486, Valid WMAPE: 0.0608
No update
Iter: 000, Train Loss: 6.2628, Train RMSE: 13.0885, Train MAPE: 1.4904, Train WMAPE: 0.0348
Iter: 050, Train Loss: 6.2503, Train RMSE: 12.8279, Train MAPE: 0.7472, Train WMAPE: 0.0343
Epoch: 145, Training Time: 15.6992 secs
Epoch: 145, Inference Time: 1.9883 secs
Epoch: 145, Train Loss: 6.1542, Train RMSE: 13.1677, Train MAPE: 1.0659, Train WMAPE: 0.0344, 
Epoch: 145, Valid Loss: 10.7652, Valid RMSE: 39.0110, Valid MAPE: 4.5065, Valid WMAPE: 0.0618
No update
Iter: 000, Train Loss: 6.4609, Train RMSE: 13.4022, Train MAPE: 1.4869, Train WMAPE: 0.0359
Iter: 050, Train Loss: 6.1690, Train RMSE: 12.6734, Train MAPE: 0.6559, Train WMAPE: 0.0338
Epoch: 146, Training Time: 15.9965 secs
Epoch: 146, Inference Time: 1.7915 secs
Epoch: 146, Train Loss: 6.1473, Train RMSE: 13.1474, Train MAPE: 1.0551, Train WMAPE: 0.0344, 
Epoch: 146, Valid Loss: 10.5028, Valid RMSE: 38.5751, Valid MAPE: 3.6112, Valid WMAPE: 0.0603
###Update tasks appear###
Evaluate best model on test data for horizon 1, Test MAE: 9.0727, Test RMSE: 58.7342, Test MAPE: 7.4081, Test WMAPE: 0.0527
Evaluate best model on test data for horizon 2, Test MAE: 10.0888, Test RMSE: 52.9319, Test MAPE: 10.3716, Test WMAPE: 0.0586
Evaluate best model on test data for horizon 3, Test MAE: 10.1930, Test RMSE: 40.6647, Test MAPE: 13.7946, Test WMAPE: 0.0592
Evaluate best model on test data for horizon 4, Test MAE: 11.6920, Test RMSE: 47.6104, Test MAPE: 16.0882, Test WMAPE: 0.0679
Evaluate best model on test data for horizon 5, Test MAE: 12.8328, Test RMSE: 51.7303, Test MAPE: 16.5263, Test WMAPE: 0.0746
Evaluate best model on test data for horizon 6, Test MAE: 12.9206, Test RMSE: 44.0206, Test MAPE: 17.3980, Test WMAPE: 0.0751
Evaluate best model on test data for horizon 7, Test MAE: 13.7760, Test RMSE: 46.9848, Test MAPE: 17.7220, Test WMAPE: 0.0801
Evaluate best model on test data for horizon 8, Test MAE: 14.6576, Test RMSE: 51.0659, Test MAPE: 17.6392, Test WMAPE: 0.0852
Evaluate best model on test data for horizon 9, Test MAE: 14.9529, Test RMSE: 49.8440, Test MAPE: 17.7242, Test WMAPE: 0.0870
Evaluate best model on test data for horizon 10, Test MAE: 14.8978, Test RMSE: 47.5706, Test MAPE: 17.6632, Test WMAPE: 0.0867
Evaluate best model on test data for horizon 11, Test MAE: 15.5461, Test RMSE: 52.2890, Test MAPE: 17.8464, Test WMAPE: 0.0904
Evaluate best model on test data for horizon 12, Test MAE: 15.6646, Test RMSE: 52.4523, Test MAPE: 17.7876, Test WMAPE: 0.0911
On average over 12 horizons, Test MAE: 13.0246, Test RMSE: 49.6582, Test MAPE: 15.6641, Test WMAPE: 0.0757
No update
Iter: 000, Train Loss: 6.4066, Train RMSE: 13.4010, Train MAPE: 1.1876, Train WMAPE: 0.0356
Iter: 050, Train Loss: 6.2401, Train RMSE: 12.8979, Train MAPE: 0.8857, Train WMAPE: 0.0342
Epoch: 147, Training Time: 15.5151 secs
Epoch: 147, Inference Time: 1.8530 secs
Epoch: 147, Train Loss: 6.1650, Train RMSE: 13.1421, Train MAPE: 1.1560, Train WMAPE: 0.0345, 
Epoch: 147, Valid Loss: 10.4696, Valid RMSE: 38.4237, Valid MAPE: 3.5548, Valid WMAPE: 0.0601
###Update tasks appear###
Evaluate best model on test data for horizon 1, Test MAE: 9.0907, Test RMSE: 58.7828, Test MAPE: 6.8874, Test WMAPE: 0.0528
Evaluate best model on test data for horizon 2, Test MAE: 10.1128, Test RMSE: 52.8833, Test MAPE: 10.2989, Test WMAPE: 0.0587
Evaluate best model on test data for horizon 3, Test MAE: 10.3315, Test RMSE: 40.8142, Test MAPE: 13.5344, Test WMAPE: 0.0600
Evaluate best model on test data for horizon 4, Test MAE: 11.6564, Test RMSE: 47.4532, Test MAPE: 15.2631, Test WMAPE: 0.0677
Evaluate best model on test data for horizon 5, Test MAE: 12.9731, Test RMSE: 51.5322, Test MAPE: 16.5239, Test WMAPE: 0.0754
Evaluate best model on test data for horizon 6, Test MAE: 12.9137, Test RMSE: 43.9549, Test MAPE: 16.9290, Test WMAPE: 0.0751
Evaluate best model on test data for horizon 7, Test MAE: 13.7686, Test RMSE: 46.9967, Test MAPE: 17.1942, Test WMAPE: 0.0800
Evaluate best model on test data for horizon 8, Test MAE: 14.5955, Test RMSE: 50.7752, Test MAPE: 17.0033, Test WMAPE: 0.0849
Evaluate best model on test data for horizon 9, Test MAE: 14.8555, Test RMSE: 49.7128, Test MAPE: 16.9616, Test WMAPE: 0.0864
Evaluate best model on test data for horizon 10, Test MAE: 14.8825, Test RMSE: 47.3763, Test MAPE: 16.9624, Test WMAPE: 0.0866
Evaluate best model on test data for horizon 11, Test MAE: 15.5021, Test RMSE: 52.0753, Test MAPE: 17.2608, Test WMAPE: 0.0902
Evaluate best model on test data for horizon 12, Test MAE: 15.7320, Test RMSE: 52.2620, Test MAPE: 17.3881, Test WMAPE: 0.0915
On average over 12 horizons, Test MAE: 13.0345, Test RMSE: 49.5516, Test MAPE: 15.1839, Test WMAPE: 0.0758
No update
Iter: 000, Train Loss: 6.3308, Train RMSE: 13.1846, Train MAPE: 1.2744, Train WMAPE: 0.0351
Iter: 050, Train Loss: 6.3667, Train RMSE: 12.9291, Train MAPE: 1.3796, Train WMAPE: 0.0349
Epoch: 148, Training Time: 15.2009 secs
Epoch: 148, Inference Time: 1.8857 secs
Epoch: 148, Train Loss: 6.1747, Train RMSE: 13.1921, Train MAPE: 1.1236, Train WMAPE: 0.0345, 
Epoch: 148, Valid Loss: 10.4877, Valid RMSE: 38.2107, Valid MAPE: 3.4634, Valid WMAPE: 0.0602
###Update tasks appear###
Evaluate best model on test data for horizon 1, Test MAE: 9.1581, Test RMSE: 58.4524, Test MAPE: 7.1077, Test WMAPE: 0.0532
Evaluate best model on test data for horizon 2, Test MAE: 10.1595, Test RMSE: 52.6279, Test MAPE: 10.3111, Test WMAPE: 0.0590
Evaluate best model on test data for horizon 3, Test MAE: 10.3086, Test RMSE: 40.3599, Test MAPE: 13.5798, Test WMAPE: 0.0599
Evaluate best model on test data for horizon 4, Test MAE: 11.7366, Test RMSE: 47.2791, Test MAPE: 15.4028, Test WMAPE: 0.0682
Evaluate best model on test data for horizon 5, Test MAE: 12.9590, Test RMSE: 51.2928, Test MAPE: 16.4423, Test WMAPE: 0.0753
Evaluate best model on test data for horizon 6, Test MAE: 12.9505, Test RMSE: 43.5813, Test MAPE: 16.9838, Test WMAPE: 0.0753
Evaluate best model on test data for horizon 7, Test MAE: 13.8244, Test RMSE: 46.6189, Test MAPE: 17.2778, Test WMAPE: 0.0804
Evaluate best model on test data for horizon 8, Test MAE: 14.6711, Test RMSE: 50.7958, Test MAPE: 17.0078, Test WMAPE: 0.0853
Evaluate best model on test data for horizon 9, Test MAE: 14.9885, Test RMSE: 49.6601, Test MAPE: 16.9416, Test WMAPE: 0.0872
Evaluate best model on test data for horizon 10, Test MAE: 14.9837, Test RMSE: 47.3523, Test MAPE: 16.9485, Test WMAPE: 0.0872
Evaluate best model on test data for horizon 11, Test MAE: 15.5684, Test RMSE: 52.0168, Test MAPE: 17.2868, Test WMAPE: 0.0906
Evaluate best model on test data for horizon 12, Test MAE: 15.7105, Test RMSE: 52.2377, Test MAPE: 17.4784, Test WMAPE: 0.0914
On average over 12 horizons, Test MAE: 13.0849, Test RMSE: 49.3562, Test MAPE: 15.2307, Test WMAPE: 0.0761
No update
Iter: 000, Train Loss: 6.3646, Train RMSE: 13.3509, Train MAPE: 1.1194, Train WMAPE: 0.0353
Iter: 050, Train Loss: 6.3636, Train RMSE: 13.0526, Train MAPE: 0.8982, Train WMAPE: 0.0349
Epoch: 149, Training Time: 15.2750 secs
Epoch: 149, Inference Time: 1.8966 secs
Epoch: 149, Train Loss: 6.1931, Train RMSE: 13.2476, Train MAPE: 0.9654, Train WMAPE: 0.0346, 
Epoch: 149, Valid Loss: 10.4769, Valid RMSE: 38.6563, Valid MAPE: 3.0534, Valid WMAPE: 0.0602
###Update tasks appear###
Evaluate best model on test data for horizon 1, Test MAE: 8.9871, Test RMSE: 58.8493, Test MAPE: 6.9746, Test WMAPE: 0.0522
Evaluate best model on test data for horizon 2, Test MAE: 10.1081, Test RMSE: 53.2925, Test MAPE: 10.2107, Test WMAPE: 0.0587
Evaluate best model on test data for horizon 3, Test MAE: 10.2458, Test RMSE: 40.9674, Test MAPE: 13.4130, Test WMAPE: 0.0595
Evaluate best model on test data for horizon 4, Test MAE: 11.4813, Test RMSE: 47.5937, Test MAPE: 15.0716, Test WMAPE: 0.0667
Evaluate best model on test data for horizon 5, Test MAE: 12.7707, Test RMSE: 51.5672, Test MAPE: 16.2410, Test WMAPE: 0.0742
Evaluate best model on test data for horizon 6, Test MAE: 12.7378, Test RMSE: 44.1330, Test MAPE: 16.6701, Test WMAPE: 0.0740
Evaluate best model on test data for horizon 7, Test MAE: 13.5899, Test RMSE: 46.9460, Test MAPE: 16.9047, Test WMAPE: 0.0790
Evaluate best model on test data for horizon 8, Test MAE: 14.4281, Test RMSE: 50.5597, Test MAPE: 16.7215, Test WMAPE: 0.0839
Evaluate best model on test data for horizon 9, Test MAE: 14.6692, Test RMSE: 49.4948, Test MAPE: 16.6228, Test WMAPE: 0.0853
Evaluate best model on test data for horizon 10, Test MAE: 14.7195, Test RMSE: 47.2125, Test MAPE: 16.6104, Test WMAPE: 0.0856
Evaluate best model on test data for horizon 11, Test MAE: 15.3280, Test RMSE: 51.7019, Test MAPE: 16.9773, Test WMAPE: 0.0892
Evaluate best model on test data for horizon 12, Test MAE: 15.4712, Test RMSE: 51.8970, Test MAPE: 17.1316, Test WMAPE: 0.0900
On average over 12 horizons, Test MAE: 12.8781, Test RMSE: 49.5179, Test MAPE: 14.9624, Test WMAPE: 0.0749
Test low! Updating! Test Loss: 12.878056764602661, Test low! Updating! Valid Loss: 10.476856708526611, epoch:  149
Iter: 000, Train Loss: 6.4297, Train RMSE: 13.5415, Train MAPE: 1.0435, Train WMAPE: 0.0357
Iter: 050, Train Loss: 6.2867, Train RMSE: 12.7470, Train MAPE: 0.7117, Train WMAPE: 0.0345
Epoch: 150, Training Time: 15.4580 secs
Epoch: 150, Inference Time: 1.8835 secs
Epoch: 150, Train Loss: 6.1942, Train RMSE: 13.2721, Train MAPE: 0.9075, Train WMAPE: 0.0346, 
Epoch: 150, Valid Loss: 10.3859, Valid RMSE: 38.5292, Valid MAPE: 2.8343, Valid WMAPE: 0.0596
###Update tasks appear###
Evaluate best model on test data for horizon 1, Test MAE: 9.0600, Test RMSE: 59.0105, Test MAPE: 6.7368, Test WMAPE: 0.0526
Evaluate best model on test data for horizon 2, Test MAE: 9.9506, Test RMSE: 53.2636, Test MAPE: 9.9459, Test WMAPE: 0.0578
Evaluate best model on test data for horizon 3, Test MAE: 10.1642, Test RMSE: 41.0127, Test MAPE: 13.1976, Test WMAPE: 0.0590
Evaluate best model on test data for horizon 4, Test MAE: 11.5897, Test RMSE: 47.6146, Test MAPE: 15.0231, Test WMAPE: 0.0673
Evaluate best model on test data for horizon 5, Test MAE: 12.8503, Test RMSE: 51.7586, Test MAPE: 16.8930, Test WMAPE: 0.0747
Evaluate best model on test data for horizon 6, Test MAE: 12.8842, Test RMSE: 44.2907, Test MAPE: 16.6877, Test WMAPE: 0.0749
Evaluate best model on test data for horizon 7, Test MAE: 13.8053, Test RMSE: 47.5117, Test MAPE: 17.5481, Test WMAPE: 0.0803
Evaluate best model on test data for horizon 8, Test MAE: 14.5792, Test RMSE: 51.0466, Test MAPE: 17.3093, Test WMAPE: 0.0848
Evaluate best model on test data for horizon 9, Test MAE: 14.8805, Test RMSE: 49.9737, Test MAPE: 16.7470, Test WMAPE: 0.0865
Evaluate best model on test data for horizon 10, Test MAE: 14.9239, Test RMSE: 47.7928, Test MAPE: 17.8543, Test WMAPE: 0.0868
Evaluate best model on test data for horizon 11, Test MAE: 15.4465, Test RMSE: 52.1117, Test MAPE: 17.3031, Test WMAPE: 0.0899
Evaluate best model on test data for horizon 12, Test MAE: 15.5760, Test RMSE: 52.1544, Test MAPE: 17.7343, Test WMAPE: 0.0906
On average over 12 horizons, Test MAE: 12.9759, Test RMSE: 49.7951, Test MAPE: 15.2483, Test WMAPE: 0.0754
No update
Iter: 000, Train Loss: 6.2039, Train RMSE: 13.1102, Train MAPE: 0.8375, Train WMAPE: 0.0344
Iter: 050, Train Loss: 6.2608, Train RMSE: 12.7537, Train MAPE: 0.6197, Train WMAPE: 0.0343
Epoch: 151, Training Time: 15.7202 secs
Epoch: 151, Inference Time: 1.9802 secs
Epoch: 151, Train Loss: 6.1567, Train RMSE: 13.1944, Train MAPE: 0.9262, Train WMAPE: 0.0344, 
Epoch: 151, Valid Loss: 10.6207, Valid RMSE: 39.0223, Valid MAPE: 3.0216, Valid WMAPE: 0.0610
No update
Iter: 000, Train Loss: 6.6402, Train RMSE: 13.3892, Train MAPE: 0.9981, Train WMAPE: 0.0369
Iter: 050, Train Loss: 6.3886, Train RMSE: 12.9223, Train MAPE: 1.1571, Train WMAPE: 0.0350
Epoch: 152, Training Time: 15.9778 secs
Epoch: 152, Inference Time: 1.9936 secs
Epoch: 152, Train Loss: 6.1953, Train RMSE: 13.1843, Train MAPE: 1.0635, Train WMAPE: 0.0346, 
Epoch: 152, Valid Loss: 10.5481, Valid RMSE: 38.7598, Valid MAPE: 3.9456, Valid WMAPE: 0.0606
No update
Iter: 000, Train Loss: 6.5467, Train RMSE: 13.5935, Train MAPE: 1.2789, Train WMAPE: 0.0363
Iter: 050, Train Loss: 6.1891, Train RMSE: 12.7868, Train MAPE: 0.8112, Train WMAPE: 0.0339
Epoch: 153, Training Time: 16.1215 secs
Epoch: 153, Inference Time: 1.9635 secs
Epoch: 153, Train Loss: 6.1535, Train RMSE: 13.1535, Train MAPE: 1.1046, Train WMAPE: 0.0344, 
Epoch: 153, Valid Loss: 10.3842, Valid RMSE: 38.3697, Valid MAPE: 3.2798, Valid WMAPE: 0.0596
###Update tasks appear###
Evaluate best model on test data for horizon 1, Test MAE: 9.1543, Test RMSE: 59.0423, Test MAPE: 7.0398, Test WMAPE: 0.0531
Evaluate best model on test data for horizon 2, Test MAE: 10.2218, Test RMSE: 52.9168, Test MAPE: 10.4293, Test WMAPE: 0.0594
Evaluate best model on test data for horizon 3, Test MAE: 10.3549, Test RMSE: 40.8394, Test MAPE: 13.5848, Test WMAPE: 0.0601
Evaluate best model on test data for horizon 4, Test MAE: 11.6347, Test RMSE: 47.3580, Test MAPE: 15.3643, Test WMAPE: 0.0676
Evaluate best model on test data for horizon 5, Test MAE: 12.9230, Test RMSE: 51.7893, Test MAPE: 16.5578, Test WMAPE: 0.0751
Evaluate best model on test data for horizon 6, Test MAE: 12.8198, Test RMSE: 44.0732, Test MAPE: 16.9242, Test WMAPE: 0.0745
Evaluate best model on test data for horizon 7, Test MAE: 13.6746, Test RMSE: 47.1427, Test MAPE: 17.2502, Test WMAPE: 0.0795
Evaluate best model on test data for horizon 8, Test MAE: 14.4378, Test RMSE: 50.7571, Test MAPE: 16.9487, Test WMAPE: 0.0840
Evaluate best model on test data for horizon 9, Test MAE: 14.7064, Test RMSE: 49.4956, Test MAPE: 16.8934, Test WMAPE: 0.0855
Evaluate best model on test data for horizon 10, Test MAE: 14.6877, Test RMSE: 47.3529, Test MAPE: 16.8365, Test WMAPE: 0.0854
Evaluate best model on test data for horizon 11, Test MAE: 15.2202, Test RMSE: 51.6988, Test MAPE: 17.1443, Test WMAPE: 0.0885
Evaluate best model on test data for horizon 12, Test MAE: 15.3790, Test RMSE: 51.8129, Test MAPE: 17.3386, Test WMAPE: 0.0895
On average over 12 horizons, Test MAE: 12.9345, Test RMSE: 49.5232, Test MAPE: 15.1927, Test WMAPE: 0.0752
No update
Iter: 000, Train Loss: 6.2950, Train RMSE: 13.1174, Train MAPE: 1.1659, Train WMAPE: 0.0349
Iter: 050, Train Loss: 6.2963, Train RMSE: 12.7883, Train MAPE: 1.2066, Train WMAPE: 0.0345
Epoch: 154, Training Time: 15.6686 secs
Epoch: 154, Inference Time: 1.8103 secs
Epoch: 154, Train Loss: 6.1301, Train RMSE: 13.1111, Train MAPE: 1.1003, Train WMAPE: 0.0343, 
Epoch: 154, Valid Loss: 10.5784, Valid RMSE: 38.5541, Valid MAPE: 5.1265, Valid WMAPE: 0.0607
No update
Iter: 000, Train Loss: 6.4236, Train RMSE: 12.9813, Train MAPE: 1.7754, Train WMAPE: 0.0357
Iter: 050, Train Loss: 6.4342, Train RMSE: 13.0494, Train MAPE: 0.5524, Train WMAPE: 0.0353
Epoch: 155, Training Time: 15.6879 secs
Epoch: 155, Inference Time: 1.9858 secs
Epoch: 155, Train Loss: 6.1741, Train RMSE: 13.1512, Train MAPE: 1.1504, Train WMAPE: 0.0345, 
Epoch: 155, Valid Loss: 10.5146, Valid RMSE: 38.8932, Valid MAPE: 4.0101, Valid WMAPE: 0.0604
No update
Iter: 000, Train Loss: 6.1891, Train RMSE: 12.9606, Train MAPE: 1.1586, Train WMAPE: 0.0344
Iter: 050, Train Loss: 6.1727, Train RMSE: 12.6506, Train MAPE: 0.6624, Train WMAPE: 0.0338
Epoch: 156, Training Time: 15.4961 secs
Epoch: 156, Inference Time: 1.8745 secs
Epoch: 156, Train Loss: 6.1120, Train RMSE: 13.0941, Train MAPE: 0.9811, Train WMAPE: 0.0342, 
Epoch: 156, Valid Loss: 10.3527, Valid RMSE: 38.6076, Valid MAPE: 2.4103, Valid WMAPE: 0.0594
###Update tasks appear###
Evaluate best model on test data for horizon 1, Test MAE: 8.9839, Test RMSE: 58.9807, Test MAPE: 7.0707, Test WMAPE: 0.0522
Evaluate best model on test data for horizon 2, Test MAE: 9.9970, Test RMSE: 53.1464, Test MAPE: 10.1324, Test WMAPE: 0.0580
Evaluate best model on test data for horizon 3, Test MAE: 10.2205, Test RMSE: 41.2147, Test MAPE: 13.4263, Test WMAPE: 0.0594
Evaluate best model on test data for horizon 4, Test MAE: 11.6738, Test RMSE: 47.6041, Test MAPE: 15.5984, Test WMAPE: 0.0678
Evaluate best model on test data for horizon 5, Test MAE: 12.8643, Test RMSE: 51.7947, Test MAPE: 16.5662, Test WMAPE: 0.0748
Evaluate best model on test data for horizon 6, Test MAE: 12.9699, Test RMSE: 44.4507, Test MAPE: 17.2594, Test WMAPE: 0.0754
Evaluate best model on test data for horizon 7, Test MAE: 13.8287, Test RMSE: 47.2714, Test MAPE: 17.5135, Test WMAPE: 0.0804
Evaluate best model on test data for horizon 8, Test MAE: 14.6387, Test RMSE: 50.8870, Test MAPE: 17.3825, Test WMAPE: 0.0851
Evaluate best model on test data for horizon 9, Test MAE: 14.9564, Test RMSE: 49.8018, Test MAPE: 17.4549, Test WMAPE: 0.0870
Evaluate best model on test data for horizon 10, Test MAE: 14.9650, Test RMSE: 47.6961, Test MAPE: 17.5014, Test WMAPE: 0.0870
Evaluate best model on test data for horizon 11, Test MAE: 15.5621, Test RMSE: 51.9969, Test MAPE: 17.8799, Test WMAPE: 0.0905
Evaluate best model on test data for horizon 12, Test MAE: 15.6983, Test RMSE: 52.3137, Test MAPE: 17.9825, Test WMAPE: 0.0913
On average over 12 horizons, Test MAE: 13.0299, Test RMSE: 49.7632, Test MAPE: 15.4807, Test WMAPE: 0.0757
No update
Iter: 000, Train Loss: 5.9976, Train RMSE: 12.7959, Train MAPE: 0.6735, Train WMAPE: 0.0333
Iter: 050, Train Loss: 6.3671, Train RMSE: 13.1460, Train MAPE: 0.5415, Train WMAPE: 0.0349
Epoch: 157, Training Time: 15.3783 secs
Epoch: 157, Inference Time: 1.8008 secs
Epoch: 157, Train Loss: 6.1903, Train RMSE: 13.2820, Train MAPE: 0.9332, Train WMAPE: 0.0346, 
Epoch: 157, Valid Loss: 10.4672, Valid RMSE: 38.6362, Valid MAPE: 2.1496, Valid WMAPE: 0.0601
###Update tasks appear###
Evaluate best model on test data for horizon 1, Test MAE: 9.1898, Test RMSE: 59.1555, Test MAPE: 6.8320, Test WMAPE: 0.0533
Evaluate best model on test data for horizon 2, Test MAE: 10.2504, Test RMSE: 52.9829, Test MAPE: 9.8712, Test WMAPE: 0.0595
Evaluate best model on test data for horizon 3, Test MAE: 10.4712, Test RMSE: 41.1206, Test MAPE: 13.0291, Test WMAPE: 0.0608
Evaluate best model on test data for horizon 4, Test MAE: 11.8188, Test RMSE: 47.6463, Test MAPE: 14.9459, Test WMAPE: 0.0687
Evaluate best model on test data for horizon 5, Test MAE: 13.0474, Test RMSE: 52.0703, Test MAPE: 16.0618, Test WMAPE: 0.0758
Evaluate best model on test data for horizon 6, Test MAE: 13.0822, Test RMSE: 44.4704, Test MAPE: 16.8185, Test WMAPE: 0.0760
Evaluate best model on test data for horizon 7, Test MAE: 13.9710, Test RMSE: 47.3833, Test MAPE: 17.1058, Test WMAPE: 0.0812
Evaluate best model on test data for horizon 8, Test MAE: 14.7468, Test RMSE: 51.0085, Test MAPE: 16.9051, Test WMAPE: 0.0858
Evaluate best model on test data for horizon 9, Test MAE: 15.1183, Test RMSE: 50.0847, Test MAPE: 16.8743, Test WMAPE: 0.0879
Evaluate best model on test data for horizon 10, Test MAE: 15.0732, Test RMSE: 47.7169, Test MAPE: 16.8698, Test WMAPE: 0.0877
Evaluate best model on test data for horizon 11, Test MAE: 15.6867, Test RMSE: 52.0699, Test MAPE: 17.3049, Test WMAPE: 0.0913
Evaluate best model on test data for horizon 12, Test MAE: 15.8309, Test RMSE: 52.5663, Test MAPE: 17.5695, Test WMAPE: 0.0921
On average over 12 horizons, Test MAE: 13.1906, Test RMSE: 49.8563, Test MAPE: 15.0157, Test WMAPE: 0.0767
No update
Iter: 000, Train Loss: 6.2696, Train RMSE: 13.3811, Train MAPE: 0.7105, Train WMAPE: 0.0348
Iter: 050, Train Loss: 6.1109, Train RMSE: 12.5296, Train MAPE: 0.5233, Train WMAPE: 0.0335
Epoch: 158, Training Time: 14.8790 secs
Epoch: 158, Inference Time: 1.8999 secs
Epoch: 158, Train Loss: 6.1546, Train RMSE: 13.1876, Train MAPE: 0.9240, Train WMAPE: 0.0344, 
Epoch: 158, Valid Loss: 10.5060, Valid RMSE: 38.5069, Valid MAPE: 2.3140, Valid WMAPE: 0.0603
No update
Iter: 000, Train Loss: 6.4736, Train RMSE: 13.7638, Train MAPE: 0.6481, Train WMAPE: 0.0359
Iter: 050, Train Loss: 6.1528, Train RMSE: 12.8269, Train MAPE: 0.6130, Train WMAPE: 0.0337
Epoch: 159, Training Time: 14.5795 secs
Epoch: 159, Inference Time: 1.7036 secs
Epoch: 159, Train Loss: 6.1264, Train RMSE: 13.1663, Train MAPE: 0.9463, Train WMAPE: 0.0343, 
Epoch: 159, Valid Loss: 10.5338, Valid RMSE: 38.5934, Valid MAPE: 2.4362, Valid WMAPE: 0.0605
No update
Iter: 000, Train Loss: 6.3582, Train RMSE: 13.3973, Train MAPE: 0.7435, Train WMAPE: 0.0353
Iter: 050, Train Loss: 6.9564, Train RMSE: 14.6424, Train MAPE: 0.8331, Train WMAPE: 0.0381
Epoch: 160, Training Time: 14.5219 secs
Epoch: 160, Inference Time: 1.8518 secs
Epoch: 160, Train Loss: 6.1717, Train RMSE: 13.3086, Train MAPE: 0.9057, Train WMAPE: 0.0345, 
Epoch: 160, Valid Loss: 10.5218, Valid RMSE: 38.5307, Valid MAPE: 2.4779, Valid WMAPE: 0.0604
No update
Iter: 000, Train Loss: 6.1740, Train RMSE: 13.0313, Train MAPE: 0.7854, Train WMAPE: 0.0343
Iter: 050, Train Loss: 6.5936, Train RMSE: 13.5159, Train MAPE: 0.6373, Train WMAPE: 0.0362
Epoch: 161, Training Time: 14.3238 secs
Epoch: 161, Inference Time: 1.7785 secs
Epoch: 161, Train Loss: 6.1614, Train RMSE: 13.1906, Train MAPE: 0.9283, Train WMAPE: 0.0345, 
Epoch: 161, Valid Loss: 10.5273, Valid RMSE: 38.9218, Valid MAPE: 2.0686, Valid WMAPE: 0.0605
No update
Iter: 000, Train Loss: 6.2025, Train RMSE: 13.0556, Train MAPE: 0.6624, Train WMAPE: 0.0344
Iter: 050, Train Loss: 6.3925, Train RMSE: 13.1713, Train MAPE: 0.5308, Train WMAPE: 0.0351
Epoch: 162, Training Time: 14.2750 secs
Epoch: 162, Inference Time: 1.8081 secs
Epoch: 162, Train Loss: 6.0819, Train RMSE: 13.0562, Train MAPE: 0.9342, Train WMAPE: 0.0340, 
Epoch: 162, Valid Loss: 10.4523, Valid RMSE: 39.1002, Valid MAPE: 1.9479, Valid WMAPE: 0.0600
###Update tasks appear###
Evaluate best model on test data for horizon 1, Test MAE: 9.0847, Test RMSE: 59.6751, Test MAPE: 6.8817, Test WMAPE: 0.0527
Evaluate best model on test data for horizon 2, Test MAE: 10.0941, Test RMSE: 53.4636, Test MAPE: 10.0144, Test WMAPE: 0.0586
Evaluate best model on test data for horizon 3, Test MAE: 10.3241, Test RMSE: 41.3985, Test MAPE: 13.2559, Test WMAPE: 0.0600
Evaluate best model on test data for horizon 4, Test MAE: 11.8031, Test RMSE: 48.3280, Test MAPE: 15.2964, Test WMAPE: 0.0686
Evaluate best model on test data for horizon 5, Test MAE: 13.0138, Test RMSE: 52.6296, Test MAPE: 16.3754, Test WMAPE: 0.0756
Evaluate best model on test data for horizon 6, Test MAE: 13.1285, Test RMSE: 45.0275, Test MAPE: 16.9348, Test WMAPE: 0.0763
Evaluate best model on test data for horizon 7, Test MAE: 13.9823, Test RMSE: 47.6074, Test MAPE: 17.2252, Test WMAPE: 0.0813
Evaluate best model on test data for horizon 8, Test MAE: 14.8031, Test RMSE: 51.7424, Test MAPE: 17.0777, Test WMAPE: 0.0861
Evaluate best model on test data for horizon 9, Test MAE: 15.1080, Test RMSE: 50.5042, Test MAPE: 17.1857, Test WMAPE: 0.0879
Evaluate best model on test data for horizon 10, Test MAE: 15.0568, Test RMSE: 47.9592, Test MAPE: 17.1884, Test WMAPE: 0.0876
Evaluate best model on test data for horizon 11, Test MAE: 15.6921, Test RMSE: 52.6841, Test MAPE: 17.3451, Test WMAPE: 0.0913
Evaluate best model on test data for horizon 12, Test MAE: 15.7787, Test RMSE: 52.8361, Test MAPE: 17.5523, Test WMAPE: 0.0918
On average over 12 horizons, Test MAE: 13.1558, Test RMSE: 50.3213, Test MAPE: 15.1944, Test WMAPE: 0.0765
No update
Iter: 000, Train Loss: 6.0519, Train RMSE: 12.9072, Train MAPE: 0.5620, Train WMAPE: 0.0336
Iter: 050, Train Loss: 6.2904, Train RMSE: 12.9734, Train MAPE: 1.0397, Train WMAPE: 0.0345
Epoch: 163, Training Time: 15.4717 secs
Epoch: 163, Inference Time: 1.8057 secs
Epoch: 163, Train Loss: 6.0922, Train RMSE: 13.0846, Train MAPE: 0.8818, Train WMAPE: 0.0341, 
Epoch: 163, Valid Loss: 10.4493, Valid RMSE: 38.6530, Valid MAPE: 2.3691, Valid WMAPE: 0.0600
###Update tasks appear###
Evaluate best model on test data for horizon 1, Test MAE: 9.0667, Test RMSE: 59.1751, Test MAPE: 7.2205, Test WMAPE: 0.0526
Evaluate best model on test data for horizon 2, Test MAE: 10.1389, Test RMSE: 52.9887, Test MAPE: 10.1234, Test WMAPE: 0.0589
Evaluate best model on test data for horizon 3, Test MAE: 10.3688, Test RMSE: 41.1274, Test MAPE: 13.4089, Test WMAPE: 0.0602
Evaluate best model on test data for horizon 4, Test MAE: 11.8367, Test RMSE: 48.0860, Test MAPE: 15.6056, Test WMAPE: 0.0688
Evaluate best model on test data for horizon 5, Test MAE: 13.0262, Test RMSE: 52.0844, Test MAPE: 16.4126, Test WMAPE: 0.0757
Evaluate best model on test data for horizon 6, Test MAE: 13.0125, Test RMSE: 44.3760, Test MAPE: 16.8722, Test WMAPE: 0.0756
Evaluate best model on test data for horizon 7, Test MAE: 13.8496, Test RMSE: 47.2111, Test MAPE: 17.5531, Test WMAPE: 0.0805
Evaluate best model on test data for horizon 8, Test MAE: 14.5592, Test RMSE: 51.1515, Test MAPE: 17.1072, Test WMAPE: 0.0847
Evaluate best model on test data for horizon 9, Test MAE: 14.7907, Test RMSE: 49.6931, Test MAPE: 16.9235, Test WMAPE: 0.0860
Evaluate best model on test data for horizon 10, Test MAE: 14.7885, Test RMSE: 47.2302, Test MAPE: 16.8342, Test WMAPE: 0.0860
Evaluate best model on test data for horizon 11, Test MAE: 15.3838, Test RMSE: 51.8294, Test MAPE: 17.3315, Test WMAPE: 0.0895
Evaluate best model on test data for horizon 12, Test MAE: 15.4676, Test RMSE: 52.0739, Test MAPE: 17.6892, Test WMAPE: 0.0900
On average over 12 horizons, Test MAE: 13.0241, Test RMSE: 49.7522, Test MAPE: 15.2568, Test WMAPE: 0.0757
No update
Iter: 000, Train Loss: 6.1762, Train RMSE: 13.0808, Train MAPE: 0.6992, Train WMAPE: 0.0343
Iter: 050, Train Loss: 6.4180, Train RMSE: 13.2468, Train MAPE: 0.5685, Train WMAPE: 0.0352
Epoch: 164, Training Time: 15.3079 secs
Epoch: 164, Inference Time: 1.8758 secs
Epoch: 164, Train Loss: 6.1448, Train RMSE: 13.3144, Train MAPE: 0.8645, Train WMAPE: 0.0344, 
Epoch: 164, Valid Loss: 10.4411, Valid RMSE: 38.7329, Valid MAPE: 2.3415, Valid WMAPE: 0.0600
###Update tasks appear###
Evaluate best model on test data for horizon 1, Test MAE: 9.1329, Test RMSE: 59.0858, Test MAPE: 6.9720, Test WMAPE: 0.0530
Evaluate best model on test data for horizon 2, Test MAE: 10.0545, Test RMSE: 53.0017, Test MAPE: 10.1543, Test WMAPE: 0.0584
Evaluate best model on test data for horizon 3, Test MAE: 10.1993, Test RMSE: 41.0179, Test MAPE: 13.3295, Test WMAPE: 0.0592
Evaluate best model on test data for horizon 4, Test MAE: 11.5858, Test RMSE: 47.4891, Test MAPE: 15.5361, Test WMAPE: 0.0673
Evaluate best model on test data for horizon 5, Test MAE: 12.7512, Test RMSE: 51.7519, Test MAPE: 16.4787, Test WMAPE: 0.0741
Evaluate best model on test data for horizon 6, Test MAE: 12.8298, Test RMSE: 44.2633, Test MAPE: 17.0416, Test WMAPE: 0.0746
Evaluate best model on test data for horizon 7, Test MAE: 13.6580, Test RMSE: 46.9969, Test MAPE: 17.0098, Test WMAPE: 0.0794
Evaluate best model on test data for horizon 8, Test MAE: 14.4773, Test RMSE: 50.8514, Test MAPE: 17.1228, Test WMAPE: 0.0842
Evaluate best model on test data for horizon 9, Test MAE: 14.7831, Test RMSE: 49.6869, Test MAPE: 16.8418, Test WMAPE: 0.0860
Evaluate best model on test data for horizon 10, Test MAE: 14.8422, Test RMSE: 47.5993, Test MAPE: 16.7138, Test WMAPE: 0.0863
Evaluate best model on test data for horizon 11, Test MAE: 15.4758, Test RMSE: 51.9589, Test MAPE: 17.0137, Test WMAPE: 0.0900
Evaluate best model on test data for horizon 12, Test MAE: 15.6366, Test RMSE: 52.3589, Test MAPE: 17.3555, Test WMAPE: 0.0910
On average over 12 horizons, Test MAE: 12.9522, Test RMSE: 49.6718, Test MAPE: 15.1308, Test WMAPE: 0.0753
No update
Iter: 000, Train Loss: 6.4478, Train RMSE: 13.4661, Train MAPE: 0.7389, Train WMAPE: 0.0358
Iter: 050, Train Loss: 6.0851, Train RMSE: 12.6236, Train MAPE: 0.5766, Train WMAPE: 0.0334
Epoch: 165, Training Time: 15.5880 secs
Epoch: 165, Inference Time: 1.8920 secs
Epoch: 165, Train Loss: 6.0460, Train RMSE: 13.0144, Train MAPE: 0.8512, Train WMAPE: 0.0338, 
Epoch: 165, Valid Loss: 10.5147, Valid RMSE: 38.8090, Valid MAPE: 2.9988, Valid WMAPE: 0.0604
No update
Iter: 000, Train Loss: 6.3469, Train RMSE: 13.1016, Train MAPE: 0.9435, Train WMAPE: 0.0352
Iter: 050, Train Loss: 6.0786, Train RMSE: 12.5226, Train MAPE: 0.5005, Train WMAPE: 0.0333
Epoch: 166, Training Time: 15.3930 secs
Epoch: 166, Inference Time: 1.7930 secs
Epoch: 166, Train Loss: 6.0225, Train RMSE: 12.9894, Train MAPE: 0.8338, Train WMAPE: 0.0337, 
Epoch: 166, Valid Loss: 10.4660, Valid RMSE: 39.2522, Valid MAPE: 3.6331, Valid WMAPE: 0.0601
###Update tasks appear###
Evaluate best model on test data for horizon 1, Test MAE: 9.0150, Test RMSE: 59.5574, Test MAPE: 6.9006, Test WMAPE: 0.0523
Evaluate best model on test data for horizon 2, Test MAE: 10.0298, Test RMSE: 53.4122, Test MAPE: 9.9432, Test WMAPE: 0.0582
Evaluate best model on test data for horizon 3, Test MAE: 10.4228, Test RMSE: 41.2822, Test MAPE: 13.2372, Test WMAPE: 0.0605
Evaluate best model on test data for horizon 4, Test MAE: 11.7379, Test RMSE: 48.1739, Test MAPE: 15.7929, Test WMAPE: 0.0682
Evaluate best model on test data for horizon 5, Test MAE: 12.9673, Test RMSE: 52.5115, Test MAPE: 16.7866, Test WMAPE: 0.0754
Evaluate best model on test data for horizon 6, Test MAE: 12.9553, Test RMSE: 44.9919, Test MAPE: 17.1691, Test WMAPE: 0.0753
Evaluate best model on test data for horizon 7, Test MAE: 13.8144, Test RMSE: 47.5509, Test MAPE: 16.8617, Test WMAPE: 0.0803
Evaluate best model on test data for horizon 8, Test MAE: 14.6341, Test RMSE: 51.7987, Test MAPE: 17.3139, Test WMAPE: 0.0851
Evaluate best model on test data for horizon 9, Test MAE: 14.9238, Test RMSE: 50.3160, Test MAPE: 17.2788, Test WMAPE: 0.0868
Evaluate best model on test data for horizon 10, Test MAE: 14.9313, Test RMSE: 48.2219, Test MAPE: 17.1784, Test WMAPE: 0.0869
Evaluate best model on test data for horizon 11, Test MAE: 15.7064, Test RMSE: 52.9302, Test MAPE: 17.8545, Test WMAPE: 0.0914
Evaluate best model on test data for horizon 12, Test MAE: 15.7939, Test RMSE: 52.8914, Test MAPE: 18.0496, Test WMAPE: 0.0919
On average over 12 horizons, Test MAE: 13.0777, Test RMSE: 50.3032, Test MAPE: 15.3639, Test WMAPE: 0.0760
No update
Iter: 000, Train Loss: 6.2534, Train RMSE: 13.0986, Train MAPE: 1.1371, Train WMAPE: 0.0347
Iter: 050, Train Loss: 6.0602, Train RMSE: 12.6279, Train MAPE: 0.5394, Train WMAPE: 0.0332
Epoch: 167, Training Time: 15.5022 secs
Epoch: 167, Inference Time: 1.8679 secs
Epoch: 167, Train Loss: 5.9957, Train RMSE: 12.9102, Train MAPE: 0.9021, Train WMAPE: 0.0335, 
Epoch: 167, Valid Loss: 10.4252, Valid RMSE: 39.0782, Valid MAPE: 2.6424, Valid WMAPE: 0.0599
###Update tasks appear###
Evaluate best model on test data for horizon 1, Test MAE: 8.9653, Test RMSE: 59.3177, Test MAPE: 7.2167, Test WMAPE: 0.0520
Evaluate best model on test data for horizon 2, Test MAE: 9.9395, Test RMSE: 53.1850, Test MAPE: 9.9455, Test WMAPE: 0.0577
Evaluate best model on test data for horizon 3, Test MAE: 10.1028, Test RMSE: 40.9486, Test MAPE: 13.0130, Test WMAPE: 0.0587
Evaluate best model on test data for horizon 4, Test MAE: 11.7043, Test RMSE: 47.9987, Test MAPE: 15.8592, Test WMAPE: 0.0680
Evaluate best model on test data for horizon 5, Test MAE: 12.7976, Test RMSE: 52.3647, Test MAPE: 16.3561, Test WMAPE: 0.0744
Evaluate best model on test data for horizon 6, Test MAE: 12.9528, Test RMSE: 44.9972, Test MAPE: 17.1377, Test WMAPE: 0.0753
Evaluate best model on test data for horizon 7, Test MAE: 13.7793, Test RMSE: 47.6878, Test MAPE: 17.2313, Test WMAPE: 0.0801
Evaluate best model on test data for horizon 8, Test MAE: 14.6526, Test RMSE: 51.7569, Test MAPE: 16.6466, Test WMAPE: 0.0852
Evaluate best model on test data for horizon 9, Test MAE: 14.9933, Test RMSE: 50.5274, Test MAPE: 17.0192, Test WMAPE: 0.0872
Evaluate best model on test data for horizon 10, Test MAE: 15.0281, Test RMSE: 48.4353, Test MAPE: 16.7185, Test WMAPE: 0.0874
Evaluate best model on test data for horizon 11, Test MAE: 15.7580, Test RMSE: 53.2267, Test MAPE: 17.4717, Test WMAPE: 0.0917
Evaluate best model on test data for horizon 12, Test MAE: 15.8802, Test RMSE: 53.2085, Test MAPE: 17.5615, Test WMAPE: 0.0924
On average over 12 horizons, Test MAE: 13.0462, Test RMSE: 50.3045, Test MAPE: 15.1814, Test WMAPE: 0.0758
No update
Iter: 000, Train Loss: 6.1724, Train RMSE: 12.9070, Train MAPE: 0.7794, Train WMAPE: 0.0343
Iter: 050, Train Loss: 5.9798, Train RMSE: 12.3599, Train MAPE: 0.6339, Train WMAPE: 0.0328
Epoch: 168, Training Time: 15.0788 secs
Epoch: 168, Inference Time: 1.8757 secs
Epoch: 168, Train Loss: 6.0157, Train RMSE: 12.9194, Train MAPE: 0.8608, Train WMAPE: 0.0336, 
Epoch: 168, Valid Loss: 10.4194, Valid RMSE: 38.9846, Valid MAPE: 2.1855, Valid WMAPE: 0.0598
###Update tasks appear###
Evaluate best model on test data for horizon 1, Test MAE: 8.9908, Test RMSE: 59.2489, Test MAPE: 7.0440, Test WMAPE: 0.0522
Evaluate best model on test data for horizon 2, Test MAE: 9.9844, Test RMSE: 53.1036, Test MAPE: 10.1239, Test WMAPE: 0.0580
Evaluate best model on test data for horizon 3, Test MAE: 10.1953, Test RMSE: 40.9877, Test MAPE: 13.3786, Test WMAPE: 0.0592
Evaluate best model on test data for horizon 4, Test MAE: 11.7613, Test RMSE: 47.9800, Test MAPE: 15.0577, Test WMAPE: 0.0683
Evaluate best model on test data for horizon 5, Test MAE: 12.9901, Test RMSE: 52.2046, Test MAPE: 16.2050, Test WMAPE: 0.0755
Evaluate best model on test data for horizon 6, Test MAE: 13.1146, Test RMSE: 44.8115, Test MAPE: 17.0601, Test WMAPE: 0.0762
Evaluate best model on test data for horizon 7, Test MAE: 13.9819, Test RMSE: 47.6627, Test MAPE: 17.2206, Test WMAPE: 0.0813
Evaluate best model on test data for horizon 8, Test MAE: 14.8667, Test RMSE: 51.7377, Test MAPE: 16.9902, Test WMAPE: 0.0865
Evaluate best model on test data for horizon 9, Test MAE: 15.1835, Test RMSE: 50.5207, Test MAPE: 16.9839, Test WMAPE: 0.0883
Evaluate best model on test data for horizon 10, Test MAE: 15.2894, Test RMSE: 48.3298, Test MAPE: 17.7844, Test WMAPE: 0.0889
Evaluate best model on test data for horizon 11, Test MAE: 15.8687, Test RMSE: 53.0086, Test MAPE: 17.2266, Test WMAPE: 0.0923
Evaluate best model on test data for horizon 12, Test MAE: 15.9730, Test RMSE: 53.1069, Test MAPE: 17.4534, Test WMAPE: 0.0929
On average over 12 horizons, Test MAE: 13.1833, Test RMSE: 50.2252, Test MAPE: 15.2107, Test WMAPE: 0.0766
No update
Iter: 000, Train Loss: 5.9661, Train RMSE: 12.7090, Train MAPE: 0.6720, Train WMAPE: 0.0331
Iter: 050, Train Loss: 6.0461, Train RMSE: 12.4222, Train MAPE: 0.5603, Train WMAPE: 0.0332
Epoch: 169, Training Time: 14.5860 secs
Epoch: 169, Inference Time: 1.8950 secs
Epoch: 169, Train Loss: 6.0141, Train RMSE: 12.9360, Train MAPE: 0.8526, Train WMAPE: 0.0336, 
Epoch: 169, Valid Loss: 10.6394, Valid RMSE: 38.8849, Valid MAPE: 3.4064, Valid WMAPE: 0.0611
No update
Iter: 000, Train Loss: 6.4915, Train RMSE: 13.3761, Train MAPE: 1.1041, Train WMAPE: 0.0360
Iter: 050, Train Loss: 6.0544, Train RMSE: 12.5188, Train MAPE: 0.6036, Train WMAPE: 0.0332
Epoch: 170, Training Time: 15.0939 secs
Epoch: 170, Inference Time: 1.8826 secs
Epoch: 170, Train Loss: 6.0136, Train RMSE: 12.9196, Train MAPE: 0.8267, Train WMAPE: 0.0336, 
Epoch: 170, Valid Loss: 10.5399, Valid RMSE: 38.9405, Valid MAPE: 2.5905, Valid WMAPE: 0.0605
No update
Iter: 000, Train Loss: 6.3336, Train RMSE: 13.1933, Train MAPE: 0.7793, Train WMAPE: 0.0352
Iter: 050, Train Loss: 5.9762, Train RMSE: 12.3507, Train MAPE: 0.4693, Train WMAPE: 0.0328
Epoch: 171, Training Time: 14.8383 secs
Epoch: 171, Inference Time: 1.8404 secs
Epoch: 171, Train Loss: 5.9920, Train RMSE: 12.8787, Train MAPE: 0.8527, Train WMAPE: 0.0335, 
Epoch: 171, Valid Loss: 10.4776, Valid RMSE: 38.3677, Valid MAPE: 2.6657, Valid WMAPE: 0.0602
No update
Iter: 000, Train Loss: 6.3723, Train RMSE: 13.2950, Train MAPE: 0.8148, Train WMAPE: 0.0354
Iter: 050, Train Loss: 6.0292, Train RMSE: 12.2863, Train MAPE: 0.5447, Train WMAPE: 0.0331
Epoch: 172, Training Time: 15.1980 secs
Epoch: 172, Inference Time: 1.7977 secs
Epoch: 172, Train Loss: 5.9905, Train RMSE: 12.9191, Train MAPE: 0.8147, Train WMAPE: 0.0335, 
Epoch: 172, Valid Loss: 10.3768, Valid RMSE: 38.5171, Valid MAPE: 3.0208, Valid WMAPE: 0.0596
###Update tasks appear###
Evaluate best model on test data for horizon 1, Test MAE: 9.0047, Test RMSE: 59.0228, Test MAPE: 7.2854, Test WMAPE: 0.0523
Evaluate best model on test data for horizon 2, Test MAE: 9.8580, Test RMSE: 52.5597, Test MAPE: 10.4828, Test WMAPE: 0.0572
Evaluate best model on test data for horizon 3, Test MAE: 10.1769, Test RMSE: 40.9209, Test MAPE: 13.4078, Test WMAPE: 0.0591
Evaluate best model on test data for horizon 4, Test MAE: 11.5194, Test RMSE: 47.6278, Test MAPE: 15.6086, Test WMAPE: 0.0669
Evaluate best model on test data for horizon 5, Test MAE: 12.6594, Test RMSE: 51.3925, Test MAPE: 16.5581, Test WMAPE: 0.0736
Evaluate best model on test data for horizon 6, Test MAE: 12.8382, Test RMSE: 44.1087, Test MAPE: 17.4506, Test WMAPE: 0.0746
Evaluate best model on test data for horizon 7, Test MAE: 13.6138, Test RMSE: 47.0004, Test MAPE: 17.4813, Test WMAPE: 0.0791
Evaluate best model on test data for horizon 8, Test MAE: 14.3910, Test RMSE: 50.5844, Test MAPE: 17.2512, Test WMAPE: 0.0837
Evaluate best model on test data for horizon 9, Test MAE: 14.6529, Test RMSE: 49.3544, Test MAPE: 17.2663, Test WMAPE: 0.0852
Evaluate best model on test data for horizon 10, Test MAE: 14.6345, Test RMSE: 47.0818, Test MAPE: 17.2429, Test WMAPE: 0.0851
Evaluate best model on test data for horizon 11, Test MAE: 15.1815, Test RMSE: 51.6094, Test MAPE: 16.8864, Test WMAPE: 0.0883
Evaluate best model on test data for horizon 12, Test MAE: 15.3544, Test RMSE: 51.8006, Test MAPE: 17.5993, Test WMAPE: 0.0893
On average over 12 horizons, Test MAE: 12.8237, Test RMSE: 49.4219, Test MAPE: 15.3767, Test WMAPE: 0.0745
Test low! Updating! Test Loss: 12.8237255414327, Test low! Updating! Valid Loss: 10.376825673239571, epoch:  172
Iter: 000, Train Loss: 6.3273, Train RMSE: 13.1928, Train MAPE: 0.9514, Train WMAPE: 0.0351
Iter: 050, Train Loss: 6.0617, Train RMSE: 12.5449, Train MAPE: 0.5778, Train WMAPE: 0.0332
Epoch: 173, Training Time: 14.8865 secs
Epoch: 173, Inference Time: 1.8787 secs
Epoch: 173, Train Loss: 5.9789, Train RMSE: 12.8582, Train MAPE: 0.8744, Train WMAPE: 0.0334, 
Epoch: 173, Valid Loss: 10.4440, Valid RMSE: 39.0202, Valid MAPE: 2.3814, Valid WMAPE: 0.0600
No update
Iter: 000, Train Loss: 6.0007, Train RMSE: 12.7381, Train MAPE: 0.6369, Train WMAPE: 0.0333
Iter: 050, Train Loss: 6.0793, Train RMSE: 12.4805, Train MAPE: 0.6313, Train WMAPE: 0.0333
Epoch: 174, Training Time: 15.3791 secs
Epoch: 174, Inference Time: 1.8915 secs
Epoch: 174, Train Loss: 5.9474, Train RMSE: 12.8049, Train MAPE: 0.8666, Train WMAPE: 0.0333, 
Epoch: 174, Valid Loss: 10.4481, Valid RMSE: 38.7348, Valid MAPE: 2.5588, Valid WMAPE: 0.0600
No update
Iter: 000, Train Loss: 6.0499, Train RMSE: 12.9678, Train MAPE: 0.7436, Train WMAPE: 0.0336
Iter: 050, Train Loss: 6.1758, Train RMSE: 12.4537, Train MAPE: 1.1748, Train WMAPE: 0.0339
Epoch: 175, Training Time: 15.4304 secs
Epoch: 175, Inference Time: 1.8701 secs
Epoch: 175, Train Loss: 6.0156, Train RMSE: 12.8734, Train MAPE: 0.9841, Train WMAPE: 0.0336, 
Epoch: 175, Valid Loss: 10.5437, Valid RMSE: 38.7612, Valid MAPE: 4.5573, Valid WMAPE: 0.0605
No update
Iter: 000, Train Loss: 6.2044, Train RMSE: 12.8305, Train MAPE: 1.5399, Train WMAPE: 0.0344
Iter: 050, Train Loss: 5.9617, Train RMSE: 12.2548, Train MAPE: 0.6766, Train WMAPE: 0.0327
Epoch: 176, Training Time: 15.6844 secs
Epoch: 176, Inference Time: 1.9019 secs
Epoch: 176, Train Loss: 5.9147, Train RMSE: 12.6836, Train MAPE: 1.0131, Train WMAPE: 0.0331, 
Epoch: 176, Valid Loss: 10.5257, Valid RMSE: 38.8555, Valid MAPE: 3.7840, Valid WMAPE: 0.0604
No update
Iter: 000, Train Loss: 6.2027, Train RMSE: 12.9015, Train MAPE: 1.2346, Train WMAPE: 0.0344
Iter: 050, Train Loss: 6.0185, Train RMSE: 12.2761, Train MAPE: 1.1093, Train WMAPE: 0.0330
Epoch: 177, Training Time: 14.8781 secs
Epoch: 177, Inference Time: 1.8823 secs
Epoch: 177, Train Loss: 5.9482, Train RMSE: 12.7207, Train MAPE: 1.0643, Train WMAPE: 0.0333, 
Epoch: 177, Valid Loss: 10.2855, Valid RMSE: 38.7795, Valid MAPE: 1.9098, Valid WMAPE: 0.0591
###Update tasks appear###
Evaluate best model on test data for horizon 1, Test MAE: 8.9911, Test RMSE: 59.7055, Test MAPE: 6.9117, Test WMAPE: 0.0522
Evaluate best model on test data for horizon 2, Test MAE: 9.9239, Test RMSE: 53.1674, Test MAPE: 10.0604, Test WMAPE: 0.0576
Evaluate best model on test data for horizon 3, Test MAE: 10.1379, Test RMSE: 41.4932, Test MAPE: 13.1899, Test WMAPE: 0.0589
Evaluate best model on test data for horizon 4, Test MAE: 11.5547, Test RMSE: 48.1874, Test MAPE: 15.1817, Test WMAPE: 0.0671
Evaluate best model on test data for horizon 5, Test MAE: 12.6856, Test RMSE: 51.6522, Test MAPE: 16.3075, Test WMAPE: 0.0737
Evaluate best model on test data for horizon 6, Test MAE: 12.8022, Test RMSE: 44.5072, Test MAPE: 16.9218, Test WMAPE: 0.0744
Evaluate best model on test data for horizon 7, Test MAE: 13.6379, Test RMSE: 47.3899, Test MAPE: 17.1323, Test WMAPE: 0.0793
Evaluate best model on test data for horizon 8, Test MAE: 14.3939, Test RMSE: 50.5949, Test MAPE: 16.8445, Test WMAPE: 0.0837
Evaluate best model on test data for horizon 9, Test MAE: 14.6578, Test RMSE: 49.5103, Test MAPE: 16.7797, Test WMAPE: 0.0852
Evaluate best model on test data for horizon 10, Test MAE: 14.6598, Test RMSE: 47.2810, Test MAPE: 16.7663, Test WMAPE: 0.0853
Evaluate best model on test data for horizon 11, Test MAE: 15.2582, Test RMSE: 51.8910, Test MAPE: 17.0231, Test WMAPE: 0.0888
Evaluate best model on test data for horizon 12, Test MAE: 15.3665, Test RMSE: 51.8316, Test MAPE: 17.3159, Test WMAPE: 0.0894
On average over 12 horizons, Test MAE: 12.8391, Test RMSE: 49.7676, Test MAPE: 15.0362, Test WMAPE: 0.0746
No update
Iter: 000, Train Loss: 5.9877, Train RMSE: 12.7188, Train MAPE: 0.6090, Train WMAPE: 0.0332
Iter: 050, Train Loss: 6.0237, Train RMSE: 12.2322, Train MAPE: 1.3139, Train WMAPE: 0.0330
Epoch: 178, Training Time: 15.2710 secs
Epoch: 178, Inference Time: 1.8850 secs
Epoch: 178, Train Loss: 5.9272, Train RMSE: 12.6842, Train MAPE: 1.0697, Train WMAPE: 0.0331, 
Epoch: 178, Valid Loss: 10.5947, Valid RMSE: 38.5388, Valid MAPE: 5.4181, Valid WMAPE: 0.0608
No update
Iter: 000, Train Loss: 6.3614, Train RMSE: 12.9606, Train MAPE: 2.0728, Train WMAPE: 0.0353
Iter: 050, Train Loss: 6.0251, Train RMSE: 12.3653, Train MAPE: 0.5927, Train WMAPE: 0.0330
Epoch: 179, Training Time: 15.2230 secs
Epoch: 179, Inference Time: 1.9633 secs
Epoch: 179, Train Loss: 5.9488, Train RMSE: 12.7442, Train MAPE: 1.0724, Train WMAPE: 0.0333, 
Epoch: 179, Valid Loss: 10.3772, Valid RMSE: 38.7206, Valid MAPE: 2.1455, Valid WMAPE: 0.0596
No update
Iter: 000, Train Loss: 6.0398, Train RMSE: 12.6976, Train MAPE: 0.6906, Train WMAPE: 0.0335
Iter: 050, Train Loss: 6.0908, Train RMSE: 12.2808, Train MAPE: 0.8772, Train WMAPE: 0.0334
Epoch: 180, Training Time: 14.9323 secs
Epoch: 180, Inference Time: 1.8604 secs
Epoch: 180, Train Loss: 5.9106, Train RMSE: 12.6632, Train MAPE: 1.0591, Train WMAPE: 0.0331, 
Epoch: 180, Valid Loss: 10.4512, Valid RMSE: 38.5331, Valid MAPE: 3.2995, Valid WMAPE: 0.0600
No update
Iter: 000, Train Loss: 5.9648, Train RMSE: 12.5931, Train MAPE: 0.9889, Train WMAPE: 0.0331
Iter: 050, Train Loss: 5.9340, Train RMSE: 12.2544, Train MAPE: 0.5735, Train WMAPE: 0.0325
Epoch: 181, Training Time: 14.9148 secs
Epoch: 181, Inference Time: 1.8791 secs
Epoch: 181, Train Loss: 5.9088, Train RMSE: 12.6652, Train MAPE: 1.0108, Train WMAPE: 0.0330, 
Epoch: 181, Valid Loss: 10.5942, Valid RMSE: 38.6347, Valid MAPE: 4.1625, Valid WMAPE: 0.0608
No update
Iter: 000, Train Loss: 6.1192, Train RMSE: 12.7200, Train MAPE: 1.3276, Train WMAPE: 0.0340
Iter: 050, Train Loss: 5.9235, Train RMSE: 12.4307, Train MAPE: 0.4714, Train WMAPE: 0.0325
Epoch: 182, Training Time: 15.2765 secs
Epoch: 182, Inference Time: 1.8195 secs
Epoch: 182, Train Loss: 5.9395, Train RMSE: 12.7544, Train MAPE: 0.9671, Train WMAPE: 0.0332, 
Epoch: 182, Valid Loss: 10.5114, Valid RMSE: 39.0661, Valid MAPE: 2.6630, Valid WMAPE: 0.0604
No update
Iter: 000, Train Loss: 5.9929, Train RMSE: 12.7015, Train MAPE: 0.6955, Train WMAPE: 0.0333
Iter: 050, Train Loss: 5.9209, Train RMSE: 12.2312, Train MAPE: 0.5936, Train WMAPE: 0.0325
Epoch: 183, Training Time: 15.0168 secs
Epoch: 183, Inference Time: 1.8816 secs
Epoch: 183, Train Loss: 5.9505, Train RMSE: 12.8189, Train MAPE: 0.8134, Train WMAPE: 0.0333, 
Epoch: 183, Valid Loss: 10.4714, Valid RMSE: 39.0157, Valid MAPE: 2.6935, Valid WMAPE: 0.0601
No update
Iter: 000, Train Loss: 6.0587, Train RMSE: 12.6877, Train MAPE: 0.7920, Train WMAPE: 0.0336
Iter: 050, Train Loss: 6.1209, Train RMSE: 12.4038, Train MAPE: 0.6681, Train WMAPE: 0.0336
Epoch: 184, Training Time: 14.6030 secs
Epoch: 184, Inference Time: 1.8968 secs
Epoch: 184, Train Loss: 5.9997, Train RMSE: 12.9046, Train MAPE: 0.9370, Train WMAPE: 0.0335, 
Epoch: 184, Valid Loss: 10.3999, Valid RMSE: 38.8875, Valid MAPE: 3.3002, Valid WMAPE: 0.0597
No update
Iter: 000, Train Loss: 6.0891, Train RMSE: 12.6931, Train MAPE: 1.0449, Train WMAPE: 0.0338
Iter: 050, Train Loss: 5.9667, Train RMSE: 12.2062, Train MAPE: 0.8321, Train WMAPE: 0.0327
Epoch: 185, Training Time: 14.7939 secs
Epoch: 185, Inference Time: 1.9009 secs
Epoch: 185, Train Loss: 5.9169, Train RMSE: 12.6638, Train MAPE: 1.0564, Train WMAPE: 0.0331, 
Epoch: 185, Valid Loss: 10.3925, Valid RMSE: 39.1469, Valid MAPE: 1.8554, Valid WMAPE: 0.0597
No update
Iter: 000, Train Loss: 6.0077, Train RMSE: 12.6433, Train MAPE: 0.5755, Train WMAPE: 0.0334
Iter: 050, Train Loss: 5.9604, Train RMSE: 12.2327, Train MAPE: 0.6940, Train WMAPE: 0.0327
Epoch: 186, Training Time: 15.0786 secs
Epoch: 186, Inference Time: 1.8927 secs
Epoch: 186, Train Loss: 5.8990, Train RMSE: 12.6448, Train MAPE: 1.0054, Train WMAPE: 0.0330, 
Epoch: 186, Valid Loss: 10.4590, Valid RMSE: 39.0035, Valid MAPE: 3.3806, Valid WMAPE: 0.0601
No update
Iter: 000, Train Loss: 5.9041, Train RMSE: 12.4367, Train MAPE: 0.9995, Train WMAPE: 0.0328
Iter: 050, Train Loss: 6.1237, Train RMSE: 12.9088, Train MAPE: 0.8022, Train WMAPE: 0.0336
Epoch: 187, Training Time: 15.0832 secs
Epoch: 187, Inference Time: 1.8921 secs
Epoch: 187, Train Loss: 5.8817, Train RMSE: 12.6456, Train MAPE: 0.9009, Train WMAPE: 0.0329, 
Epoch: 187, Valid Loss: 11.1061, Valid RMSE: 39.3068, Valid MAPE: 2.5706, Valid WMAPE: 0.0638
No update
Iter: 000, Train Loss: 6.5514, Train RMSE: 13.9855, Train MAPE: 0.7991, Train WMAPE: 0.0364
Iter: 050, Train Loss: 5.9590, Train RMSE: 12.1806, Train MAPE: 0.7827, Train WMAPE: 0.0327
Epoch: 188, Training Time: 15.3901 secs
Epoch: 188, Inference Time: 2.0022 secs
Epoch: 188, Train Loss: 5.9493, Train RMSE: 12.7346, Train MAPE: 0.8641, Train WMAPE: 0.0333, 
Epoch: 188, Valid Loss: 10.5589, Valid RMSE: 39.3130, Valid MAPE: 2.6816, Valid WMAPE: 0.0606
No update
Iter: 000, Train Loss: 6.0100, Train RMSE: 12.5656, Train MAPE: 0.8571, Train WMAPE: 0.0334
Iter: 050, Train Loss: 5.9310, Train RMSE: 12.1368, Train MAPE: 0.7238, Train WMAPE: 0.0325
Epoch: 189, Training Time: 14.8866 secs
Epoch: 189, Inference Time: 1.8876 secs
Epoch: 189, Train Loss: 5.9452, Train RMSE: 12.7854, Train MAPE: 0.8577, Train WMAPE: 0.0332, 
Epoch: 189, Valid Loss: 10.6021, Valid RMSE: 38.9925, Valid MAPE: 3.3314, Valid WMAPE: 0.0609
No update
Iter: 000, Train Loss: 6.2555, Train RMSE: 12.9252, Train MAPE: 1.0393, Train WMAPE: 0.0347
Iter: 050, Train Loss: 6.0822, Train RMSE: 12.4765, Train MAPE: 0.6506, Train WMAPE: 0.0334
Epoch: 190, Training Time: 14.4910 secs
Epoch: 190, Inference Time: 1.7854 secs
Epoch: 190, Train Loss: 5.9277, Train RMSE: 12.7144, Train MAPE: 0.9109, Train WMAPE: 0.0331, 
Epoch: 190, Valid Loss: 10.5768, Valid RMSE: 38.8607, Valid MAPE: 3.3263, Valid WMAPE: 0.0607
No update
Iter: 000, Train Loss: 6.3424, Train RMSE: 13.3192, Train MAPE: 1.1398, Train WMAPE: 0.0352
Iter: 050, Train Loss: 5.9890, Train RMSE: 12.2212, Train MAPE: 0.6385, Train WMAPE: 0.0328
Epoch: 191, Training Time: 15.6240 secs
Epoch: 191, Inference Time: 1.9591 secs
Epoch: 191, Train Loss: 5.9102, Train RMSE: 12.6751, Train MAPE: 0.9284, Train WMAPE: 0.0330, 
Epoch: 191, Valid Loss: 10.4728, Valid RMSE: 38.8736, Valid MAPE: 3.5339, Valid WMAPE: 0.0601
No update
Iter: 000, Train Loss: 6.0007, Train RMSE: 12.5638, Train MAPE: 1.0981, Train WMAPE: 0.0333
Iter: 050, Train Loss: 5.8975, Train RMSE: 11.9928, Train MAPE: 0.5050, Train WMAPE: 0.0323
Epoch: 192, Training Time: 15.6442 secs
Epoch: 192, Inference Time: 1.8430 secs
Epoch: 192, Train Loss: 5.8492, Train RMSE: 12.5761, Train MAPE: 0.8492, Train WMAPE: 0.0327, 
Epoch: 192, Valid Loss: 10.3255, Valid RMSE: 38.9039, Valid MAPE: 2.2728, Valid WMAPE: 0.0593
###Update tasks appear###
Evaluate best model on test data for horizon 1, Test MAE: 9.1305, Test RMSE: 59.6434, Test MAPE: 7.7819, Test WMAPE: 0.0530
Evaluate best model on test data for horizon 2, Test MAE: 9.9676, Test RMSE: 53.0477, Test MAPE: 10.5023, Test WMAPE: 0.0579
Evaluate best model on test data for horizon 3, Test MAE: 10.1724, Test RMSE: 41.6443, Test MAPE: 13.0462, Test WMAPE: 0.0591
Evaluate best model on test data for horizon 4, Test MAE: 11.6111, Test RMSE: 48.3968, Test MAPE: 15.4808, Test WMAPE: 0.0675
Evaluate best model on test data for horizon 5, Test MAE: 12.7199, Test RMSE: 51.8513, Test MAPE: 16.4825, Test WMAPE: 0.0739
Evaluate best model on test data for horizon 6, Test MAE: 12.8299, Test RMSE: 44.5304, Test MAPE: 17.1153, Test WMAPE: 0.0746
Evaluate best model on test data for horizon 7, Test MAE: 13.7086, Test RMSE: 47.7540, Test MAPE: 17.1886, Test WMAPE: 0.0797
Evaluate best model on test data for horizon 8, Test MAE: 14.5034, Test RMSE: 51.1847, Test MAPE: 16.8724, Test WMAPE: 0.0843
Evaluate best model on test data for horizon 9, Test MAE: 14.7851, Test RMSE: 49.7517, Test MAPE: 16.7358, Test WMAPE: 0.0860
Evaluate best model on test data for horizon 10, Test MAE: 14.7901, Test RMSE: 47.5400, Test MAPE: 17.0475, Test WMAPE: 0.0860
Evaluate best model on test data for horizon 11, Test MAE: 15.3956, Test RMSE: 52.2913, Test MAPE: 17.1950, Test WMAPE: 0.0896
Evaluate best model on test data for horizon 12, Test MAE: 15.4392, Test RMSE: 51.9213, Test MAPE: 17.3674, Test WMAPE: 0.0898
On average over 12 horizons, Test MAE: 12.9211, Test RMSE: 49.9631, Test MAPE: 15.2346, Test WMAPE: 0.0751
No update
Iter: 000, Train Loss: 5.9226, Train RMSE: 12.5849, Train MAPE: 0.5934, Train WMAPE: 0.0329
Iter: 050, Train Loss: 5.9394, Train RMSE: 12.1633, Train MAPE: 0.5983, Train WMAPE: 0.0326
Epoch: 193, Training Time: 15.6179 secs
Epoch: 193, Inference Time: 1.8803 secs
Epoch: 193, Train Loss: 5.8870, Train RMSE: 12.6612, Train MAPE: 0.7934, Train WMAPE: 0.0329, 
Epoch: 193, Valid Loss: 10.5769, Valid RMSE: 38.8849, Valid MAPE: 2.3730, Valid WMAPE: 0.0607
No update
Iter: 000, Train Loss: 6.1255, Train RMSE: 12.8788, Train MAPE: 0.6539, Train WMAPE: 0.0340
Iter: 050, Train Loss: 5.8759, Train RMSE: 12.0965, Train MAPE: 0.4824, Train WMAPE: 0.0322
Epoch: 194, Training Time: 15.1102 secs
Epoch: 194, Inference Time: 1.8036 secs
Epoch: 194, Train Loss: 5.9095, Train RMSE: 12.7089, Train MAPE: 0.8609, Train WMAPE: 0.0330, 
Epoch: 194, Valid Loss: 10.6029, Valid RMSE: 38.7438, Valid MAPE: 3.1725, Valid WMAPE: 0.0609
No update
Iter: 000, Train Loss: 6.4255, Train RMSE: 14.6071, Train MAPE: 1.1019, Train WMAPE: 0.0357
Iter: 050, Train Loss: 5.8518, Train RMSE: 12.0758, Train MAPE: 0.7945, Train WMAPE: 0.0321
Epoch: 195, Training Time: 15.2791 secs
Epoch: 195, Inference Time: 1.8137 secs
Epoch: 195, Train Loss: 5.8672, Train RMSE: 12.5652, Train MAPE: 1.0477, Train WMAPE: 0.0328, 
Epoch: 195, Valid Loss: 10.4566, Valid RMSE: 39.1685, Valid MAPE: 2.4993, Valid WMAPE: 0.0600
No update
Iter: 000, Train Loss: 5.9697, Train RMSE: 12.6783, Train MAPE: 0.7865, Train WMAPE: 0.0331
Iter: 050, Train Loss: 6.0374, Train RMSE: 12.4868, Train MAPE: 0.9149, Train WMAPE: 0.0331
Epoch: 196, Training Time: 15.6280 secs
Epoch: 196, Inference Time: 1.8311 secs
Epoch: 196, Train Loss: 5.8590, Train RMSE: 12.5671, Train MAPE: 0.9386, Train WMAPE: 0.0328, 
Epoch: 196, Valid Loss: 10.2800, Valid RMSE: 38.8176, Valid MAPE: 1.8463, Valid WMAPE: 0.0590
###Update tasks appear###
Evaluate best model on test data for horizon 1, Test MAE: 9.0875, Test RMSE: 59.8904, Test MAPE: 7.2084, Test WMAPE: 0.0528
Evaluate best model on test data for horizon 2, Test MAE: 10.0233, Test RMSE: 52.9313, Test MAPE: 10.2574, Test WMAPE: 0.0582
Evaluate best model on test data for horizon 3, Test MAE: 10.2301, Test RMSE: 41.5284, Test MAPE: 13.1461, Test WMAPE: 0.0594
Evaluate best model on test data for horizon 4, Test MAE: 11.6904, Test RMSE: 48.2746, Test MAPE: 15.2355, Test WMAPE: 0.0679
Evaluate best model on test data for horizon 5, Test MAE: 12.8985, Test RMSE: 51.7192, Test MAPE: 16.4299, Test WMAPE: 0.0750
Evaluate best model on test data for horizon 6, Test MAE: 12.9296, Test RMSE: 44.6893, Test MAPE: 16.9829, Test WMAPE: 0.0752
Evaluate best model on test data for horizon 7, Test MAE: 13.7556, Test RMSE: 47.7386, Test MAPE: 17.1808, Test WMAPE: 0.0800
Evaluate best model on test data for horizon 8, Test MAE: 14.4865, Test RMSE: 51.0107, Test MAPE: 16.8554, Test WMAPE: 0.0842
Evaluate best model on test data for horizon 9, Test MAE: 14.7166, Test RMSE: 49.6230, Test MAPE: 16.9159, Test WMAPE: 0.0856
Evaluate best model on test data for horizon 10, Test MAE: 14.7467, Test RMSE: 47.3512, Test MAPE: 16.9915, Test WMAPE: 0.0858
Evaluate best model on test data for horizon 11, Test MAE: 15.3419, Test RMSE: 52.0466, Test MAPE: 17.1897, Test WMAPE: 0.0892
Evaluate best model on test data for horizon 12, Test MAE: 15.4137, Test RMSE: 51.6984, Test MAPE: 17.2333, Test WMAPE: 0.0897
On average over 12 horizons, Test MAE: 12.9434, Test RMSE: 49.8751, Test MAPE: 15.1356, Test WMAPE: 0.0752
No update
Iter: 000, Train Loss: 5.9180, Train RMSE: 12.5890, Train MAPE: 0.4939, Train WMAPE: 0.0329
Iter: 050, Train Loss: 5.9116, Train RMSE: 12.1978, Train MAPE: 0.6075, Train WMAPE: 0.0324
Epoch: 197, Training Time: 14.9617 secs
Epoch: 197, Inference Time: 1.9901 secs
Epoch: 197, Train Loss: 5.8637, Train RMSE: 12.6320, Train MAPE: 0.7813, Train WMAPE: 0.0328, 
Epoch: 197, Valid Loss: 10.4057, Valid RMSE: 38.5229, Valid MAPE: 2.3358, Valid WMAPE: 0.0597
No update
Iter: 000, Train Loss: 5.9116, Train RMSE: 12.4623, Train MAPE: 0.6454, Train WMAPE: 0.0328
Iter: 050, Train Loss: 5.8775, Train RMSE: 12.2111, Train MAPE: 0.5045, Train WMAPE: 0.0322
Epoch: 198, Training Time: 15.3984 secs
Epoch: 198, Inference Time: 1.8917 secs
Epoch: 198, Train Loss: 5.8457, Train RMSE: 12.5952, Train MAPE: 0.8516, Train WMAPE: 0.0327, 
Epoch: 198, Valid Loss: 10.3705, Valid RMSE: 38.9111, Valid MAPE: 2.3684, Valid WMAPE: 0.0596
###Update tasks appear###
Evaluate best model on test data for horizon 1, Test MAE: 8.9604, Test RMSE: 59.6454, Test MAPE: 7.1615, Test WMAPE: 0.0520
Evaluate best model on test data for horizon 2, Test MAE: 9.9070, Test RMSE: 52.8506, Test MAPE: 10.2760, Test WMAPE: 0.0575
Evaluate best model on test data for horizon 3, Test MAE: 10.1612, Test RMSE: 41.1425, Test MAPE: 13.2908, Test WMAPE: 0.0590
Evaluate best model on test data for horizon 4, Test MAE: 11.5870, Test RMSE: 48.1305, Test MAPE: 15.2548, Test WMAPE: 0.0673
Evaluate best model on test data for horizon 5, Test MAE: 12.7505, Test RMSE: 51.6648, Test MAPE: 16.5121, Test WMAPE: 0.0741
Evaluate best model on test data for horizon 6, Test MAE: 12.9101, Test RMSE: 44.3296, Test MAPE: 16.9192, Test WMAPE: 0.0750
Evaluate best model on test data for horizon 7, Test MAE: 13.7628, Test RMSE: 47.4322, Test MAPE: 17.5117, Test WMAPE: 0.0800
Evaluate best model on test data for horizon 8, Test MAE: 14.6180, Test RMSE: 50.9005, Test MAPE: 16.9452, Test WMAPE: 0.0850
Evaluate best model on test data for horizon 9, Test MAE: 14.9235, Test RMSE: 49.6629, Test MAPE: 16.8563, Test WMAPE: 0.0868
Evaluate best model on test data for horizon 10, Test MAE: 14.8649, Test RMSE: 47.4590, Test MAPE: 17.2274, Test WMAPE: 0.0865
Evaluate best model on test data for horizon 11, Test MAE: 15.5590, Test RMSE: 52.2739, Test MAPE: 17.8087, Test WMAPE: 0.0905
Evaluate best model on test data for horizon 12, Test MAE: 15.6111, Test RMSE: 52.0199, Test MAPE: 17.5162, Test WMAPE: 0.0908
On average over 12 horizons, Test MAE: 12.9680, Test RMSE: 49.7926, Test MAPE: 15.2733, Test WMAPE: 0.0754
No update
Iter: 000, Train Loss: 5.8264, Train RMSE: 12.4129, Train MAPE: 0.6496, Train WMAPE: 0.0323
Iter: 050, Train Loss: 5.9156, Train RMSE: 12.2372, Train MAPE: 0.5342, Train WMAPE: 0.0324
Epoch: 199, Training Time: 15.7017 secs
Epoch: 199, Inference Time: 1.8761 secs
Epoch: 199, Train Loss: 5.8439, Train RMSE: 12.5704, Train MAPE: 0.8670, Train WMAPE: 0.0327, 
Epoch: 199, Valid Loss: 10.5313, Valid RMSE: 38.8541, Valid MAPE: 2.3050, Valid WMAPE: 0.0605
No update
Iter: 000, Train Loss: 6.0044, Train RMSE: 12.6875, Train MAPE: 0.6757, Train WMAPE: 0.0333
Iter: 050, Train Loss: 5.9109, Train RMSE: 12.0579, Train MAPE: 0.8108, Train WMAPE: 0.0324
Epoch: 200, Training Time: 15.1157 secs
Epoch: 200, Inference Time: 1.7747 secs
Epoch: 200, Train Loss: 5.8297, Train RMSE: 12.5395, Train MAPE: 0.9010, Train WMAPE: 0.0326, 
Epoch: 200, Valid Loss: 10.5583, Valid RMSE: 38.8446, Valid MAPE: 3.7784, Valid WMAPE: 0.0606
No update
Iter: 000, Train Loss: 6.0698, Train RMSE: 12.6581, Train MAPE: 1.2676, Train WMAPE: 0.0337
Iter: 050, Train Loss: 5.7467, Train RMSE: 11.8404, Train MAPE: 0.6565, Train WMAPE: 0.0315
Epoch: 201, Training Time: 14.7821 secs
Epoch: 201, Inference Time: 1.8860 secs
Epoch: 201, Train Loss: 5.8412, Train RMSE: 12.4938, Train MAPE: 0.9997, Train WMAPE: 0.0327, 
Epoch: 201, Valid Loss: 10.4752, Valid RMSE: 39.1502, Valid MAPE: 3.9798, Valid WMAPE: 0.0601
No update
Iter: 000, Train Loss: 6.0902, Train RMSE: 12.5399, Train MAPE: 1.3722, Train WMAPE: 0.0338
Iter: 050, Train Loss: 5.9971, Train RMSE: 12.3634, Train MAPE: 0.7825, Train WMAPE: 0.0329
Epoch: 202, Training Time: 15.3910 secs
Epoch: 202, Inference Time: 1.8837 secs
Epoch: 202, Train Loss: 5.8233, Train RMSE: 12.5248, Train MAPE: 0.8760, Train WMAPE: 0.0326, 
Epoch: 202, Valid Loss: 10.4892, Valid RMSE: 38.8009, Valid MAPE: 1.9652, Valid WMAPE: 0.0602
No update
Iter: 000, Train Loss: 6.0529, Train RMSE: 12.6314, Train MAPE: 0.5837, Train WMAPE: 0.0336
Iter: 050, Train Loss: 5.8647, Train RMSE: 12.0737, Train MAPE: 0.6013, Train WMAPE: 0.0322
Epoch: 203, Training Time: 15.3294 secs
Epoch: 203, Inference Time: 1.8696 secs
Epoch: 203, Train Loss: 5.8365, Train RMSE: 12.5620, Train MAPE: 0.8265, Train WMAPE: 0.0326, 
Epoch: 203, Valid Loss: 10.4345, Valid RMSE: 39.0151, Valid MAPE: 2.9350, Valid WMAPE: 0.0599
No update
Iter: 000, Train Loss: 6.0560, Train RMSE: 12.6502, Train MAPE: 0.9171, Train WMAPE: 0.0336
Iter: 050, Train Loss: 5.8369, Train RMSE: 12.0620, Train MAPE: 0.6931, Train WMAPE: 0.0320
Epoch: 204, Training Time: 15.3381 secs
Epoch: 204, Inference Time: 1.8515 secs
Epoch: 204, Train Loss: 5.7755, Train RMSE: 12.4426, Train MAPE: 0.8247, Train WMAPE: 0.0323, 
Epoch: 204, Valid Loss: 10.4059, Valid RMSE: 38.8457, Valid MAPE: 2.2050, Valid WMAPE: 0.0598
No update
Iter: 000, Train Loss: 5.7608, Train RMSE: 12.2144, Train MAPE: 0.6252, Train WMAPE: 0.0320
Iter: 050, Train Loss: 5.9658, Train RMSE: 12.1153, Train MAPE: 0.9788, Train WMAPE: 0.0327
Epoch: 205, Training Time: 15.4232 secs
Epoch: 205, Inference Time: 1.8933 secs
Epoch: 205, Train Loss: 5.8102, Train RMSE: 12.4945, Train MAPE: 0.8004, Train WMAPE: 0.0325, 
Epoch: 205, Valid Loss: 10.8337, Valid RMSE: 39.3836, Valid MAPE: 2.6738, Valid WMAPE: 0.0622
No update
Iter: 000, Train Loss: 6.2308, Train RMSE: 12.8954, Train MAPE: 0.7746, Train WMAPE: 0.0346
Iter: 050, Train Loss: 5.9826, Train RMSE: 12.1976, Train MAPE: 0.5630, Train WMAPE: 0.0328
Epoch: 206, Training Time: 15.4224 secs
Epoch: 206, Inference Time: 1.9449 secs
Epoch: 206, Train Loss: 5.8423, Train RMSE: 12.5118, Train MAPE: 0.9158, Train WMAPE: 0.0327, 
Epoch: 206, Valid Loss: 10.3437, Valid RMSE: 39.1274, Valid MAPE: 2.2147, Valid WMAPE: 0.0594
###Update tasks appear###
Evaluate best model on test data for horizon 1, Test MAE: 9.0581, Test RMSE: 59.7203, Test MAPE: 7.5353, Test WMAPE: 0.0526
Evaluate best model on test data for horizon 2, Test MAE: 9.8764, Test RMSE: 52.5686, Test MAPE: 10.4787, Test WMAPE: 0.0573
Evaluate best model on test data for horizon 3, Test MAE: 10.1444, Test RMSE: 41.3562, Test MAPE: 13.4867, Test WMAPE: 0.0589
Evaluate best model on test data for horizon 4, Test MAE: 11.5918, Test RMSE: 48.5623, Test MAPE: 15.4251, Test WMAPE: 0.0673
Evaluate best model on test data for horizon 5, Test MAE: 12.7000, Test RMSE: 51.9272, Test MAPE: 16.5461, Test WMAPE: 0.0738
Evaluate best model on test data for horizon 6, Test MAE: 12.8112, Test RMSE: 44.7022, Test MAPE: 17.1022, Test WMAPE: 0.0745
Evaluate best model on test data for horizon 7, Test MAE: 13.7476, Test RMSE: 48.0773, Test MAPE: 17.4537, Test WMAPE: 0.0799
Evaluate best model on test data for horizon 8, Test MAE: 14.5809, Test RMSE: 51.8573, Test MAPE: 17.0563, Test WMAPE: 0.0848
Evaluate best model on test data for horizon 9, Test MAE: 14.9123, Test RMSE: 50.0948, Test MAPE: 17.1643, Test WMAPE: 0.0867
Evaluate best model on test data for horizon 10, Test MAE: 15.0101, Test RMSE: 47.9831, Test MAPE: 17.0857, Test WMAPE: 0.0873
Evaluate best model on test data for horizon 11, Test MAE: 15.7762, Test RMSE: 53.2332, Test MAPE: 17.2877, Test WMAPE: 0.0918
Evaluate best model on test data for horizon 12, Test MAE: 15.9393, Test RMSE: 52.7738, Test MAPE: 17.4452, Test WMAPE: 0.0927
On average over 12 horizons, Test MAE: 13.0124, Test RMSE: 50.2380, Test MAPE: 15.3389, Test WMAPE: 0.0756
No update
Iter: 000, Train Loss: 5.9785, Train RMSE: 12.7778, Train MAPE: 0.5109, Train WMAPE: 0.0332
Iter: 050, Train Loss: 5.8815, Train RMSE: 12.0315, Train MAPE: 0.8787, Train WMAPE: 0.0323
Epoch: 207, Training Time: 15.4743 secs
Epoch: 207, Inference Time: 1.8809 secs
Epoch: 207, Train Loss: 5.7817, Train RMSE: 12.4069, Train MAPE: 0.9742, Train WMAPE: 0.0323, 
Epoch: 207, Valid Loss: 10.5632, Valid RMSE: 39.0093, Valid MAPE: 3.4695, Valid WMAPE: 0.0606
No update
Iter: 000, Train Loss: 5.9791, Train RMSE: 12.4740, Train MAPE: 1.0941, Train WMAPE: 0.0332
Iter: 050, Train Loss: 5.8140, Train RMSE: 12.1406, Train MAPE: 0.6322, Train WMAPE: 0.0319
Epoch: 208, Training Time: 15.2992 secs
Epoch: 208, Inference Time: 1.8960 secs
Epoch: 208, Train Loss: 5.7884, Train RMSE: 12.3755, Train MAPE: 1.0267, Train WMAPE: 0.0324, 
Epoch: 208, Valid Loss: 10.3772, Valid RMSE: 38.8812, Valid MAPE: 2.3585, Valid WMAPE: 0.0596
No update
Iter: 000, Train Loss: 5.8871, Train RMSE: 12.4536, Train MAPE: 0.6624, Train WMAPE: 0.0327
Iter: 050, Train Loss: 6.0511, Train RMSE: 12.2553, Train MAPE: 0.6957, Train WMAPE: 0.0332
Epoch: 209, Training Time: 15.3782 secs
Epoch: 209, Inference Time: 1.9999 secs
Epoch: 209, Train Loss: 5.8080, Train RMSE: 12.4515, Train MAPE: 0.9256, Train WMAPE: 0.0325, 
Epoch: 209, Valid Loss: 10.4236, Valid RMSE: 39.0341, Valid MAPE: 1.7889, Valid WMAPE: 0.0599
No update
Iter: 000, Train Loss: 5.7622, Train RMSE: 12.2749, Train MAPE: 0.4811, Train WMAPE: 0.0320
Iter: 050, Train Loss: 5.8133, Train RMSE: 11.8743, Train MAPE: 0.6053, Train WMAPE: 0.0319
Epoch: 210, Training Time: 15.0220 secs
Epoch: 210, Inference Time: 1.8710 secs
Epoch: 210, Train Loss: 5.7399, Train RMSE: 12.3849, Train MAPE: 0.7975, Train WMAPE: 0.0321, 
Epoch: 210, Valid Loss: 10.2787, Valid RMSE: 38.6730, Valid MAPE: 2.1080, Valid WMAPE: 0.0590
###Update tasks appear###
Evaluate best model on test data for horizon 1, Test MAE: 9.0628, Test RMSE: 59.5899, Test MAPE: 7.8565, Test WMAPE: 0.0526
Evaluate best model on test data for horizon 2, Test MAE: 9.8818, Test RMSE: 52.5421, Test MAPE: 10.4024, Test WMAPE: 0.0574
Evaluate best model on test data for horizon 3, Test MAE: 10.1888, Test RMSE: 41.1437, Test MAPE: 13.7077, Test WMAPE: 0.0592
Evaluate best model on test data for horizon 4, Test MAE: 11.5541, Test RMSE: 47.9297, Test MAPE: 15.5854, Test WMAPE: 0.0671
Evaluate best model on test data for horizon 5, Test MAE: 12.7141, Test RMSE: 51.5032, Test MAPE: 16.5415, Test WMAPE: 0.0739
Evaluate best model on test data for horizon 6, Test MAE: 12.8968, Test RMSE: 44.6967, Test MAPE: 16.8318, Test WMAPE: 0.0750
Evaluate best model on test data for horizon 7, Test MAE: 13.7553, Test RMSE: 47.8082, Test MAPE: 17.4389, Test WMAPE: 0.0800
Evaluate best model on test data for horizon 8, Test MAE: 14.5964, Test RMSE: 51.3849, Test MAPE: 16.9376, Test WMAPE: 0.0849
Evaluate best model on test data for horizon 9, Test MAE: 14.8608, Test RMSE: 49.8462, Test MAPE: 17.0410, Test WMAPE: 0.0864
Evaluate best model on test data for horizon 10, Test MAE: 14.8817, Test RMSE: 47.6756, Test MAPE: 17.2517, Test WMAPE: 0.0866
Evaluate best model on test data for horizon 11, Test MAE: 15.5524, Test RMSE: 52.7116, Test MAPE: 17.3273, Test WMAPE: 0.0905
Evaluate best model on test data for horizon 12, Test MAE: 15.5631, Test RMSE: 52.0288, Test MAPE: 17.5546, Test WMAPE: 0.0905
On average over 12 horizons, Test MAE: 12.9590, Test RMSE: 49.9050, Test MAPE: 15.3730, Test WMAPE: 0.0753
No update
Iter: 000, Train Loss: 5.7879, Train RMSE: 12.2570, Train MAPE: 0.5775, Train WMAPE: 0.0321
Iter: 050, Train Loss: 6.5820, Train RMSE: 14.6188, Train MAPE: 0.6274, Train WMAPE: 0.0361
Epoch: 211, Training Time: 15.4912 secs
Epoch: 211, Inference Time: 1.9664 secs
Epoch: 211, Train Loss: 5.8154, Train RMSE: 12.5427, Train MAPE: 0.7923, Train WMAPE: 0.0325, 
Epoch: 211, Valid Loss: 10.5850, Valid RMSE: 38.6593, Valid MAPE: 2.5713, Valid WMAPE: 0.0608
No update
Iter: 000, Train Loss: 6.0643, Train RMSE: 12.6966, Train MAPE: 0.8140, Train WMAPE: 0.0337
Iter: 050, Train Loss: 5.8111, Train RMSE: 11.9950, Train MAPE: 0.5344, Train WMAPE: 0.0319
Epoch: 212, Training Time: 15.6226 secs
Epoch: 212, Inference Time: 2.0600 secs
Epoch: 212, Train Loss: 5.7586, Train RMSE: 12.4120, Train MAPE: 0.7900, Train WMAPE: 0.0322, 
Epoch: 212, Valid Loss: 10.4360, Valid RMSE: 39.0616, Valid MAPE: 2.3865, Valid WMAPE: 0.0599
No update
Iter: 000, Train Loss: 5.9845, Train RMSE: 12.4944, Train MAPE: 0.6643, Train WMAPE: 0.0332
Iter: 050, Train Loss: 5.7481, Train RMSE: 11.9459, Train MAPE: 0.5514, Train WMAPE: 0.0315
Epoch: 213, Training Time: 15.1897 secs
Epoch: 213, Inference Time: 1.8952 secs
Epoch: 213, Train Loss: 5.7800, Train RMSE: 12.4575, Train MAPE: 0.8002, Train WMAPE: 0.0323, 
Epoch: 213, Valid Loss: 10.5193, Valid RMSE: 39.2152, Valid MAPE: 2.1827, Valid WMAPE: 0.0604
No update
Iter: 000, Train Loss: 6.4573, Train RMSE: 13.4526, Train MAPE: 0.7386, Train WMAPE: 0.0358
Iter: 050, Train Loss: 5.9156, Train RMSE: 12.0101, Train MAPE: 0.6687, Train WMAPE: 0.0324
Epoch: 214, Training Time: 14.2891 secs
Epoch: 214, Inference Time: 1.9049 secs
Epoch: 214, Train Loss: 5.8440, Train RMSE: 12.5713, Train MAPE: 0.8030, Train WMAPE: 0.0327, 
Epoch: 214, Valid Loss: 10.2596, Valid RMSE: 38.6306, Valid MAPE: 3.0234, Valid WMAPE: 0.0589
###Update tasks appear###
Evaluate best model on test data for horizon 1, Test MAE: 8.9548, Test RMSE: 59.5240, Test MAPE: 7.2542, Test WMAPE: 0.0520
Evaluate best model on test data for horizon 2, Test MAE: 9.8797, Test RMSE: 52.2973, Test MAPE: 10.6222, Test WMAPE: 0.0574
Evaluate best model on test data for horizon 3, Test MAE: 10.0727, Test RMSE: 41.0171, Test MAPE: 13.2545, Test WMAPE: 0.0585
Evaluate best model on test data for horizon 4, Test MAE: 11.5432, Test RMSE: 48.0526, Test MAPE: 15.6287, Test WMAPE: 0.0671
Evaluate best model on test data for horizon 5, Test MAE: 12.5831, Test RMSE: 51.2804, Test MAPE: 16.4297, Test WMAPE: 0.0731
Evaluate best model on test data for horizon 6, Test MAE: 12.6570, Test RMSE: 44.0553, Test MAPE: 16.9657, Test WMAPE: 0.0736
Evaluate best model on test data for horizon 7, Test MAE: 13.5429, Test RMSE: 47.2820, Test MAPE: 17.1763, Test WMAPE: 0.0787
Evaluate best model on test data for horizon 8, Test MAE: 14.3453, Test RMSE: 51.1119, Test MAPE: 16.7746, Test WMAPE: 0.0834
Evaluate best model on test data for horizon 9, Test MAE: 14.6255, Test RMSE: 49.3575, Test MAPE: 16.4830, Test WMAPE: 0.0851
Evaluate best model on test data for horizon 10, Test MAE: 14.5716, Test RMSE: 46.7422, Test MAPE: 16.5084, Test WMAPE: 0.0848
Evaluate best model on test data for horizon 11, Test MAE: 15.4913, Test RMSE: 52.6005, Test MAPE: 17.9455, Test WMAPE: 0.0901
Evaluate best model on test data for horizon 12, Test MAE: 15.5775, Test RMSE: 52.1231, Test MAPE: 18.1233, Test WMAPE: 0.0906
On average over 12 horizons, Test MAE: 12.8204, Test RMSE: 49.6203, Test MAPE: 15.2638, Test WMAPE: 0.0745
Test low! Updating! Test Loss: 12.820388952891031, Test low! Updating! Valid Loss: 10.259571041379656, epoch:  214
Iter: 000, Train Loss: 5.9784, Train RMSE: 12.6659, Train MAPE: 0.8964, Train WMAPE: 0.0332
Iter: 050, Train Loss: 5.8321, Train RMSE: 11.9632, Train MAPE: 0.5157, Train WMAPE: 0.0320
Epoch: 215, Training Time: 14.6549 secs
Epoch: 215, Inference Time: 1.8059 secs
Epoch: 215, Train Loss: 5.7666, Train RMSE: 12.4309, Train MAPE: 0.8061, Train WMAPE: 0.0322, 
Epoch: 215, Valid Loss: 10.2636, Valid RMSE: 38.8522, Valid MAPE: 2.0521, Valid WMAPE: 0.0589
No update
Iter: 000, Train Loss: 5.8099, Train RMSE: 12.4012, Train MAPE: 0.5501, Train WMAPE: 0.0323
Iter: 050, Train Loss: 5.7883, Train RMSE: 11.9376, Train MAPE: 0.4763, Train WMAPE: 0.0317
Epoch: 216, Training Time: 15.3849 secs
Epoch: 216, Inference Time: 1.8846 secs
Epoch: 216, Train Loss: 5.7326, Train RMSE: 12.3634, Train MAPE: 0.7724, Train WMAPE: 0.0321, 
Epoch: 216, Valid Loss: 10.4465, Valid RMSE: 39.4350, Valid MAPE: 2.1767, Valid WMAPE: 0.0600
No update
Iter: 000, Train Loss: 5.8265, Train RMSE: 12.4409, Train MAPE: 0.6169, Train WMAPE: 0.0323
Iter: 050, Train Loss: 5.8728, Train RMSE: 12.0716, Train MAPE: 0.5627, Train WMAPE: 0.0322
Epoch: 217, Training Time: 15.1958 secs
Epoch: 217, Inference Time: 1.9950 secs
Epoch: 217, Train Loss: 5.7823, Train RMSE: 12.4509, Train MAPE: 0.8070, Train WMAPE: 0.0323, 
Epoch: 217, Valid Loss: 10.5466, Valid RMSE: 38.9537, Valid MAPE: 2.8417, Valid WMAPE: 0.0606
No update
Iter: 000, Train Loss: 6.0123, Train RMSE: 12.5225, Train MAPE: 0.8446, Train WMAPE: 0.0334
Iter: 050, Train Loss: 5.7083, Train RMSE: 11.8567, Train MAPE: 0.4673, Train WMAPE: 0.0313
Epoch: 218, Training Time: 15.3132 secs
Epoch: 218, Inference Time: 1.8627 secs
Epoch: 218, Train Loss: 5.7394, Train RMSE: 12.3614, Train MAPE: 0.8328, Train WMAPE: 0.0321, 
Epoch: 218, Valid Loss: 10.4599, Valid RMSE: 38.9414, Valid MAPE: 2.4352, Valid WMAPE: 0.0601
No update
Iter: 000, Train Loss: 5.8410, Train RMSE: 12.3224, Train MAPE: 0.6867, Train WMAPE: 0.0324
Iter: 050, Train Loss: 5.6893, Train RMSE: 11.8815, Train MAPE: 0.5175, Train WMAPE: 0.0312
Epoch: 219, Training Time: 15.0890 secs
Epoch: 219, Inference Time: 1.8905 secs
Epoch: 219, Train Loss: 5.7144, Train RMSE: 12.3197, Train MAPE: 0.7818, Train WMAPE: 0.0320, 
Epoch: 219, Valid Loss: 10.3049, Valid RMSE: 38.7915, Valid MAPE: 2.3524, Valid WMAPE: 0.0592
No update
Iter: 000, Train Loss: 5.8853, Train RMSE: 12.5713, Train MAPE: 0.7012, Train WMAPE: 0.0327
Iter: 050, Train Loss: 5.7342, Train RMSE: 11.7839, Train MAPE: 0.5530, Train WMAPE: 0.0314
Epoch: 220, Training Time: 15.2005 secs
Epoch: 220, Inference Time: 2.0931 secs
Epoch: 220, Train Loss: 5.7383, Train RMSE: 12.3455, Train MAPE: 0.8349, Train WMAPE: 0.0321, 
Epoch: 220, Valid Loss: 10.4415, Valid RMSE: 38.8757, Valid MAPE: 3.3344, Valid WMAPE: 0.0600
No update
Iter: 000, Train Loss: 5.8801, Train RMSE: 12.4251, Train MAPE: 1.1019, Train WMAPE: 0.0326
Iter: 050, Train Loss: 5.7991, Train RMSE: 11.6925, Train MAPE: 0.8599, Train WMAPE: 0.0318
Epoch: 221, Training Time: 15.9915 secs
Epoch: 221, Inference Time: 1.9052 secs
Epoch: 221, Train Loss: 5.7236, Train RMSE: 12.2722, Train MAPE: 1.0044, Train WMAPE: 0.0320, 
Epoch: 221, Valid Loss: 10.3392, Valid RMSE: 38.9313, Valid MAPE: 2.3722, Valid WMAPE: 0.0594
No update
Iter: 000, Train Loss: 5.7797, Train RMSE: 12.2103, Train MAPE: 0.6790, Train WMAPE: 0.0321
Iter: 050, Train Loss: 5.7105, Train RMSE: 11.7625, Train MAPE: 0.5760, Train WMAPE: 0.0313
Epoch: 222, Training Time: 15.3734 secs
Epoch: 222, Inference Time: 1.8803 secs
Epoch: 222, Train Loss: 5.7138, Train RMSE: 12.2603, Train MAPE: 0.8908, Train WMAPE: 0.0319, 
Epoch: 222, Valid Loss: 10.3670, Valid RMSE: 39.0044, Valid MAPE: 2.7328, Valid WMAPE: 0.0595
No update
Iter: 000, Train Loss: 5.7226, Train RMSE: 12.1977, Train MAPE: 0.8007, Train WMAPE: 0.0318
Iter: 050, Train Loss: 5.7804, Train RMSE: 11.6063, Train MAPE: 0.9363, Train WMAPE: 0.0317
Epoch: 223, Training Time: 15.3580 secs
Epoch: 223, Inference Time: 1.8217 secs
Epoch: 223, Train Loss: 5.6754, Train RMSE: 12.2096, Train MAPE: 0.8811, Train WMAPE: 0.0317, 
Epoch: 223, Valid Loss: 10.4059, Valid RMSE: 38.8023, Valid MAPE: 2.4559, Valid WMAPE: 0.0598
No update
Iter: 000, Train Loss: 5.9010, Train RMSE: 12.5242, Train MAPE: 0.7138, Train WMAPE: 0.0328
Iter: 050, Train Loss: 5.6633, Train RMSE: 11.6352, Train MAPE: 0.4543, Train WMAPE: 0.0311
Epoch: 224, Training Time: 15.6232 secs
Epoch: 224, Inference Time: 1.8678 secs
Epoch: 224, Train Loss: 5.7177, Train RMSE: 12.3225, Train MAPE: 0.7812, Train WMAPE: 0.0320, 
Epoch: 224, Valid Loss: 10.3725, Valid RMSE: 38.6245, Valid MAPE: 2.1603, Valid WMAPE: 0.0596
No update
Iter: 000, Train Loss: 5.9173, Train RMSE: 12.6009, Train MAPE: 0.6636, Train WMAPE: 0.0329
Iter: 050, Train Loss: 5.6349, Train RMSE: 11.7358, Train MAPE: 0.4753, Train WMAPE: 0.0309
Epoch: 225, Training Time: 15.9828 secs
Epoch: 225, Inference Time: 1.9096 secs
Epoch: 225, Train Loss: 5.6940, Train RMSE: 12.2618, Train MAPE: 0.7893, Train WMAPE: 0.0318, 
Epoch: 225, Valid Loss: 10.3852, Valid RMSE: 38.6367, Valid MAPE: 2.7795, Valid WMAPE: 0.0596
No update
Iter: 000, Train Loss: 5.9272, Train RMSE: 12.3596, Train MAPE: 0.8176, Train WMAPE: 0.0329
Iter: 050, Train Loss: 5.9251, Train RMSE: 12.3084, Train MAPE: 0.6364, Train WMAPE: 0.0325
Epoch: 226, Training Time: 15.1786 secs
Epoch: 226, Inference Time: 1.9024 secs
Epoch: 226, Train Loss: 5.7010, Train RMSE: 12.2901, Train MAPE: 0.8045, Train WMAPE: 0.0319, 
Epoch: 226, Valid Loss: 10.3429, Valid RMSE: 38.4523, Valid MAPE: 2.7996, Valid WMAPE: 0.0594
No update
Iter: 000, Train Loss: 5.8788, Train RMSE: 12.4085, Train MAPE: 0.8193, Train WMAPE: 0.0326
Iter: 050, Train Loss: 5.7652, Train RMSE: 11.8004, Train MAPE: 0.4342, Train WMAPE: 0.0316
Epoch: 227, Training Time: 15.4827 secs
Epoch: 227, Inference Time: 1.9049 secs
Epoch: 227, Train Loss: 5.6905, Train RMSE: 12.2717, Train MAPE: 0.7840, Train WMAPE: 0.0318, 
Epoch: 227, Valid Loss: 10.2897, Valid RMSE: 39.0754, Valid MAPE: 2.0869, Valid WMAPE: 0.0591
No update
Iter: 000, Train Loss: 5.7236, Train RMSE: 12.2583, Train MAPE: 0.6064, Train WMAPE: 0.0318
Iter: 050, Train Loss: 5.6879, Train RMSE: 11.7328, Train MAPE: 0.6714, Train WMAPE: 0.0312
Epoch: 228, Training Time: 14.4777 secs
Epoch: 228, Inference Time: 1.7914 secs
Epoch: 228, Train Loss: 5.6916, Train RMSE: 12.2726, Train MAPE: 0.7777, Train WMAPE: 0.0318, 
Epoch: 228, Valid Loss: 10.4566, Valid RMSE: 38.9470, Valid MAPE: 2.2220, Valid WMAPE: 0.0600
No update
Iter: 000, Train Loss: 5.7357, Train RMSE: 12.2071, Train MAPE: 0.7345, Train WMAPE: 0.0318
Iter: 050, Train Loss: 5.6941, Train RMSE: 11.7402, Train MAPE: 0.5774, Train WMAPE: 0.0312
Epoch: 229, Training Time: 14.6196 secs
Epoch: 229, Inference Time: 1.8657 secs
Epoch: 229, Train Loss: 5.7002, Train RMSE: 12.2479, Train MAPE: 0.7797, Train WMAPE: 0.0319, 
Epoch: 229, Valid Loss: 10.6444, Valid RMSE: 39.0035, Valid MAPE: 1.9154, Valid WMAPE: 0.0611
No update
Iter: 000, Train Loss: 6.0791, Train RMSE: 12.8073, Train MAPE: 0.4954, Train WMAPE: 0.0337
Iter: 050, Train Loss: 5.7369, Train RMSE: 11.6241, Train MAPE: 0.6049, Train WMAPE: 0.0315
Epoch: 230, Training Time: 14.6891 secs
Epoch: 230, Inference Time: 1.9194 secs
Epoch: 230, Train Loss: 5.7763, Train RMSE: 12.4106, Train MAPE: 0.7750, Train WMAPE: 0.0323, 
Epoch: 230, Valid Loss: 10.6576, Valid RMSE: 38.9616, Valid MAPE: 3.0418, Valid WMAPE: 0.0612
No update
Iter: 000, Train Loss: 5.8699, Train RMSE: 12.3634, Train MAPE: 0.8977, Train WMAPE: 0.0326
Iter: 050, Train Loss: 5.8721, Train RMSE: 12.9432, Train MAPE: 0.5242, Train WMAPE: 0.0322
Epoch: 231, Training Time: 14.7673 secs
Epoch: 231, Inference Time: 1.9811 secs
Epoch: 231, Train Loss: 5.6884, Train RMSE: 12.2783, Train MAPE: 0.8300, Train WMAPE: 0.0318, 
Epoch: 231, Valid Loss: 10.9553, Valid RMSE: 39.3706, Valid MAPE: 2.3663, Valid WMAPE: 0.0629
No update
Iter: 000, Train Loss: 6.4474, Train RMSE: 14.4604, Train MAPE: 0.7197, Train WMAPE: 0.0358
Iter: 050, Train Loss: 5.7620, Train RMSE: 11.8855, Train MAPE: 0.6124, Train WMAPE: 0.0316
Epoch: 232, Training Time: 14.9877 secs
Epoch: 232, Inference Time: 1.8055 secs
Epoch: 232, Train Loss: 5.7706, Train RMSE: 12.4819, Train MAPE: 0.7919, Train WMAPE: 0.0323, 
Epoch: 232, Valid Loss: 10.3405, Valid RMSE: 38.6476, Valid MAPE: 2.9909, Valid WMAPE: 0.0594
No update
Iter: 000, Train Loss: 5.8533, Train RMSE: 12.2783, Train MAPE: 0.8656, Train WMAPE: 0.0325
Iter: 050, Train Loss: 5.7160, Train RMSE: 11.8378, Train MAPE: 0.5144, Train WMAPE: 0.0313
Epoch: 233, Training Time: 14.3797 secs
Epoch: 233, Inference Time: 1.9931 secs
Epoch: 233, Train Loss: 5.6595, Train RMSE: 12.1975, Train MAPE: 0.7777, Train WMAPE: 0.0316, 
Epoch: 233, Valid Loss: 10.3661, Valid RMSE: 39.0727, Valid MAPE: 2.7259, Valid WMAPE: 0.0595
No update
Iter: 000, Train Loss: 5.7847, Train RMSE: 12.2530, Train MAPE: 0.8802, Train WMAPE: 0.0321
Iter: 050, Train Loss: 5.7131, Train RMSE: 11.8891, Train MAPE: 0.5444, Train WMAPE: 0.0313
Epoch: 234, Training Time: 14.7908 secs
Epoch: 234, Inference Time: 1.8878 secs
Epoch: 234, Train Loss: 5.6280, Train RMSE: 12.1612, Train MAPE: 0.7580, Train WMAPE: 0.0315, 
Epoch: 234, Valid Loss: 10.3551, Valid RMSE: 38.6500, Valid MAPE: 2.5794, Valid WMAPE: 0.0595
No update
Iter: 000, Train Loss: 5.6788, Train RMSE: 12.0090, Train MAPE: 0.7042, Train WMAPE: 0.0315
Iter: 050, Train Loss: 5.6834, Train RMSE: 11.7583, Train MAPE: 0.5729, Train WMAPE: 0.0312
Epoch: 235, Training Time: 14.6420 secs
Epoch: 235, Inference Time: 1.9297 secs
Epoch: 235, Train Loss: 5.6255, Train RMSE: 12.1278, Train MAPE: 0.7901, Train WMAPE: 0.0315, 
Epoch: 235, Valid Loss: 10.5613, Valid RMSE: 39.0511, Valid MAPE: 3.1490, Valid WMAPE: 0.0606
No update
Iter: 000, Train Loss: 5.8162, Train RMSE: 12.1865, Train MAPE: 0.8899, Train WMAPE: 0.0323
Iter: 050, Train Loss: 5.5828, Train RMSE: 11.6351, Train MAPE: 0.4553, Train WMAPE: 0.0306
Epoch: 236, Training Time: 14.8218 secs
Epoch: 236, Inference Time: 1.8811 secs
Epoch: 236, Train Loss: 5.6059, Train RMSE: 12.0873, Train MAPE: 0.7834, Train WMAPE: 0.0313, 
Epoch: 236, Valid Loss: 10.4366, Valid RMSE: 39.3660, Valid MAPE: 2.4952, Valid WMAPE: 0.0599
No update
Iter: 000, Train Loss: 5.8771, Train RMSE: 12.3476, Train MAPE: 0.6665, Train WMAPE: 0.0326
Iter: 050, Train Loss: 5.6204, Train RMSE: 11.7521, Train MAPE: 0.4111, Train WMAPE: 0.0308
Epoch: 237, Training Time: 15.8719 secs
Epoch: 237, Inference Time: 1.9074 secs
Epoch: 237, Train Loss: 5.6206, Train RMSE: 12.1150, Train MAPE: 0.7713, Train WMAPE: 0.0314, 
Epoch: 237, Valid Loss: 10.3206, Valid RMSE: 38.6098, Valid MAPE: 2.3859, Valid WMAPE: 0.0593
No update
Iter: 000, Train Loss: 5.7507, Train RMSE: 12.1081, Train MAPE: 0.6422, Train WMAPE: 0.0319
Iter: 050, Train Loss: 5.7166, Train RMSE: 11.7947, Train MAPE: 0.4493, Train WMAPE: 0.0313
Epoch: 238, Training Time: 15.4775 secs
Epoch: 238, Inference Time: 1.8914 secs
Epoch: 238, Train Loss: 5.6375, Train RMSE: 12.1525, Train MAPE: 0.7572, Train WMAPE: 0.0315, 
Epoch: 238, Valid Loss: 10.3383, Valid RMSE: 38.9225, Valid MAPE: 2.5612, Valid WMAPE: 0.0594
No update
Iter: 000, Train Loss: 5.7995, Train RMSE: 12.2046, Train MAPE: 0.7367, Train WMAPE: 0.0322
Iter: 050, Train Loss: 5.6961, Train RMSE: 11.6044, Train MAPE: 0.4296, Train WMAPE: 0.0312
Epoch: 239, Training Time: 14.9861 secs
Epoch: 239, Inference Time: 1.8935 secs
Epoch: 239, Train Loss: 5.6399, Train RMSE: 12.0822, Train MAPE: 0.8785, Train WMAPE: 0.0315, 
Epoch: 239, Valid Loss: 10.3944, Valid RMSE: 39.0073, Valid MAPE: 2.5003, Valid WMAPE: 0.0597
No update
Iter: 000, Train Loss: 5.7499, Train RMSE: 12.1072, Train MAPE: 0.7843, Train WMAPE: 0.0319
Iter: 050, Train Loss: 5.7120, Train RMSE: 11.8394, Train MAPE: 0.8036, Train WMAPE: 0.0313
Epoch: 240, Training Time: 15.3935 secs
Epoch: 240, Inference Time: 1.9793 secs
Epoch: 240, Train Loss: 5.6508, Train RMSE: 12.0837, Train MAPE: 0.9264, Train WMAPE: 0.0316, 
Epoch: 240, Valid Loss: 10.3833, Valid RMSE: 38.7668, Valid MAPE: 2.9966, Valid WMAPE: 0.0596
No update
Iter: 000, Train Loss: 5.7597, Train RMSE: 12.0604, Train MAPE: 0.9612, Train WMAPE: 0.0320
Iter: 050, Train Loss: 5.6830, Train RMSE: 11.4945, Train MAPE: 0.9679, Train WMAPE: 0.0312
Epoch: 241, Training Time: 15.0880 secs
Epoch: 241, Inference Time: 1.8005 secs
Epoch: 241, Train Loss: 5.6348, Train RMSE: 12.0685, Train MAPE: 0.9508, Train WMAPE: 0.0315, 
Epoch: 241, Valid Loss: 10.5764, Valid RMSE: 38.9230, Valid MAPE: 4.7008, Valid WMAPE: 0.0607
No update
Iter: 000, Train Loss: 5.9453, Train RMSE: 11.9937, Train MAPE: 1.6788, Train WMAPE: 0.0330
Iter: 050, Train Loss: 5.5696, Train RMSE: 11.3854, Train MAPE: 0.4664, Train WMAPE: 0.0305
Epoch: 242, Training Time: 15.3152 secs
Epoch: 242, Inference Time: 1.8683 secs
Epoch: 242, Train Loss: 5.6234, Train RMSE: 12.0377, Train MAPE: 1.0013, Train WMAPE: 0.0314, 
Epoch: 242, Valid Loss: 10.3634, Valid RMSE: 38.5411, Valid MAPE: 2.3635, Valid WMAPE: 0.0595
No update
Iter: 000, Train Loss: 5.7445, Train RMSE: 12.1745, Train MAPE: 0.6908, Train WMAPE: 0.0319
Iter: 050, Train Loss: 5.6217, Train RMSE: 11.7274, Train MAPE: 0.5811, Train WMAPE: 0.0308
Epoch: 243, Training Time: 15.0200 secs
Epoch: 243, Inference Time: 1.8645 secs
Epoch: 243, Train Loss: 5.5859, Train RMSE: 11.9844, Train MAPE: 0.9564, Train WMAPE: 0.0312, 
Epoch: 243, Valid Loss: 10.4202, Valid RMSE: 38.7282, Valid MAPE: 3.7129, Valid WMAPE: 0.0598
No update
Iter: 000, Train Loss: 5.8108, Train RMSE: 12.2338, Train MAPE: 1.1380, Train WMAPE: 0.0323
Iter: 050, Train Loss: 5.7236, Train RMSE: 11.7326, Train MAPE: 0.6337, Train WMAPE: 0.0314
Epoch: 244, Training Time: 15.2774 secs
Epoch: 244, Inference Time: 1.8859 secs
Epoch: 244, Train Loss: 5.6255, Train RMSE: 12.0581, Train MAPE: 0.9504, Train WMAPE: 0.0315, 
Epoch: 244, Valid Loss: 10.4261, Valid RMSE: 38.9752, Valid MAPE: 3.8250, Valid WMAPE: 0.0599
No update
Iter: 000, Train Loss: 5.8235, Train RMSE: 12.1783, Train MAPE: 1.1126, Train WMAPE: 0.0323
Iter: 050, Train Loss: 5.7516, Train RMSE: 11.5262, Train MAPE: 1.1372, Train WMAPE: 0.0315
Epoch: 245, Training Time: 14.9347 secs
Epoch: 245, Inference Time: 1.8631 secs
Epoch: 245, Train Loss: 5.6103, Train RMSE: 12.0096, Train MAPE: 0.9562, Train WMAPE: 0.0314, 
Epoch: 245, Valid Loss: 10.4313, Valid RMSE: 38.8628, Valid MAPE: 3.0495, Valid WMAPE: 0.0599
No update
Iter: 000, Train Loss: 5.7680, Train RMSE: 12.1330, Train MAPE: 0.9777, Train WMAPE: 0.0320
Iter: 050, Train Loss: 5.6008, Train RMSE: 11.3315, Train MAPE: 0.8256, Train WMAPE: 0.0307
Epoch: 246, Training Time: 14.7865 secs
Epoch: 246, Inference Time: 1.8956 secs
Epoch: 246, Train Loss: 5.6080, Train RMSE: 11.9909, Train MAPE: 0.9874, Train WMAPE: 0.0314, 
Epoch: 246, Valid Loss: 10.4623, Valid RMSE: 38.9248, Valid MAPE: 2.3436, Valid WMAPE: 0.0601
No update
Iter: 000, Train Loss: 5.7017, Train RMSE: 12.1461, Train MAPE: 0.7573, Train WMAPE: 0.0317
Iter: 050, Train Loss: 5.7771, Train RMSE: 11.6116, Train MAPE: 0.4771, Train WMAPE: 0.0317
Epoch: 247, Training Time: 15.1666 secs
Epoch: 247, Inference Time: 1.8272 secs
Epoch: 247, Train Loss: 5.5915, Train RMSE: 12.0127, Train MAPE: 0.7921, Train WMAPE: 0.0313, 
Epoch: 247, Valid Loss: 10.5212, Valid RMSE: 38.7877, Valid MAPE: 2.0266, Valid WMAPE: 0.0604
No update
Iter: 000, Train Loss: 5.6966, Train RMSE: 12.1241, Train MAPE: 0.5399, Train WMAPE: 0.0316
Iter: 050, Train Loss: 5.9025, Train RMSE: 12.4607, Train MAPE: 0.4609, Train WMAPE: 0.0324
Epoch: 248, Training Time: 15.1020 secs
Epoch: 248, Inference Time: 1.9606 secs
Epoch: 248, Train Loss: 5.7130, Train RMSE: 12.2813, Train MAPE: 0.7644, Train WMAPE: 0.0319, 
Epoch: 248, Valid Loss: 10.4239, Valid RMSE: 38.4420, Valid MAPE: 2.2131, Valid WMAPE: 0.0598
No update
Iter: 000, Train Loss: 6.1592, Train RMSE: 13.3262, Train MAPE: 0.5906, Train WMAPE: 0.0342
Iter: 050, Train Loss: 5.5919, Train RMSE: 11.5339, Train MAPE: 0.4968, Train WMAPE: 0.0307
Epoch: 249, Training Time: 14.9859 secs
Epoch: 249, Inference Time: 1.8961 secs
Epoch: 249, Train Loss: 5.6916, Train RMSE: 12.2545, Train MAPE: 0.7911, Train WMAPE: 0.0318, 
Epoch: 249, Valid Loss: 10.4965, Valid RMSE: 38.7927, Valid MAPE: 2.3638, Valid WMAPE: 0.0603
No update
Iter: 000, Train Loss: 5.8462, Train RMSE: 12.3123, Train MAPE: 0.6420, Train WMAPE: 0.0325
Iter: 050, Train Loss: 5.7199, Train RMSE: 11.6982, Train MAPE: 0.6046, Train WMAPE: 0.0314
Epoch: 250, Training Time: 15.2878 secs
Epoch: 250, Inference Time: 1.8991 secs
Epoch: 250, Train Loss: 5.6044, Train RMSE: 12.0881, Train MAPE: 0.7839, Train WMAPE: 0.0313, 
Epoch: 250, Valid Loss: 10.4674, Valid RMSE: 38.8087, Valid MAPE: 2.8455, Valid WMAPE: 0.0601
No update
Iter: 000, Train Loss: 5.7891, Train RMSE: 12.1667, Train MAPE: 0.7624, Train WMAPE: 0.0321
Iter: 050, Train Loss: 5.7227, Train RMSE: 11.7750, Train MAPE: 0.4843, Train WMAPE: 0.0314
Epoch: 251, Training Time: 15.1804 secs
Epoch: 251, Inference Time: 1.9109 secs
Epoch: 251, Train Loss: 5.6123, Train RMSE: 12.0952, Train MAPE: 0.7515, Train WMAPE: 0.0314, 
Epoch: 251, Valid Loss: 10.3689, Valid RMSE: 39.0015, Valid MAPE: 2.2459, Valid WMAPE: 0.0595
No update
Iter: 000, Train Loss: 5.8187, Train RMSE: 12.3215, Train MAPE: 0.6827, Train WMAPE: 0.0323
Iter: 050, Train Loss: 5.5324, Train RMSE: 11.3746, Train MAPE: 0.4637, Train WMAPE: 0.0303
Epoch: 252, Training Time: 15.2025 secs
Epoch: 252, Inference Time: 1.8587 secs
Epoch: 252, Train Loss: 5.6247, Train RMSE: 12.1134, Train MAPE: 0.7465, Train WMAPE: 0.0314, 
Epoch: 252, Valid Loss: 10.3791, Valid RMSE: 38.8772, Valid MAPE: 2.3650, Valid WMAPE: 0.0596
No update
Iter: 000, Train Loss: 5.5972, Train RMSE: 12.0116, Train MAPE: 0.6633, Train WMAPE: 0.0311
Iter: 050, Train Loss: 5.6950, Train RMSE: 11.7801, Train MAPE: 0.7025, Train WMAPE: 0.0312
Epoch: 253, Training Time: 15.0916 secs
Epoch: 253, Inference Time: 1.9053 secs
Epoch: 253, Train Loss: 5.6014, Train RMSE: 12.0535, Train MAPE: 0.7667, Train WMAPE: 0.0313, 
Epoch: 253, Valid Loss: 10.6664, Valid RMSE: 39.0787, Valid MAPE: 2.0179, Valid WMAPE: 0.0613
No update
Iter: 000, Train Loss: 5.7451, Train RMSE: 12.0879, Train MAPE: 0.5461, Train WMAPE: 0.0319
Iter: 050, Train Loss: 6.2607, Train RMSE: 13.2105, Train MAPE: 0.4500, Train WMAPE: 0.0343
Epoch: 254, Training Time: 15.5805 secs
Epoch: 254, Inference Time: 1.9049 secs
Epoch: 254, Train Loss: 5.6265, Train RMSE: 12.1033, Train MAPE: 0.7770, Train WMAPE: 0.0315, 
Epoch: 254, Valid Loss: 10.5185, Valid RMSE: 38.5675, Valid MAPE: 2.3703, Valid WMAPE: 0.0604
No update
Iter: 000, Train Loss: 5.7977, Train RMSE: 12.0806, Train MAPE: 0.6824, Train WMAPE: 0.0322
Iter: 050, Train Loss: 5.5735, Train RMSE: 11.5757, Train MAPE: 0.4407, Train WMAPE: 0.0306
Epoch: 255, Training Time: 15.2777 secs
Epoch: 255, Inference Time: 1.9789 secs
Epoch: 255, Train Loss: 5.6185, Train RMSE: 12.0606, Train MAPE: 0.7353, Train WMAPE: 0.0314, 
Epoch: 255, Valid Loss: 10.6928, Valid RMSE: 38.9735, Valid MAPE: 2.5698, Valid WMAPE: 0.0614
No update
Iter: 000, Train Loss: 5.7437, Train RMSE: 12.0270, Train MAPE: 0.7671, Train WMAPE: 0.0319
Iter: 050, Train Loss: 5.6537, Train RMSE: 11.4785, Train MAPE: 0.6702, Train WMAPE: 0.0310
Epoch: 256, Training Time: 15.3549 secs
Epoch: 256, Inference Time: 1.9342 secs
Epoch: 256, Train Loss: 5.6139, Train RMSE: 12.0744, Train MAPE: 0.8005, Train WMAPE: 0.0314, 
Epoch: 256, Valid Loss: 10.6158, Valid RMSE: 39.0014, Valid MAPE: 3.6067, Valid WMAPE: 0.0610
No update
Iter: 000, Train Loss: 5.8723, Train RMSE: 12.3123, Train MAPE: 1.1387, Train WMAPE: 0.0326
Iter: 050, Train Loss: 5.5994, Train RMSE: 11.4811, Train MAPE: 0.5314, Train WMAPE: 0.0307
Epoch: 257, Training Time: 15.1128 secs
Epoch: 257, Inference Time: 1.8829 secs
Epoch: 257, Train Loss: 5.5691, Train RMSE: 12.0006, Train MAPE: 0.7999, Train WMAPE: 0.0311, 
Epoch: 257, Valid Loss: 10.3281, Valid RMSE: 38.9386, Valid MAPE: 2.0614, Valid WMAPE: 0.0593
No update
Iter: 000, Train Loss: 5.7948, Train RMSE: 12.2129, Train MAPE: 0.6143, Train WMAPE: 0.0322
Iter: 050, Train Loss: 5.5673, Train RMSE: 11.4112, Train MAPE: 0.4762, Train WMAPE: 0.0305
Epoch: 258, Training Time: 15.4731 secs
Epoch: 258, Inference Time: 1.9868 secs
Epoch: 258, Train Loss: 5.5684, Train RMSE: 11.9972, Train MAPE: 0.7470, Train WMAPE: 0.0311, 
Epoch: 258, Valid Loss: 10.2946, Valid RMSE: 38.5604, Valid MAPE: 2.1456, Valid WMAPE: 0.0591
No update
Iter: 000, Train Loss: 5.6139, Train RMSE: 12.0656, Train MAPE: 0.5755, Train WMAPE: 0.0312
Iter: 050, Train Loss: 5.6105, Train RMSE: 11.4203, Train MAPE: 0.4843, Train WMAPE: 0.0308
Epoch: 259, Training Time: 14.9818 secs
Epoch: 259, Inference Time: 1.7962 secs
Epoch: 259, Train Loss: 5.5568, Train RMSE: 11.9779, Train MAPE: 0.7421, Train WMAPE: 0.0311, 
Epoch: 259, Valid Loss: 10.3338, Valid RMSE: 38.7885, Valid MAPE: 2.5284, Valid WMAPE: 0.0593
No update
Iter: 000, Train Loss: 5.8277, Train RMSE: 12.1677, Train MAPE: 0.7361, Train WMAPE: 0.0324
Iter: 050, Train Loss: 5.5983, Train RMSE: 11.3761, Train MAPE: 0.5961, Train WMAPE: 0.0307
Epoch: 260, Training Time: 14.9483 secs
Epoch: 260, Inference Time: 1.8289 secs
Epoch: 260, Train Loss: 5.5681, Train RMSE: 11.9726, Train MAPE: 0.7790, Train WMAPE: 0.0311, 
Epoch: 260, Valid Loss: 10.4336, Valid RMSE: 39.0035, Valid MAPE: 1.9888, Valid WMAPE: 0.0599
No update
Iter: 000, Train Loss: 5.7611, Train RMSE: 12.4414, Train MAPE: 0.5284, Train WMAPE: 0.0320
Iter: 050, Train Loss: 5.5276, Train RMSE: 11.3735, Train MAPE: 0.5099, Train WMAPE: 0.0303
Epoch: 261, Training Time: 15.8221 secs
Epoch: 261, Inference Time: 1.8666 secs
Epoch: 261, Train Loss: 5.5660, Train RMSE: 12.0198, Train MAPE: 0.7323, Train WMAPE: 0.0311, 
Epoch: 261, Valid Loss: 10.2499, Valid RMSE: 38.4359, Valid MAPE: 2.4015, Valid WMAPE: 0.0589
###Update tasks appear###
Evaluate best model on test data for horizon 1, Test MAE: 9.0191, Test RMSE: 59.5145, Test MAPE: 7.4343, Test WMAPE: 0.0524
Evaluate best model on test data for horizon 2, Test MAE: 9.8920, Test RMSE: 52.0555, Test MAPE: 10.6420, Test WMAPE: 0.0574
Evaluate best model on test data for horizon 3, Test MAE: 10.2052, Test RMSE: 40.9391, Test MAPE: 13.6574, Test WMAPE: 0.0593
Evaluate best model on test data for horizon 4, Test MAE: 11.6324, Test RMSE: 47.8395, Test MAPE: 15.2734, Test WMAPE: 0.0676
Evaluate best model on test data for horizon 5, Test MAE: 12.7556, Test RMSE: 50.9262, Test MAPE: 16.7739, Test WMAPE: 0.0741
Evaluate best model on test data for horizon 6, Test MAE: 12.8507, Test RMSE: 44.0829, Test MAPE: 17.2663, Test WMAPE: 0.0747
Evaluate best model on test data for horizon 7, Test MAE: 14.0226, Test RMSE: 47.9967, Test MAPE: 17.2795, Test WMAPE: 0.0815
Evaluate best model on test data for horizon 8, Test MAE: 14.6562, Test RMSE: 51.4027, Test MAPE: 16.9125, Test WMAPE: 0.0852
Evaluate best model on test data for horizon 9, Test MAE: 14.7397, Test RMSE: 49.1070, Test MAPE: 17.1381, Test WMAPE: 0.0857
Evaluate best model on test data for horizon 10, Test MAE: 14.7449, Test RMSE: 46.8344, Test MAPE: 17.0190, Test WMAPE: 0.0858
Evaluate best model on test data for horizon 11, Test MAE: 15.5481, Test RMSE: 53.3386, Test MAPE: 17.3316, Test WMAPE: 0.0904
Evaluate best model on test data for horizon 12, Test MAE: 15.4170, Test RMSE: 51.6890, Test MAPE: 17.5953, Test WMAPE: 0.0897
On average over 12 horizons, Test MAE: 12.9570, Test RMSE: 49.6439, Test MAPE: 15.3603, Test WMAPE: 0.0753
No update
Iter: 000, Train Loss: 5.6910, Train RMSE: 12.0425, Train MAPE: 0.6833, Train WMAPE: 0.0316
Iter: 050, Train Loss: 5.8704, Train RMSE: 12.4668, Train MAPE: 0.6151, Train WMAPE: 0.0322
Epoch: 262, Training Time: 15.2906 secs
Epoch: 262, Inference Time: 1.9579 secs
Epoch: 262, Train Loss: 5.6014, Train RMSE: 12.0619, Train MAPE: 0.7698, Train WMAPE: 0.0313, 
Epoch: 262, Valid Loss: 10.4654, Valid RMSE: 38.6865, Valid MAPE: 3.0262, Valid WMAPE: 0.0601
No update
Iter: 000, Train Loss: 5.7516, Train RMSE: 12.0020, Train MAPE: 0.9034, Train WMAPE: 0.0319
Iter: 050, Train Loss: 5.5397, Train RMSE: 11.5155, Train MAPE: 0.3946, Train WMAPE: 0.0304
Epoch: 263, Training Time: 15.4290 secs
Epoch: 263, Inference Time: 1.9682 secs
Epoch: 263, Train Loss: 5.5717, Train RMSE: 11.9760, Train MAPE: 0.6824, Train WMAPE: 0.0312, 
Epoch: 263, Valid Loss: 10.4072, Valid RMSE: 38.6664, Valid MAPE: 1.8344, Valid WMAPE: 0.0598
No update
Iter: 000, Train Loss: 5.6698, Train RMSE: 12.0933, Train MAPE: 0.4896, Train WMAPE: 0.0315
Iter: 050, Train Loss: 5.6784, Train RMSE: 11.6610, Train MAPE: 0.5843, Train WMAPE: 0.0311
Epoch: 264, Training Time: 14.8749 secs
Epoch: 264, Inference Time: 1.8100 secs
Epoch: 264, Train Loss: 5.5644, Train RMSE: 11.9944, Train MAPE: 0.7197, Train WMAPE: 0.0311, 
Epoch: 264, Valid Loss: 10.4150, Valid RMSE: 38.6218, Valid MAPE: 2.4755, Valid WMAPE: 0.0598
No update
Iter: 000, Train Loss: 5.6376, Train RMSE: 11.9179, Train MAPE: 0.6849, Train WMAPE: 0.0313
Iter: 050, Train Loss: 5.4908, Train RMSE: 11.2514, Train MAPE: 0.5259, Train WMAPE: 0.0301
Epoch: 265, Training Time: 15.3777 secs
Epoch: 265, Inference Time: 1.8884 secs
Epoch: 265, Train Loss: 5.5249, Train RMSE: 11.8977, Train MAPE: 0.7472, Train WMAPE: 0.0309, 
Epoch: 265, Valid Loss: 10.5154, Valid RMSE: 39.1074, Valid MAPE: 2.2942, Valid WMAPE: 0.0604
No update
Iter: 000, Train Loss: 5.6160, Train RMSE: 11.9178, Train MAPE: 0.6415, Train WMAPE: 0.0312
Iter: 050, Train Loss: 5.4540, Train RMSE: 11.1791, Train MAPE: 0.5663, Train WMAPE: 0.0299
Epoch: 266, Training Time: 15.4938 secs
Epoch: 266, Inference Time: 2.0022 secs
Epoch: 266, Train Loss: 5.4998, Train RMSE: 11.8812, Train MAPE: 0.7178, Train WMAPE: 0.0308, 
Epoch: 266, Valid Loss: 10.3177, Valid RMSE: 38.1506, Valid MAPE: 2.3309, Valid WMAPE: 0.0592
No update
Iter: 000, Train Loss: 5.7021, Train RMSE: 12.1671, Train MAPE: 0.6445, Train WMAPE: 0.0317
Iter: 050, Train Loss: 5.4703, Train RMSE: 11.3698, Train MAPE: 0.3585, Train WMAPE: 0.0300
Epoch: 267, Training Time: 15.0747 secs
Epoch: 267, Inference Time: 1.8814 secs
Epoch: 267, Train Loss: 5.4932, Train RMSE: 11.8548, Train MAPE: 0.7339, Train WMAPE: 0.0307, 
Epoch: 267, Valid Loss: 10.4314, Valid RMSE: 38.1682, Valid MAPE: 2.7671, Valid WMAPE: 0.0599
No update
Iter: 000, Train Loss: 5.7471, Train RMSE: 12.0758, Train MAPE: 0.8440, Train WMAPE: 0.0319
Iter: 050, Train Loss: 5.6476, Train RMSE: 11.7298, Train MAPE: 0.5092, Train WMAPE: 0.0310
Epoch: 268, Training Time: 15.6962 secs
Epoch: 268, Inference Time: 1.9001 secs
Epoch: 268, Train Loss: 5.5201, Train RMSE: 11.8841, Train MAPE: 0.7183, Train WMAPE: 0.0309, 
Epoch: 268, Valid Loss: 10.2846, Valid RMSE: 38.2417, Valid MAPE: 2.3379, Valid WMAPE: 0.0591
No update
Iter: 000, Train Loss: 5.5956, Train RMSE: 11.8898, Train MAPE: 0.5968, Train WMAPE: 0.0311
Iter: 050, Train Loss: 5.5316, Train RMSE: 11.4312, Train MAPE: 0.5320, Train WMAPE: 0.0303
Epoch: 269, Training Time: 14.7754 secs
Epoch: 269, Inference Time: 1.9008 secs
Epoch: 269, Train Loss: 5.5160, Train RMSE: 11.8806, Train MAPE: 0.6876, Train WMAPE: 0.0308, 
Epoch: 269, Valid Loss: 10.3349, Valid RMSE: 38.7544, Valid MAPE: 1.9852, Valid WMAPE: 0.0593
No update
Iter: 000, Train Loss: 5.5860, Train RMSE: 11.9196, Train MAPE: 0.5084, Train WMAPE: 0.0310
Iter: 050, Train Loss: 5.6138, Train RMSE: 11.4870, Train MAPE: 0.4879, Train WMAPE: 0.0308
Epoch: 270, Training Time: 15.1903 secs
Epoch: 270, Inference Time: 1.9047 secs
Epoch: 270, Train Loss: 5.5493, Train RMSE: 11.9330, Train MAPE: 0.7341, Train WMAPE: 0.0310, 
Epoch: 270, Valid Loss: 10.2901, Valid RMSE: 38.4985, Valid MAPE: 2.2329, Valid WMAPE: 0.0591
No update
Iter: 000, Train Loss: 5.5620, Train RMSE: 11.8726, Train MAPE: 0.5981, Train WMAPE: 0.0309
Iter: 050, Train Loss: 5.5482, Train RMSE: 11.3655, Train MAPE: 0.4627, Train WMAPE: 0.0304
Epoch: 271, Training Time: 15.5113 secs
Epoch: 271, Inference Time: 2.0625 secs
Epoch: 271, Train Loss: 5.5692, Train RMSE: 11.9836, Train MAPE: 0.7323, Train WMAPE: 0.0311, 
Epoch: 271, Valid Loss: 10.4003, Valid RMSE: 38.6829, Valid MAPE: 2.6890, Valid WMAPE: 0.0597
No update
Iter: 000, Train Loss: 5.8109, Train RMSE: 12.5038, Train MAPE: 0.8209, Train WMAPE: 0.0323
Iter: 050, Train Loss: 5.4386, Train RMSE: 11.2244, Train MAPE: 0.4216, Train WMAPE: 0.0298
Epoch: 272, Training Time: 15.2780 secs
Epoch: 272, Inference Time: 1.8882 secs
Epoch: 272, Train Loss: 5.4926, Train RMSE: 11.8465, Train MAPE: 0.7495, Train WMAPE: 0.0307, 
Epoch: 272, Valid Loss: 10.5529, Valid RMSE: 38.8847, Valid MAPE: 2.3280, Valid WMAPE: 0.0606
No update
Iter: 000, Train Loss: 5.8147, Train RMSE: 12.2413, Train MAPE: 0.6568, Train WMAPE: 0.0323
Iter: 050, Train Loss: 5.4279, Train RMSE: 11.1742, Train MAPE: 0.4454, Train WMAPE: 0.0298
Epoch: 273, Training Time: 15.2455 secs
Epoch: 273, Inference Time: 1.8389 secs
Epoch: 273, Train Loss: 5.5180, Train RMSE: 11.8858, Train MAPE: 0.7352, Train WMAPE: 0.0309, 
Epoch: 273, Valid Loss: 10.5051, Valid RMSE: 38.9442, Valid MAPE: 2.6805, Valid WMAPE: 0.0603
No update
Iter: 000, Train Loss: 5.6574, Train RMSE: 11.9149, Train MAPE: 0.6813, Train WMAPE: 0.0314
Iter: 050, Train Loss: 5.5700, Train RMSE: 11.5784, Train MAPE: 0.5295, Train WMAPE: 0.0305
Epoch: 274, Training Time: 14.7863 secs
Epoch: 274, Inference Time: 1.8992 secs
Epoch: 274, Train Loss: 5.5076, Train RMSE: 11.8553, Train MAPE: 0.7596, Train WMAPE: 0.0308, 
Epoch: 274, Valid Loss: 10.4054, Valid RMSE: 38.5822, Valid MAPE: 2.8835, Valid WMAPE: 0.0597
No update
Iter: 000, Train Loss: 5.6387, Train RMSE: 11.9305, Train MAPE: 0.8483, Train WMAPE: 0.0313
Iter: 050, Train Loss: 5.4834, Train RMSE: 11.1663, Train MAPE: 0.5276, Train WMAPE: 0.0301
Epoch: 275, Training Time: 15.4737 secs
Epoch: 275, Inference Time: 1.8209 secs
Epoch: 275, Train Loss: 5.4917, Train RMSE: 11.8171, Train MAPE: 0.7526, Train WMAPE: 0.0307, 
Epoch: 275, Valid Loss: 10.4357, Valid RMSE: 38.7775, Valid MAPE: 2.3821, Valid WMAPE: 0.0599
No update
Iter: 000, Train Loss: 5.6238, Train RMSE: 11.9313, Train MAPE: 0.6601, Train WMAPE: 0.0312
Iter: 050, Train Loss: 5.5612, Train RMSE: 11.3973, Train MAPE: 0.5606, Train WMAPE: 0.0305
Epoch: 276, Training Time: 15.4690 secs
Epoch: 276, Inference Time: 1.8846 secs
Epoch: 276, Train Loss: 5.5016, Train RMSE: 11.8410, Train MAPE: 0.6935, Train WMAPE: 0.0308, 
Epoch: 276, Valid Loss: 10.2622, Valid RMSE: 38.5766, Valid MAPE: 2.0745, Valid WMAPE: 0.0589
No update
Iter: 000, Train Loss: 5.5188, Train RMSE: 11.8659, Train MAPE: 0.5888, Train WMAPE: 0.0306
Iter: 050, Train Loss: 5.5863, Train RMSE: 11.4735, Train MAPE: 0.4106, Train WMAPE: 0.0306
Epoch: 277, Training Time: 15.2171 secs
Epoch: 277, Inference Time: 1.8630 secs
Epoch: 277, Train Loss: 5.4867, Train RMSE: 11.8329, Train MAPE: 0.6971, Train WMAPE: 0.0307, 
Epoch: 277, Valid Loss: 10.5044, Valid RMSE: 38.4965, Valid MAPE: 2.2953, Valid WMAPE: 0.0603
No update
Iter: 000, Train Loss: 5.6402, Train RMSE: 11.9970, Train MAPE: 0.5861, Train WMAPE: 0.0313
Iter: 050, Train Loss: 5.4413, Train RMSE: 11.1782, Train MAPE: 0.4195, Train WMAPE: 0.0298
Epoch: 278, Training Time: 14.9842 secs
Epoch: 278, Inference Time: 1.7991 secs
Epoch: 278, Train Loss: 5.4676, Train RMSE: 11.7801, Train MAPE: 0.7295, Train WMAPE: 0.0306, 
Epoch: 278, Valid Loss: 10.2779, Valid RMSE: 38.7431, Valid MAPE: 2.2661, Valid WMAPE: 0.0590
No update
Iter: 000, Train Loss: 5.5259, Train RMSE: 11.7976, Train MAPE: 0.6447, Train WMAPE: 0.0307
Iter: 050, Train Loss: 5.5063, Train RMSE: 11.2081, Train MAPE: 0.4175, Train WMAPE: 0.0302
Epoch: 279, Training Time: 15.6116 secs
Epoch: 279, Inference Time: 1.9632 secs
Epoch: 279, Train Loss: 5.5878, Train RMSE: 12.0537, Train MAPE: 0.7179, Train WMAPE: 0.0312, 
Epoch: 279, Valid Loss: 10.4737, Valid RMSE: 39.2740, Valid MAPE: 2.3426, Valid WMAPE: 0.0601
No update
Iter: 000, Train Loss: 5.6261, Train RMSE: 11.9211, Train MAPE: 0.5789, Train WMAPE: 0.0312
Iter: 050, Train Loss: 5.4673, Train RMSE: 11.1493, Train MAPE: 0.5732, Train WMAPE: 0.0300
Epoch: 280, Training Time: 14.7820 secs
Epoch: 280, Inference Time: 1.8012 secs
Epoch: 280, Train Loss: 5.4521, Train RMSE: 11.7333, Train MAPE: 0.7118, Train WMAPE: 0.0305, 
Epoch: 280, Valid Loss: 10.4260, Valid RMSE: 38.8610, Valid MAPE: 2.2914, Valid WMAPE: 0.0599
No update
Iter: 000, Train Loss: 5.5848, Train RMSE: 11.8591, Train MAPE: 0.6098, Train WMAPE: 0.0310
Iter: 050, Train Loss: 5.5179, Train RMSE: 11.3087, Train MAPE: 0.5279, Train WMAPE: 0.0303
Epoch: 281, Training Time: 15.2856 secs
Epoch: 281, Inference Time: 1.9162 secs
Epoch: 281, Train Loss: 5.4515, Train RMSE: 11.7619, Train MAPE: 0.7122, Train WMAPE: 0.0305, 
Epoch: 281, Valid Loss: 10.2588, Valid RMSE: 38.7364, Valid MAPE: 2.0980, Valid WMAPE: 0.0589
###Update tasks appear###
Evaluate best model on test data for horizon 1, Test MAE: 8.9906, Test RMSE: 60.0549, Test MAPE: 7.2854, Test WMAPE: 0.0522
Evaluate best model on test data for horizon 2, Test MAE: 9.9041, Test RMSE: 52.8327, Test MAPE: 10.4362, Test WMAPE: 0.0575
Evaluate best model on test data for horizon 3, Test MAE: 10.0969, Test RMSE: 40.8168, Test MAPE: 13.3715, Test WMAPE: 0.0586
Evaluate best model on test data for horizon 4, Test MAE: 11.5898, Test RMSE: 47.8699, Test MAPE: 15.3980, Test WMAPE: 0.0673
Evaluate best model on test data for horizon 5, Test MAE: 12.7331, Test RMSE: 51.3650, Test MAPE: 16.4688, Test WMAPE: 0.0740
Evaluate best model on test data for horizon 6, Test MAE: 12.8354, Test RMSE: 44.0923, Test MAPE: 16.9296, Test WMAPE: 0.0746
Evaluate best model on test data for horizon 7, Test MAE: 13.8773, Test RMSE: 48.0469, Test MAPE: 17.6162, Test WMAPE: 0.0807
Evaluate best model on test data for horizon 8, Test MAE: 14.6966, Test RMSE: 51.9766, Test MAPE: 16.8214, Test WMAPE: 0.0855
Evaluate best model on test data for horizon 9, Test MAE: 14.9150, Test RMSE: 49.3396, Test MAPE: 17.1194, Test WMAPE: 0.0867
Evaluate best model on test data for horizon 10, Test MAE: 14.9967, Test RMSE: 47.1194, Test MAPE: 17.6213, Test WMAPE: 0.0872
Evaluate best model on test data for horizon 11, Test MAE: 15.8643, Test RMSE: 54.0581, Test MAPE: 17.6651, Test WMAPE: 0.0923
Evaluate best model on test data for horizon 12, Test MAE: 15.8258, Test RMSE: 52.1717, Test MAPE: 17.6157, Test WMAPE: 0.0921
On average over 12 horizons, Test MAE: 13.0271, Test RMSE: 49.9786, Test MAPE: 15.3624, Test WMAPE: 0.0757
No update
Iter: 000, Train Loss: 5.5043, Train RMSE: 11.7672, Train MAPE: 0.5758, Train WMAPE: 0.0306
Iter: 050, Train Loss: 5.4887, Train RMSE: 11.0954, Train MAPE: 0.5339, Train WMAPE: 0.0301
Epoch: 282, Training Time: 14.9832 secs
Epoch: 282, Inference Time: 1.7900 secs
Epoch: 282, Train Loss: 5.4741, Train RMSE: 11.7802, Train MAPE: 0.7081, Train WMAPE: 0.0306, 
Epoch: 282, Valid Loss: 10.4155, Valid RMSE: 38.6668, Valid MAPE: 1.8964, Valid WMAPE: 0.0598
No update
Iter: 000, Train Loss: 5.6591, Train RMSE: 12.1108, Train MAPE: 0.4581, Train WMAPE: 0.0314
Iter: 050, Train Loss: 5.4403, Train RMSE: 11.1267, Train MAPE: 0.5036, Train WMAPE: 0.0298
Epoch: 283, Training Time: 15.1885 secs
Epoch: 283, Inference Time: 1.9045 secs
Epoch: 283, Train Loss: 5.4877, Train RMSE: 11.7355, Train MAPE: 0.8596, Train WMAPE: 0.0307, 
Epoch: 283, Valid Loss: 10.4740, Valid RMSE: 38.6143, Valid MAPE: 2.4176, Valid WMAPE: 0.0601
No update
Iter: 000, Train Loss: 5.5786, Train RMSE: 11.8500, Train MAPE: 0.7153, Train WMAPE: 0.0310
Iter: 050, Train Loss: 5.4061, Train RMSE: 11.0417, Train MAPE: 0.5424, Train WMAPE: 0.0296
Epoch: 284, Training Time: 15.1993 secs
Epoch: 284, Inference Time: 1.8776 secs
Epoch: 284, Train Loss: 5.4478, Train RMSE: 11.6630, Train MAPE: 0.9364, Train WMAPE: 0.0305, 
Epoch: 284, Valid Loss: 10.3371, Valid RMSE: 38.4273, Valid MAPE: 2.3287, Valid WMAPE: 0.0594
No update
Iter: 000, Train Loss: 5.6487, Train RMSE: 11.8081, Train MAPE: 0.6326, Train WMAPE: 0.0314
Iter: 050, Train Loss: 5.3977, Train RMSE: 10.9621, Train MAPE: 0.7050, Train WMAPE: 0.0296
Epoch: 285, Training Time: 15.1730 secs
Epoch: 285, Inference Time: 1.8818 secs
Epoch: 285, Train Loss: 5.4682, Train RMSE: 11.7018, Train MAPE: 0.9286, Train WMAPE: 0.0306, 
Epoch: 285, Valid Loss: 10.3549, Valid RMSE: 38.5358, Valid MAPE: 2.7584, Valid WMAPE: 0.0595
No update
Iter: 000, Train Loss: 5.7052, Train RMSE: 11.9964, Train MAPE: 0.8101, Train WMAPE: 0.0317
Iter: 050, Train Loss: 5.4392, Train RMSE: 11.0971, Train MAPE: 0.5429, Train WMAPE: 0.0298
Epoch: 286, Training Time: 15.2895 secs
Epoch: 286, Inference Time: 1.8950 secs
Epoch: 286, Train Loss: 5.4635, Train RMSE: 11.6692, Train MAPE: 0.9547, Train WMAPE: 0.0305, 
Epoch: 286, Valid Loss: 10.4471, Valid RMSE: 38.4912, Valid MAPE: 5.2076, Valid WMAPE: 0.0600
No update
Iter: 000, Train Loss: 5.8504, Train RMSE: 11.9109, Train MAPE: 1.7681, Train WMAPE: 0.0325
Iter: 050, Train Loss: 5.8114, Train RMSE: 11.9616, Train MAPE: 0.7378, Train WMAPE: 0.0319
Epoch: 287, Training Time: 15.6893 secs
Epoch: 287, Inference Time: 2.0024 secs
Epoch: 287, Train Loss: 5.5257, Train RMSE: 11.8078, Train MAPE: 0.9090, Train WMAPE: 0.0309, 
Epoch: 287, Valid Loss: 10.2890, Valid RMSE: 38.6295, Valid MAPE: 2.2164, Valid WMAPE: 0.0591
No update
Iter: 000, Train Loss: 5.5400, Train RMSE: 11.7766, Train MAPE: 0.7174, Train WMAPE: 0.0308
Iter: 050, Train Loss: 5.5375, Train RMSE: 11.3802, Train MAPE: 0.3842, Train WMAPE: 0.0304
Epoch: 288, Training Time: 15.6751 secs
Epoch: 288, Inference Time: 1.9097 secs
Epoch: 288, Train Loss: 5.4871, Train RMSE: 11.7969, Train MAPE: 0.7176, Train WMAPE: 0.0307, 
Epoch: 288, Valid Loss: 10.3805, Valid RMSE: 38.7866, Valid MAPE: 1.8587, Valid WMAPE: 0.0596
No update
Iter: 000, Train Loss: 5.4952, Train RMSE: 11.7539, Train MAPE: 0.4702, Train WMAPE: 0.0305
Iter: 050, Train Loss: 5.3939, Train RMSE: 11.2708, Train MAPE: 0.3729, Train WMAPE: 0.0296
Epoch: 289, Training Time: 15.4584 secs
Epoch: 289, Inference Time: 1.9916 secs
Epoch: 289, Train Loss: 5.4704, Train RMSE: 11.7414, Train MAPE: 0.7272, Train WMAPE: 0.0306, 
Epoch: 289, Valid Loss: 10.4374, Valid RMSE: 38.7385, Valid MAPE: 2.6985, Valid WMAPE: 0.0599
No update
Iter: 000, Train Loss: 5.6174, Train RMSE: 11.8931, Train MAPE: 0.7697, Train WMAPE: 0.0312
Iter: 050, Train Loss: 5.5303, Train RMSE: 11.3434, Train MAPE: 0.6894, Train WMAPE: 0.0303
Epoch: 290, Training Time: 15.1564 secs
Epoch: 290, Inference Time: 1.8426 secs
Epoch: 290, Train Loss: 5.4787, Train RMSE: 11.7447, Train MAPE: 0.7640, Train WMAPE: 0.0306, 
Epoch: 290, Valid Loss: 10.3663, Valid RMSE: 38.7047, Valid MAPE: 2.9918, Valid WMAPE: 0.0595
No update
Iter: 000, Train Loss: 5.7834, Train RMSE: 11.9260, Train MAPE: 0.8713, Train WMAPE: 0.0321
Iter: 050, Train Loss: 5.4603, Train RMSE: 11.1118, Train MAPE: 0.6181, Train WMAPE: 0.0299
Epoch: 291, Training Time: 15.5704 secs
Epoch: 291, Inference Time: 1.8079 secs
Epoch: 291, Train Loss: 5.4501, Train RMSE: 11.7139, Train MAPE: 0.7558, Train WMAPE: 0.0305, 
Epoch: 291, Valid Loss: 10.5541, Valid RMSE: 38.9947, Valid MAPE: 2.5494, Valid WMAPE: 0.0606
No update
Iter: 000, Train Loss: 5.6588, Train RMSE: 11.9849, Train MAPE: 0.6914, Train WMAPE: 0.0314
Iter: 050, Train Loss: 5.4813, Train RMSE: 11.1258, Train MAPE: 0.6074, Train WMAPE: 0.0301
Epoch: 292, Training Time: 14.8727 secs
Epoch: 292, Inference Time: 1.9978 secs
Epoch: 292, Train Loss: 5.4594, Train RMSE: 11.7305, Train MAPE: 0.7554, Train WMAPE: 0.0305, 
Epoch: 292, Valid Loss: 10.3560, Valid RMSE: 39.1437, Valid MAPE: 2.9172, Valid WMAPE: 0.0595
No update
Iter: 000, Train Loss: 5.5696, Train RMSE: 11.8081, Train MAPE: 0.8842, Train WMAPE: 0.0309
Iter: 050, Train Loss: 6.1007, Train RMSE: 13.3730, Train MAPE: 0.3981, Train WMAPE: 0.0335
Epoch: 293, Training Time: 14.9889 secs
Epoch: 293, Inference Time: 1.8105 secs
Epoch: 293, Train Loss: 5.4830, Train RMSE: 11.7817, Train MAPE: 0.7505, Train WMAPE: 0.0307, 
Epoch: 293, Valid Loss: 10.3679, Valid RMSE: 38.7145, Valid MAPE: 2.8566, Valid WMAPE: 0.0595
No update
Iter: 000, Train Loss: 5.5312, Train RMSE: 11.6251, Train MAPE: 0.8932, Train WMAPE: 0.0307
Iter: 050, Train Loss: 5.5170, Train RMSE: 11.2642, Train MAPE: 0.7110, Train WMAPE: 0.0303
Epoch: 294, Training Time: 15.0979 secs
Epoch: 294, Inference Time: 1.7988 secs
Epoch: 294, Train Loss: 5.4558, Train RMSE: 11.7189, Train MAPE: 0.8140, Train WMAPE: 0.0305, 
Epoch: 294, Valid Loss: 10.3849, Valid RMSE: 38.7356, Valid MAPE: 2.3826, Valid WMAPE: 0.0596
No update
Iter: 000, Train Loss: 5.5178, Train RMSE: 11.7943, Train MAPE: 0.6852, Train WMAPE: 0.0306
Iter: 050, Train Loss: 5.4581, Train RMSE: 11.1625, Train MAPE: 0.7316, Train WMAPE: 0.0299
Epoch: 295, Training Time: 15.1771 secs
Epoch: 295, Inference Time: 1.8977 secs
Epoch: 295, Train Loss: 5.4648, Train RMSE: 11.6900, Train MAPE: 0.8612, Train WMAPE: 0.0306, 
Epoch: 295, Valid Loss: 10.6651, Valid RMSE: 39.1700, Valid MAPE: 2.0435, Valid WMAPE: 0.0612
No update
Iter: 000, Train Loss: 5.5951, Train RMSE: 11.9156, Train MAPE: 0.5210, Train WMAPE: 0.0311
Iter: 050, Train Loss: 5.4847, Train RMSE: 11.3010, Train MAPE: 0.5687, Train WMAPE: 0.0301
Epoch: 296, Training Time: 15.1787 secs
Epoch: 296, Inference Time: 1.9923 secs
Epoch: 296, Train Loss: 5.4500, Train RMSE: 11.7205, Train MAPE: 0.7282, Train WMAPE: 0.0305, 
Epoch: 296, Valid Loss: 10.6226, Valid RMSE: 39.3603, Valid MAPE: 2.2600, Valid WMAPE: 0.0610
No update
Iter: 000, Train Loss: 5.7952, Train RMSE: 12.2440, Train MAPE: 0.6192, Train WMAPE: 0.0322
Iter: 050, Train Loss: 5.3912, Train RMSE: 11.0356, Train MAPE: 0.5013, Train WMAPE: 0.0296
Epoch: 297, Training Time: 15.3791 secs
Epoch: 297, Inference Time: 1.7925 secs
Epoch: 297, Train Loss: 5.4684, Train RMSE: 11.7421, Train MAPE: 0.7396, Train WMAPE: 0.0306, 
Epoch: 297, Valid Loss: 10.3979, Valid RMSE: 39.0869, Valid MAPE: 2.5087, Valid WMAPE: 0.0597
No update
Iter: 000, Train Loss: 5.6201, Train RMSE: 11.9153, Train MAPE: 0.7136, Train WMAPE: 0.0312
Iter: 050, Train Loss: 5.4690, Train RMSE: 11.2205, Train MAPE: 0.6139, Train WMAPE: 0.0300
Epoch: 298, Training Time: 14.8858 secs
Epoch: 298, Inference Time: 1.8025 secs
Epoch: 298, Train Loss: 5.4466, Train RMSE: 11.6945, Train MAPE: 0.7216, Train WMAPE: 0.0305, 
Epoch: 298, Valid Loss: 10.2820, Valid RMSE: 39.0989, Valid MAPE: 1.8174, Valid WMAPE: 0.0590
No update
Iter: 000, Train Loss: 5.6576, Train RMSE: 12.1506, Train MAPE: 0.5034, Train WMAPE: 0.0314
Iter: 050, Train Loss: 5.3944, Train RMSE: 11.0442, Train MAPE: 0.4772, Train WMAPE: 0.0296
Epoch: 299, Training Time: 14.4103 secs
Epoch: 299, Inference Time: 1.7816 secs
Epoch: 299, Train Loss: 5.4245, Train RMSE: 11.6661, Train MAPE: 0.6757, Train WMAPE: 0.0303, 
Epoch: 299, Valid Loss: 10.3011, Valid RMSE: 38.8500, Valid MAPE: 1.8637, Valid WMAPE: 0.0592
No update
Iter: 000, Train Loss: 5.7192, Train RMSE: 12.0243, Train MAPE: 0.4691, Train WMAPE: 0.0318
Iter: 050, Train Loss: 5.4471, Train RMSE: 11.1204, Train MAPE: 0.5070, Train WMAPE: 0.0299
Epoch: 300, Training Time: 14.9727 secs
Epoch: 300, Inference Time: 1.7817 secs
Epoch: 300, Train Loss: 5.4275, Train RMSE: 11.6563, Train MAPE: 0.7175, Train WMAPE: 0.0303, 
Epoch: 300, Valid Loss: 10.3037, Valid RMSE: 38.6449, Valid MAPE: 2.2094, Valid WMAPE: 0.0592
No update
Average Training Time: 15.1824 secs/epoch
Average Inference Time: 1.8884 secs
Training ends
The epoch of the best result： 214
The valid loss of the best model 10.2596
Evaluate best model on test data for horizon 1, Test MAE: 8.9548, Test RMSE: 59.5240, Test MAPE: 7.2542, Test WMAPE: 0.0520
Evaluate best model on test data for horizon 2, Test MAE: 9.8797, Test RMSE: 52.2973, Test MAPE: 10.6222, Test WMAPE: 0.0574
Evaluate best model on test data for horizon 3, Test MAE: 10.0727, Test RMSE: 41.0171, Test MAPE: 13.2545, Test WMAPE: 0.0585
Evaluate best model on test data for horizon 4, Test MAE: 11.5432, Test RMSE: 48.0526, Test MAPE: 15.6287, Test WMAPE: 0.0671
Evaluate best model on test data for horizon 5, Test MAE: 12.5831, Test RMSE: 51.2804, Test MAPE: 16.4297, Test WMAPE: 0.0731
Evaluate best model on test data for horizon 6, Test MAE: 12.6570, Test RMSE: 44.0553, Test MAPE: 16.9657, Test WMAPE: 0.0736
Evaluate best model on test data for horizon 7, Test MAE: 13.5429, Test RMSE: 47.2820, Test MAPE: 17.1763, Test WMAPE: 0.0787
Evaluate best model on test data for horizon 8, Test MAE: 14.3453, Test RMSE: 51.1119, Test MAPE: 16.7746, Test WMAPE: 0.0834
Evaluate best model on test data for horizon 9, Test MAE: 14.6255, Test RMSE: 49.3575, Test MAPE: 16.4830, Test WMAPE: 0.0851
Evaluate best model on test data for horizon 10, Test MAE: 14.5716, Test RMSE: 46.7422, Test MAPE: 16.5084, Test WMAPE: 0.0848
Evaluate best model on test data for horizon 11, Test MAE: 15.4913, Test RMSE: 52.6005, Test MAPE: 17.9455, Test WMAPE: 0.0901
Evaluate best model on test data for horizon 12, Test MAE: 15.5775, Test RMSE: 52.1231, Test MAPE: 18.1233, Test WMAPE: 0.0906
On average over 12 horizons, Test MAE: 12.8204, Test RMSE: 49.6203, Test MAPE: 15.2638, Test WMAPE: 0.0745
Total time spent: 5187.3640
