nohup: ignoring input
Perform shuffle on the dataset
Namespace(batch_size=64, data='data//electricityLondon', device='cuda:0', dropout=0.1, epochs=300, es_patience=100, expid=1, input_dim=3, learning_rate=0.001, print_every=50, save='./logs/AttenAgg-MLPFb-PostAgg-K4', weight_decay=0.0001)
Ranger optimizer loaded. 
Gradient Centralization usage = True
GC applied to both conv and fc layers
The number of parameters: 511990
STIDGCN(
  (Temb): TemporalEmbedding()
  (start_conv): Conv2d(3, 32, kernel_size=(1, 1), stride=(1, 1))
  (tree): IDGCN_Tree(
    (IDGCN1): IDGCN(
      (split): Splitting()
      (conv1): Sequential(
        (0): ReplicationPad2d((3, 3, 0, 0))
        (1): Conv2d(64, 64, kernel_size=(1, 5), stride=(1, 1))
        (2): LeakyReLU(negative_slope=0.01, inplace=True)
        (3): Dropout(p=0.1, inplace=False)
        (4): Conv2d(64, 64, kernel_size=(1, 3), stride=(1, 1))
        (5): Tanh()
      )
      (conv2): Sequential(
        (0): ReplicationPad2d((3, 3, 0, 0))
        (1): Conv2d(64, 64, kernel_size=(1, 5), stride=(1, 1))
        (2): LeakyReLU(negative_slope=0.01, inplace=True)
        (3): Dropout(p=0.1, inplace=False)
        (4): Conv2d(64, 64, kernel_size=(1, 3), stride=(1, 1))
        (5): Tanh()
      )
      (conv3): Sequential(
        (0): ReplicationPad2d((3, 3, 0, 0))
        (1): Conv2d(64, 64, kernel_size=(1, 5), stride=(1, 1))
        (2): LeakyReLU(negative_slope=0.01, inplace=True)
        (3): Dropout(p=0.1, inplace=False)
        (4): Conv2d(64, 64, kernel_size=(1, 3), stride=(1, 1))
        (5): Tanh()
      )
      (conv4): Sequential(
        (0): ReplicationPad2d((3, 3, 0, 0))
        (1): Conv2d(64, 64, kernel_size=(1, 5), stride=(1, 1))
        (2): LeakyReLU(negative_slope=0.01, inplace=True)
        (3): Dropout(p=0.1, inplace=False)
        (4): Conv2d(64, 64, kernel_size=(1, 3), stride=(1, 1))
        (5): Tanh()
      )
      (dgcn): DGCN(
        (conv): Conv2d(64, 64, kernel_size=(1, 1), stride=(1, 1))
        (generator): Graph_Generator(
          (fc): Linear(in_features=2, out_features=1, bias=True)
        )
        (gcn): Diffusion_GCN(
          (conv): Conv2d(64, 64, kernel_size=(1, 1), stride=(1, 1))
          (dropout): Dropout(p=0.1, inplace=False)
        )
      )
    )
    (IDGCN2): IDGCN(
      (split): Splitting()
      (conv1): Sequential(
        (0): ReplicationPad2d((3, 3, 0, 0))
        (1): Conv2d(64, 64, kernel_size=(1, 5), stride=(1, 1))
        (2): LeakyReLU(negative_slope=0.01, inplace=True)
        (3): Dropout(p=0.1, inplace=False)
        (4): Conv2d(64, 64, kernel_size=(1, 3), stride=(1, 1))
        (5): Tanh()
      )
      (conv2): Sequential(
        (0): ReplicationPad2d((3, 3, 0, 0))
        (1): Conv2d(64, 64, kernel_size=(1, 5), stride=(1, 1))
        (2): LeakyReLU(negative_slope=0.01, inplace=True)
        (3): Dropout(p=0.1, inplace=False)
        (4): Conv2d(64, 64, kernel_size=(1, 3), stride=(1, 1))
        (5): Tanh()
      )
      (conv3): Sequential(
        (0): ReplicationPad2d((3, 3, 0, 0))
        (1): Conv2d(64, 64, kernel_size=(1, 5), stride=(1, 1))
        (2): LeakyReLU(negative_slope=0.01, inplace=True)
        (3): Dropout(p=0.1, inplace=False)
        (4): Conv2d(64, 64, kernel_size=(1, 3), stride=(1, 1))
        (5): Tanh()
      )
      (conv4): Sequential(
        (0): ReplicationPad2d((3, 3, 0, 0))
        (1): Conv2d(64, 64, kernel_size=(1, 5), stride=(1, 1))
        (2): LeakyReLU(negative_slope=0.01, inplace=True)
        (3): Dropout(p=0.1, inplace=False)
        (4): Conv2d(64, 64, kernel_size=(1, 3), stride=(1, 1))
        (5): Tanh()
      )
      (dgcn): DGCN(
        (conv): Conv2d(64, 64, kernel_size=(1, 1), stride=(1, 1))
        (generator): Graph_Generator(
          (fc): Linear(in_features=2, out_features=1, bias=True)
        )
        (gcn): Diffusion_GCN(
          (conv): Conv2d(64, 64, kernel_size=(1, 1), stride=(1, 1))
          (dropout): Dropout(p=0.1, inplace=False)
        )
      )
    )
    (IDGCN3): IDGCN(
      (split): Splitting()
      (conv1): Sequential(
        (0): ReplicationPad2d((3, 3, 0, 0))
        (1): Conv2d(64, 64, kernel_size=(1, 5), stride=(1, 1))
        (2): LeakyReLU(negative_slope=0.01, inplace=True)
        (3): Dropout(p=0.1, inplace=False)
        (4): Conv2d(64, 64, kernel_size=(1, 3), stride=(1, 1))
        (5): Tanh()
      )
      (conv2): Sequential(
        (0): ReplicationPad2d((3, 3, 0, 0))
        (1): Conv2d(64, 64, kernel_size=(1, 5), stride=(1, 1))
        (2): LeakyReLU(negative_slope=0.01, inplace=True)
        (3): Dropout(p=0.1, inplace=False)
        (4): Conv2d(64, 64, kernel_size=(1, 3), stride=(1, 1))
        (5): Tanh()
      )
      (conv3): Sequential(
        (0): ReplicationPad2d((3, 3, 0, 0))
        (1): Conv2d(64, 64, kernel_size=(1, 5), stride=(1, 1))
        (2): LeakyReLU(negative_slope=0.01, inplace=True)
        (3): Dropout(p=0.1, inplace=False)
        (4): Conv2d(64, 64, kernel_size=(1, 3), stride=(1, 1))
        (5): Tanh()
      )
      (conv4): Sequential(
        (0): ReplicationPad2d((3, 3, 0, 0))
        (1): Conv2d(64, 64, kernel_size=(1, 5), stride=(1, 1))
        (2): LeakyReLU(negative_slope=0.01, inplace=True)
        (3): Dropout(p=0.1, inplace=False)
        (4): Conv2d(64, 64, kernel_size=(1, 3), stride=(1, 1))
        (5): Tanh()
      )
      (dgcn): DGCN(
        (conv): Conv2d(64, 64, kernel_size=(1, 1), stride=(1, 1))
        (generator): Graph_Generator(
          (fc): Linear(in_features=2, out_features=1, bias=True)
        )
        (gcn): Diffusion_GCN(
          (conv): Conv2d(64, 64, kernel_size=(1, 1), stride=(1, 1))
          (dropout): Dropout(p=0.1, inplace=False)
        )
      )
    )
  )
  (glu): GLU(
    (conv1): Conv2d(64, 64, kernel_size=(1, 1), stride=(1, 1))
    (conv2): Conv2d(64, 64, kernel_size=(1, 1), stride=(1, 1))
    (conv3): Conv2d(64, 64, kernel_size=(1, 1), stride=(1, 1))
    (dropout): Dropout(p=0.1, inplace=False)
  )
  (regression_layer): Conv2d(64, 12, kernel_size=(1, 12), stride=(1, 1))
  (cluster_agg): ClusterAttentionAggregation(
    (score_layer): Linear(in_features=64, out_features=1, bias=True)
  )
  (cluster_feedback): ClusterMLPFeedback(
    (activation): ReLU()
  )
)
start training...
/dfs/data/Cluster-aware-STIDGCN/ranger21.py:131: UserWarning: This overload of addcmul_ is deprecated:
	addcmul_(Number value, Tensor tensor1, Tensor tensor2)
Consider using one of the following signatures instead:
	addcmul_(Tensor tensor1, Tensor tensor2, *, Number value) (Triggered internally at /opt/pytorch/pytorch/torch/csrc/utils/python_arg_parser.cpp:1488.)
  exp_avg_sq.mul_(beta2).addcmul_(1 - beta2, grad, grad)
Iter: 000, Train Loss: 153.9238, Train RMSE: 208.5570, Train MAPE: 165.4307, Train WMAPE: 0.8545
Iter: 050, Train Loss: 121.1143, Train RMSE: 181.5828, Train MAPE: 86.4574, Train WMAPE: 0.6641
Epoch: 001, Training Time: 15.6517 secs
Epoch: 001, Inference Time: 1.9996 secs
Epoch: 001, Train Loss: 123.0677, Train RMSE: 178.5718, Train MAPE: 112.8293, Train WMAPE: 0.6882, 
Epoch: 001, Valid Loss: 70.2457, Valid RMSE: 122.7835, Valid MAPE: 100.1728, Valid WMAPE: 0.4032
###Update tasks appear###
Updating! Valid Loss: 70.2457196371896, epoch:  1
Iter: 000, Train Loss: 71.1729, Train RMSE: 118.0973, Train MAPE: 42.9664, Train WMAPE: 0.3951
Iter: 050, Train Loss: 30.6126, Train RMSE: 54.0604, Train MAPE: 12.6696, Train WMAPE: 0.1679
Epoch: 002, Training Time: 15.0680 secs
Epoch: 002, Inference Time: 1.9121 secs
Epoch: 002, Train Loss: 36.4516, Train RMSE: 62.1374, Train MAPE: 16.9560, Train WMAPE: 0.2038, 
Epoch: 002, Valid Loss: 28.2033, Valid RMSE: 62.3518, Valid MAPE: 17.7511, Valid WMAPE: 0.1618
###Update tasks appear###
Updating! Valid Loss: 28.2032790184021, epoch:  2
Iter: 000, Train Loss: 26.4430, Train RMSE: 47.4444, Train MAPE: 8.1420, Train WMAPE: 0.1468
Iter: 050, Train Loss: 22.2576, Train RMSE: 38.3745, Train MAPE: 4.5007, Train WMAPE: 0.1221
Epoch: 003, Training Time: 15.2285 secs
Epoch: 003, Inference Time: 1.8461 secs
Epoch: 003, Train Loss: 22.3041, Train RMSE: 38.2195, Train MAPE: 5.7105, Train WMAPE: 0.1247, 
Epoch: 003, Valid Loss: 21.4826, Valid RMSE: 52.9958, Valid MAPE: 7.8851, Valid WMAPE: 0.1234
###Update tasks appear###
Updating! Valid Loss: 21.48264196940831, epoch:  3
Iter: 000, Train Loss: 19.9788, Train RMSE: 34.3816, Train MAPE: 4.3367, Train WMAPE: 0.1109
Iter: 050, Train Loss: 18.1894, Train RMSE: 32.7810, Train MAPE: 2.8769, Train WMAPE: 0.0997
Epoch: 004, Training Time: 15.2627 secs
Epoch: 004, Inference Time: 1.9134 secs
Epoch: 004, Train Loss: 17.8426, Train RMSE: 30.9887, Train MAPE: 4.0498, Train WMAPE: 0.0998, 
Epoch: 004, Valid Loss: 19.0592, Valid RMSE: 52.1883, Valid MAPE: 6.2032, Valid WMAPE: 0.1095
###Update tasks appear###
Updating! Valid Loss: 19.059191976274764, epoch:  4
Iter: 000, Train Loss: 17.3292, Train RMSE: 31.6098, Train MAPE: 3.3530, Train WMAPE: 0.0962
Iter: 050, Train Loss: 16.8863, Train RMSE: 31.6389, Train MAPE: 2.9124, Train WMAPE: 0.0926
Epoch: 005, Training Time: 15.2696 secs
Epoch: 005, Inference Time: 1.9924 secs
Epoch: 005, Train Loss: 15.6765, Train RMSE: 28.5373, Train MAPE: 3.5154, Train WMAPE: 0.0877, 
Epoch: 005, Valid Loss: 18.0055, Valid RMSE: 51.2452, Valid MAPE: 5.4059, Valid WMAPE: 0.1034
###Update tasks appear###
Updating! Valid Loss: 18.00554874965123, epoch:  5
Iter: 000, Train Loss: 15.7453, Train RMSE: 29.6153, Train MAPE: 3.0124, Train WMAPE: 0.0874
Iter: 050, Train Loss: 16.1921, Train RMSE: 31.0301, Train MAPE: 2.3339, Train WMAPE: 0.0888
Epoch: 006, Training Time: 14.9875 secs
Epoch: 006, Inference Time: 1.9028 secs
Epoch: 006, Train Loss: 14.6475, Train RMSE: 27.3814, Train MAPE: 3.1734, Train WMAPE: 0.0819, 
Epoch: 006, Valid Loss: 17.1825, Valid RMSE: 50.2916, Valid MAPE: 5.0811, Valid WMAPE: 0.0988
###Update tasks appear###
Updating! Valid Loss: 17.182476827076503, epoch:  6
Iter: 000, Train Loss: 14.3907, Train RMSE: 27.9875, Train MAPE: 2.9100, Train WMAPE: 0.0799
Iter: 050, Train Loss: 15.5262, Train RMSE: 30.5959, Train MAPE: 2.2123, Train WMAPE: 0.0851
Epoch: 007, Training Time: 15.5659 secs
Epoch: 007, Inference Time: 1.9938 secs
Epoch: 007, Train Loss: 13.8611, Train RMSE: 26.4925, Train MAPE: 2.9768, Train WMAPE: 0.0775, 
Epoch: 007, Valid Loss: 17.0657, Valid RMSE: 49.8535, Valid MAPE: 4.8169, Valid WMAPE: 0.0981
###Update tasks appear###
Updating! Valid Loss: 17.06572355542864, epoch:  7
Iter: 000, Train Loss: 13.8360, Train RMSE: 27.3442, Train MAPE: 2.6190, Train WMAPE: 0.0768
Iter: 050, Train Loss: 15.0478, Train RMSE: 29.9834, Train MAPE: 2.1766, Train WMAPE: 0.0825
Epoch: 008, Training Time: 15.8695 secs
Epoch: 008, Inference Time: 1.9078 secs
Epoch: 008, Train Loss: 13.3416, Train RMSE: 25.9867, Train MAPE: 2.8204, Train WMAPE: 0.0746, 
Epoch: 008, Valid Loss: 16.7655, Valid RMSE: 49.7459, Valid MAPE: 6.0415, Valid WMAPE: 0.0964
###Update tasks appear###
Updating! Valid Loss: 16.765516996383667, epoch:  8
Iter: 000, Train Loss: 13.6806, Train RMSE: 27.3026, Train MAPE: 2.8231, Train WMAPE: 0.0760
Iter: 050, Train Loss: 14.5957, Train RMSE: 29.5378, Train MAPE: 1.9066, Train WMAPE: 0.0800
Epoch: 009, Training Time: 15.6724 secs
Epoch: 009, Inference Time: 1.9115 secs
Epoch: 009, Train Loss: 12.8535, Train RMSE: 25.4019, Train MAPE: 2.7517, Train WMAPE: 0.0719, 
Epoch: 009, Valid Loss: 16.6982, Valid RMSE: 49.2081, Valid MAPE: 8.1691, Valid WMAPE: 0.0960
###Update tasks appear###
Updating! Valid Loss: 16.698184694562638, epoch:  9
Iter: 000, Train Loss: 13.1791, Train RMSE: 26.3885, Train MAPE: 3.4624, Train WMAPE: 0.0732
Iter: 050, Train Loss: 15.0490, Train RMSE: 29.4311, Train MAPE: 1.8318, Train WMAPE: 0.0825
Epoch: 010, Training Time: 15.3281 secs
Epoch: 010, Inference Time: 1.8440 secs
Epoch: 010, Train Loss: 12.6168, Train RMSE: 25.0834, Train MAPE: 2.7289, Train WMAPE: 0.0706, 
Epoch: 010, Valid Loss: 16.4022, Valid RMSE: 48.9719, Valid MAPE: 7.3426, Valid WMAPE: 0.0944
###Update tasks appear###
Updating! Valid Loss: 16.40218264716012, epoch:  10
Iter: 000, Train Loss: 12.7037, Train RMSE: 25.5341, Train MAPE: 3.6349, Train WMAPE: 0.0705
Iter: 050, Train Loss: 14.1875, Train RMSE: 29.0171, Train MAPE: 2.0429, Train WMAPE: 0.0778
Epoch: 011, Training Time: 15.3100 secs
Epoch: 011, Inference Time: 1.9002 secs
Epoch: 011, Train Loss: 12.2385, Train RMSE: 24.6718, Train MAPE: 2.5796, Train WMAPE: 0.0684, 
Epoch: 011, Valid Loss: 15.7500, Valid RMSE: 48.8623, Valid MAPE: 5.6387, Valid WMAPE: 0.0906
###Update tasks appear###
Updating! Valid Loss: 15.749979223523821, epoch:  11
Iter: 000, Train Loss: 12.0718, Train RMSE: 25.0895, Train MAPE: 2.4488, Train WMAPE: 0.0670
Iter: 050, Train Loss: 13.6941, Train RMSE: 28.3412, Train MAPE: 1.6330, Train WMAPE: 0.0751
Epoch: 012, Training Time: 15.0750 secs
Epoch: 012, Inference Time: 1.9028 secs
Epoch: 012, Train Loss: 12.0108, Train RMSE: 24.3472, Train MAPE: 2.5681, Train WMAPE: 0.0672, 
Epoch: 012, Valid Loss: 15.8211, Valid RMSE: 48.9334, Valid MAPE: 7.5161, Valid WMAPE: 0.0910
No update
Iter: 000, Train Loss: 12.2178, Train RMSE: 25.3914, Train MAPE: 3.3807, Train WMAPE: 0.0678
Iter: 050, Train Loss: 13.6860, Train RMSE: 28.2591, Train MAPE: 2.1089, Train WMAPE: 0.0750
Epoch: 013, Training Time: 15.2458 secs
Epoch: 013, Inference Time: 1.8478 secs
Epoch: 013, Train Loss: 11.6612, Train RMSE: 23.8883, Train MAPE: 2.4523, Train WMAPE: 0.0652, 
Epoch: 013, Valid Loss: 15.6629, Valid RMSE: 48.9519, Valid MAPE: 3.7769, Valid WMAPE: 0.0900
###Update tasks appear###
Updating! Valid Loss: 15.662863220487322, epoch:  13
Iter: 000, Train Loss: 12.4789, Train RMSE: 25.8190, Train MAPE: 1.8237, Train WMAPE: 0.0693
Iter: 050, Train Loss: 13.3174, Train RMSE: 27.6875, Train MAPE: 1.5719, Train WMAPE: 0.0730
Epoch: 014, Training Time: 15.3906 secs
Epoch: 014, Inference Time: 1.9811 secs
Epoch: 014, Train Loss: 11.5341, Train RMSE: 23.7047, Train MAPE: 2.4258, Train WMAPE: 0.0645, 
Epoch: 014, Valid Loss: 15.1797, Valid RMSE: 48.4673, Valid MAPE: 3.7561, Valid WMAPE: 0.0873
###Update tasks appear###
Updating! Valid Loss: 15.179672854287285, epoch:  14
Iter: 000, Train Loss: 11.7566, Train RMSE: 25.0541, Train MAPE: 1.8946, Train WMAPE: 0.0653
Iter: 050, Train Loss: 13.2485, Train RMSE: 27.8283, Train MAPE: 1.5851, Train WMAPE: 0.0726
Epoch: 015, Training Time: 15.4624 secs
Epoch: 015, Inference Time: 1.9005 secs
Epoch: 015, Train Loss: 11.3455, Train RMSE: 23.4601, Train MAPE: 2.4074, Train WMAPE: 0.0635, 
Epoch: 015, Valid Loss: 15.1931, Valid RMSE: 47.8853, Valid MAPE: 5.9873, Valid WMAPE: 0.0874
No update
Iter: 000, Train Loss: 11.5129, Train RMSE: 24.3382, Train MAPE: 2.6891, Train WMAPE: 0.0639
Iter: 050, Train Loss: 13.1604, Train RMSE: 27.6235, Train MAPE: 1.4201, Train WMAPE: 0.0722
Epoch: 016, Training Time: 15.2921 secs
Epoch: 016, Inference Time: 1.8957 secs
Epoch: 016, Train Loss: 11.2150, Train RMSE: 23.2643, Train MAPE: 2.3716, Train WMAPE: 0.0627, 
Epoch: 016, Valid Loss: 15.1881, Valid RMSE: 47.7982, Valid MAPE: 8.0121, Valid WMAPE: 0.0873
No update
Iter: 000, Train Loss: 11.6282, Train RMSE: 24.4979, Train MAPE: 3.6853, Train WMAPE: 0.0646
Iter: 050, Train Loss: 12.9368, Train RMSE: 27.3872, Train MAPE: 1.4874, Train WMAPE: 0.0709
Epoch: 017, Training Time: 15.3006 secs
Epoch: 017, Inference Time: 1.8904 secs
Epoch: 017, Train Loss: 11.0640, Train RMSE: 23.1330, Train MAPE: 2.2012, Train WMAPE: 0.0619, 
Epoch: 017, Valid Loss: 15.0588, Valid RMSE: 48.0476, Valid MAPE: 3.8718, Valid WMAPE: 0.0866
###Update tasks appear###
Updating! Valid Loss: 15.058762448174614, epoch:  17
Iter: 000, Train Loss: 11.7426, Train RMSE: 24.8762, Train MAPE: 2.0645, Train WMAPE: 0.0652
Iter: 050, Train Loss: 12.7135, Train RMSE: 26.7008, Train MAPE: 1.5683, Train WMAPE: 0.0697
Epoch: 018, Training Time: 15.0782 secs
Epoch: 018, Inference Time: 1.8903 secs
Epoch: 018, Train Loss: 11.0337, Train RMSE: 23.0460, Train MAPE: 2.1954, Train WMAPE: 0.0617, 
Epoch: 018, Valid Loss: 14.5732, Valid RMSE: 47.3839, Valid MAPE: 4.3352, Valid WMAPE: 0.0838
###Update tasks appear###
Updating! Valid Loss: 14.573173625128609, epoch:  18
Iter: 000, Train Loss: 11.0829, Train RMSE: 24.1185, Train MAPE: 1.9749, Train WMAPE: 0.0615
Iter: 050, Train Loss: 12.6582, Train RMSE: 26.8131, Train MAPE: 1.8467, Train WMAPE: 0.0694
Epoch: 019, Training Time: 15.3090 secs
Epoch: 019, Inference Time: 1.8624 secs
Epoch: 019, Train Loss: 10.7534, Train RMSE: 22.7260, Train MAPE: 1.9856, Train WMAPE: 0.0601, 
Epoch: 019, Valid Loss: 14.4195, Valid RMSE: 47.0877, Valid MAPE: 3.6944, Valid WMAPE: 0.0829
###Update tasks appear###
Updating! Valid Loss: 14.419535091945104, epoch:  19
Iter: 000, Train Loss: 11.1758, Train RMSE: 24.2677, Train MAPE: 1.4743, Train WMAPE: 0.0620
Iter: 050, Train Loss: 12.6711, Train RMSE: 26.7345, Train MAPE: 2.0365, Train WMAPE: 0.0695
Epoch: 020, Training Time: 15.2760 secs
Epoch: 020, Inference Time: 1.9138 secs
Epoch: 020, Train Loss: 10.6634, Train RMSE: 22.4948, Train MAPE: 2.1933, Train WMAPE: 0.0596, 
Epoch: 020, Valid Loss: 14.3958, Valid RMSE: 46.7466, Valid MAPE: 4.9708, Valid WMAPE: 0.0828
###Update tasks appear###
Updating! Valid Loss: 14.395810331617083, epoch:  20
Iter: 000, Train Loss: 10.8843, Train RMSE: 23.6062, Train MAPE: 1.9876, Train WMAPE: 0.0604
Iter: 050, Train Loss: 12.3523, Train RMSE: 26.1555, Train MAPE: 1.8593, Train WMAPE: 0.0677
Epoch: 021, Training Time: 15.3886 secs
Epoch: 021, Inference Time: 1.8794 secs
Epoch: 021, Train Loss: 10.6304, Train RMSE: 22.4275, Train MAPE: 2.1916, Train WMAPE: 0.0595, 
Epoch: 021, Valid Loss: 14.7396, Valid RMSE: 46.8451, Valid MAPE: 8.0696, Valid WMAPE: 0.0847
No update
Iter: 000, Train Loss: 11.3701, Train RMSE: 24.2016, Train MAPE: 3.5807, Train WMAPE: 0.0631
Iter: 050, Train Loss: 12.3466, Train RMSE: 26.5089, Train MAPE: 1.3280, Train WMAPE: 0.0677
Epoch: 022, Training Time: 15.1123 secs
Epoch: 022, Inference Time: 1.8568 secs
Epoch: 022, Train Loss: 10.5484, Train RMSE: 22.3111, Train MAPE: 2.0974, Train WMAPE: 0.0590, 
Epoch: 022, Valid Loss: 14.8051, Valid RMSE: 46.4214, Valid MAPE: 8.9731, Valid WMAPE: 0.0851
No update
Iter: 000, Train Loss: 11.2959, Train RMSE: 23.5924, Train MAPE: 4.0193, Train WMAPE: 0.0627
Iter: 050, Train Loss: 12.4625, Train RMSE: 26.2328, Train MAPE: 2.1711, Train WMAPE: 0.0683
Epoch: 023, Training Time: 15.0082 secs
Epoch: 023, Inference Time: 1.9116 secs
Epoch: 023, Train Loss: 10.5167, Train RMSE: 22.2448, Train MAPE: 2.1039, Train WMAPE: 0.0588, 
Epoch: 023, Valid Loss: 14.5272, Valid RMSE: 46.3314, Valid MAPE: 8.9635, Valid WMAPE: 0.0835
No update
Iter: 000, Train Loss: 11.1892, Train RMSE: 23.7314, Train MAPE: 3.5177, Train WMAPE: 0.0621
Iter: 050, Train Loss: 12.3812, Train RMSE: 26.5455, Train MAPE: 1.6598, Train WMAPE: 0.0679
Epoch: 024, Training Time: 15.3882 secs
Epoch: 024, Inference Time: 2.0818 secs
Epoch: 024, Train Loss: 10.4327, Train RMSE: 22.1981, Train MAPE: 2.0058, Train WMAPE: 0.0583, 
Epoch: 024, Valid Loss: 13.7461, Valid RMSE: 46.1266, Valid MAPE: 3.0438, Valid WMAPE: 0.0790
###Update tasks appear###
Updating! Valid Loss: 13.746092660086495, epoch:  24
Iter: 000, Train Loss: 10.4525, Train RMSE: 23.2189, Train MAPE: 1.2556, Train WMAPE: 0.0580
Iter: 050, Train Loss: 12.3157, Train RMSE: 26.2011, Train MAPE: 1.4593, Train WMAPE: 0.0675
Epoch: 025, Training Time: 15.1842 secs
Epoch: 025, Inference Time: 1.9117 secs
Epoch: 025, Train Loss: 10.2394, Train RMSE: 21.8966, Train MAPE: 1.9184, Train WMAPE: 0.0573, 
Epoch: 025, Valid Loss: 13.8190, Valid RMSE: 45.7676, Valid MAPE: 4.0841, Valid WMAPE: 0.0794
No update
Iter: 000, Train Loss: 10.6507, Train RMSE: 23.4884, Train MAPE: 1.7028, Train WMAPE: 0.0591
Iter: 050, Train Loss: 12.1887, Train RMSE: 25.9081, Train MAPE: 1.5944, Train WMAPE: 0.0668
Epoch: 026, Training Time: 15.2760 secs
Epoch: 026, Inference Time: 1.8091 secs
Epoch: 026, Train Loss: 10.1472, Train RMSE: 21.6875, Train MAPE: 1.8806, Train WMAPE: 0.0567, 
Epoch: 026, Valid Loss: 13.7416, Valid RMSE: 45.7251, Valid MAPE: 2.9700, Valid WMAPE: 0.0789
###Update tasks appear###
Updating! Valid Loss: 13.741620472499303, epoch:  26
Iter: 000, Train Loss: 10.6803, Train RMSE: 23.5346, Train MAPE: 1.2856, Train WMAPE: 0.0593
Iter: 050, Train Loss: 11.8391, Train RMSE: 25.3584, Train MAPE: 1.8195, Train WMAPE: 0.0649
Epoch: 027, Training Time: 14.7743 secs
Epoch: 027, Inference Time: 1.9057 secs
Epoch: 027, Train Loss: 10.1825, Train RMSE: 21.6320, Train MAPE: 2.0093, Train WMAPE: 0.0570, 
Epoch: 027, Valid Loss: 13.7803, Valid RMSE: 45.3889, Valid MAPE: 5.1008, Valid WMAPE: 0.0792
No update
Iter: 000, Train Loss: 10.5044, Train RMSE: 23.0597, Train MAPE: 1.8105, Train WMAPE: 0.0583
Iter: 050, Train Loss: 12.0185, Train RMSE: 25.6198, Train MAPE: 1.6994, Train WMAPE: 0.0659
Epoch: 028, Training Time: 14.9872 secs
Epoch: 028, Inference Time: 1.9008 secs
Epoch: 028, Train Loss: 10.0292, Train RMSE: 21.4280, Train MAPE: 1.9922, Train WMAPE: 0.0561, 
Epoch: 028, Valid Loss: 14.0894, Valid RMSE: 45.2714, Valid MAPE: 8.4970, Valid WMAPE: 0.0810
No update
Iter: 000, Train Loss: 10.7714, Train RMSE: 22.8298, Train MAPE: 3.2810, Train WMAPE: 0.0598
Iter: 050, Train Loss: 11.9365, Train RMSE: 25.5170, Train MAPE: 2.2287, Train WMAPE: 0.0655
Epoch: 029, Training Time: 15.1476 secs
Epoch: 029, Inference Time: 1.9326 secs
Epoch: 029, Train Loss: 10.0897, Train RMSE: 21.4331, Train MAPE: 2.1356, Train WMAPE: 0.0564, 
Epoch: 029, Valid Loss: 13.5312, Valid RMSE: 45.4424, Valid MAPE: 3.9480, Valid WMAPE: 0.0777
###Update tasks appear###
Updating! Valid Loss: 13.531179121562413, epoch:  29
Iter: 000, Train Loss: 10.3368, Train RMSE: 23.1270, Train MAPE: 1.5827, Train WMAPE: 0.0574
Iter: 050, Train Loss: 11.8587, Train RMSE: 25.4034, Train MAPE: 1.6592, Train WMAPE: 0.0650
Epoch: 030, Training Time: 15.2113 secs
Epoch: 030, Inference Time: 1.9627 secs
Epoch: 030, Train Loss: 9.9311, Train RMSE: 21.1897, Train MAPE: 2.0558, Train WMAPE: 0.0555, 
Epoch: 030, Valid Loss: 13.4574, Valid RMSE: 45.1866, Valid MAPE: 3.6543, Valid WMAPE: 0.0773
###Update tasks appear###
Updating! Valid Loss: 13.457370281219482, epoch:  30
Iter: 000, Train Loss: 10.2203, Train RMSE: 22.6343, Train MAPE: 1.3640, Train WMAPE: 0.0567
Iter: 050, Train Loss: 11.8771, Train RMSE: 25.1889, Train MAPE: 1.8168, Train WMAPE: 0.0651
Epoch: 031, Training Time: 15.1783 secs
Epoch: 031, Inference Time: 1.8054 secs
Epoch: 031, Train Loss: 9.9540, Train RMSE: 21.0989, Train MAPE: 1.9695, Train WMAPE: 0.0557, 
Epoch: 031, Valid Loss: 14.0789, Valid RMSE: 45.6218, Valid MAPE: 6.1101, Valid WMAPE: 0.0809
No update
Iter: 000, Train Loss: 11.1479, Train RMSE: 23.8594, Train MAPE: 2.5368, Train WMAPE: 0.0619
Iter: 050, Train Loss: 11.3978, Train RMSE: 24.5250, Train MAPE: 1.1566, Train WMAPE: 0.0625
Epoch: 032, Training Time: 14.9848 secs
Epoch: 032, Inference Time: 1.8157 secs
Epoch: 032, Train Loss: 9.7949, Train RMSE: 20.9460, Train MAPE: 1.8008, Train WMAPE: 0.0548, 
Epoch: 032, Valid Loss: 13.7597, Valid RMSE: 44.6950, Valid MAPE: 5.8120, Valid WMAPE: 0.0790
No update
Iter: 000, Train Loss: 10.6494, Train RMSE: 22.6408, Train MAPE: 2.1175, Train WMAPE: 0.0591
Iter: 050, Train Loss: 11.4140, Train RMSE: 24.5392, Train MAPE: 1.3550, Train WMAPE: 0.0626
Epoch: 033, Training Time: 15.1784 secs
Epoch: 033, Inference Time: 1.8088 secs
Epoch: 033, Train Loss: 9.7837, Train RMSE: 20.8080, Train MAPE: 1.9185, Train WMAPE: 0.0547, 
Epoch: 033, Valid Loss: 13.3161, Valid RMSE: 44.5187, Valid MAPE: 5.7001, Valid WMAPE: 0.0765
###Update tasks appear###
Updating! Valid Loss: 13.316104309899467, epoch:  33
Iter: 000, Train Loss: 10.1583, Train RMSE: 22.3615, Train MAPE: 2.1583, Train WMAPE: 0.0564
Iter: 050, Train Loss: 11.2471, Train RMSE: 23.8071, Train MAPE: 1.0620, Train WMAPE: 0.0617
Epoch: 034, Training Time: 15.1877 secs
Epoch: 034, Inference Time: 1.9645 secs
Epoch: 034, Train Loss: 9.6314, Train RMSE: 20.5083, Train MAPE: 1.8982, Train WMAPE: 0.0539, 
Epoch: 034, Valid Loss: 13.4550, Valid RMSE: 44.3451, Valid MAPE: 8.0490, Valid WMAPE: 0.0773
No update
Iter: 000, Train Loss: 10.3274, Train RMSE: 22.1982, Train MAPE: 3.0101, Train WMAPE: 0.0573
Iter: 050, Train Loss: 11.5902, Train RMSE: 24.5739, Train MAPE: 1.4156, Train WMAPE: 0.0636
Epoch: 035, Training Time: 15.7289 secs
Epoch: 035, Inference Time: 1.8733 secs
Epoch: 035, Train Loss: 9.6824, Train RMSE: 20.5573, Train MAPE: 1.8056, Train WMAPE: 0.0542, 
Epoch: 035, Valid Loss: 14.0307, Valid RMSE: 45.4452, Valid MAPE: 3.0579, Valid WMAPE: 0.0806
No update
Iter: 000, Train Loss: 11.2300, Train RMSE: 23.6512, Train MAPE: 1.2869, Train WMAPE: 0.0623
Iter: 050, Train Loss: 11.6353, Train RMSE: 24.1696, Train MAPE: 1.7092, Train WMAPE: 0.0638
Epoch: 036, Training Time: 15.2924 secs
Epoch: 036, Inference Time: 1.8891 secs
Epoch: 036, Train Loss: 9.6978, Train RMSE: 20.5270, Train MAPE: 1.8732, Train WMAPE: 0.0542, 
Epoch: 036, Valid Loss: 12.9967, Valid RMSE: 44.2382, Valid MAPE: 5.2186, Valid WMAPE: 0.0747
###Update tasks appear###
Updating! Valid Loss: 12.996690954480853, epoch:  36
Iter: 000, Train Loss: 9.7219, Train RMSE: 21.4777, Train MAPE: 1.8793, Train WMAPE: 0.0540
Iter: 050, Train Loss: 11.3358, Train RMSE: 23.4754, Train MAPE: 1.9700, Train WMAPE: 0.0622
Epoch: 037, Training Time: 15.0784 secs
Epoch: 037, Inference Time: 1.8959 secs
Epoch: 037, Train Loss: 9.4313, Train RMSE: 20.0296, Train MAPE: 1.8595, Train WMAPE: 0.0527, 
Epoch: 037, Valid Loss: 13.3525, Valid RMSE: 44.1908, Valid MAPE: 8.1817, Valid WMAPE: 0.0767
No update
Iter: 000, Train Loss: 10.2679, Train RMSE: 22.0438, Train MAPE: 2.9560, Train WMAPE: 0.0570
Iter: 050, Train Loss: 11.0378, Train RMSE: 22.9638, Train MAPE: 1.2979, Train WMAPE: 0.0605
Epoch: 038, Training Time: 15.5008 secs
Epoch: 038, Inference Time: 2.1028 secs
Epoch: 038, Train Loss: 9.4658, Train RMSE: 20.0587, Train MAPE: 1.8109, Train WMAPE: 0.0529, 
Epoch: 038, Valid Loss: 13.6189, Valid RMSE: 44.7648, Valid MAPE: 7.2705, Valid WMAPE: 0.0782
No update
Iter: 000, Train Loss: 10.6475, Train RMSE: 22.5297, Train MAPE: 2.9347, Train WMAPE: 0.0591
Iter: 050, Train Loss: 10.8579, Train RMSE: 22.6424, Train MAPE: 1.2409, Train WMAPE: 0.0595
Epoch: 039, Training Time: 15.1929 secs
Epoch: 039, Inference Time: 1.8788 secs
Epoch: 039, Train Loss: 9.4065, Train RMSE: 19.9246, Train MAPE: 1.8074, Train WMAPE: 0.0526, 
Epoch: 039, Valid Loss: 12.9506, Valid RMSE: 43.7850, Valid MAPE: 5.6338, Valid WMAPE: 0.0744
###Update tasks appear###
Updating! Valid Loss: 12.950610365186419, epoch:  39
Iter: 000, Train Loss: 9.8380, Train RMSE: 21.3341, Train MAPE: 2.1971, Train WMAPE: 0.0546
Iter: 050, Train Loss: 10.7981, Train RMSE: 22.4004, Train MAPE: 1.3204, Train WMAPE: 0.0592
Epoch: 040, Training Time: 15.3088 secs
Epoch: 040, Inference Time: 1.9576 secs
Epoch: 040, Train Loss: 9.2444, Train RMSE: 19.5743, Train MAPE: 1.8314, Train WMAPE: 0.0517, 
Epoch: 040, Valid Loss: 13.1018, Valid RMSE: 43.9426, Valid MAPE: 7.5135, Valid WMAPE: 0.0753
No update
Iter: 000, Train Loss: 9.8799, Train RMSE: 21.2877, Train MAPE: 2.8533, Train WMAPE: 0.0548
Iter: 050, Train Loss: 10.6452, Train RMSE: 21.9097, Train MAPE: 1.5002, Train WMAPE: 0.0584
Epoch: 041, Training Time: 15.3057 secs
Epoch: 041, Inference Time: 1.8983 secs
Epoch: 041, Train Loss: 9.2497, Train RMSE: 19.5327, Train MAPE: 1.8559, Train WMAPE: 0.0517, 
Epoch: 041, Valid Loss: 12.7456, Valid RMSE: 43.9416, Valid MAPE: 3.6591, Valid WMAPE: 0.0732
###Update tasks appear###
Updating! Valid Loss: 12.745550632476807, epoch:  41
Iter: 000, Train Loss: 9.6177, Train RMSE: 21.3950, Train MAPE: 1.4475, Train WMAPE: 0.0534
Iter: 050, Train Loss: 10.6610, Train RMSE: 22.2833, Train MAPE: 1.2275, Train WMAPE: 0.0585
Epoch: 042, Training Time: 15.3819 secs
Epoch: 042, Inference Time: 1.8837 secs
Epoch: 042, Train Loss: 9.2037, Train RMSE: 19.4377, Train MAPE: 1.8878, Train WMAPE: 0.0515, 
Epoch: 042, Valid Loss: 12.6273, Valid RMSE: 43.8742, Valid MAPE: 2.8655, Valid WMAPE: 0.0725
###Update tasks appear###
Updating! Valid Loss: 12.627307210649763, epoch:  42
Iter: 000, Train Loss: 9.5186, Train RMSE: 21.1062, Train MAPE: 1.2118, Train WMAPE: 0.0528
Iter: 050, Train Loss: 10.6432, Train RMSE: 21.8692, Train MAPE: 1.7105, Train WMAPE: 0.0584
Epoch: 043, Training Time: 14.9843 secs
Epoch: 043, Inference Time: 1.9035 secs
Epoch: 043, Train Loss: 9.1764, Train RMSE: 19.3454, Train MAPE: 1.8240, Train WMAPE: 0.0513, 
Epoch: 043, Valid Loss: 13.5060, Valid RMSE: 44.5246, Valid MAPE: 4.0345, Valid WMAPE: 0.0776
No update
Iter: 000, Train Loss: 10.7994, Train RMSE: 22.6795, Train MAPE: 1.5355, Train WMAPE: 0.0600
Iter: 050, Train Loss: 10.3169, Train RMSE: 21.4035, Train MAPE: 1.3289, Train WMAPE: 0.0566
Epoch: 044, Training Time: 15.1442 secs
Epoch: 044, Inference Time: 1.8387 secs
Epoch: 044, Train Loss: 9.1221, Train RMSE: 19.2759, Train MAPE: 1.8192, Train WMAPE: 0.0510, 
Epoch: 044, Valid Loss: 12.7647, Valid RMSE: 43.7931, Valid MAPE: 4.1546, Valid WMAPE: 0.0733
No update
Iter: 000, Train Loss: 9.5873, Train RMSE: 20.8314, Train MAPE: 1.5783, Train WMAPE: 0.0532
Iter: 050, Train Loss: 10.2108, Train RMSE: 21.2032, Train MAPE: 1.2577, Train WMAPE: 0.0560
Epoch: 045, Training Time: 14.7569 secs
Epoch: 045, Inference Time: 1.8310 secs
Epoch: 045, Train Loss: 9.0517, Train RMSE: 19.1259, Train MAPE: 1.8524, Train WMAPE: 0.0506, 
Epoch: 045, Valid Loss: 12.5341, Valid RMSE: 43.4319, Valid MAPE: 5.2157, Valid WMAPE: 0.0720
###Update tasks appear###
Updating! Valid Loss: 12.534139360700335, epoch:  45
Iter: 000, Train Loss: 9.3242, Train RMSE: 20.2387, Train MAPE: 1.8999, Train WMAPE: 0.0518
Iter: 050, Train Loss: 10.2522, Train RMSE: 21.2624, Train MAPE: 1.1776, Train WMAPE: 0.0562
Epoch: 046, Training Time: 14.6799 secs
Epoch: 046, Inference Time: 1.9021 secs
Epoch: 046, Train Loss: 8.9313, Train RMSE: 18.9543, Train MAPE: 1.7491, Train WMAPE: 0.0500, 
Epoch: 046, Valid Loss: 12.7634, Valid RMSE: 43.5395, Valid MAPE: 7.5438, Valid WMAPE: 0.0733
No update
Iter: 000, Train Loss: 9.5759, Train RMSE: 20.4989, Train MAPE: 2.8404, Train WMAPE: 0.0532
Iter: 050, Train Loss: 10.2386, Train RMSE: 21.3105, Train MAPE: 0.8502, Train WMAPE: 0.0561
Epoch: 047, Training Time: 15.6966 secs
Epoch: 047, Inference Time: 1.9933 secs
Epoch: 047, Train Loss: 8.9903, Train RMSE: 18.9793, Train MAPE: 1.8357, Train WMAPE: 0.0503, 
Epoch: 047, Valid Loss: 12.3200, Valid RMSE: 43.6876, Valid MAPE: 2.8566, Valid WMAPE: 0.0708
###Update tasks appear###
Updating! Valid Loss: 12.319981030055455, epoch:  47
Iter: 000, Train Loss: 9.1376, Train RMSE: 20.2940, Train MAPE: 1.2313, Train WMAPE: 0.0507
Iter: 050, Train Loss: 10.4194, Train RMSE: 21.3030, Train MAPE: 1.8221, Train WMAPE: 0.0571
Epoch: 048, Training Time: 15.1789 secs
Epoch: 048, Inference Time: 1.8098 secs
Epoch: 048, Train Loss: 8.8921, Train RMSE: 18.8177, Train MAPE: 1.7576, Train WMAPE: 0.0497, 
Epoch: 048, Valid Loss: 12.3443, Valid RMSE: 43.4928, Valid MAPE: 3.8008, Valid WMAPE: 0.0709
No update
Iter: 000, Train Loss: 9.1039, Train RMSE: 19.9327, Train MAPE: 1.3757, Train WMAPE: 0.0505
Iter: 050, Train Loss: 10.2118, Train RMSE: 20.5999, Train MAPE: 1.9856, Train WMAPE: 0.0560
Epoch: 049, Training Time: 15.9214 secs
Epoch: 049, Inference Time: 2.0975 secs
Epoch: 049, Train Loss: 8.8597, Train RMSE: 18.7671, Train MAPE: 1.7220, Train WMAPE: 0.0496, 
Epoch: 049, Valid Loss: 12.7277, Valid RMSE: 43.4576, Valid MAPE: 7.5406, Valid WMAPE: 0.0731
No update
Iter: 000, Train Loss: 9.5079, Train RMSE: 20.2143, Train MAPE: 2.9770, Train WMAPE: 0.0528
Iter: 050, Train Loss: 9.9287, Train RMSE: 20.6127, Train MAPE: 1.2075, Train WMAPE: 0.0544
Epoch: 050, Training Time: 15.3892 secs
Epoch: 050, Inference Time: 1.8931 secs
Epoch: 050, Train Loss: 8.8185, Train RMSE: 18.6451, Train MAPE: 1.7310, Train WMAPE: 0.0493, 
Epoch: 050, Valid Loss: 12.6930, Valid RMSE: 43.5683, Valid MAPE: 7.6972, Valid WMAPE: 0.0729
No update
Iter: 000, Train Loss: 9.6064, Train RMSE: 20.3663, Train MAPE: 2.9795, Train WMAPE: 0.0533
Iter: 050, Train Loss: 9.7835, Train RMSE: 19.9198, Train MAPE: 1.4603, Train WMAPE: 0.0536
Epoch: 051, Training Time: 14.9996 secs
Epoch: 051, Inference Time: 1.9114 secs
Epoch: 051, Train Loss: 8.7345, Train RMSE: 18.5360, Train MAPE: 1.6781, Train WMAPE: 0.0489, 
Epoch: 051, Valid Loss: 12.5225, Valid RMSE: 43.5863, Valid MAPE: 6.3104, Valid WMAPE: 0.0719
No update
Iter: 000, Train Loss: 9.3216, Train RMSE: 20.0148, Train MAPE: 2.3553, Train WMAPE: 0.0518
Iter: 050, Train Loss: 10.0488, Train RMSE: 20.4769, Train MAPE: 1.3305, Train WMAPE: 0.0551
Epoch: 052, Training Time: 14.9017 secs
Epoch: 052, Inference Time: 1.8673 secs
Epoch: 052, Train Loss: 8.6951, Train RMSE: 18.3796, Train MAPE: 1.7390, Train WMAPE: 0.0486, 
Epoch: 052, Valid Loss: 12.3732, Valid RMSE: 43.6697, Valid MAPE: 3.6649, Valid WMAPE: 0.0711
No update
Iter: 000, Train Loss: 9.2003, Train RMSE: 20.1682, Train MAPE: 1.4963, Train WMAPE: 0.0511
Iter: 050, Train Loss: 9.9059, Train RMSE: 20.7832, Train MAPE: 1.0595, Train WMAPE: 0.0543
Epoch: 053, Training Time: 14.3974 secs
Epoch: 053, Inference Time: 1.8112 secs
Epoch: 053, Train Loss: 8.6360, Train RMSE: 18.2946, Train MAPE: 1.7206, Train WMAPE: 0.0483, 
Epoch: 053, Valid Loss: 12.0928, Valid RMSE: 43.3251, Valid MAPE: 3.3016, Valid WMAPE: 0.0694
###Update tasks appear###
Updating! Valid Loss: 12.092771257672991, epoch:  53
Iter: 000, Train Loss: 8.8439, Train RMSE: 19.5583, Train MAPE: 1.1735, Train WMAPE: 0.0491
Iter: 050, Train Loss: 9.5821, Train RMSE: 20.0713, Train MAPE: 0.8567, Train WMAPE: 0.0525
Epoch: 054, Training Time: 14.2720 secs
Epoch: 054, Inference Time: 1.8043 secs
Epoch: 054, Train Loss: 8.6348, Train RMSE: 18.2789, Train MAPE: 1.6918, Train WMAPE: 0.0483, 
Epoch: 054, Valid Loss: 12.0903, Valid RMSE: 43.1630, Valid MAPE: 3.9331, Valid WMAPE: 0.0694
###Update tasks appear###
Updating! Valid Loss: 12.090279034205846, epoch:  54
Iter: 000, Train Loss: 8.8565, Train RMSE: 19.5601, Train MAPE: 1.5499, Train WMAPE: 0.0492
Iter: 050, Train Loss: 9.7325, Train RMSE: 19.7832, Train MAPE: 0.8454, Train WMAPE: 0.0534
Epoch: 055, Training Time: 14.6638 secs
Epoch: 055, Inference Time: 1.8166 secs
Epoch: 055, Train Loss: 8.5566, Train RMSE: 18.1750, Train MAPE: 1.5462, Train WMAPE: 0.0479, 
Epoch: 055, Valid Loss: 11.9178, Valid RMSE: 42.9262, Valid MAPE: 3.0043, Valid WMAPE: 0.0684
###Update tasks appear###
Updating! Valid Loss: 11.917773178645543, epoch:  55
Iter: 000, Train Loss: 8.8848, Train RMSE: 19.5374, Train MAPE: 1.1723, Train WMAPE: 0.0493
Iter: 050, Train Loss: 9.4674, Train RMSE: 19.3577, Train MAPE: 1.1458, Train WMAPE: 0.0519
Epoch: 056, Training Time: 15.1883 secs
Epoch: 056, Inference Time: 1.9001 secs
Epoch: 056, Train Loss: 8.4277, Train RMSE: 17.9274, Train MAPE: 1.5231, Train WMAPE: 0.0471, 
Epoch: 056, Valid Loss: 11.9054, Valid RMSE: 43.0367, Valid MAPE: 2.7246, Valid WMAPE: 0.0684
###Update tasks appear###
Updating! Valid Loss: 11.905426263809204, epoch:  56
Iter: 000, Train Loss: 8.6577, Train RMSE: 19.1187, Train MAPE: 1.1567, Train WMAPE: 0.0481
Iter: 050, Train Loss: 9.2245, Train RMSE: 19.0648, Train MAPE: 0.9940, Train WMAPE: 0.0506
Epoch: 057, Training Time: 14.9477 secs
Epoch: 057, Inference Time: 1.8367 secs
Epoch: 057, Train Loss: 8.3552, Train RMSE: 17.7605, Train MAPE: 1.6344, Train WMAPE: 0.0467, 
Epoch: 057, Valid Loss: 12.3984, Valid RMSE: 43.0776, Valid MAPE: 6.7361, Valid WMAPE: 0.0712
No update
Iter: 000, Train Loss: 8.9641, Train RMSE: 19.0447, Train MAPE: 2.4018, Train WMAPE: 0.0498
Iter: 050, Train Loss: 9.0858, Train RMSE: 18.5512, Train MAPE: 0.9522, Train WMAPE: 0.0498
Epoch: 058, Training Time: 15.2841 secs
Epoch: 058, Inference Time: 1.8923 secs
Epoch: 058, Train Loss: 8.4041, Train RMSE: 17.8006, Train MAPE: 1.6670, Train WMAPE: 0.0470, 
Epoch: 058, Valid Loss: 12.1516, Valid RMSE: 42.9706, Valid MAPE: 7.0629, Valid WMAPE: 0.0698
No update
Iter: 000, Train Loss: 8.8431, Train RMSE: 19.0480, Train MAPE: 2.6865, Train WMAPE: 0.0491
Iter: 050, Train Loss: 9.5216, Train RMSE: 19.8302, Train MAPE: 1.8632, Train WMAPE: 0.0522
Epoch: 059, Training Time: 15.4054 secs
Epoch: 059, Inference Time: 1.9046 secs
Epoch: 059, Train Loss: 8.3148, Train RMSE: 17.6138, Train MAPE: 1.7247, Train WMAPE: 0.0465, 
Epoch: 059, Valid Loss: 12.0846, Valid RMSE: 43.2207, Valid MAPE: 5.0538, Valid WMAPE: 0.0694
No update
Iter: 000, Train Loss: 8.8088, Train RMSE: 19.1919, Train MAPE: 1.9623, Train WMAPE: 0.0489
Iter: 050, Train Loss: 9.6605, Train RMSE: 19.6708, Train MAPE: 0.8934, Train WMAPE: 0.0530
Epoch: 060, Training Time: 15.4087 secs
Epoch: 060, Inference Time: 1.9639 secs
Epoch: 060, Train Loss: 8.2774, Train RMSE: 17.6014, Train MAPE: 1.5909, Train WMAPE: 0.0463, 
Epoch: 060, Valid Loss: 11.8865, Valid RMSE: 43.0188, Valid MAPE: 3.9806, Valid WMAPE: 0.0683
###Update tasks appear###
Updating! Valid Loss: 11.886532987867083, epoch:  60
Iter: 000, Train Loss: 8.3033, Train RMSE: 18.3407, Train MAPE: 1.3121, Train WMAPE: 0.0461
Iter: 050, Train Loss: 9.0254, Train RMSE: 18.6216, Train MAPE: 0.8406, Train WMAPE: 0.0495
Epoch: 061, Training Time: 15.3809 secs
Epoch: 061, Inference Time: 1.9873 secs
Epoch: 061, Train Loss: 8.1730, Train RMSE: 17.3882, Train MAPE: 1.5877, Train WMAPE: 0.0457, 
Epoch: 061, Valid Loss: 12.2547, Valid RMSE: 43.0514, Valid MAPE: 6.5178, Valid WMAPE: 0.0704
No update
Iter: 000, Train Loss: 9.0282, Train RMSE: 19.2832, Train MAPE: 2.5037, Train WMAPE: 0.0501
Iter: 050, Train Loss: 9.1376, Train RMSE: 18.6348, Train MAPE: 1.5747, Train WMAPE: 0.0501
Epoch: 062, Training Time: 15.3030 secs
Epoch: 062, Inference Time: 1.8082 secs
Epoch: 062, Train Loss: 8.2497, Train RMSE: 17.4902, Train MAPE: 1.5201, Train WMAPE: 0.0461, 
Epoch: 062, Valid Loss: 12.0970, Valid RMSE: 43.1919, Valid MAPE: 3.3058, Valid WMAPE: 0.0695
No update
Iter: 000, Train Loss: 8.6790, Train RMSE: 18.5562, Train MAPE: 1.1712, Train WMAPE: 0.0482
Iter: 050, Train Loss: 8.8783, Train RMSE: 18.2600, Train MAPE: 1.1326, Train WMAPE: 0.0487
Epoch: 063, Training Time: 15.1137 secs
Epoch: 063, Inference Time: 1.9600 secs
Epoch: 063, Train Loss: 8.1025, Train RMSE: 17.2466, Train MAPE: 1.4954, Train WMAPE: 0.0453, 
Epoch: 063, Valid Loss: 11.7373, Valid RMSE: 42.9969, Valid MAPE: 3.1216, Valid WMAPE: 0.0674
###Update tasks appear###
Updating! Valid Loss: 11.737342017037529, epoch:  63
Iter: 000, Train Loss: 8.1913, Train RMSE: 18.1667, Train MAPE: 1.1699, Train WMAPE: 0.0455
Iter: 050, Train Loss: 8.7712, Train RMSE: 17.9801, Train MAPE: 1.0310, Train WMAPE: 0.0481
Epoch: 064, Training Time: 14.7827 secs
Epoch: 064, Inference Time: 1.9849 secs
Epoch: 064, Train Loss: 8.0099, Train RMSE: 17.0406, Train MAPE: 1.5842, Train WMAPE: 0.0448, 
Epoch: 064, Valid Loss: 12.1703, Valid RMSE: 43.7495, Valid MAPE: 3.4578, Valid WMAPE: 0.0699
No update
Iter: 000, Train Loss: 8.4124, Train RMSE: 18.6831, Train MAPE: 1.2207, Train WMAPE: 0.0467
Iter: 050, Train Loss: 8.7235, Train RMSE: 18.1466, Train MAPE: 1.0238, Train WMAPE: 0.0478
Epoch: 065, Training Time: 15.1009 secs
Epoch: 065, Inference Time: 1.8143 secs
Epoch: 065, Train Loss: 8.0128, Train RMSE: 17.0649, Train MAPE: 1.4703, Train WMAPE: 0.0448, 
Epoch: 065, Valid Loss: 12.0448, Valid RMSE: 43.3699, Valid MAPE: 2.9397, Valid WMAPE: 0.0692
No update
Iter: 000, Train Loss: 8.4829, Train RMSE: 18.6881, Train MAPE: 1.0855, Train WMAPE: 0.0471
Iter: 050, Train Loss: 8.8192, Train RMSE: 18.0508, Train MAPE: 1.3254, Train WMAPE: 0.0484
Epoch: 066, Training Time: 15.0750 secs
Epoch: 066, Inference Time: 1.8886 secs
Epoch: 066, Train Loss: 8.0026, Train RMSE: 17.0457, Train MAPE: 1.4679, Train WMAPE: 0.0448, 
Epoch: 066, Valid Loss: 11.7589, Valid RMSE: 42.9881, Valid MAPE: 3.8065, Valid WMAPE: 0.0675
No update
Iter: 000, Train Loss: 8.2140, Train RMSE: 17.9755, Train MAPE: 1.3613, Train WMAPE: 0.0456
Iter: 050, Train Loss: 8.8082, Train RMSE: 18.1977, Train MAPE: 0.9815, Train WMAPE: 0.0483
Epoch: 067, Training Time: 14.4955 secs
Epoch: 067, Inference Time: 1.9134 secs
Epoch: 067, Train Loss: 7.9097, Train RMSE: 16.8499, Train MAPE: 1.5051, Train WMAPE: 0.0442, 
Epoch: 067, Valid Loss: 12.2554, Valid RMSE: 43.4485, Valid MAPE: 5.1129, Valid WMAPE: 0.0704
No update
Iter: 000, Train Loss: 8.9088, Train RMSE: 18.5952, Train MAPE: 1.7074, Train WMAPE: 0.0495
Iter: 050, Train Loss: 8.4376, Train RMSE: 17.6600, Train MAPE: 1.2348, Train WMAPE: 0.0463
Epoch: 068, Training Time: 15.1112 secs
Epoch: 068, Inference Time: 1.8826 secs
Epoch: 068, Train Loss: 7.8681, Train RMSE: 16.7165, Train MAPE: 1.5650, Train WMAPE: 0.0440, 
Epoch: 068, Valid Loss: 11.7395, Valid RMSE: 42.9740, Valid MAPE: 2.6465, Valid WMAPE: 0.0674
No update
Iter: 000, Train Loss: 8.1177, Train RMSE: 18.1137, Train MAPE: 1.0338, Train WMAPE: 0.0451
Iter: 050, Train Loss: 8.4279, Train RMSE: 17.4486, Train MAPE: 0.7460, Train WMAPE: 0.0462
Epoch: 069, Training Time: 15.3799 secs
Epoch: 069, Inference Time: 1.8916 secs
Epoch: 069, Train Loss: 7.8890, Train RMSE: 16.8393, Train MAPE: 1.4463, Train WMAPE: 0.0441, 
Epoch: 069, Valid Loss: 11.5228, Valid RMSE: 42.8964, Valid MAPE: 2.7683, Valid WMAPE: 0.0662
###Update tasks appear###
Updating! Valid Loss: 11.522791453770228, epoch:  69
Iter: 000, Train Loss: 8.0166, Train RMSE: 17.9228, Train MAPE: 1.1119, Train WMAPE: 0.0445
Iter: 050, Train Loss: 8.3485, Train RMSE: 17.1544, Train MAPE: 0.8217, Train WMAPE: 0.0458
Epoch: 070, Training Time: 15.7868 secs
Epoch: 070, Inference Time: 2.0079 secs
Epoch: 070, Train Loss: 7.7673, Train RMSE: 16.5604, Train MAPE: 1.5297, Train WMAPE: 0.0434, 
Epoch: 070, Valid Loss: 11.9847, Valid RMSE: 43.1766, Valid MAPE: 6.9983, Valid WMAPE: 0.0688
No update
Iter: 000, Train Loss: 8.2140, Train RMSE: 17.8187, Train MAPE: 2.7648, Train WMAPE: 0.0456
Iter: 050, Train Loss: 9.1489, Train RMSE: 20.1009, Train MAPE: 1.0131, Train WMAPE: 0.0502
Epoch: 071, Training Time: 15.1715 secs
Epoch: 071, Inference Time: 1.8910 secs
Epoch: 071, Train Loss: 7.7775, Train RMSE: 16.6098, Train MAPE: 1.5202, Train WMAPE: 0.0435, 
Epoch: 071, Valid Loss: 11.7612, Valid RMSE: 43.0279, Valid MAPE: 4.2375, Valid WMAPE: 0.0675
No update
Iter: 000, Train Loss: 8.2809, Train RMSE: 18.4412, Train MAPE: 1.6950, Train WMAPE: 0.0460
Iter: 050, Train Loss: 8.7255, Train RMSE: 18.5390, Train MAPE: 1.2889, Train WMAPE: 0.0478
Epoch: 072, Training Time: 14.9037 secs
Epoch: 072, Inference Time: 1.7965 secs
Epoch: 072, Train Loss: 7.8100, Train RMSE: 16.6155, Train MAPE: 1.5251, Train WMAPE: 0.0437, 
Epoch: 072, Valid Loss: 11.6310, Valid RMSE: 42.8504, Valid MAPE: 3.3458, Valid WMAPE: 0.0668
No update
Iter: 000, Train Loss: 7.9229, Train RMSE: 17.6138, Train MAPE: 1.2100, Train WMAPE: 0.0440
Iter: 050, Train Loss: 8.4102, Train RMSE: 17.3431, Train MAPE: 1.1518, Train WMAPE: 0.0461
Epoch: 073, Training Time: 14.9962 secs
Epoch: 073, Inference Time: 1.8891 secs
Epoch: 073, Train Loss: 7.7638, Train RMSE: 16.6151, Train MAPE: 1.3861, Train WMAPE: 0.0434, 
Epoch: 073, Valid Loss: 11.8397, Valid RMSE: 43.0153, Valid MAPE: 4.4971, Valid WMAPE: 0.0680
No update
Iter: 000, Train Loss: 8.4326, Train RMSE: 18.2534, Train MAPE: 1.4889, Train WMAPE: 0.0468
Iter: 050, Train Loss: 8.2770, Train RMSE: 17.7233, Train MAPE: 1.2346, Train WMAPE: 0.0454
Epoch: 074, Training Time: 15.2545 secs
Epoch: 074, Inference Time: 1.8607 secs
Epoch: 074, Train Loss: 7.6315, Train RMSE: 16.2618, Train MAPE: 1.6047, Train WMAPE: 0.0427, 
Epoch: 074, Valid Loss: 11.5338, Valid RMSE: 43.1698, Valid MAPE: 2.4848, Valid WMAPE: 0.0662
No update
Iter: 000, Train Loss: 8.1350, Train RMSE: 18.0554, Train MAPE: 0.8549, Train WMAPE: 0.0452
Iter: 050, Train Loss: 8.1990, Train RMSE: 17.0007, Train MAPE: 0.8542, Train WMAPE: 0.0450
Epoch: 075, Training Time: 15.2867 secs
Epoch: 075, Inference Time: 1.8470 secs
Epoch: 075, Train Loss: 7.6583, Train RMSE: 16.4068, Train MAPE: 1.3157, Train WMAPE: 0.0428, 
Epoch: 075, Valid Loss: 11.8325, Valid RMSE: 43.1028, Valid MAPE: 3.3869, Valid WMAPE: 0.0679
No update
Iter: 000, Train Loss: 8.0967, Train RMSE: 18.0275, Train MAPE: 1.2972, Train WMAPE: 0.0450
Iter: 050, Train Loss: 8.2851, Train RMSE: 17.1169, Train MAPE: 0.8807, Train WMAPE: 0.0454
Epoch: 076, Training Time: 15.1158 secs
Epoch: 076, Inference Time: 1.8096 secs
Epoch: 076, Train Loss: 7.6502, Train RMSE: 16.3863, Train MAPE: 1.3396, Train WMAPE: 0.0428, 
Epoch: 076, Valid Loss: 11.5661, Valid RMSE: 42.7622, Valid MAPE: 3.6803, Valid WMAPE: 0.0664
No update
Iter: 000, Train Loss: 7.8109, Train RMSE: 17.3100, Train MAPE: 1.1396, Train WMAPE: 0.0434
Iter: 050, Train Loss: 8.4003, Train RMSE: 17.5134, Train MAPE: 1.3745, Train WMAPE: 0.0461
Epoch: 077, Training Time: 15.4792 secs
Epoch: 077, Inference Time: 1.8855 secs
Epoch: 077, Train Loss: 7.5942, Train RMSE: 16.2577, Train MAPE: 1.4217, Train WMAPE: 0.0425, 
Epoch: 077, Valid Loss: 12.0568, Valid RMSE: 43.5250, Valid MAPE: 3.2117, Valid WMAPE: 0.0692
No update
Iter: 000, Train Loss: 8.2688, Train RMSE: 18.0868, Train MAPE: 1.1017, Train WMAPE: 0.0459
Iter: 050, Train Loss: 8.0602, Train RMSE: 16.9148, Train MAPE: 0.9387, Train WMAPE: 0.0442
Epoch: 078, Training Time: 15.2024 secs
Epoch: 078, Inference Time: 1.8956 secs
Epoch: 078, Train Loss: 7.5870, Train RMSE: 16.2260, Train MAPE: 1.3795, Train WMAPE: 0.0424, 
Epoch: 078, Valid Loss: 11.4954, Valid RMSE: 42.9224, Valid MAPE: 3.0047, Valid WMAPE: 0.0660
###Update tasks appear###
Updating! Valid Loss: 11.495354448046003, epoch:  78
Iter: 000, Train Loss: 7.7229, Train RMSE: 17.3771, Train MAPE: 1.0296, Train WMAPE: 0.0429
Iter: 050, Train Loss: 7.9357, Train RMSE: 16.6830, Train MAPE: 1.2255, Train WMAPE: 0.0435
Epoch: 079, Training Time: 15.4050 secs
Epoch: 079, Inference Time: 1.9857 secs
Epoch: 079, Train Loss: 7.5174, Train RMSE: 16.0567, Train MAPE: 1.4835, Train WMAPE: 0.0420, 
Epoch: 079, Valid Loss: 11.8156, Valid RMSE: 43.0205, Valid MAPE: 5.6446, Valid WMAPE: 0.0679
No update
Iter: 000, Train Loss: 8.2253, Train RMSE: 17.7369, Train MAPE: 1.8966, Train WMAPE: 0.0457
Iter: 050, Train Loss: 7.7697, Train RMSE: 16.0675, Train MAPE: 1.3377, Train WMAPE: 0.0426
Epoch: 080, Training Time: 15.1808 secs
Epoch: 080, Inference Time: 1.9084 secs
Epoch: 080, Train Loss: 7.4190, Train RMSE: 15.8656, Train MAPE: 1.4704, Train WMAPE: 0.0415, 
Epoch: 080, Valid Loss: 11.5312, Valid RMSE: 42.7618, Valid MAPE: 2.8411, Valid WMAPE: 0.0662
No update
Iter: 000, Train Loss: 7.7650, Train RMSE: 17.2983, Train MAPE: 0.8459, Train WMAPE: 0.0431
Iter: 050, Train Loss: 7.6907, Train RMSE: 15.8400, Train MAPE: 0.9201, Train WMAPE: 0.0422
Epoch: 081, Training Time: 15.3767 secs
Epoch: 081, Inference Time: 1.7949 secs
Epoch: 081, Train Loss: 7.4957, Train RMSE: 15.9528, Train MAPE: 1.4678, Train WMAPE: 0.0419, 
Epoch: 081, Valid Loss: 11.8615, Valid RMSE: 42.4804, Valid MAPE: 3.2253, Valid WMAPE: 0.0681
No update
Iter: 000, Train Loss: 8.1865, Train RMSE: 17.7205, Train MAPE: 1.1448, Train WMAPE: 0.0454
Iter: 050, Train Loss: 8.0536, Train RMSE: 16.6051, Train MAPE: 0.8398, Train WMAPE: 0.0442
Epoch: 082, Training Time: 15.2673 secs
Epoch: 082, Inference Time: 2.0449 secs
Epoch: 082, Train Loss: 7.5076, Train RMSE: 16.0154, Train MAPE: 1.3863, Train WMAPE: 0.0420, 
Epoch: 082, Valid Loss: 11.5047, Valid RMSE: 43.1808, Valid MAPE: 3.6564, Valid WMAPE: 0.0661
No update
Iter: 000, Train Loss: 7.7631, Train RMSE: 17.5604, Train MAPE: 1.5173, Train WMAPE: 0.0431
Iter: 050, Train Loss: 7.8223, Train RMSE: 16.2132, Train MAPE: 1.1362, Train WMAPE: 0.0429
Epoch: 083, Training Time: 15.9028 secs
Epoch: 083, Inference Time: 1.9688 secs
Epoch: 083, Train Loss: 7.3851, Train RMSE: 15.8517, Train MAPE: 1.4493, Train WMAPE: 0.0413, 
Epoch: 083, Valid Loss: 11.5087, Valid RMSE: 42.7866, Valid MAPE: 2.4062, Valid WMAPE: 0.0661
No update
Iter: 000, Train Loss: 7.5961, Train RMSE: 17.0379, Train MAPE: 0.8786, Train WMAPE: 0.0422
Iter: 050, Train Loss: 7.9885, Train RMSE: 16.8930, Train MAPE: 0.9654, Train WMAPE: 0.0438
Epoch: 084, Training Time: 15.3922 secs
Epoch: 084, Inference Time: 1.7995 secs
Epoch: 084, Train Loss: 7.3583, Train RMSE: 15.7831, Train MAPE: 1.2719, Train WMAPE: 0.0412, 
Epoch: 084, Valid Loss: 11.4932, Valid RMSE: 42.7031, Valid MAPE: 2.9031, Valid WMAPE: 0.0660
###Update tasks appear###
Updating! Valid Loss: 11.493165118353707, epoch:  84
Iter: 000, Train Loss: 7.4487, Train RMSE: 16.7747, Train MAPE: 0.9660, Train WMAPE: 0.0414
Iter: 050, Train Loss: 7.6873, Train RMSE: 15.6900, Train MAPE: 0.7817, Train WMAPE: 0.0422
Epoch: 085, Training Time: 15.3613 secs
Epoch: 085, Inference Time: 1.9214 secs
Epoch: 085, Train Loss: 7.3586, Train RMSE: 15.7608, Train MAPE: 1.3723, Train WMAPE: 0.0412, 
Epoch: 085, Valid Loss: 11.4514, Valid RMSE: 42.4818, Valid MAPE: 4.1766, Valid WMAPE: 0.0658
###Update tasks appear###
Updating! Valid Loss: 11.451350552695137, epoch:  85
Iter: 000, Train Loss: 7.8729, Train RMSE: 17.7019, Train MAPE: 1.4810, Train WMAPE: 0.0437
Iter: 050, Train Loss: 7.5554, Train RMSE: 15.5703, Train MAPE: 0.8765, Train WMAPE: 0.0414
Epoch: 086, Training Time: 15.1605 secs
Epoch: 086, Inference Time: 1.8891 secs
Epoch: 086, Train Loss: 7.2219, Train RMSE: 15.4705, Train MAPE: 1.3666, Train WMAPE: 0.0404, 
Epoch: 086, Valid Loss: 11.4301, Valid RMSE: 42.7417, Valid MAPE: 3.9019, Valid WMAPE: 0.0656
###Update tasks appear###
Updating! Valid Loss: 11.430123771939959, epoch:  86
Iter: 000, Train Loss: 7.7146, Train RMSE: 17.5292, Train MAPE: 1.3874, Train WMAPE: 0.0428
Iter: 050, Train Loss: 7.9503, Train RMSE: 17.0543, Train MAPE: 0.9339, Train WMAPE: 0.0436
Epoch: 087, Training Time: 15.6826 secs
Epoch: 087, Inference Time: 1.9866 secs
Epoch: 087, Train Loss: 7.2242, Train RMSE: 15.5236, Train MAPE: 1.3879, Train WMAPE: 0.0404, 
Epoch: 087, Valid Loss: 11.6388, Valid RMSE: 42.7283, Valid MAPE: 5.1416, Valid WMAPE: 0.0668
No update
Iter: 000, Train Loss: 7.5187, Train RMSE: 16.5061, Train MAPE: 1.7701, Train WMAPE: 0.0417
Iter: 050, Train Loss: 7.6412, Train RMSE: 15.9390, Train MAPE: 0.9666, Train WMAPE: 0.0419
Epoch: 088, Training Time: 15.1301 secs
Epoch: 088, Inference Time: 1.8788 secs
Epoch: 088, Train Loss: 7.2123, Train RMSE: 15.5028, Train MAPE: 1.3632, Train WMAPE: 0.0403, 
Epoch: 088, Valid Loss: 11.4126, Valid RMSE: 42.5838, Valid MAPE: 4.0529, Valid WMAPE: 0.0655
###Update tasks appear###
Updating! Valid Loss: 11.412606852395195, epoch:  88
Iter: 000, Train Loss: 7.6727, Train RMSE: 17.2769, Train MAPE: 1.5424, Train WMAPE: 0.0426
Iter: 050, Train Loss: 7.6081, Train RMSE: 15.5651, Train MAPE: 0.8924, Train WMAPE: 0.0417
Epoch: 089, Training Time: 15.1617 secs
Epoch: 089, Inference Time: 1.9114 secs
Epoch: 089, Train Loss: 7.2050, Train RMSE: 15.4334, Train MAPE: 1.3232, Train WMAPE: 0.0403, 
Epoch: 089, Valid Loss: 11.5475, Valid RMSE: 42.8607, Valid MAPE: 4.7750, Valid WMAPE: 0.0663
No update
Iter: 000, Train Loss: 7.7085, Train RMSE: 17.0974, Train MAPE: 1.8499, Train WMAPE: 0.0428
Iter: 050, Train Loss: 7.6275, Train RMSE: 15.6539, Train MAPE: 0.9827, Train WMAPE: 0.0418
Epoch: 090, Training Time: 15.2779 secs
Epoch: 090, Inference Time: 1.9089 secs
Epoch: 090, Train Loss: 7.2253, Train RMSE: 15.4058, Train MAPE: 1.4336, Train WMAPE: 0.0404, 
Epoch: 090, Valid Loss: 11.3210, Valid RMSE: 42.7067, Valid MAPE: 3.5496, Valid WMAPE: 0.0650
###Update tasks appear###
Updating! Valid Loss: 11.321049179349627, epoch:  90
Iter: 000, Train Loss: 7.3579, Train RMSE: 16.6898, Train MAPE: 1.2399, Train WMAPE: 0.0408
Iter: 050, Train Loss: 7.5659, Train RMSE: 15.8735, Train MAPE: 0.9860, Train WMAPE: 0.0415
Epoch: 091, Training Time: 14.9312 secs
Epoch: 091, Inference Time: 1.8368 secs
Epoch: 091, Train Loss: 7.2494, Train RMSE: 15.5565, Train MAPE: 1.2617, Train WMAPE: 0.0405, 
Epoch: 091, Valid Loss: 11.3218, Valid RMSE: 42.4423, Valid MAPE: 3.1471, Valid WMAPE: 0.0650
No update
Iter: 000, Train Loss: 7.9442, Train RMSE: 17.7136, Train MAPE: 1.0555, Train WMAPE: 0.0441
Iter: 050, Train Loss: 7.3707, Train RMSE: 15.4320, Train MAPE: 0.8753, Train WMAPE: 0.0404
Epoch: 092, Training Time: 15.3850 secs
Epoch: 092, Inference Time: 1.9082 secs
Epoch: 092, Train Loss: 7.2216, Train RMSE: 15.5151, Train MAPE: 1.3086, Train WMAPE: 0.0404, 
Epoch: 092, Valid Loss: 11.3076, Valid RMSE: 42.4474, Valid MAPE: 2.6428, Valid WMAPE: 0.0649
###Update tasks appear###
Updating! Valid Loss: 11.307595355170113, epoch:  92
Iter: 000, Train Loss: 7.8645, Train RMSE: 17.1854, Train MAPE: 0.8969, Train WMAPE: 0.0437
Iter: 050, Train Loss: 7.3320, Train RMSE: 15.0529, Train MAPE: 1.0738, Train WMAPE: 0.0402
Epoch: 093, Training Time: 15.3643 secs
Epoch: 093, Inference Time: 1.9039 secs
Epoch: 093, Train Loss: 7.1566, Train RMSE: 15.3390, Train MAPE: 1.3036, Train WMAPE: 0.0400, 
Epoch: 093, Valid Loss: 11.4634, Valid RMSE: 42.6548, Valid MAPE: 2.7161, Valid WMAPE: 0.0658
No update
Iter: 000, Train Loss: 8.1245, Train RMSE: 18.0982, Train MAPE: 0.9708, Train WMAPE: 0.0451
Iter: 050, Train Loss: 7.8885, Train RMSE: 16.5199, Train MAPE: 0.9484, Train WMAPE: 0.0433
Epoch: 094, Training Time: 15.3817 secs
Epoch: 094, Inference Time: 1.9967 secs
Epoch: 094, Train Loss: 7.1850, Train RMSE: 15.4519, Train MAPE: 1.1644, Train WMAPE: 0.0402, 
Epoch: 094, Valid Loss: 11.4358, Valid RMSE: 42.2857, Valid MAPE: 4.6042, Valid WMAPE: 0.0657
No update
Iter: 000, Train Loss: 7.5975, Train RMSE: 16.8822, Train MAPE: 1.6429, Train WMAPE: 0.0422
Iter: 050, Train Loss: 7.8198, Train RMSE: 15.8457, Train MAPE: 1.1913, Train WMAPE: 0.0429
Epoch: 095, Training Time: 15.2025 secs
Epoch: 095, Inference Time: 1.8803 secs
Epoch: 095, Train Loss: 7.1959, Train RMSE: 15.5141, Train MAPE: 1.2185, Train WMAPE: 0.0402, 
Epoch: 095, Valid Loss: 11.1167, Valid RMSE: 42.0256, Valid MAPE: 2.7581, Valid WMAPE: 0.0638
###Update tasks appear###
Updating! Valid Loss: 11.11673811503819, epoch:  95
Iter: 000, Train Loss: 7.3566, Train RMSE: 16.8798, Train MAPE: 0.9579, Train WMAPE: 0.0408
Iter: 050, Train Loss: 7.6557, Train RMSE: 15.7222, Train MAPE: 0.7700, Train WMAPE: 0.0420
Epoch: 096, Training Time: 14.9867 secs
Epoch: 096, Inference Time: 1.9015 secs
Epoch: 096, Train Loss: 7.1088, Train RMSE: 15.3601, Train MAPE: 1.1377, Train WMAPE: 0.0398, 
Epoch: 096, Valid Loss: 11.0644, Valid RMSE: 42.0114, Valid MAPE: 2.1699, Valid WMAPE: 0.0635
###Update tasks appear###
Updating! Valid Loss: 11.064361231667656, epoch:  96
Iter: 000, Train Loss: 7.2152, Train RMSE: 16.3279, Train MAPE: 0.7621, Train WMAPE: 0.0401
Iter: 050, Train Loss: 7.6418, Train RMSE: 15.9909, Train MAPE: 0.9842, Train WMAPE: 0.0419
Epoch: 097, Training Time: 15.4946 secs
Epoch: 097, Inference Time: 1.9688 secs
Epoch: 097, Train Loss: 7.0499, Train RMSE: 15.1715, Train MAPE: 1.1443, Train WMAPE: 0.0394, 
Epoch: 097, Valid Loss: 11.2592, Valid RMSE: 42.3451, Valid MAPE: 3.3684, Valid WMAPE: 0.0647
No update
Iter: 000, Train Loss: 7.2617, Train RMSE: 16.2482, Train MAPE: 1.2629, Train WMAPE: 0.0403
Iter: 050, Train Loss: 7.0940, Train RMSE: 14.5794, Train MAPE: 0.9106, Train WMAPE: 0.0389
Epoch: 098, Training Time: 15.3924 secs
Epoch: 098, Inference Time: 1.8908 secs
Epoch: 098, Train Loss: 6.9868, Train RMSE: 15.1197, Train MAPE: 1.0957, Train WMAPE: 0.0391, 
Epoch: 098, Valid Loss: 11.1172, Valid RMSE: 42.2662, Valid MAPE: 2.7965, Valid WMAPE: 0.0638
No update
Iter: 000, Train Loss: 7.2792, Train RMSE: 16.4809, Train MAPE: 1.0147, Train WMAPE: 0.0404
Iter: 050, Train Loss: 7.1301, Train RMSE: 14.8900, Train MAPE: 0.8675, Train WMAPE: 0.0391
Epoch: 099, Training Time: 15.2913 secs
Epoch: 099, Inference Time: 1.8026 secs
Epoch: 099, Train Loss: 6.9818, Train RMSE: 15.0562, Train MAPE: 1.1419, Train WMAPE: 0.0390, 
Epoch: 099, Valid Loss: 10.9790, Valid RMSE: 41.9516, Valid MAPE: 2.4892, Valid WMAPE: 0.0630
###Update tasks appear###
Updating! Valid Loss: 10.97903823852539, epoch:  99
Iter: 000, Train Loss: 7.1924, Train RMSE: 16.2844, Train MAPE: 0.8818, Train WMAPE: 0.0399
Iter: 050, Train Loss: 7.3753, Train RMSE: 15.1781, Train MAPE: 0.8125, Train WMAPE: 0.0404
Epoch: 100, Training Time: 15.3756 secs
Epoch: 100, Inference Time: 1.8942 secs
Epoch: 100, Train Loss: 6.9155, Train RMSE: 14.9482, Train MAPE: 1.1146, Train WMAPE: 0.0387, 
Epoch: 100, Valid Loss: 11.1847, Valid RMSE: 42.1380, Valid MAPE: 3.0711, Valid WMAPE: 0.0642
No update
Iter: 000, Train Loss: 7.4605, Train RMSE: 16.5681, Train MAPE: 1.0846, Train WMAPE: 0.0414
Iter: 050, Train Loss: 7.4052, Train RMSE: 15.4439, Train MAPE: 1.3488, Train WMAPE: 0.0406
Epoch: 101, Training Time: 15.5210 secs
Epoch: 101, Inference Time: 1.8866 secs
Epoch: 101, Train Loss: 6.9684, Train RMSE: 15.0111, Train MAPE: 1.2666, Train WMAPE: 0.0390, 
Epoch: 101, Valid Loss: 11.0767, Valid RMSE: 41.8162, Valid MAPE: 3.4959, Valid WMAPE: 0.0636
No update
Iter: 000, Train Loss: 7.1264, Train RMSE: 15.8502, Train MAPE: 1.1108, Train WMAPE: 0.0396
Iter: 050, Train Loss: 7.5735, Train RMSE: 15.6434, Train MAPE: 0.9595, Train WMAPE: 0.0415
Epoch: 102, Training Time: 15.3449 secs
Epoch: 102, Inference Time: 1.9581 secs
Epoch: 102, Train Loss: 6.9599, Train RMSE: 15.0423, Train MAPE: 1.2505, Train WMAPE: 0.0389, 
Epoch: 102, Valid Loss: 10.9881, Valid RMSE: 41.8997, Valid MAPE: 3.0045, Valid WMAPE: 0.0631
No update
Iter: 000, Train Loss: 7.1771, Train RMSE: 16.2152, Train MAPE: 0.9702, Train WMAPE: 0.0398
Iter: 050, Train Loss: 7.1229, Train RMSE: 14.4313, Train MAPE: 1.0410, Train WMAPE: 0.0391
Epoch: 103, Training Time: 15.4256 secs
Epoch: 103, Inference Time: 1.8880 secs
Epoch: 103, Train Loss: 6.8902, Train RMSE: 14.7886, Train MAPE: 1.3828, Train WMAPE: 0.0385, 
Epoch: 103, Valid Loss: 10.9627, Valid RMSE: 41.7902, Valid MAPE: 2.8470, Valid WMAPE: 0.0629
###Update tasks appear###
Evaluate best model on test data for horizon 1, Test MAE: 9.2731, Test RMSE: 62.5259, Test MAPE: 6.0807, Test WMAPE: 0.0538
Evaluate best model on test data for horizon 2, Test MAE: 10.0761, Test RMSE: 53.8711, Test MAPE: 10.0217, Test WMAPE: 0.0585
Evaluate best model on test data for horizon 3, Test MAE: 10.3043, Test RMSE: 42.3197, Test MAPE: 13.1577, Test WMAPE: 0.0598
Evaluate best model on test data for horizon 4, Test MAE: 11.9571, Test RMSE: 51.1269, Test MAPE: 14.9718, Test WMAPE: 0.0695
Evaluate best model on test data for horizon 5, Test MAE: 13.2000, Test RMSE: 55.4130, Test MAPE: 16.1974, Test WMAPE: 0.0767
Evaluate best model on test data for horizon 6, Test MAE: 13.4663, Test RMSE: 49.1697, Test MAPE: 17.5361, Test WMAPE: 0.0783
Evaluate best model on test data for horizon 7, Test MAE: 14.4013, Test RMSE: 52.0338, Test MAPE: 17.8254, Test WMAPE: 0.0837
Evaluate best model on test data for horizon 8, Test MAE: 15.3535, Test RMSE: 56.0899, Test MAPE: 17.7052, Test WMAPE: 0.0893
Evaluate best model on test data for horizon 9, Test MAE: 15.7855, Test RMSE: 55.8784, Test MAPE: 17.6156, Test WMAPE: 0.0918
Evaluate best model on test data for horizon 10, Test MAE: 15.7962, Test RMSE: 52.3006, Test MAPE: 17.6064, Test WMAPE: 0.0919
Evaluate best model on test data for horizon 11, Test MAE: 16.5927, Test RMSE: 59.1324, Test MAPE: 17.6289, Test WMAPE: 0.0965
Evaluate best model on test data for horizon 12, Test MAE: 16.8330, Test RMSE: 59.2790, Test MAPE: 17.4855, Test WMAPE: 0.0979
On average over 12 horizons, Test MAE: 13.5866, Test RMSE: 54.0950, Test MAPE: 15.3194, Test WMAPE: 0.0790
Test low! Updating! Test Loss: 13.586578051249186, Test low! Updating! Valid Loss: 10.962700128555298, epoch:  103
Iter: 000, Train Loss: 7.3215, Train RMSE: 16.7341, Train MAPE: 0.8748, Train WMAPE: 0.0406
Iter: 050, Train Loss: 7.1040, Train RMSE: 14.5858, Train MAPE: 0.8215, Train WMAPE: 0.0390
Epoch: 104, Training Time: 15.3619 secs
Epoch: 104, Inference Time: 1.8928 secs
Epoch: 104, Train Loss: 6.8537, Train RMSE: 14.7414, Train MAPE: 1.3514, Train WMAPE: 0.0383, 
Epoch: 104, Valid Loss: 11.0854, Valid RMSE: 41.6975, Valid MAPE: 4.6455, Valid WMAPE: 0.0636
No update
Iter: 000, Train Loss: 7.4108, Train RMSE: 16.5490, Train MAPE: 1.6581, Train WMAPE: 0.0411
Iter: 050, Train Loss: 6.9761, Train RMSE: 14.4794, Train MAPE: 0.6833, Train WMAPE: 0.0383
Epoch: 105, Training Time: 14.9546 secs
Epoch: 105, Inference Time: 1.9310 secs
Epoch: 105, Train Loss: 6.8700, Train RMSE: 14.7203, Train MAPE: 1.3361, Train WMAPE: 0.0384, 
Epoch: 105, Valid Loss: 11.1903, Valid RMSE: 41.8827, Valid MAPE: 4.8890, Valid WMAPE: 0.0643
No update
Iter: 000, Train Loss: 7.4170, Train RMSE: 16.6988, Train MAPE: 1.8114, Train WMAPE: 0.0412
Iter: 050, Train Loss: 6.9720, Train RMSE: 14.2139, Train MAPE: 1.1221, Train WMAPE: 0.0382
Epoch: 106, Training Time: 15.4211 secs
Epoch: 106, Inference Time: 1.8829 secs
Epoch: 106, Train Loss: 6.8853, Train RMSE: 14.7462, Train MAPE: 1.2958, Train WMAPE: 0.0385, 
Epoch: 106, Valid Loss: 11.3849, Valid RMSE: 42.1092, Valid MAPE: 5.4963, Valid WMAPE: 0.0654
No update
Iter: 000, Train Loss: 7.2823, Train RMSE: 15.9150, Train MAPE: 1.9117, Train WMAPE: 0.0404
Iter: 050, Train Loss: 6.9480, Train RMSE: 14.6114, Train MAPE: 0.9144, Train WMAPE: 0.0381
Epoch: 107, Training Time: 15.2778 secs
Epoch: 107, Inference Time: 1.9817 secs
Epoch: 107, Train Loss: 6.8440, Train RMSE: 14.7279, Train MAPE: 1.3746, Train WMAPE: 0.0383, 
Epoch: 107, Valid Loss: 11.1452, Valid RMSE: 42.2553, Valid MAPE: 3.3744, Valid WMAPE: 0.0640
No update
Iter: 000, Train Loss: 7.0683, Train RMSE: 15.9040, Train MAPE: 1.1987, Train WMAPE: 0.0392
Iter: 050, Train Loss: 7.1736, Train RMSE: 15.1125, Train MAPE: 0.6898, Train WMAPE: 0.0393
Epoch: 108, Training Time: 15.4019 secs
Epoch: 108, Inference Time: 2.0004 secs
Epoch: 108, Train Loss: 6.8713, Train RMSE: 14.8372, Train MAPE: 1.2553, Train WMAPE: 0.0384, 
Epoch: 108, Valid Loss: 11.0859, Valid RMSE: 41.9932, Valid MAPE: 3.5277, Valid WMAPE: 0.0637
No update
Iter: 000, Train Loss: 7.0070, Train RMSE: 15.9401, Train MAPE: 1.1377, Train WMAPE: 0.0389
Iter: 050, Train Loss: 7.2545, Train RMSE: 15.0279, Train MAPE: 0.8290, Train WMAPE: 0.0398
Epoch: 109, Training Time: 15.6933 secs
Epoch: 109, Inference Time: 2.0979 secs
Epoch: 109, Train Loss: 6.8802, Train RMSE: 14.7804, Train MAPE: 1.2970, Train WMAPE: 0.0385, 
Epoch: 109, Valid Loss: 11.2441, Valid RMSE: 41.9786, Valid MAPE: 5.4404, Valid WMAPE: 0.0646
No update
Iter: 000, Train Loss: 7.4004, Train RMSE: 16.4735, Train MAPE: 2.0102, Train WMAPE: 0.0411
Iter: 050, Train Loss: 6.8181, Train RMSE: 14.0388, Train MAPE: 0.9364, Train WMAPE: 0.0374
Epoch: 110, Training Time: 15.2839 secs
Epoch: 110, Inference Time: 1.9184 secs
Epoch: 110, Train Loss: 6.7525, Train RMSE: 14.5622, Train MAPE: 1.2542, Train WMAPE: 0.0378, 
Epoch: 110, Valid Loss: 11.1270, Valid RMSE: 42.1616, Valid MAPE: 2.9522, Valid WMAPE: 0.0639
No update
Iter: 000, Train Loss: 7.3530, Train RMSE: 16.6944, Train MAPE: 0.9802, Train WMAPE: 0.0408
Iter: 050, Train Loss: 6.8786, Train RMSE: 14.1443, Train MAPE: 0.6634, Train WMAPE: 0.0377
Epoch: 111, Training Time: 15.7291 secs
Epoch: 111, Inference Time: 2.1005 secs
Epoch: 111, Train Loss: 6.7985, Train RMSE: 14.6398, Train MAPE: 1.2604, Train WMAPE: 0.0380, 
Epoch: 111, Valid Loss: 11.1976, Valid RMSE: 41.8004, Valid MAPE: 4.1493, Valid WMAPE: 0.0643
No update
Iter: 000, Train Loss: 7.1760, Train RMSE: 16.0940, Train MAPE: 1.3143, Train WMAPE: 0.0398
Iter: 050, Train Loss: 6.9827, Train RMSE: 14.0992, Train MAPE: 1.2379, Train WMAPE: 0.0383
Epoch: 112, Training Time: 15.8805 secs
Epoch: 112, Inference Time: 2.0015 secs
Epoch: 112, Train Loss: 6.7522, Train RMSE: 14.5347, Train MAPE: 1.2325, Train WMAPE: 0.0378, 
Epoch: 112, Valid Loss: 11.2300, Valid RMSE: 42.0581, Valid MAPE: 5.4449, Valid WMAPE: 0.0645
No update
Iter: 000, Train Loss: 7.2335, Train RMSE: 16.0651, Train MAPE: 1.9152, Train WMAPE: 0.0402
Iter: 050, Train Loss: 7.1493, Train RMSE: 14.8968, Train MAPE: 0.8406, Train WMAPE: 0.0392
Epoch: 113, Training Time: 15.6905 secs
Epoch: 113, Inference Time: 2.0845 secs
Epoch: 113, Train Loss: 6.7676, Train RMSE: 14.6340, Train MAPE: 1.1653, Train WMAPE: 0.0378, 
Epoch: 113, Valid Loss: 11.0927, Valid RMSE: 42.6098, Valid MAPE: 2.7998, Valid WMAPE: 0.0637
No update
Iter: 000, Train Loss: 7.2007, Train RMSE: 16.2508, Train MAPE: 1.0132, Train WMAPE: 0.0400
Iter: 050, Train Loss: 7.3946, Train RMSE: 15.7454, Train MAPE: 0.8469, Train WMAPE: 0.0405
Epoch: 114, Training Time: 16.0068 secs
Epoch: 114, Inference Time: 2.0958 secs
Epoch: 114, Train Loss: 6.8171, Train RMSE: 14.7093, Train MAPE: 1.1766, Train WMAPE: 0.0381, 
Epoch: 114, Valid Loss: 10.8260, Valid RMSE: 41.9002, Valid MAPE: 2.4316, Valid WMAPE: 0.0622
###Update tasks appear###
Evaluate best model on test data for horizon 1, Test MAE: 9.3049, Test RMSE: 62.7135, Test MAPE: 5.7941, Test WMAPE: 0.0540
Evaluate best model on test data for horizon 2, Test MAE: 10.1196, Test RMSE: 54.3212, Test MAPE: 10.1411, Test WMAPE: 0.0588
Evaluate best model on test data for horizon 3, Test MAE: 10.3213, Test RMSE: 42.3964, Test MAPE: 13.1696, Test WMAPE: 0.0599
Evaluate best model on test data for horizon 4, Test MAE: 12.0429, Test RMSE: 51.9410, Test MAPE: 14.8871, Test WMAPE: 0.0700
Evaluate best model on test data for horizon 5, Test MAE: 13.3144, Test RMSE: 55.9701, Test MAPE: 16.2945, Test WMAPE: 0.0774
Evaluate best model on test data for horizon 6, Test MAE: 13.5918, Test RMSE: 49.6953, Test MAPE: 17.6940, Test WMAPE: 0.0790
Evaluate best model on test data for horizon 7, Test MAE: 14.4587, Test RMSE: 52.1462, Test MAPE: 17.9041, Test WMAPE: 0.0841
Evaluate best model on test data for horizon 8, Test MAE: 15.3885, Test RMSE: 56.2624, Test MAPE: 17.7710, Test WMAPE: 0.0895
Evaluate best model on test data for horizon 9, Test MAE: 15.8496, Test RMSE: 56.1553, Test MAPE: 17.7605, Test WMAPE: 0.0922
Evaluate best model on test data for horizon 10, Test MAE: 15.8458, Test RMSE: 51.8352, Test MAPE: 17.6679, Test WMAPE: 0.0922
Evaluate best model on test data for horizon 11, Test MAE: 16.6769, Test RMSE: 58.7716, Test MAPE: 17.6674, Test WMAPE: 0.0970
Evaluate best model on test data for horizon 12, Test MAE: 16.7890, Test RMSE: 58.9386, Test MAPE: 17.5657, Test WMAPE: 0.0977
On average over 12 horizons, Test MAE: 13.6419, Test RMSE: 54.2622, Test MAPE: 15.3597, Test WMAPE: 0.0793
No update
Iter: 000, Train Loss: 7.0018, Train RMSE: 15.8830, Train MAPE: 0.7800, Train WMAPE: 0.0389
Iter: 050, Train Loss: 6.9307, Train RMSE: 14.0132, Train MAPE: 0.6654, Train WMAPE: 0.0380
Epoch: 115, Training Time: 15.5599 secs
Epoch: 115, Inference Time: 1.9838 secs
Epoch: 115, Train Loss: 6.8270, Train RMSE: 14.7206, Train MAPE: 1.2311, Train WMAPE: 0.0382, 
Epoch: 115, Valid Loss: 11.1943, Valid RMSE: 42.3571, Valid MAPE: 4.8364, Valid WMAPE: 0.0643
No update
Iter: 000, Train Loss: 7.4207, Train RMSE: 16.5014, Train MAPE: 1.6160, Train WMAPE: 0.0412
Iter: 050, Train Loss: 6.7653, Train RMSE: 14.1157, Train MAPE: 1.0859, Train WMAPE: 0.0371
Epoch: 116, Training Time: 15.2264 secs
Epoch: 116, Inference Time: 1.9681 secs
Epoch: 116, Train Loss: 6.7027, Train RMSE: 14.4526, Train MAPE: 1.1917, Train WMAPE: 0.0375, 
Epoch: 116, Valid Loss: 11.0735, Valid RMSE: 42.4081, Valid MAPE: 3.1625, Valid WMAPE: 0.0636
No update
Iter: 000, Train Loss: 7.4386, Train RMSE: 16.7589, Train MAPE: 1.0834, Train WMAPE: 0.0413
Iter: 050, Train Loss: 6.6016, Train RMSE: 13.4787, Train MAPE: 1.0582, Train WMAPE: 0.0362
Epoch: 117, Training Time: 15.5955 secs
Epoch: 117, Inference Time: 1.9034 secs
Epoch: 117, Train Loss: 6.7003, Train RMSE: 14.3960, Train MAPE: 1.2554, Train WMAPE: 0.0375, 
Epoch: 117, Valid Loss: 10.8517, Valid RMSE: 42.3324, Valid MAPE: 2.5031, Valid WMAPE: 0.0623
###Update tasks appear###
Evaluate best model on test data for horizon 1, Test MAE: 9.2652, Test RMSE: 62.6502, Test MAPE: 5.9681, Test WMAPE: 0.0538
Evaluate best model on test data for horizon 2, Test MAE: 10.0893, Test RMSE: 54.3352, Test MAPE: 10.0380, Test WMAPE: 0.0586
Evaluate best model on test data for horizon 3, Test MAE: 10.2900, Test RMSE: 42.6990, Test MAPE: 13.0014, Test WMAPE: 0.0598
Evaluate best model on test data for horizon 4, Test MAE: 11.9319, Test RMSE: 51.9635, Test MAPE: 14.6966, Test WMAPE: 0.0693
Evaluate best model on test data for horizon 5, Test MAE: 13.1473, Test RMSE: 56.1962, Test MAPE: 15.9713, Test WMAPE: 0.0764
Evaluate best model on test data for horizon 6, Test MAE: 13.3755, Test RMSE: 49.7465, Test MAPE: 17.4102, Test WMAPE: 0.0777
Evaluate best model on test data for horizon 7, Test MAE: 14.2472, Test RMSE: 52.4420, Test MAPE: 17.6798, Test WMAPE: 0.0828
Evaluate best model on test data for horizon 8, Test MAE: 15.1235, Test RMSE: 56.5112, Test MAPE: 17.6410, Test WMAPE: 0.0879
Evaluate best model on test data for horizon 9, Test MAE: 15.5324, Test RMSE: 56.1536, Test MAPE: 17.5621, Test WMAPE: 0.0903
Evaluate best model on test data for horizon 10, Test MAE: 15.5182, Test RMSE: 52.0810, Test MAPE: 17.4240, Test WMAPE: 0.0903
Evaluate best model on test data for horizon 11, Test MAE: 16.3670, Test RMSE: 59.2883, Test MAPE: 17.3887, Test WMAPE: 0.0952
Evaluate best model on test data for horizon 12, Test MAE: 16.5788, Test RMSE: 59.5467, Test MAPE: 17.3454, Test WMAPE: 0.0965
On average over 12 horizons, Test MAE: 13.4555, Test RMSE: 54.4678, Test MAPE: 15.1772, Test WMAPE: 0.0782
Test low! Updating! Test Loss: 13.455515225728353, Test low! Updating! Valid Loss: 10.851668051310948, epoch:  117
Iter: 000, Train Loss: 6.9652, Train RMSE: 15.9820, Train MAPE: 0.8402, Train WMAPE: 0.0387
Iter: 050, Train Loss: 6.8365, Train RMSE: 14.0980, Train MAPE: 1.1375, Train WMAPE: 0.0375
Epoch: 118, Training Time: 15.7382 secs
Epoch: 118, Inference Time: 1.9939 secs
Epoch: 118, Train Loss: 6.6913, Train RMSE: 14.3972, Train MAPE: 1.2205, Train WMAPE: 0.0374, 
Epoch: 118, Valid Loss: 11.1326, Valid RMSE: 42.5813, Valid MAPE: 2.6483, Valid WMAPE: 0.0639
No update
Iter: 000, Train Loss: 7.0272, Train RMSE: 16.0577, Train MAPE: 0.9242, Train WMAPE: 0.0390
Iter: 050, Train Loss: 7.2428, Train RMSE: 15.7436, Train MAPE: 1.1229, Train WMAPE: 0.0397
Epoch: 119, Training Time: 15.2883 secs
Epoch: 119, Inference Time: 1.9975 secs
Epoch: 119, Train Loss: 6.7164, Train RMSE: 14.4468, Train MAPE: 1.1637, Train WMAPE: 0.0376, 
Epoch: 119, Valid Loss: 10.9111, Valid RMSE: 42.3030, Valid MAPE: 2.8850, Valid WMAPE: 0.0627
No update
Iter: 000, Train Loss: 7.0671, Train RMSE: 16.0173, Train MAPE: 1.0240, Train WMAPE: 0.0392
Iter: 050, Train Loss: 7.0614, Train RMSE: 14.9288, Train MAPE: 0.7370, Train WMAPE: 0.0387
Epoch: 120, Training Time: 15.5906 secs
Epoch: 120, Inference Time: 1.8823 secs
Epoch: 120, Train Loss: 6.6966, Train RMSE: 14.4143, Train MAPE: 1.1246, Train WMAPE: 0.0374, 
Epoch: 120, Valid Loss: 10.9505, Valid RMSE: 42.4532, Valid MAPE: 2.9860, Valid WMAPE: 0.0629
No update
Iter: 000, Train Loss: 6.9553, Train RMSE: 15.7916, Train MAPE: 1.0774, Train WMAPE: 0.0386
Iter: 050, Train Loss: 6.8738, Train RMSE: 14.7606, Train MAPE: 0.7676, Train WMAPE: 0.0377
Epoch: 121, Training Time: 14.9963 secs
Epoch: 121, Inference Time: 1.8877 secs
Epoch: 121, Train Loss: 6.6430, Train RMSE: 14.4236, Train MAPE: 1.0378, Train WMAPE: 0.0372, 
Epoch: 121, Valid Loss: 11.1018, Valid RMSE: 42.1497, Valid MAPE: 4.1259, Valid WMAPE: 0.0638
No update
Iter: 000, Train Loss: 7.2493, Train RMSE: 16.3597, Train MAPE: 1.3109, Train WMAPE: 0.0402
Iter: 050, Train Loss: 6.6769, Train RMSE: 13.8011, Train MAPE: 0.6469, Train WMAPE: 0.0366
Epoch: 122, Training Time: 14.1999 secs
Epoch: 122, Inference Time: 1.8164 secs
Epoch: 122, Train Loss: 6.6039, Train RMSE: 14.2212, Train MAPE: 1.1269, Train WMAPE: 0.0369, 
Epoch: 122, Valid Loss: 11.0261, Valid RMSE: 42.8201, Valid MAPE: 2.4612, Valid WMAPE: 0.0633
No update
Iter: 000, Train Loss: 7.4111, Train RMSE: 16.8073, Train MAPE: 0.8909, Train WMAPE: 0.0411
Iter: 050, Train Loss: 6.6964, Train RMSE: 13.6139, Train MAPE: 0.7492, Train WMAPE: 0.0367
Epoch: 123, Training Time: 14.4364 secs
Epoch: 123, Inference Time: 1.8606 secs
Epoch: 123, Train Loss: 6.6067, Train RMSE: 14.2247, Train MAPE: 1.0890, Train WMAPE: 0.0369, 
Epoch: 123, Valid Loss: 10.9078, Valid RMSE: 42.6536, Valid MAPE: 3.8426, Valid WMAPE: 0.0626
No update
Iter: 000, Train Loss: 6.8781, Train RMSE: 15.6441, Train MAPE: 1.2050, Train WMAPE: 0.0382
Iter: 050, Train Loss: 6.7363, Train RMSE: 13.4638, Train MAPE: 1.0474, Train WMAPE: 0.0369
Epoch: 124, Training Time: 14.7055 secs
Epoch: 124, Inference Time: 1.9916 secs
Epoch: 124, Train Loss: 6.5191, Train RMSE: 14.0366, Train MAPE: 1.2195, Train WMAPE: 0.0365, 
Epoch: 124, Valid Loss: 11.1038, Valid RMSE: 42.5788, Valid MAPE: 5.4498, Valid WMAPE: 0.0638
No update
Iter: 000, Train Loss: 7.0170, Train RMSE: 15.9539, Train MAPE: 1.8885, Train WMAPE: 0.0390
Iter: 050, Train Loss: 6.5081, Train RMSE: 13.3505, Train MAPE: 0.8353, Train WMAPE: 0.0357
Epoch: 125, Training Time: 15.4191 secs
Epoch: 125, Inference Time: 2.0779 secs
Epoch: 125, Train Loss: 6.5032, Train RMSE: 13.9829, Train MAPE: 1.2755, Train WMAPE: 0.0364, 
Epoch: 125, Valid Loss: 10.8940, Valid RMSE: 42.4377, Valid MAPE: 3.1625, Valid WMAPE: 0.0626
No update
Iter: 000, Train Loss: 6.7680, Train RMSE: 15.4794, Train MAPE: 1.0940, Train WMAPE: 0.0376
Iter: 050, Train Loss: 6.6225, Train RMSE: 13.5423, Train MAPE: 1.0983, Train WMAPE: 0.0363
Epoch: 126, Training Time: 15.5844 secs
Epoch: 126, Inference Time: 1.9097 secs
Epoch: 126, Train Loss: 6.5269, Train RMSE: 14.0047, Train MAPE: 1.2175, Train WMAPE: 0.0365, 
Epoch: 126, Valid Loss: 10.8352, Valid RMSE: 42.6216, Valid MAPE: 2.3649, Valid WMAPE: 0.0622
###Update tasks appear###
Evaluate best model on test data for horizon 1, Test MAE: 9.2535, Test RMSE: 63.0228, Test MAPE: 5.9435, Test WMAPE: 0.0537
Evaluate best model on test data for horizon 2, Test MAE: 10.1001, Test RMSE: 54.7664, Test MAPE: 10.2054, Test WMAPE: 0.0586
Evaluate best model on test data for horizon 3, Test MAE: 10.2706, Test RMSE: 42.7037, Test MAPE: 13.3267, Test WMAPE: 0.0597
Evaluate best model on test data for horizon 4, Test MAE: 11.9471, Test RMSE: 51.8738, Test MAPE: 15.1373, Test WMAPE: 0.0694
Evaluate best model on test data for horizon 5, Test MAE: 13.2097, Test RMSE: 56.4122, Test MAPE: 16.5463, Test WMAPE: 0.0768
Evaluate best model on test data for horizon 6, Test MAE: 13.4073, Test RMSE: 50.0301, Test MAPE: 17.8399, Test WMAPE: 0.0779
Evaluate best model on test data for horizon 7, Test MAE: 14.2748, Test RMSE: 52.5206, Test MAPE: 18.1541, Test WMAPE: 0.0830
Evaluate best model on test data for horizon 8, Test MAE: 15.1308, Test RMSE: 56.5398, Test MAPE: 18.0478, Test WMAPE: 0.0880
Evaluate best model on test data for horizon 9, Test MAE: 15.5680, Test RMSE: 56.3856, Test MAPE: 17.8897, Test WMAPE: 0.0905
Evaluate best model on test data for horizon 10, Test MAE: 15.5115, Test RMSE: 52.0949, Test MAPE: 17.6724, Test WMAPE: 0.0902
Evaluate best model on test data for horizon 11, Test MAE: 16.3324, Test RMSE: 59.0733, Test MAPE: 17.7038, Test WMAPE: 0.0950
Evaluate best model on test data for horizon 12, Test MAE: 16.4630, Test RMSE: 59.1839, Test MAPE: 17.5218, Test WMAPE: 0.0958
On average over 12 horizons, Test MAE: 13.4557, Test RMSE: 54.5506, Test MAPE: 15.4991, Test WMAPE: 0.0782
No update
Iter: 000, Train Loss: 6.8455, Train RMSE: 15.7692, Train MAPE: 0.7669, Train WMAPE: 0.0380
Iter: 050, Train Loss: 6.6363, Train RMSE: 13.3706, Train MAPE: 1.1835, Train WMAPE: 0.0364
Epoch: 127, Training Time: 14.6782 secs
Epoch: 127, Inference Time: 1.8998 secs
Epoch: 127, Train Loss: 6.5140, Train RMSE: 14.0103, Train MAPE: 1.2249, Train WMAPE: 0.0364, 
Epoch: 127, Valid Loss: 10.9953, Valid RMSE: 42.5440, Valid MAPE: 3.9483, Valid WMAPE: 0.0631
No update
Iter: 000, Train Loss: 7.1107, Train RMSE: 15.8676, Train MAPE: 1.1649, Train WMAPE: 0.0395
Iter: 050, Train Loss: 6.4976, Train RMSE: 13.1761, Train MAPE: 0.9169, Train WMAPE: 0.0356
Epoch: 128, Training Time: 14.6771 secs
Epoch: 128, Inference Time: 1.9898 secs
Epoch: 128, Train Loss: 6.5446, Train RMSE: 14.0863, Train MAPE: 1.1693, Train WMAPE: 0.0366, 
Epoch: 128, Valid Loss: 11.0210, Valid RMSE: 42.5457, Valid MAPE: 2.7963, Valid WMAPE: 0.0633
No update
Iter: 000, Train Loss: 7.2558, Train RMSE: 16.1896, Train MAPE: 0.9450, Train WMAPE: 0.0403
Iter: 050, Train Loss: 6.5632, Train RMSE: 13.7922, Train MAPE: 0.6657, Train WMAPE: 0.0360
Epoch: 129, Training Time: 15.4006 secs
Epoch: 129, Inference Time: 1.9165 secs
Epoch: 129, Train Loss: 6.6090, Train RMSE: 14.2385, Train MAPE: 1.1079, Train WMAPE: 0.0370, 
Epoch: 129, Valid Loss: 10.8485, Valid RMSE: 42.4706, Valid MAPE: 2.3500, Valid WMAPE: 0.0623
###Update tasks appear###
Evaluate best model on test data for horizon 1, Test MAE: 9.2975, Test RMSE: 62.9786, Test MAPE: 6.2682, Test WMAPE: 0.0540
Evaluate best model on test data for horizon 2, Test MAE: 10.1860, Test RMSE: 54.7354, Test MAPE: 10.3818, Test WMAPE: 0.0591
Evaluate best model on test data for horizon 3, Test MAE: 10.3493, Test RMSE: 42.7314, Test MAPE: 13.4496, Test WMAPE: 0.0601
Evaluate best model on test data for horizon 4, Test MAE: 12.0481, Test RMSE: 52.0745, Test MAPE: 15.3954, Test WMAPE: 0.0700
Evaluate best model on test data for horizon 5, Test MAE: 13.3551, Test RMSE: 56.5448, Test MAPE: 16.6386, Test WMAPE: 0.0776
Evaluate best model on test data for horizon 6, Test MAE: 13.5305, Test RMSE: 49.9117, Test MAPE: 17.7530, Test WMAPE: 0.0786
Evaluate best model on test data for horizon 7, Test MAE: 14.4530, Test RMSE: 52.5351, Test MAPE: 18.0087, Test WMAPE: 0.0840
Evaluate best model on test data for horizon 8, Test MAE: 15.3170, Test RMSE: 56.6949, Test MAPE: 17.9792, Test WMAPE: 0.0891
Evaluate best model on test data for horizon 9, Test MAE: 15.7528, Test RMSE: 56.4528, Test MAPE: 18.2010, Test WMAPE: 0.0916
Evaluate best model on test data for horizon 10, Test MAE: 15.6258, Test RMSE: 52.1326, Test MAPE: 17.9153, Test WMAPE: 0.0909
Evaluate best model on test data for horizon 11, Test MAE: 16.4883, Test RMSE: 59.1487, Test MAPE: 18.0054, Test WMAPE: 0.0959
Evaluate best model on test data for horizon 12, Test MAE: 16.6538, Test RMSE: 59.3869, Test MAPE: 17.7133, Test WMAPE: 0.0969
On average over 12 horizons, Test MAE: 13.5881, Test RMSE: 54.6106, Test MAPE: 15.6425, Test WMAPE: 0.0790
No update
Iter: 000, Train Loss: 6.8391, Train RMSE: 15.7173, Train MAPE: 0.7506, Train WMAPE: 0.0380
Iter: 050, Train Loss: 6.5424, Train RMSE: 13.3028, Train MAPE: 0.9434, Train WMAPE: 0.0359
Epoch: 130, Training Time: 15.1556 secs
Epoch: 130, Inference Time: 1.8972 secs
Epoch: 130, Train Loss: 6.5588, Train RMSE: 14.1451, Train MAPE: 1.1642, Train WMAPE: 0.0367, 
Epoch: 130, Valid Loss: 10.8835, Valid RMSE: 42.4396, Valid MAPE: 4.6339, Valid WMAPE: 0.0625
No update
Iter: 000, Train Loss: 6.9739, Train RMSE: 16.0261, Train MAPE: 1.6832, Train WMAPE: 0.0387
Iter: 050, Train Loss: 6.4064, Train RMSE: 13.1610, Train MAPE: 0.6621, Train WMAPE: 0.0351
Epoch: 131, Training Time: 14.9900 secs
Epoch: 131, Inference Time: 1.8930 secs
Epoch: 131, Train Loss: 6.4940, Train RMSE: 13.9526, Train MAPE: 1.2181, Train WMAPE: 0.0363, 
Epoch: 131, Valid Loss: 10.7307, Valid RMSE: 42.2948, Valid MAPE: 2.5325, Valid WMAPE: 0.0616
###Update tasks appear###
Evaluate best model on test data for horizon 1, Test MAE: 9.2135, Test RMSE: 62.7664, Test MAPE: 6.0918, Test WMAPE: 0.0535
Evaluate best model on test data for horizon 2, Test MAE: 10.0606, Test RMSE: 54.8834, Test MAPE: 10.3465, Test WMAPE: 0.0584
Evaluate best model on test data for horizon 3, Test MAE: 10.2290, Test RMSE: 42.5692, Test MAPE: 13.3932, Test WMAPE: 0.0594
Evaluate best model on test data for horizon 4, Test MAE: 11.8236, Test RMSE: 51.6077, Test MAPE: 15.1389, Test WMAPE: 0.0687
Evaluate best model on test data for horizon 5, Test MAE: 13.0695, Test RMSE: 56.1481, Test MAPE: 16.3385, Test WMAPE: 0.0759
Evaluate best model on test data for horizon 6, Test MAE: 13.2480, Test RMSE: 49.6816, Test MAPE: 17.7265, Test WMAPE: 0.0770
Evaluate best model on test data for horizon 7, Test MAE: 14.1009, Test RMSE: 52.1188, Test MAPE: 17.8674, Test WMAPE: 0.0820
Evaluate best model on test data for horizon 8, Test MAE: 15.0186, Test RMSE: 56.2163, Test MAPE: 17.7198, Test WMAPE: 0.0873
Evaluate best model on test data for horizon 9, Test MAE: 15.4836, Test RMSE: 56.1594, Test MAPE: 17.6723, Test WMAPE: 0.0901
Evaluate best model on test data for horizon 10, Test MAE: 15.3920, Test RMSE: 51.6431, Test MAPE: 17.5616, Test WMAPE: 0.0895
Evaluate best model on test data for horizon 11, Test MAE: 16.2847, Test RMSE: 58.9844, Test MAPE: 17.5681, Test WMAPE: 0.0947
Evaluate best model on test data for horizon 12, Test MAE: 16.4364, Test RMSE: 59.0570, Test MAPE: 17.4070, Test WMAPE: 0.0956
On average over 12 horizons, Test MAE: 13.3634, Test RMSE: 54.3196, Test MAPE: 15.4026, Test WMAPE: 0.0777
Test low! Updating! Test Loss: 13.363365491231283, Test low! Updating! Valid Loss: 10.730735710689, epoch:  131
Iter: 000, Train Loss: 6.6580, Train RMSE: 15.3312, Train MAPE: 0.8734, Train WMAPE: 0.0370
Iter: 050, Train Loss: 6.5579, Train RMSE: 13.2181, Train MAPE: 1.2846, Train WMAPE: 0.0360
Epoch: 132, Training Time: 15.3729 secs
Epoch: 132, Inference Time: 1.8779 secs
Epoch: 132, Train Loss: 6.4554, Train RMSE: 13.8771, Train MAPE: 1.2239, Train WMAPE: 0.0361, 
Epoch: 132, Valid Loss: 10.9494, Valid RMSE: 42.4549, Valid MAPE: 4.1666, Valid WMAPE: 0.0629
No update
Iter: 000, Train Loss: 7.0946, Train RMSE: 16.0397, Train MAPE: 1.5725, Train WMAPE: 0.0394
Iter: 050, Train Loss: 6.9613, Train RMSE: 14.2702, Train MAPE: 1.0343, Train WMAPE: 0.0382
Epoch: 133, Training Time: 15.2011 secs
Epoch: 133, Inference Time: 1.8939 secs
Epoch: 133, Train Loss: 6.4963, Train RMSE: 13.9929, Train MAPE: 1.1089, Train WMAPE: 0.0363, 
Epoch: 133, Valid Loss: 10.9244, Valid RMSE: 42.2543, Valid MAPE: 2.8193, Valid WMAPE: 0.0627
No update
Iter: 000, Train Loss: 7.2193, Train RMSE: 16.2689, Train MAPE: 0.9906, Train WMAPE: 0.0401
Iter: 050, Train Loss: 6.5950, Train RMSE: 13.9315, Train MAPE: 0.8987, Train WMAPE: 0.0362
Epoch: 134, Training Time: 15.9002 secs
Epoch: 134, Inference Time: 2.0070 secs
Epoch: 134, Train Loss: 6.4402, Train RMSE: 13.8748, Train MAPE: 1.0752, Train WMAPE: 0.0360, 
Epoch: 134, Valid Loss: 10.7312, Valid RMSE: 42.0611, Valid MAPE: 2.5220, Valid WMAPE: 0.0616
No update
Iter: 000, Train Loss: 6.6957, Train RMSE: 14.4220, Train MAPE: 0.8781, Train WMAPE: 0.0372
Iter: 050, Train Loss: 6.6360, Train RMSE: 13.6190, Train MAPE: 0.7812, Train WMAPE: 0.0364
Epoch: 135, Training Time: 15.0669 secs
Epoch: 135, Inference Time: 2.0174 secs
Epoch: 135, Train Loss: 6.4593, Train RMSE: 13.9925, Train MAPE: 1.0365, Train WMAPE: 0.0361, 
Epoch: 135, Valid Loss: 10.7783, Valid RMSE: 42.2469, Valid MAPE: 2.2582, Valid WMAPE: 0.0619
No update
Iter: 000, Train Loss: 6.7498, Train RMSE: 15.2770, Train MAPE: 0.7736, Train WMAPE: 0.0375
Iter: 050, Train Loss: 6.7515, Train RMSE: 14.1436, Train MAPE: 0.6243, Train WMAPE: 0.0370
Epoch: 136, Training Time: 15.4728 secs
Epoch: 136, Inference Time: 1.9076 secs
Epoch: 136, Train Loss: 6.4754, Train RMSE: 13.8910, Train MAPE: 1.0955, Train WMAPE: 0.0362, 
Epoch: 136, Valid Loss: 10.9749, Valid RMSE: 42.4433, Valid MAPE: 3.2952, Valid WMAPE: 0.0630
No update
Iter: 000, Train Loss: 6.7153, Train RMSE: 15.2978, Train MAPE: 1.0712, Train WMAPE: 0.0373
Iter: 050, Train Loss: 6.7281, Train RMSE: 13.9760, Train MAPE: 0.6950, Train WMAPE: 0.0369
Epoch: 137, Training Time: 15.3114 secs
Epoch: 137, Inference Time: 1.9768 secs
Epoch: 137, Train Loss: 6.4693, Train RMSE: 13.9613, Train MAPE: 0.9957, Train WMAPE: 0.0362, 
Epoch: 137, Valid Loss: 10.8875, Valid RMSE: 42.3837, Valid MAPE: 2.7228, Valid WMAPE: 0.0625
No update
Iter: 000, Train Loss: 6.6102, Train RMSE: 14.9867, Train MAPE: 0.9416, Train WMAPE: 0.0367
Iter: 050, Train Loss: 6.2977, Train RMSE: 13.0149, Train MAPE: 0.6594, Train WMAPE: 0.0345
Epoch: 138, Training Time: 15.4045 secs
Epoch: 138, Inference Time: 1.9764 secs
Epoch: 138, Train Loss: 6.3877, Train RMSE: 13.8530, Train MAPE: 0.9741, Train WMAPE: 0.0357, 
Epoch: 138, Valid Loss: 10.8430, Valid RMSE: 42.3935, Valid MAPE: 2.2630, Valid WMAPE: 0.0623
No update
Iter: 000, Train Loss: 6.5837, Train RMSE: 15.1107, Train MAPE: 0.7738, Train WMAPE: 0.0366
Iter: 050, Train Loss: 6.6122, Train RMSE: 13.8080, Train MAPE: 0.7970, Train WMAPE: 0.0363
Epoch: 139, Training Time: 15.1782 secs
Epoch: 139, Inference Time: 1.9198 secs
Epoch: 139, Train Loss: 6.4498, Train RMSE: 14.0126, Train MAPE: 0.9901, Train WMAPE: 0.0361, 
Epoch: 139, Valid Loss: 11.1110, Valid RMSE: 42.4481, Valid MAPE: 3.5652, Valid WMAPE: 0.0638
No update
Iter: 000, Train Loss: 7.0850, Train RMSE: 15.5116, Train MAPE: 1.1950, Train WMAPE: 0.0393
Iter: 050, Train Loss: 6.4220, Train RMSE: 13.1887, Train MAPE: 0.6488, Train WMAPE: 0.0352
Epoch: 140, Training Time: 14.6709 secs
Epoch: 140, Inference Time: 1.9971 secs
Epoch: 140, Train Loss: 6.4000, Train RMSE: 13.9150, Train MAPE: 0.9883, Train WMAPE: 0.0358, 
Epoch: 140, Valid Loss: 10.9066, Valid RMSE: 42.5699, Valid MAPE: 2.6852, Valid WMAPE: 0.0626
No update
Iter: 000, Train Loss: 6.9055, Train RMSE: 15.1764, Train MAPE: 0.9105, Train WMAPE: 0.0383
Iter: 050, Train Loss: 6.3696, Train RMSE: 13.4550, Train MAPE: 0.6037, Train WMAPE: 0.0349
Epoch: 141, Training Time: 14.5139 secs
Epoch: 141, Inference Time: 1.9652 secs
Epoch: 141, Train Loss: 6.3517, Train RMSE: 13.7424, Train MAPE: 1.0011, Train WMAPE: 0.0355, 
Epoch: 141, Valid Loss: 10.8718, Valid RMSE: 42.4003, Valid MAPE: 2.3362, Valid WMAPE: 0.0624
No update
Iter: 000, Train Loss: 6.7550, Train RMSE: 15.2168, Train MAPE: 0.7208, Train WMAPE: 0.0375
Iter: 050, Train Loss: 6.4792, Train RMSE: 13.5690, Train MAPE: 0.5667, Train WMAPE: 0.0355
Epoch: 142, Training Time: 14.9979 secs
Epoch: 142, Inference Time: 1.9811 secs
Epoch: 142, Train Loss: 6.3504, Train RMSE: 13.7229, Train MAPE: 0.9781, Train WMAPE: 0.0355, 
Epoch: 142, Valid Loss: 10.8688, Valid RMSE: 42.3750, Valid MAPE: 2.3440, Valid WMAPE: 0.0624
No update
Iter: 000, Train Loss: 6.4032, Train RMSE: 13.4568, Train MAPE: 0.9829, Train WMAPE: 0.0355
Iter: 050, Train Loss: 6.5267, Train RMSE: 13.2698, Train MAPE: 0.8462, Train WMAPE: 0.0358
Epoch: 143, Training Time: 15.1952 secs
Epoch: 143, Inference Time: 1.9056 secs
Epoch: 143, Train Loss: 6.4162, Train RMSE: 13.8558, Train MAPE: 0.9866, Train WMAPE: 0.0359, 
Epoch: 143, Valid Loss: 10.6863, Valid RMSE: 42.6384, Valid MAPE: 2.1635, Valid WMAPE: 0.0614
###Update tasks appear###
Evaluate best model on test data for horizon 1, Test MAE: 9.3047, Test RMSE: 63.2462, Test MAPE: 6.4547, Test WMAPE: 0.0540
Evaluate best model on test data for horizon 2, Test MAE: 10.2825, Test RMSE: 55.9268, Test MAPE: 10.3746, Test WMAPE: 0.0597
Evaluate best model on test data for horizon 3, Test MAE: 10.2662, Test RMSE: 43.1526, Test MAPE: 13.4234, Test WMAPE: 0.0596
Evaluate best model on test data for horizon 4, Test MAE: 11.8492, Test RMSE: 52.3074, Test MAPE: 15.3344, Test WMAPE: 0.0688
Evaluate best model on test data for horizon 5, Test MAE: 13.0971, Test RMSE: 56.8618, Test MAPE: 16.4272, Test WMAPE: 0.0761
Evaluate best model on test data for horizon 6, Test MAE: 13.2274, Test RMSE: 50.3014, Test MAPE: 17.8834, Test WMAPE: 0.0769
Evaluate best model on test data for horizon 7, Test MAE: 14.0423, Test RMSE: 52.6874, Test MAPE: 18.1955, Test WMAPE: 0.0816
Evaluate best model on test data for horizon 8, Test MAE: 14.8792, Test RMSE: 56.5609, Test MAPE: 18.0397, Test WMAPE: 0.0865
Evaluate best model on test data for horizon 9, Test MAE: 15.3177, Test RMSE: 56.4789, Test MAPE: 17.9734, Test WMAPE: 0.0891
Evaluate best model on test data for horizon 10, Test MAE: 15.2318, Test RMSE: 51.9585, Test MAPE: 17.8165, Test WMAPE: 0.0886
Evaluate best model on test data for horizon 11, Test MAE: 16.0939, Test RMSE: 59.6161, Test MAPE: 17.7250, Test WMAPE: 0.0936
Evaluate best model on test data for horizon 12, Test MAE: 16.1901, Test RMSE: 59.5597, Test MAPE: 17.6759, Test WMAPE: 0.0942
On average over 12 horizons, Test MAE: 13.3152, Test RMSE: 54.8881, Test MAPE: 15.6103, Test WMAPE: 0.0774
Test low! Updating! Test Loss: 13.31517251332601, Test low! Updating! Valid Loss: 10.686320407049996, epoch:  143
Iter: 000, Train Loss: 6.5191, Train RMSE: 14.3613, Train MAPE: 0.6581, Train WMAPE: 0.0362
Iter: 050, Train Loss: 6.3328, Train RMSE: 13.1047, Train MAPE: 0.7404, Train WMAPE: 0.0347
Epoch: 144, Training Time: 15.4639 secs
Epoch: 144, Inference Time: 2.0094 secs
Epoch: 144, Train Loss: 6.3094, Train RMSE: 13.6640, Train MAPE: 0.9451, Train WMAPE: 0.0353, 
Epoch: 144, Valid Loss: 10.7657, Valid RMSE: 42.4268, Valid MAPE: 2.3147, Valid WMAPE: 0.0618
No update
Iter: 000, Train Loss: 6.4014, Train RMSE: 13.9346, Train MAPE: 0.6943, Train WMAPE: 0.0355
Iter: 050, Train Loss: 6.4034, Train RMSE: 13.1332, Train MAPE: 0.5606, Train WMAPE: 0.0351
Epoch: 145, Training Time: 15.7693 secs
Epoch: 145, Inference Time: 1.9916 secs
Epoch: 145, Train Loss: 6.3292, Train RMSE: 13.7050, Train MAPE: 0.9526, Train WMAPE: 0.0354, 
Epoch: 145, Valid Loss: 10.8461, Valid RMSE: 42.3636, Valid MAPE: 2.7975, Valid WMAPE: 0.0623
No update
Iter: 000, Train Loss: 6.6339, Train RMSE: 14.3602, Train MAPE: 0.8408, Train WMAPE: 0.0368
Iter: 050, Train Loss: 6.3669, Train RMSE: 13.1002, Train MAPE: 0.7839, Train WMAPE: 0.0349
Epoch: 146, Training Time: 14.6960 secs
Epoch: 146, Inference Time: 1.9924 secs
Epoch: 146, Train Loss: 6.3258, Train RMSE: 13.7410, Train MAPE: 0.9025, Train WMAPE: 0.0354, 
Epoch: 146, Valid Loss: 10.8765, Valid RMSE: 42.5908, Valid MAPE: 2.9960, Valid WMAPE: 0.0625
No update
Iter: 000, Train Loss: 6.5895, Train RMSE: 14.2943, Train MAPE: 0.8442, Train WMAPE: 0.0366
Iter: 050, Train Loss: 6.1304, Train RMSE: 12.6548, Train MAPE: 0.6429, Train WMAPE: 0.0336
Epoch: 147, Training Time: 14.5944 secs
Epoch: 147, Inference Time: 1.9852 secs
Epoch: 147, Train Loss: 6.2354, Train RMSE: 13.4760, Train MAPE: 0.9669, Train WMAPE: 0.0349, 
Epoch: 147, Valid Loss: 10.6668, Valid RMSE: 42.3589, Valid MAPE: 2.1993, Valid WMAPE: 0.0613
###Update tasks appear###
Evaluate best model on test data for horizon 1, Test MAE: 9.2664, Test RMSE: 62.8323, Test MAPE: 6.5456, Test WMAPE: 0.0538
Evaluate best model on test data for horizon 2, Test MAE: 10.1950, Test RMSE: 55.7043, Test MAPE: 10.6024, Test WMAPE: 0.0592
Evaluate best model on test data for horizon 3, Test MAE: 10.2619, Test RMSE: 43.1007, Test MAPE: 13.7571, Test WMAPE: 0.0596
Evaluate best model on test data for horizon 4, Test MAE: 11.8223, Test RMSE: 51.9925, Test MAPE: 15.9271, Test WMAPE: 0.0687
Evaluate best model on test data for horizon 5, Test MAE: 13.0743, Test RMSE: 56.7502, Test MAPE: 16.8923, Test WMAPE: 0.0760
Evaluate best model on test data for horizon 6, Test MAE: 13.2266, Test RMSE: 50.4087, Test MAPE: 17.8566, Test WMAPE: 0.0769
Evaluate best model on test data for horizon 7, Test MAE: 14.0198, Test RMSE: 52.5360, Test MAPE: 18.0589, Test WMAPE: 0.0815
Evaluate best model on test data for horizon 8, Test MAE: 14.8665, Test RMSE: 55.8648, Test MAPE: 17.7852, Test WMAPE: 0.0864
Evaluate best model on test data for horizon 9, Test MAE: 15.2217, Test RMSE: 55.7716, Test MAPE: 17.6562, Test WMAPE: 0.0885
Evaluate best model on test data for horizon 10, Test MAE: 15.1221, Test RMSE: 51.3420, Test MAPE: 17.6609, Test WMAPE: 0.0880
Evaluate best model on test data for horizon 11, Test MAE: 15.9579, Test RMSE: 58.7223, Test MAPE: 18.0475, Test WMAPE: 0.0928
Evaluate best model on test data for horizon 12, Test MAE: 16.1162, Test RMSE: 58.9231, Test MAPE: 17.9874, Test WMAPE: 0.0938
On average over 12 horizons, Test MAE: 13.2626, Test RMSE: 54.4957, Test MAPE: 15.7314, Test WMAPE: 0.0771
Test low! Updating! Test Loss: 13.262561877568563, Test low! Updating! Valid Loss: 10.666800158364433, epoch:  147
Iter: 000, Train Loss: 6.5141, Train RMSE: 14.4349, Train MAPE: 0.7429, Train WMAPE: 0.0362
Iter: 050, Train Loss: 6.4061, Train RMSE: 13.1966, Train MAPE: 0.6821, Train WMAPE: 0.0351
Epoch: 148, Training Time: 14.8594 secs
Epoch: 148, Inference Time: 1.8929 secs
Epoch: 148, Train Loss: 6.2396, Train RMSE: 13.5421, Train MAPE: 0.9016, Train WMAPE: 0.0349, 
Epoch: 148, Valid Loss: 10.8062, Valid RMSE: 42.4481, Valid MAPE: 2.2879, Valid WMAPE: 0.0620
No update
Iter: 000, Train Loss: 6.2812, Train RMSE: 13.3052, Train MAPE: 0.7242, Train WMAPE: 0.0349
Iter: 050, Train Loss: 6.3569, Train RMSE: 12.9864, Train MAPE: 0.7433, Train WMAPE: 0.0349
Epoch: 149, Training Time: 14.6928 secs
Epoch: 149, Inference Time: 1.9272 secs
Epoch: 149, Train Loss: 6.2247, Train RMSE: 13.5305, Train MAPE: 0.9098, Train WMAPE: 0.0348, 
Epoch: 149, Valid Loss: 10.7169, Valid RMSE: 42.3089, Valid MAPE: 2.1421, Valid WMAPE: 0.0615
No update
Iter: 000, Train Loss: 6.3740, Train RMSE: 13.4630, Train MAPE: 0.6669, Train WMAPE: 0.0354
Iter: 050, Train Loss: 6.1421, Train RMSE: 12.5674, Train MAPE: 0.5624, Train WMAPE: 0.0337
Epoch: 150, Training Time: 15.0007 secs
Epoch: 150, Inference Time: 1.9145 secs
Epoch: 150, Train Loss: 6.1885, Train RMSE: 13.3897, Train MAPE: 0.8892, Train WMAPE: 0.0346, 
Epoch: 150, Valid Loss: 10.8105, Valid RMSE: 42.5243, Valid MAPE: 2.2251, Valid WMAPE: 0.0621
No update
Iter: 000, Train Loss: 6.4108, Train RMSE: 14.8411, Train MAPE: 0.6727, Train WMAPE: 0.0356
Iter: 050, Train Loss: 6.3553, Train RMSE: 12.9453, Train MAPE: 0.5639, Train WMAPE: 0.0348
Epoch: 151, Training Time: 15.1098 secs
Epoch: 151, Inference Time: 1.9861 secs
Epoch: 151, Train Loss: 6.2267, Train RMSE: 13.5083, Train MAPE: 0.9193, Train WMAPE: 0.0348, 
Epoch: 151, Valid Loss: 10.8171, Valid RMSE: 42.2857, Valid MAPE: 2.7954, Valid WMAPE: 0.0621
No update
Iter: 000, Train Loss: 6.2927, Train RMSE: 13.2260, Train MAPE: 0.8962, Train WMAPE: 0.0349
Iter: 050, Train Loss: 6.2406, Train RMSE: 12.8658, Train MAPE: 0.5610, Train WMAPE: 0.0342
Epoch: 152, Training Time: 15.2310 secs
Epoch: 152, Inference Time: 2.0673 secs
Epoch: 152, Train Loss: 6.2124, Train RMSE: 13.3922, Train MAPE: 0.9937, Train WMAPE: 0.0347, 
Epoch: 152, Valid Loss: 10.6307, Valid RMSE: 42.1779, Valid MAPE: 2.6788, Valid WMAPE: 0.0610
###Update tasks appear###
Evaluate best model on test data for horizon 1, Test MAE: 9.2397, Test RMSE: 62.7325, Test MAPE: 6.9006, Test WMAPE: 0.0536
Evaluate best model on test data for horizon 2, Test MAE: 10.0995, Test RMSE: 55.7812, Test MAPE: 11.0835, Test WMAPE: 0.0586
Evaluate best model on test data for horizon 3, Test MAE: 10.1790, Test RMSE: 42.9048, Test MAPE: 14.4898, Test WMAPE: 0.0591
Evaluate best model on test data for horizon 4, Test MAE: 11.7640, Test RMSE: 51.5224, Test MAPE: 16.4382, Test WMAPE: 0.0683
Evaluate best model on test data for horizon 5, Test MAE: 13.0008, Test RMSE: 56.3246, Test MAPE: 17.0139, Test WMAPE: 0.0755
Evaluate best model on test data for horizon 6, Test MAE: 13.1454, Test RMSE: 49.7536, Test MAPE: 18.0673, Test WMAPE: 0.0764
Evaluate best model on test data for horizon 7, Test MAE: 13.9894, Test RMSE: 52.2864, Test MAPE: 18.4660, Test WMAPE: 0.0813
Evaluate best model on test data for horizon 8, Test MAE: 14.7703, Test RMSE: 55.4818, Test MAPE: 18.2984, Test WMAPE: 0.0859
Evaluate best model on test data for horizon 9, Test MAE: 15.2036, Test RMSE: 55.4488, Test MAPE: 18.2309, Test WMAPE: 0.0884
Evaluate best model on test data for horizon 10, Test MAE: 15.0984, Test RMSE: 50.9714, Test MAPE: 18.1586, Test WMAPE: 0.0878
Evaluate best model on test data for horizon 11, Test MAE: 15.9323, Test RMSE: 58.6361, Test MAPE: 18.0363, Test WMAPE: 0.0927
Evaluate best model on test data for horizon 12, Test MAE: 16.0766, Test RMSE: 58.5227, Test MAPE: 18.1952, Test WMAPE: 0.0935
On average over 12 horizons, Test MAE: 13.2083, Test RMSE: 54.1972, Test MAPE: 16.1149, Test WMAPE: 0.0768
Test low! Updating! Test Loss: 13.20826013882955, Test low! Updating! Valid Loss: 10.630720819745745, epoch:  152
Iter: 000, Train Loss: 6.4856, Train RMSE: 13.8892, Train MAPE: 0.9006, Train WMAPE: 0.0360
Iter: 050, Train Loss: 6.0346, Train RMSE: 12.3562, Train MAPE: 0.5115, Train WMAPE: 0.0331
Epoch: 153, Training Time: 14.7825 secs
Epoch: 153, Inference Time: 1.8970 secs
Epoch: 153, Train Loss: 6.1903, Train RMSE: 13.4303, Train MAPE: 0.9439, Train WMAPE: 0.0346, 
Epoch: 153, Valid Loss: 10.7804, Valid RMSE: 42.7563, Valid MAPE: 2.3333, Valid WMAPE: 0.0619
No update
Iter: 000, Train Loss: 6.4267, Train RMSE: 14.0717, Train MAPE: 0.7491, Train WMAPE: 0.0357
Iter: 050, Train Loss: 6.3136, Train RMSE: 12.9972, Train MAPE: 0.6837, Train WMAPE: 0.0346
Epoch: 154, Training Time: 15.2112 secs
Epoch: 154, Inference Time: 1.9659 secs
Epoch: 154, Train Loss: 6.1983, Train RMSE: 13.4126, Train MAPE: 0.9179, Train WMAPE: 0.0347, 
Epoch: 154, Valid Loss: 10.6659, Valid RMSE: 42.4458, Valid MAPE: 1.9179, Valid WMAPE: 0.0612
No update
Iter: 000, Train Loss: 6.5778, Train RMSE: 15.5107, Train MAPE: 0.6974, Train WMAPE: 0.0365
Iter: 050, Train Loss: 6.4018, Train RMSE: 12.9938, Train MAPE: 0.9495, Train WMAPE: 0.0351
Epoch: 155, Training Time: 15.1185 secs
Epoch: 155, Inference Time: 1.9678 secs
Epoch: 155, Train Loss: 6.2499, Train RMSE: 13.5383, Train MAPE: 0.9346, Train WMAPE: 0.0349, 
Epoch: 155, Valid Loss: 10.8097, Valid RMSE: 42.7817, Valid MAPE: 2.6667, Valid WMAPE: 0.0621
No update
Iter: 000, Train Loss: 6.3265, Train RMSE: 13.7222, Train MAPE: 0.8845, Train WMAPE: 0.0351
Iter: 050, Train Loss: 6.4365, Train RMSE: 12.9916, Train MAPE: 0.6949, Train WMAPE: 0.0353
Epoch: 156, Training Time: 14.8892 secs
Epoch: 156, Inference Time: 2.0088 secs
Epoch: 156, Train Loss: 6.1980, Train RMSE: 13.3920, Train MAPE: 0.9465, Train WMAPE: 0.0347, 
Epoch: 156, Valid Loss: 10.7584, Valid RMSE: 42.8851, Valid MAPE: 2.1665, Valid WMAPE: 0.0618
No update
Iter: 000, Train Loss: 6.0879, Train RMSE: 12.9611, Train MAPE: 0.7427, Train WMAPE: 0.0338
Iter: 050, Train Loss: 6.3660, Train RMSE: 13.4162, Train MAPE: 0.6450, Train WMAPE: 0.0349
Epoch: 157, Training Time: 14.7796 secs
Epoch: 157, Inference Time: 2.0053 secs
Epoch: 157, Train Loss: 6.2012, Train RMSE: 13.4539, Train MAPE: 0.9558, Train WMAPE: 0.0347, 
Epoch: 157, Valid Loss: 10.7307, Valid RMSE: 42.3112, Valid MAPE: 2.8121, Valid WMAPE: 0.0616
No update
Iter: 000, Train Loss: 6.6840, Train RMSE: 15.5624, Train MAPE: 0.9110, Train WMAPE: 0.0371
Iter: 050, Train Loss: 6.0930, Train RMSE: 12.4317, Train MAPE: 0.6945, Train WMAPE: 0.0334
Epoch: 158, Training Time: 15.0759 secs
Epoch: 158, Inference Time: 1.9924 secs
Epoch: 158, Train Loss: 6.1312, Train RMSE: 13.2818, Train MAPE: 0.9515, Train WMAPE: 0.0343, 
Epoch: 158, Valid Loss: 10.7217, Valid RMSE: 42.3094, Valid MAPE: 2.3293, Valid WMAPE: 0.0616
No update
Iter: 000, Train Loss: 6.1596, Train RMSE: 13.1959, Train MAPE: 0.7227, Train WMAPE: 0.0342
Iter: 050, Train Loss: 6.2839, Train RMSE: 13.2404, Train MAPE: 0.6401, Train WMAPE: 0.0345
Epoch: 159, Training Time: 14.9927 secs
Epoch: 159, Inference Time: 1.9129 secs
Epoch: 159, Train Loss: 6.1665, Train RMSE: 13.4171, Train MAPE: 0.9220, Train WMAPE: 0.0345, 
Epoch: 159, Valid Loss: 10.9277, Valid RMSE: 42.7907, Valid MAPE: 2.9701, Valid WMAPE: 0.0627
No update
Iter: 000, Train Loss: 6.3354, Train RMSE: 13.2498, Train MAPE: 0.9186, Train WMAPE: 0.0352
Iter: 050, Train Loss: 6.3011, Train RMSE: 12.7596, Train MAPE: 0.7585, Train WMAPE: 0.0346
Epoch: 160, Training Time: 15.1707 secs
Epoch: 160, Inference Time: 2.0903 secs
Epoch: 160, Train Loss: 6.1335, Train RMSE: 13.2879, Train MAPE: 0.9211, Train WMAPE: 0.0343, 
Epoch: 160, Valid Loss: 10.8131, Valid RMSE: 42.7104, Valid MAPE: 2.5515, Valid WMAPE: 0.0621
No update
Iter: 000, Train Loss: 6.2240, Train RMSE: 13.0162, Train MAPE: 0.8401, Train WMAPE: 0.0346
Iter: 050, Train Loss: 6.2525, Train RMSE: 13.0657, Train MAPE: 0.7453, Train WMAPE: 0.0343
Epoch: 161, Training Time: 15.4241 secs
Epoch: 161, Inference Time: 2.0639 secs
Epoch: 161, Train Loss: 6.1416, Train RMSE: 13.3401, Train MAPE: 0.8561, Train WMAPE: 0.0343, 
Epoch: 161, Valid Loss: 10.8313, Valid RMSE: 42.9141, Valid MAPE: 2.6669, Valid WMAPE: 0.0622
No update
Iter: 000, Train Loss: 6.2297, Train RMSE: 13.1211, Train MAPE: 0.8002, Train WMAPE: 0.0346
Iter: 050, Train Loss: 6.1833, Train RMSE: 12.4546, Train MAPE: 0.6635, Train WMAPE: 0.0339
Epoch: 162, Training Time: 15.0881 secs
Epoch: 162, Inference Time: 1.9895 secs
Epoch: 162, Train Loss: 6.1263, Train RMSE: 13.2540, Train MAPE: 0.8780, Train WMAPE: 0.0343, 
Epoch: 162, Valid Loss: 10.7334, Valid RMSE: 42.6422, Valid MAPE: 2.1106, Valid WMAPE: 0.0616
No update
Iter: 000, Train Loss: 6.1549, Train RMSE: 13.0561, Train MAPE: 0.6624, Train WMAPE: 0.0342
Iter: 050, Train Loss: 6.1315, Train RMSE: 12.4891, Train MAPE: 0.6459, Train WMAPE: 0.0336
Epoch: 163, Training Time: 14.9528 secs
Epoch: 163, Inference Time: 1.9284 secs
Epoch: 163, Train Loss: 6.1258, Train RMSE: 13.3359, Train MAPE: 0.8695, Train WMAPE: 0.0343, 
Epoch: 163, Valid Loss: 10.7273, Valid RMSE: 42.3406, Valid MAPE: 2.4478, Valid WMAPE: 0.0616
No update
Iter: 000, Train Loss: 6.3067, Train RMSE: 14.2234, Train MAPE: 0.7419, Train WMAPE: 0.0350
Iter: 050, Train Loss: 6.1149, Train RMSE: 12.9197, Train MAPE: 0.6833, Train WMAPE: 0.0335
Epoch: 164, Training Time: 14.7947 secs
Epoch: 164, Inference Time: 1.9859 secs
Epoch: 164, Train Loss: 6.0996, Train RMSE: 13.2376, Train MAPE: 0.9153, Train WMAPE: 0.0341, 
Epoch: 164, Valid Loss: 10.7516, Valid RMSE: 42.7012, Valid MAPE: 3.1844, Valid WMAPE: 0.0617
No update
Iter: 000, Train Loss: 6.2480, Train RMSE: 13.2078, Train MAPE: 1.0233, Train WMAPE: 0.0347
Iter: 050, Train Loss: 6.1188, Train RMSE: 12.8510, Train MAPE: 0.7219, Train WMAPE: 0.0336
Epoch: 165, Training Time: 14.7943 secs
Epoch: 165, Inference Time: 1.9069 secs
Epoch: 165, Train Loss: 6.0776, Train RMSE: 13.2164, Train MAPE: 0.9164, Train WMAPE: 0.0340, 
Epoch: 165, Valid Loss: 10.7598, Valid RMSE: 42.6265, Valid MAPE: 2.4059, Valid WMAPE: 0.0618
No update
Iter: 000, Train Loss: 6.4103, Train RMSE: 14.5687, Train MAPE: 0.7932, Train WMAPE: 0.0356
Iter: 050, Train Loss: 6.1267, Train RMSE: 12.6390, Train MAPE: 0.7026, Train WMAPE: 0.0336
Epoch: 166, Training Time: 14.8447 secs
Epoch: 166, Inference Time: 1.9358 secs
Epoch: 166, Train Loss: 6.0856, Train RMSE: 13.2020, Train MAPE: 0.8884, Train WMAPE: 0.0340, 
Epoch: 166, Valid Loss: 10.7910, Valid RMSE: 42.5830, Valid MAPE: 2.7552, Valid WMAPE: 0.0620
No update
Iter: 000, Train Loss: 6.1966, Train RMSE: 13.1691, Train MAPE: 0.8658, Train WMAPE: 0.0344
Iter: 050, Train Loss: 6.2347, Train RMSE: 13.0208, Train MAPE: 0.5685, Train WMAPE: 0.0342
Epoch: 167, Training Time: 14.8782 secs
Epoch: 167, Inference Time: 2.0070 secs
Epoch: 167, Train Loss: 6.0717, Train RMSE: 13.1518, Train MAPE: 0.9055, Train WMAPE: 0.0340, 
Epoch: 167, Valid Loss: 10.7682, Valid RMSE: 42.6747, Valid MAPE: 2.3191, Valid WMAPE: 0.0618
No update
Iter: 000, Train Loss: 6.0962, Train RMSE: 12.9876, Train MAPE: 0.6983, Train WMAPE: 0.0338
Iter: 050, Train Loss: 6.0060, Train RMSE: 12.2749, Train MAPE: 0.6751, Train WMAPE: 0.0329
Epoch: 168, Training Time: 14.9760 secs
Epoch: 168, Inference Time: 2.0064 secs
Epoch: 168, Train Loss: 6.0394, Train RMSE: 13.1107, Train MAPE: 0.8556, Train WMAPE: 0.0338, 
Epoch: 168, Valid Loss: 10.7580, Valid RMSE: 42.7670, Valid MAPE: 2.2159, Valid WMAPE: 0.0618
No update
Iter: 000, Train Loss: 6.0238, Train RMSE: 12.8520, Train MAPE: 0.6737, Train WMAPE: 0.0334
Iter: 050, Train Loss: 6.2332, Train RMSE: 12.7971, Train MAPE: 0.7298, Train WMAPE: 0.0342
Epoch: 169, Training Time: 14.9775 secs
Epoch: 169, Inference Time: 1.9863 secs
Epoch: 169, Train Loss: 6.0307, Train RMSE: 13.0580, Train MAPE: 0.8882, Train WMAPE: 0.0337, 
Epoch: 169, Valid Loss: 10.7151, Valid RMSE: 42.3837, Valid MAPE: 3.1076, Valid WMAPE: 0.0615
No update
Iter: 000, Train Loss: 6.2625, Train RMSE: 13.5320, Train MAPE: 1.0044, Train WMAPE: 0.0348
Iter: 050, Train Loss: 6.0445, Train RMSE: 12.3809, Train MAPE: 0.7492, Train WMAPE: 0.0331
Epoch: 170, Training Time: 14.7978 secs
Epoch: 170, Inference Time: 1.9058 secs
Epoch: 170, Train Loss: 6.0381, Train RMSE: 13.0745, Train MAPE: 0.8954, Train WMAPE: 0.0338, 
Epoch: 170, Valid Loss: 10.7747, Valid RMSE: 42.6487, Valid MAPE: 2.9346, Valid WMAPE: 0.0619
No update
Iter: 000, Train Loss: 6.2189, Train RMSE: 13.2273, Train MAPE: 0.8742, Train WMAPE: 0.0345
Iter: 050, Train Loss: 6.0582, Train RMSE: 12.4945, Train MAPE: 0.6178, Train WMAPE: 0.0332
Epoch: 171, Training Time: 15.1677 secs
Epoch: 171, Inference Time: 2.0058 secs
Epoch: 171, Train Loss: 6.0378, Train RMSE: 13.0808, Train MAPE: 0.8605, Train WMAPE: 0.0338, 
Epoch: 171, Valid Loss: 10.6602, Valid RMSE: 42.6168, Valid MAPE: 2.2999, Valid WMAPE: 0.0612
No update
Iter: 000, Train Loss: 6.1489, Train RMSE: 12.9520, Train MAPE: 0.7276, Train WMAPE: 0.0341
Iter: 050, Train Loss: 7.2751, Train RMSE: 17.0436, Train MAPE: 0.8306, Train WMAPE: 0.0399
Epoch: 172, Training Time: 15.0887 secs
Epoch: 172, Inference Time: 1.9987 secs
Epoch: 172, Train Loss: 6.0826, Train RMSE: 13.1467, Train MAPE: 0.9697, Train WMAPE: 0.0340, 
Epoch: 172, Valid Loss: 10.7608, Valid RMSE: 42.8895, Valid MAPE: 2.8802, Valid WMAPE: 0.0618
No update
Iter: 000, Train Loss: 6.0652, Train RMSE: 12.6157, Train MAPE: 0.8131, Train WMAPE: 0.0337
Iter: 050, Train Loss: 6.1858, Train RMSE: 12.4567, Train MAPE: 0.9598, Train WMAPE: 0.0339
Epoch: 173, Training Time: 14.9838 secs
Epoch: 173, Inference Time: 1.8976 secs
Epoch: 173, Train Loss: 6.0625, Train RMSE: 13.0169, Train MAPE: 1.1192, Train WMAPE: 0.0339, 
Epoch: 173, Valid Loss: 10.6345, Valid RMSE: 42.5387, Valid MAPE: 2.0664, Valid WMAPE: 0.0611
No update
Iter: 000, Train Loss: 6.1617, Train RMSE: 13.4107, Train MAPE: 0.6541, Train WMAPE: 0.0342
Iter: 050, Train Loss: 6.0787, Train RMSE: 12.2243, Train MAPE: 0.7699, Train WMAPE: 0.0333
Epoch: 174, Training Time: 15.3861 secs
Epoch: 174, Inference Time: 1.9794 secs
Epoch: 174, Train Loss: 5.9967, Train RMSE: 12.8904, Train MAPE: 1.0885, Train WMAPE: 0.0335, 
Epoch: 174, Valid Loss: 10.8204, Valid RMSE: 42.5868, Valid MAPE: 4.1934, Valid WMAPE: 0.0621
No update
Iter: 000, Train Loss: 6.0968, Train RMSE: 12.6658, Train MAPE: 1.5171, Train WMAPE: 0.0338
Iter: 050, Train Loss: 6.1150, Train RMSE: 12.4368, Train MAPE: 0.7835, Train WMAPE: 0.0335
Epoch: 175, Training Time: 14.7648 secs
Epoch: 175, Inference Time: 1.9186 secs
Epoch: 175, Train Loss: 6.0045, Train RMSE: 12.9977, Train MAPE: 0.9967, Train WMAPE: 0.0336, 
Epoch: 175, Valid Loss: 10.7238, Valid RMSE: 42.5521, Valid MAPE: 2.2819, Valid WMAPE: 0.0616
No update
Iter: 000, Train Loss: 6.4277, Train RMSE: 13.3298, Train MAPE: 0.6288, Train WMAPE: 0.0357
Iter: 050, Train Loss: 5.9652, Train RMSE: 12.2178, Train MAPE: 0.6156, Train WMAPE: 0.0327
Epoch: 176, Training Time: 15.0323 secs
Epoch: 176, Inference Time: 1.9613 secs
Epoch: 176, Train Loss: 5.9962, Train RMSE: 12.9301, Train MAPE: 0.8910, Train WMAPE: 0.0335, 
Epoch: 176, Valid Loss: 10.7977, Valid RMSE: 42.3900, Valid MAPE: 2.4657, Valid WMAPE: 0.0620
No update
Iter: 000, Train Loss: 6.3506, Train RMSE: 13.7615, Train MAPE: 0.7747, Train WMAPE: 0.0353
Iter: 050, Train Loss: 5.9450, Train RMSE: 12.1483, Train MAPE: 0.7285, Train WMAPE: 0.0326
Epoch: 177, Training Time: 14.7928 secs
Epoch: 177, Inference Time: 2.0044 secs
Epoch: 177, Train Loss: 5.9902, Train RMSE: 13.0023, Train MAPE: 0.8570, Train WMAPE: 0.0335, 
Epoch: 177, Valid Loss: 10.6537, Valid RMSE: 42.4825, Valid MAPE: 2.5726, Valid WMAPE: 0.0612
No update
Iter: 000, Train Loss: 6.3912, Train RMSE: 13.9225, Train MAPE: 0.7976, Train WMAPE: 0.0355
Iter: 050, Train Loss: 6.0876, Train RMSE: 12.5842, Train MAPE: 0.6145, Train WMAPE: 0.0334
Epoch: 178, Training Time: 15.0828 secs
Epoch: 178, Inference Time: 1.9831 secs
Epoch: 178, Train Loss: 5.9901, Train RMSE: 13.0164, Train MAPE: 0.8443, Train WMAPE: 0.0335, 
Epoch: 178, Valid Loss: 10.6958, Valid RMSE: 42.2375, Valid MAPE: 3.5086, Valid WMAPE: 0.0614
No update
Iter: 000, Train Loss: 6.2465, Train RMSE: 13.1457, Train MAPE: 1.1712, Train WMAPE: 0.0347
Iter: 050, Train Loss: 6.1518, Train RMSE: 12.8191, Train MAPE: 0.6430, Train WMAPE: 0.0337
Epoch: 179, Training Time: 15.2986 secs
Epoch: 179, Inference Time: 1.9931 secs
Epoch: 179, Train Loss: 6.0180, Train RMSE: 13.0663, Train MAPE: 0.8929, Train WMAPE: 0.0337, 
Epoch: 179, Valid Loss: 10.7127, Valid RMSE: 42.4452, Valid MAPE: 2.0471, Valid WMAPE: 0.0615
No update
Iter: 000, Train Loss: 6.0005, Train RMSE: 12.7415, Train MAPE: 0.6328, Train WMAPE: 0.0333
Iter: 050, Train Loss: 6.2348, Train RMSE: 12.9479, Train MAPE: 0.5207, Train WMAPE: 0.0342
Epoch: 180, Training Time: 15.4031 secs
Epoch: 180, Inference Time: 1.9817 secs
Epoch: 180, Train Loss: 6.0119, Train RMSE: 13.0407, Train MAPE: 0.8505, Train WMAPE: 0.0336, 
Epoch: 180, Valid Loss: 10.7555, Valid RMSE: 42.4752, Valid MAPE: 1.9984, Valid WMAPE: 0.0618
No update
Iter: 000, Train Loss: 5.9185, Train RMSE: 12.5141, Train MAPE: 0.5670, Train WMAPE: 0.0329
Iter: 050, Train Loss: 6.0698, Train RMSE: 12.7504, Train MAPE: 0.6872, Train WMAPE: 0.0333
Epoch: 181, Training Time: 15.7853 secs
Epoch: 181, Inference Time: 1.9106 secs
Epoch: 181, Train Loss: 6.0570, Train RMSE: 13.1575, Train MAPE: 0.8781, Train WMAPE: 0.0339, 
Epoch: 181, Valid Loss: 10.8359, Valid RMSE: 42.5898, Valid MAPE: 2.6386, Valid WMAPE: 0.0622
No update
Iter: 000, Train Loss: 6.1501, Train RMSE: 13.0021, Train MAPE: 0.7623, Train WMAPE: 0.0341
Iter: 050, Train Loss: 5.9523, Train RMSE: 12.1169, Train MAPE: 0.6991, Train WMAPE: 0.0326
Epoch: 182, Training Time: 15.5020 secs
Epoch: 182, Inference Time: 1.9693 secs
Epoch: 182, Train Loss: 5.9817, Train RMSE: 12.9256, Train MAPE: 0.8539, Train WMAPE: 0.0334, 
Epoch: 182, Valid Loss: 10.7626, Valid RMSE: 42.4826, Valid MAPE: 2.1142, Valid WMAPE: 0.0618
No update
Iter: 000, Train Loss: 6.0283, Train RMSE: 12.6519, Train MAPE: 0.6032, Train WMAPE: 0.0335
Iter: 050, Train Loss: 5.9240, Train RMSE: 12.2073, Train MAPE: 0.5198, Train WMAPE: 0.0325
Epoch: 183, Training Time: 15.1225 secs
Epoch: 183, Inference Time: 1.8701 secs
Epoch: 183, Train Loss: 5.9659, Train RMSE: 12.9378, Train MAPE: 0.8809, Train WMAPE: 0.0334, 
Epoch: 183, Valid Loss: 10.6944, Valid RMSE: 42.3212, Valid MAPE: 2.3937, Valid WMAPE: 0.0614
No update
Iter: 000, Train Loss: 6.0756, Train RMSE: 12.8879, Train MAPE: 0.7893, Train WMAPE: 0.0337
Iter: 050, Train Loss: 5.9600, Train RMSE: 12.1216, Train MAPE: 0.7723, Train WMAPE: 0.0327
Epoch: 184, Training Time: 15.2709 secs
Epoch: 184, Inference Time: 2.0042 secs
Epoch: 184, Train Loss: 5.9200, Train RMSE: 12.8751, Train MAPE: 0.8226, Train WMAPE: 0.0331, 
Epoch: 184, Valid Loss: 10.6134, Valid RMSE: 42.4334, Valid MAPE: 2.5996, Valid WMAPE: 0.0609
###Update tasks appear###
Evaluate best model on test data for horizon 1, Test MAE: 9.1125, Test RMSE: 62.0188, Test MAPE: 6.6855, Test WMAPE: 0.0529
Evaluate best model on test data for horizon 2, Test MAE: 10.2569, Test RMSE: 56.3545, Test MAPE: 10.7812, Test WMAPE: 0.0596
Evaluate best model on test data for horizon 3, Test MAE: 10.1594, Test RMSE: 42.8394, Test MAPE: 14.2765, Test WMAPE: 0.0590
Evaluate best model on test data for horizon 4, Test MAE: 11.7006, Test RMSE: 51.2948, Test MAPE: 15.9211, Test WMAPE: 0.0680
Evaluate best model on test data for horizon 5, Test MAE: 12.9483, Test RMSE: 56.0820, Test MAPE: 16.8420, Test WMAPE: 0.0752
Evaluate best model on test data for horizon 6, Test MAE: 13.1583, Test RMSE: 49.7350, Test MAPE: 17.5673, Test WMAPE: 0.0765
Evaluate best model on test data for horizon 7, Test MAE: 14.0605, Test RMSE: 52.5081, Test MAPE: 18.2220, Test WMAPE: 0.0817
Evaluate best model on test data for horizon 8, Test MAE: 14.7363, Test RMSE: 55.1111, Test MAPE: 17.9494, Test WMAPE: 0.0857
Evaluate best model on test data for horizon 9, Test MAE: 15.1017, Test RMSE: 54.9394, Test MAPE: 17.4761, Test WMAPE: 0.0878
Evaluate best model on test data for horizon 10, Test MAE: 15.0345, Test RMSE: 50.6324, Test MAPE: 18.0713, Test WMAPE: 0.0875
Evaluate best model on test data for horizon 11, Test MAE: 15.7471, Test RMSE: 57.7225, Test MAPE: 17.2390, Test WMAPE: 0.0916
Evaluate best model on test data for horizon 12, Test MAE: 15.8942, Test RMSE: 57.5343, Test MAPE: 17.8709, Test WMAPE: 0.0925
On average over 12 horizons, Test MAE: 13.1592, Test RMSE: 53.8977, Test MAPE: 15.7418, Test WMAPE: 0.0765
Test low! Updating! Test Loss: 13.159196138381958, Test low! Updating! Valid Loss: 10.613368034362793, epoch:  184
Iter: 000, Train Loss: 6.0996, Train RMSE: 12.8378, Train MAPE: 0.8050, Train WMAPE: 0.0339
Iter: 050, Train Loss: 6.8742, Train RMSE: 16.0768, Train MAPE: 0.6627, Train WMAPE: 0.0377
Epoch: 185, Training Time: 15.5773 secs
Epoch: 185, Inference Time: 2.0591 secs
Epoch: 185, Train Loss: 5.9746, Train RMSE: 12.9933, Train MAPE: 0.8761, Train WMAPE: 0.0334, 
Epoch: 185, Valid Loss: 10.8645, Valid RMSE: 42.5256, Valid MAPE: 2.2156, Valid WMAPE: 0.0624
No update
Iter: 000, Train Loss: 6.0836, Train RMSE: 12.7070, Train MAPE: 0.6087, Train WMAPE: 0.0338
Iter: 050, Train Loss: 5.9845, Train RMSE: 12.2275, Train MAPE: 0.5939, Train WMAPE: 0.0328
Epoch: 186, Training Time: 15.4941 secs
Epoch: 186, Inference Time: 1.9871 secs
Epoch: 186, Train Loss: 5.9618, Train RMSE: 12.9317, Train MAPE: 0.8313, Train WMAPE: 0.0333, 
Epoch: 186, Valid Loss: 10.7210, Valid RMSE: 42.5537, Valid MAPE: 2.4782, Valid WMAPE: 0.0616
No update
Iter: 000, Train Loss: 5.9761, Train RMSE: 12.9618, Train MAPE: 0.7705, Train WMAPE: 0.0332
Iter: 050, Train Loss: 6.0331, Train RMSE: 12.7619, Train MAPE: 0.4876, Train WMAPE: 0.0331
Epoch: 187, Training Time: 15.4936 secs
Epoch: 187, Inference Time: 1.9059 secs
Epoch: 187, Train Loss: 5.9392, Train RMSE: 12.7908, Train MAPE: 0.9840, Train WMAPE: 0.0332, 
Epoch: 187, Valid Loss: 10.6326, Valid RMSE: 42.0973, Valid MAPE: 2.3428, Valid WMAPE: 0.0611
No update
Iter: 000, Train Loss: 5.9674, Train RMSE: 12.5393, Train MAPE: 0.7325, Train WMAPE: 0.0331
Iter: 050, Train Loss: 5.8149, Train RMSE: 11.8864, Train MAPE: 0.6805, Train WMAPE: 0.0319
Epoch: 188, Training Time: 15.5780 secs
Epoch: 188, Inference Time: 1.9973 secs
Epoch: 188, Train Loss: 5.8936, Train RMSE: 12.6760, Train MAPE: 1.1178, Train WMAPE: 0.0330, 
Epoch: 188, Valid Loss: 10.6580, Valid RMSE: 42.3651, Valid MAPE: 2.9785, Valid WMAPE: 0.0612
No update
Iter: 000, Train Loss: 5.9579, Train RMSE: 12.4491, Train MAPE: 1.0199, Train WMAPE: 0.0331
Iter: 050, Train Loss: 5.8971, Train RMSE: 11.9933, Train MAPE: 0.8519, Train WMAPE: 0.0323
Epoch: 189, Training Time: 15.4842 secs
Epoch: 189, Inference Time: 1.9851 secs
Epoch: 189, Train Loss: 5.8874, Train RMSE: 12.6358, Train MAPE: 1.0588, Train WMAPE: 0.0329, 
Epoch: 189, Valid Loss: 10.6587, Valid RMSE: 42.1984, Valid MAPE: 3.9989, Valid WMAPE: 0.0612
No update
Iter: 000, Train Loss: 6.0714, Train RMSE: 12.5805, Train MAPE: 1.4246, Train WMAPE: 0.0337
Iter: 050, Train Loss: 5.8789, Train RMSE: 12.0296, Train MAPE: 0.8502, Train WMAPE: 0.0322
Epoch: 190, Training Time: 14.9556 secs
Epoch: 190, Inference Time: 1.9340 secs
Epoch: 190, Train Loss: 5.9256, Train RMSE: 12.7573, Train MAPE: 0.9915, Train WMAPE: 0.0331, 
Epoch: 190, Valid Loss: 10.6467, Valid RMSE: 42.4509, Valid MAPE: 3.1081, Valid WMAPE: 0.0611
No update
Iter: 000, Train Loss: 5.9896, Train RMSE: 12.7118, Train MAPE: 0.9935, Train WMAPE: 0.0333
Iter: 050, Train Loss: 5.9172, Train RMSE: 12.2234, Train MAPE: 0.7290, Train WMAPE: 0.0324
Epoch: 191, Training Time: 14.4876 secs
Epoch: 191, Inference Time: 1.8161 secs
Epoch: 191, Train Loss: 5.9214, Train RMSE: 12.7684, Train MAPE: 0.8869, Train WMAPE: 0.0331, 
Epoch: 191, Valid Loss: 10.5725, Valid RMSE: 42.1352, Valid MAPE: 2.4181, Valid WMAPE: 0.0607
###Update tasks appear###
Evaluate best model on test data for horizon 1, Test MAE: 9.1092, Test RMSE: 61.9704, Test MAPE: 6.5749, Test WMAPE: 0.0529
Evaluate best model on test data for horizon 2, Test MAE: 10.1214, Test RMSE: 56.1547, Test MAPE: 10.6140, Test WMAPE: 0.0588
Evaluate best model on test data for horizon 3, Test MAE: 10.0903, Test RMSE: 42.3428, Test MAPE: 13.7964, Test WMAPE: 0.0586
Evaluate best model on test data for horizon 4, Test MAE: 11.6869, Test RMSE: 50.9347, Test MAPE: 16.0459, Test WMAPE: 0.0679
Evaluate best model on test data for horizon 5, Test MAE: 12.9207, Test RMSE: 55.7963, Test MAPE: 17.0669, Test WMAPE: 0.0751
Evaluate best model on test data for horizon 6, Test MAE: 13.1286, Test RMSE: 49.3836, Test MAPE: 18.2945, Test WMAPE: 0.0763
Evaluate best model on test data for horizon 7, Test MAE: 14.0128, Test RMSE: 52.2571, Test MAPE: 18.5054, Test WMAPE: 0.0815
Evaluate best model on test data for horizon 8, Test MAE: 14.7313, Test RMSE: 55.0264, Test MAPE: 18.1076, Test WMAPE: 0.0857
Evaluate best model on test data for horizon 9, Test MAE: 15.0950, Test RMSE: 54.7179, Test MAPE: 18.1667, Test WMAPE: 0.0878
Evaluate best model on test data for horizon 10, Test MAE: 14.9156, Test RMSE: 50.0059, Test MAPE: 17.6775, Test WMAPE: 0.0868
Evaluate best model on test data for horizon 11, Test MAE: 15.7532, Test RMSE: 57.4115, Test MAPE: 17.9836, Test WMAPE: 0.0916
Evaluate best model on test data for horizon 12, Test MAE: 15.7744, Test RMSE: 57.0008, Test MAPE: 17.9681, Test WMAPE: 0.0918
On average over 12 horizons, Test MAE: 13.1116, Test RMSE: 53.5835, Test MAPE: 15.9001, Test WMAPE: 0.0762
Test low! Updating! Test Loss: 13.11161764462789, Test low! Updating! Valid Loss: 10.572455372129168, epoch:  191
Iter: 000, Train Loss: 5.9578, Train RMSE: 12.7599, Train MAPE: 0.7346, Train WMAPE: 0.0331
Iter: 050, Train Loss: 5.9025, Train RMSE: 12.0263, Train MAPE: 0.5932, Train WMAPE: 0.0324
Epoch: 192, Training Time: 14.2598 secs
Epoch: 192, Inference Time: 1.9987 secs
Epoch: 192, Train Loss: 5.8965, Train RMSE: 12.7676, Train MAPE: 0.8179, Train WMAPE: 0.0330, 
Epoch: 192, Valid Loss: 10.7033, Valid RMSE: 42.4359, Valid MAPE: 2.5172, Valid WMAPE: 0.0615
No update
Iter: 000, Train Loss: 5.9017, Train RMSE: 12.4579, Train MAPE: 0.7804, Train WMAPE: 0.0328
Iter: 050, Train Loss: 6.0685, Train RMSE: 12.1308, Train MAPE: 0.7381, Train WMAPE: 0.0333
Epoch: 193, Training Time: 14.6331 secs
Epoch: 193, Inference Time: 1.8365 secs
Epoch: 193, Train Loss: 5.9468, Train RMSE: 12.8882, Train MAPE: 0.8671, Train WMAPE: 0.0333, 
Epoch: 193, Valid Loss: 10.8044, Valid RMSE: 42.5211, Valid MAPE: 2.4610, Valid WMAPE: 0.0620
No update
Iter: 000, Train Loss: 6.0370, Train RMSE: 12.6402, Train MAPE: 0.8368, Train WMAPE: 0.0335
Iter: 050, Train Loss: 6.0355, Train RMSE: 12.5269, Train MAPE: 0.4983, Train WMAPE: 0.0331
Epoch: 194, Training Time: 14.7901 secs
Epoch: 194, Inference Time: 2.1028 secs
Epoch: 194, Train Loss: 5.9482, Train RMSE: 12.9145, Train MAPE: 0.8548, Train WMAPE: 0.0333, 
Epoch: 194, Valid Loss: 10.6035, Valid RMSE: 41.8666, Valid MAPE: 2.7703, Valid WMAPE: 0.0609
No update
Iter: 000, Train Loss: 6.2854, Train RMSE: 13.8021, Train MAPE: 0.8811, Train WMAPE: 0.0349
Iter: 050, Train Loss: 5.8374, Train RMSE: 12.1454, Train MAPE: 0.5735, Train WMAPE: 0.0320
Epoch: 195, Training Time: 15.7745 secs
Epoch: 195, Inference Time: 1.8996 secs
Epoch: 195, Train Loss: 5.8847, Train RMSE: 12.7410, Train MAPE: 0.8451, Train WMAPE: 0.0329, 
Epoch: 195, Valid Loss: 10.5627, Valid RMSE: 41.9851, Valid MAPE: 2.5291, Valid WMAPE: 0.0607
###Update tasks appear###
Evaluate best model on test data for horizon 1, Test MAE: 9.1141, Test RMSE: 61.6322, Test MAPE: 6.6827, Test WMAPE: 0.0529
Evaluate best model on test data for horizon 2, Test MAE: 10.0720, Test RMSE: 55.9973, Test MAPE: 10.6175, Test WMAPE: 0.0585
Evaluate best model on test data for horizon 3, Test MAE: 10.1342, Test RMSE: 42.6970, Test MAPE: 14.0248, Test WMAPE: 0.0589
Evaluate best model on test data for horizon 4, Test MAE: 11.6625, Test RMSE: 50.7212, Test MAPE: 15.7724, Test WMAPE: 0.0678
Evaluate best model on test data for horizon 5, Test MAE: 12.9043, Test RMSE: 55.3756, Test MAPE: 16.7092, Test WMAPE: 0.0750
Evaluate best model on test data for horizon 6, Test MAE: 13.2196, Test RMSE: 49.6048, Test MAPE: 17.1949, Test WMAPE: 0.0768
Evaluate best model on test data for horizon 7, Test MAE: 14.1345, Test RMSE: 52.1957, Test MAPE: 17.5829, Test WMAPE: 0.0822
Evaluate best model on test data for horizon 8, Test MAE: 14.9097, Test RMSE: 54.4246, Test MAPE: 17.5339, Test WMAPE: 0.0867
Evaluate best model on test data for horizon 9, Test MAE: 15.2753, Test RMSE: 54.4625, Test MAPE: 17.4382, Test WMAPE: 0.0888
Evaluate best model on test data for horizon 10, Test MAE: 15.1427, Test RMSE: 50.0081, Test MAPE: 17.2225, Test WMAPE: 0.0881
Evaluate best model on test data for horizon 11, Test MAE: 16.0591, Test RMSE: 57.2939, Test MAPE: 17.9393, Test WMAPE: 0.0934
Evaluate best model on test data for horizon 12, Test MAE: 16.1727, Test RMSE: 57.0008, Test MAPE: 18.2613, Test WMAPE: 0.0941
On average over 12 horizons, Test MAE: 13.2334, Test RMSE: 53.4511, Test MAPE: 15.5816, Test WMAPE: 0.0769
No update
Iter: 000, Train Loss: 5.9508, Train RMSE: 12.5134, Train MAPE: 0.8072, Train WMAPE: 0.0330
Iter: 050, Train Loss: 5.9338, Train RMSE: 12.2243, Train MAPE: 0.6030, Train WMAPE: 0.0325
Epoch: 196, Training Time: 15.0644 secs
Epoch: 196, Inference Time: 1.9766 secs
Epoch: 196, Train Loss: 5.8843, Train RMSE: 12.7336, Train MAPE: 0.8556, Train WMAPE: 0.0329, 
Epoch: 196, Valid Loss: 10.7347, Valid RMSE: 42.4438, Valid MAPE: 2.4258, Valid WMAPE: 0.0616
No update
Iter: 000, Train Loss: 5.9945, Train RMSE: 12.6538, Train MAPE: 0.7754, Train WMAPE: 0.0333
Iter: 050, Train Loss: 6.1599, Train RMSE: 12.9033, Train MAPE: 0.5438, Train WMAPE: 0.0338
Epoch: 197, Training Time: 15.3979 secs
Epoch: 197, Inference Time: 1.8943 secs
Epoch: 197, Train Loss: 5.9615, Train RMSE: 12.9893, Train MAPE: 0.8204, Train WMAPE: 0.0333, 
Epoch: 197, Valid Loss: 10.8444, Valid RMSE: 42.0056, Valid MAPE: 2.1355, Valid WMAPE: 0.0623
No update
Iter: 000, Train Loss: 6.0310, Train RMSE: 12.6999, Train MAPE: 0.6176, Train WMAPE: 0.0335
Iter: 050, Train Loss: 6.3067, Train RMSE: 13.3192, Train MAPE: 0.5917, Train WMAPE: 0.0346
Epoch: 198, Training Time: 15.4197 secs
Epoch: 198, Inference Time: 1.9737 secs
Epoch: 198, Train Loss: 5.9444, Train RMSE: 12.9120, Train MAPE: 0.8260, Train WMAPE: 0.0332, 
Epoch: 198, Valid Loss: 10.6365, Valid RMSE: 42.4877, Valid MAPE: 1.7772, Valid WMAPE: 0.0611
No update
Iter: 000, Train Loss: 5.8623, Train RMSE: 12.4872, Train MAPE: 0.5168, Train WMAPE: 0.0325
Iter: 050, Train Loss: 5.8151, Train RMSE: 12.1495, Train MAPE: 0.5969, Train WMAPE: 0.0319
Epoch: 199, Training Time: 14.9838 secs
Epoch: 199, Inference Time: 1.9911 secs
Epoch: 199, Train Loss: 5.8743, Train RMSE: 12.7239, Train MAPE: 0.8434, Train WMAPE: 0.0328, 
Epoch: 199, Valid Loss: 10.6969, Valid RMSE: 42.3656, Valid MAPE: 2.1133, Valid WMAPE: 0.0614
No update
Iter: 000, Train Loss: 5.9847, Train RMSE: 12.7331, Train MAPE: 0.6617, Train WMAPE: 0.0332
Iter: 050, Train Loss: 5.8801, Train RMSE: 11.9774, Train MAPE: 0.7542, Train WMAPE: 0.0322
Epoch: 200, Training Time: 15.3901 secs
Epoch: 200, Inference Time: 1.9849 secs
Epoch: 200, Train Loss: 5.8564, Train RMSE: 12.6445, Train MAPE: 0.8482, Train WMAPE: 0.0327, 
Epoch: 200, Valid Loss: 10.6385, Valid RMSE: 42.2784, Valid MAPE: 2.7466, Valid WMAPE: 0.0611
No update
Iter: 000, Train Loss: 6.0316, Train RMSE: 12.4791, Train MAPE: 0.8755, Train WMAPE: 0.0335
Iter: 050, Train Loss: 5.8019, Train RMSE: 11.8643, Train MAPE: 0.5740, Train WMAPE: 0.0318
Epoch: 201, Training Time: 15.4951 secs
Epoch: 201, Inference Time: 1.9908 secs
Epoch: 201, Train Loss: 5.8381, Train RMSE: 12.6298, Train MAPE: 0.8727, Train WMAPE: 0.0326, 
Epoch: 201, Valid Loss: 10.6364, Valid RMSE: 42.2512, Valid MAPE: 2.7203, Valid WMAPE: 0.0611
No update
Iter: 000, Train Loss: 5.9038, Train RMSE: 12.3737, Train MAPE: 0.9176, Train WMAPE: 0.0328
Iter: 050, Train Loss: 5.8280, Train RMSE: 11.9601, Train MAPE: 0.5988, Train WMAPE: 0.0320
Epoch: 202, Training Time: 15.2600 secs
Epoch: 202, Inference Time: 1.9277 secs
Epoch: 202, Train Loss: 5.8103, Train RMSE: 12.6057, Train MAPE: 0.8311, Train WMAPE: 0.0325, 
Epoch: 202, Valid Loss: 10.5358, Valid RMSE: 42.2620, Valid MAPE: 2.0939, Valid WMAPE: 0.0605
###Update tasks appear###
Evaluate best model on test data for horizon 1, Test MAE: 9.1524, Test RMSE: 61.5075, Test MAPE: 6.3997, Test WMAPE: 0.0531
Evaluate best model on test data for horizon 2, Test MAE: 10.1216, Test RMSE: 55.8772, Test MAPE: 10.5370, Test WMAPE: 0.0588
Evaluate best model on test data for horizon 3, Test MAE: 10.2983, Test RMSE: 42.4478, Test MAPE: 13.5977, Test WMAPE: 0.0598
Evaluate best model on test data for horizon 4, Test MAE: 11.7761, Test RMSE: 50.9205, Test MAPE: 15.6483, Test WMAPE: 0.0684
Evaluate best model on test data for horizon 5, Test MAE: 13.0535, Test RMSE: 55.4692, Test MAPE: 16.4075, Test WMAPE: 0.0759
Evaluate best model on test data for horizon 6, Test MAE: 13.1830, Test RMSE: 49.6361, Test MAPE: 17.3869, Test WMAPE: 0.0766
Evaluate best model on test data for horizon 7, Test MAE: 14.0449, Test RMSE: 52.3884, Test MAPE: 17.8632, Test WMAPE: 0.0817
Evaluate best model on test data for horizon 8, Test MAE: 14.6804, Test RMSE: 54.6687, Test MAPE: 17.6473, Test WMAPE: 0.0854
Evaluate best model on test data for horizon 9, Test MAE: 15.0334, Test RMSE: 54.5492, Test MAPE: 17.5778, Test WMAPE: 0.0874
Evaluate best model on test data for horizon 10, Test MAE: 14.9015, Test RMSE: 50.0917, Test MAPE: 17.2472, Test WMAPE: 0.0867
Evaluate best model on test data for horizon 11, Test MAE: 15.6931, Test RMSE: 57.0424, Test MAPE: 17.2796, Test WMAPE: 0.0913
Evaluate best model on test data for horizon 12, Test MAE: 15.7200, Test RMSE: 56.8621, Test MAPE: 17.2976, Test WMAPE: 0.0915
On average over 12 horizons, Test MAE: 13.1382, Test RMSE: 53.4551, Test MAPE: 15.4075, Test WMAPE: 0.0764
No update
Iter: 000, Train Loss: 5.8968, Train RMSE: 12.4839, Train MAPE: 0.6015, Train WMAPE: 0.0327
Iter: 050, Train Loss: 6.3645, Train RMSE: 13.4986, Train MAPE: 0.8198, Train WMAPE: 0.0349
Epoch: 203, Training Time: 15.3716 secs
Epoch: 203, Inference Time: 1.9846 secs
Epoch: 203, Train Loss: 5.8608, Train RMSE: 12.7310, Train MAPE: 0.8023, Train WMAPE: 0.0328, 
Epoch: 203, Valid Loss: 10.7435, Valid RMSE: 42.2402, Valid MAPE: 2.3885, Valid WMAPE: 0.0617
No update
Iter: 000, Train Loss: 6.0357, Train RMSE: 12.9553, Train MAPE: 0.7892, Train WMAPE: 0.0335
Iter: 050, Train Loss: 5.9555, Train RMSE: 12.0856, Train MAPE: 0.5816, Train WMAPE: 0.0327
Epoch: 204, Training Time: 15.3932 secs
Epoch: 204, Inference Time: 1.8931 secs
Epoch: 204, Train Loss: 5.9002, Train RMSE: 12.8048, Train MAPE: 0.8287, Train WMAPE: 0.0330, 
Epoch: 204, Valid Loss: 10.6425, Valid RMSE: 42.4529, Valid MAPE: 1.8381, Valid WMAPE: 0.0611
No update
Iter: 000, Train Loss: 5.9024, Train RMSE: 12.6606, Train MAPE: 0.5856, Train WMAPE: 0.0328
Iter: 050, Train Loss: 5.8753, Train RMSE: 11.9946, Train MAPE: 0.6445, Train WMAPE: 0.0322
Epoch: 205, Training Time: 15.3814 secs
Epoch: 205, Inference Time: 1.9050 secs
Epoch: 205, Train Loss: 5.8370, Train RMSE: 12.6720, Train MAPE: 0.8180, Train WMAPE: 0.0326, 
Epoch: 205, Valid Loss: 10.6256, Valid RMSE: 41.7768, Valid MAPE: 2.2235, Valid WMAPE: 0.0610
No update
Iter: 000, Train Loss: 5.9421, Train RMSE: 12.6877, Train MAPE: 0.6992, Train WMAPE: 0.0330
Iter: 050, Train Loss: 5.7839, Train RMSE: 11.8285, Train MAPE: 0.7009, Train WMAPE: 0.0317
Epoch: 206, Training Time: 15.5370 secs
Epoch: 206, Inference Time: 2.0330 secs
Epoch: 206, Train Loss: 5.8147, Train RMSE: 12.5738, Train MAPE: 0.8278, Train WMAPE: 0.0325, 
Epoch: 206, Valid Loss: 10.6010, Valid RMSE: 41.8116, Valid MAPE: 2.2288, Valid WMAPE: 0.0609
No update
Iter: 000, Train Loss: 5.8732, Train RMSE: 12.6218, Train MAPE: 0.6283, Train WMAPE: 0.0326
Iter: 050, Train Loss: 5.7429, Train RMSE: 11.7596, Train MAPE: 0.5460, Train WMAPE: 0.0315
Epoch: 207, Training Time: 15.3975 secs
Epoch: 207, Inference Time: 1.9903 secs
Epoch: 207, Train Loss: 5.8335, Train RMSE: 12.6726, Train MAPE: 0.8434, Train WMAPE: 0.0326, 
Epoch: 207, Valid Loss: 10.6191, Valid RMSE: 42.0172, Valid MAPE: 2.0806, Valid WMAPE: 0.0610
No update
Iter: 000, Train Loss: 5.8648, Train RMSE: 12.5125, Train MAPE: 0.6530, Train WMAPE: 0.0326
Iter: 050, Train Loss: 5.7628, Train RMSE: 11.8178, Train MAPE: 0.5844, Train WMAPE: 0.0316
Epoch: 208, Training Time: 15.6143 secs
Epoch: 208, Inference Time: 1.9604 secs
Epoch: 208, Train Loss: 5.7911, Train RMSE: 12.5498, Train MAPE: 0.8217, Train WMAPE: 0.0324, 
Epoch: 208, Valid Loss: 10.5643, Valid RMSE: 41.7970, Valid MAPE: 2.2845, Valid WMAPE: 0.0607
###Update tasks appear###
Evaluate best model on test data for horizon 1, Test MAE: 9.1001, Test RMSE: 61.1659, Test MAPE: 6.5582, Test WMAPE: 0.0528
Evaluate best model on test data for horizon 2, Test MAE: 10.1745, Test RMSE: 55.4453, Test MAPE: 10.7247, Test WMAPE: 0.0591
Evaluate best model on test data for horizon 3, Test MAE: 10.3603, Test RMSE: 42.3055, Test MAPE: 13.7454, Test WMAPE: 0.0602
Evaluate best model on test data for horizon 4, Test MAE: 11.7533, Test RMSE: 50.4743, Test MAPE: 15.7259, Test WMAPE: 0.0683
Evaluate best model on test data for horizon 5, Test MAE: 12.9648, Test RMSE: 54.9790, Test MAPE: 16.7318, Test WMAPE: 0.0753
Evaluate best model on test data for horizon 6, Test MAE: 13.1808, Test RMSE: 49.0120, Test MAPE: 17.7578, Test WMAPE: 0.0766
Evaluate best model on test data for horizon 7, Test MAE: 13.9968, Test RMSE: 51.7076, Test MAPE: 18.1422, Test WMAPE: 0.0814
Evaluate best model on test data for horizon 8, Test MAE: 14.5349, Test RMSE: 53.8867, Test MAPE: 17.9776, Test WMAPE: 0.0845
Evaluate best model on test data for horizon 9, Test MAE: 14.8594, Test RMSE: 53.4523, Test MAPE: 17.9865, Test WMAPE: 0.0864
Evaluate best model on test data for horizon 10, Test MAE: 14.7258, Test RMSE: 49.0850, Test MAPE: 17.3832, Test WMAPE: 0.0857
Evaluate best model on test data for horizon 11, Test MAE: 15.4505, Test RMSE: 56.1522, Test MAPE: 17.4122, Test WMAPE: 0.0899
Evaluate best model on test data for horizon 12, Test MAE: 15.4849, Test RMSE: 55.9835, Test MAPE: 17.8916, Test WMAPE: 0.0901
On average over 12 horizons, Test MAE: 13.0488, Test RMSE: 52.8041, Test MAPE: 15.6698, Test WMAPE: 0.0759
Test low! Updating! Test Loss: 13.048832337061564, Test low! Updating! Valid Loss: 10.56433289391654, epoch:  208
Iter: 000, Train Loss: 5.9097, Train RMSE: 12.5957, Train MAPE: 0.7372, Train WMAPE: 0.0328
Iter: 050, Train Loss: 5.8654, Train RMSE: 11.8656, Train MAPE: 0.8018, Train WMAPE: 0.0322
Epoch: 209, Training Time: 15.2749 secs
Epoch: 209, Inference Time: 1.9789 secs
Epoch: 209, Train Loss: 5.7966, Train RMSE: 12.5642, Train MAPE: 0.7920, Train WMAPE: 0.0324, 
Epoch: 209, Valid Loss: 10.6593, Valid RMSE: 42.0717, Valid MAPE: 2.4271, Valid WMAPE: 0.0612
No update
Iter: 000, Train Loss: 5.9772, Train RMSE: 12.8182, Train MAPE: 0.7192, Train WMAPE: 0.0332
Iter: 050, Train Loss: 5.9025, Train RMSE: 12.1038, Train MAPE: 0.7176, Train WMAPE: 0.0324
Epoch: 210, Training Time: 15.7455 secs
Epoch: 210, Inference Time: 1.9203 secs
Epoch: 210, Train Loss: 5.8159, Train RMSE: 12.5358, Train MAPE: 0.9030, Train WMAPE: 0.0325, 
Epoch: 210, Valid Loss: 10.6247, Valid RMSE: 42.1058, Valid MAPE: 1.8144, Valid WMAPE: 0.0610
No update
Iter: 000, Train Loss: 5.7407, Train RMSE: 12.0994, Train MAPE: 0.5686, Train WMAPE: 0.0319
Iter: 050, Train Loss: 5.8216, Train RMSE: 11.9184, Train MAPE: 0.7898, Train WMAPE: 0.0319
Epoch: 211, Training Time: 15.2481 secs
Epoch: 211, Inference Time: 2.0276 secs
Epoch: 211, Train Loss: 5.7798, Train RMSE: 12.3987, Train MAPE: 1.0473, Train WMAPE: 0.0323, 
Epoch: 211, Valid Loss: 10.7341, Valid RMSE: 41.7965, Valid MAPE: 3.6416, Valid WMAPE: 0.0616
No update
Iter: 000, Train Loss: 6.0335, Train RMSE: 12.3928, Train MAPE: 1.2259, Train WMAPE: 0.0335
Iter: 050, Train Loss: 5.7123, Train RMSE: 11.7949, Train MAPE: 0.5453, Train WMAPE: 0.0313
Epoch: 212, Training Time: 15.5998 secs
Epoch: 212, Inference Time: 2.0989 secs
Epoch: 212, Train Loss: 5.7849, Train RMSE: 12.3961, Train MAPE: 1.0535, Train WMAPE: 0.0323, 
Epoch: 212, Valid Loss: 10.5707, Valid RMSE: 41.9312, Valid MAPE: 2.0045, Valid WMAPE: 0.0607
No update
Iter: 000, Train Loss: 5.7901, Train RMSE: 12.1498, Train MAPE: 0.6167, Train WMAPE: 0.0321
Iter: 050, Train Loss: 5.7052, Train RMSE: 11.7255, Train MAPE: 0.6184, Train WMAPE: 0.0313
Epoch: 213, Training Time: 15.7902 secs
Epoch: 213, Inference Time: 2.0945 secs
Epoch: 213, Train Loss: 5.7639, Train RMSE: 12.3824, Train MAPE: 1.0171, Train WMAPE: 0.0322, 
Epoch: 213, Valid Loss: 10.5363, Valid RMSE: 41.9043, Valid MAPE: 1.9219, Valid WMAPE: 0.0605
###Update tasks appear###
Evaluate best model on test data for horizon 1, Test MAE: 9.0740, Test RMSE: 61.4243, Test MAPE: 6.8426, Test WMAPE: 0.0527
Evaluate best model on test data for horizon 2, Test MAE: 10.0154, Test RMSE: 55.5243, Test MAPE: 10.9143, Test WMAPE: 0.0582
Evaluate best model on test data for horizon 3, Test MAE: 10.0906, Test RMSE: 42.2847, Test MAPE: 14.1974, Test WMAPE: 0.0586
Evaluate best model on test data for horizon 4, Test MAE: 11.6194, Test RMSE: 50.2273, Test MAPE: 16.0821, Test WMAPE: 0.0675
Evaluate best model on test data for horizon 5, Test MAE: 12.8132, Test RMSE: 54.8862, Test MAPE: 16.7162, Test WMAPE: 0.0745
Evaluate best model on test data for horizon 6, Test MAE: 13.1114, Test RMSE: 49.0476, Test MAPE: 17.7799, Test WMAPE: 0.0762
Evaluate best model on test data for horizon 7, Test MAE: 14.0043, Test RMSE: 51.7679, Test MAPE: 18.1865, Test WMAPE: 0.0814
Evaluate best model on test data for horizon 8, Test MAE: 14.6371, Test RMSE: 54.0317, Test MAPE: 17.7842, Test WMAPE: 0.0851
Evaluate best model on test data for horizon 9, Test MAE: 14.9846, Test RMSE: 53.4720, Test MAPE: 17.5829, Test WMAPE: 0.0872
Evaluate best model on test data for horizon 10, Test MAE: 14.8769, Test RMSE: 49.2371, Test MAPE: 17.4213, Test WMAPE: 0.0865
Evaluate best model on test data for horizon 11, Test MAE: 15.6501, Test RMSE: 56.5436, Test MAPE: 17.4123, Test WMAPE: 0.0910
Evaluate best model on test data for horizon 12, Test MAE: 15.7958, Test RMSE: 56.5911, Test MAPE: 17.4878, Test WMAPE: 0.0919
On average over 12 horizons, Test MAE: 13.0561, Test RMSE: 52.9198, Test MAPE: 15.7006, Test WMAPE: 0.0759
No update
Iter: 000, Train Loss: 5.7130, Train RMSE: 12.1199, Train MAPE: 0.5462, Train WMAPE: 0.0317
Iter: 050, Train Loss: 5.8483, Train RMSE: 12.0165, Train MAPE: 0.8669, Train WMAPE: 0.0321
Epoch: 214, Training Time: 15.3855 secs
Epoch: 214, Inference Time: 1.8876 secs
Epoch: 214, Train Loss: 5.7732, Train RMSE: 12.4280, Train MAPE: 0.9000, Train WMAPE: 0.0323, 
Epoch: 214, Valid Loss: 10.8113, Valid RMSE: 42.0796, Valid MAPE: 2.3839, Valid WMAPE: 0.0621
No update
Iter: 000, Train Loss: 5.8613, Train RMSE: 12.2665, Train MAPE: 0.7794, Train WMAPE: 0.0325
Iter: 050, Train Loss: 7.0621, Train RMSE: 16.6577, Train MAPE: 0.6303, Train WMAPE: 0.0387
Epoch: 215, Training Time: 15.3740 secs
Epoch: 215, Inference Time: 1.9065 secs
Epoch: 215, Train Loss: 5.8352, Train RMSE: 12.6535, Train MAPE: 0.8223, Train WMAPE: 0.0326, 
Epoch: 215, Valid Loss: 10.7560, Valid RMSE: 42.0660, Valid MAPE: 2.3084, Valid WMAPE: 0.0618
No update
Iter: 000, Train Loss: 5.7688, Train RMSE: 12.1785, Train MAPE: 0.7348, Train WMAPE: 0.0320
Iter: 050, Train Loss: 6.0342, Train RMSE: 12.3357, Train MAPE: 0.7893, Train WMAPE: 0.0331
Epoch: 216, Training Time: 15.2292 secs
Epoch: 216, Inference Time: 1.8421 secs
Epoch: 216, Train Loss: 5.7983, Train RMSE: 12.4859, Train MAPE: 0.9463, Train WMAPE: 0.0324, 
Epoch: 216, Valid Loss: 10.5187, Valid RMSE: 41.6966, Valid MAPE: 2.6021, Valid WMAPE: 0.0604
###Update tasks appear###
Evaluate best model on test data for horizon 1, Test MAE: 9.0755, Test RMSE: 61.5253, Test MAPE: 6.7049, Test WMAPE: 0.0527
Evaluate best model on test data for horizon 2, Test MAE: 10.0071, Test RMSE: 55.4573, Test MAPE: 11.0591, Test WMAPE: 0.0581
Evaluate best model on test data for horizon 3, Test MAE: 10.0492, Test RMSE: 42.1842, Test MAPE: 14.3342, Test WMAPE: 0.0584
Evaluate best model on test data for horizon 4, Test MAE: 11.6084, Test RMSE: 50.1604, Test MAPE: 16.2657, Test WMAPE: 0.0674
Evaluate best model on test data for horizon 5, Test MAE: 12.8162, Test RMSE: 54.6989, Test MAPE: 17.0794, Test WMAPE: 0.0745
Evaluate best model on test data for horizon 6, Test MAE: 13.0743, Test RMSE: 48.9492, Test MAPE: 17.9190, Test WMAPE: 0.0760
Evaluate best model on test data for horizon 7, Test MAE: 13.9445, Test RMSE: 51.5671, Test MAPE: 18.3042, Test WMAPE: 0.0811
Evaluate best model on test data for horizon 8, Test MAE: 14.6339, Test RMSE: 54.0281, Test MAPE: 17.9583, Test WMAPE: 0.0851
Evaluate best model on test data for horizon 9, Test MAE: 14.9586, Test RMSE: 53.3623, Test MAPE: 17.9965, Test WMAPE: 0.0870
Evaluate best model on test data for horizon 10, Test MAE: 14.7969, Test RMSE: 48.9627, Test MAPE: 17.9281, Test WMAPE: 0.0861
Evaluate best model on test data for horizon 11, Test MAE: 15.5933, Test RMSE: 56.2124, Test MAPE: 17.9247, Test WMAPE: 0.0907
Evaluate best model on test data for horizon 12, Test MAE: 15.7429, Test RMSE: 56.3776, Test MAPE: 17.7460, Test WMAPE: 0.0916
On average over 12 horizons, Test MAE: 13.0251, Test RMSE: 52.7905, Test MAPE: 15.9350, Test WMAPE: 0.0757
Test low! Updating! Test Loss: 13.025074561436972, Test low! Updating! Valid Loss: 10.51874838556562, epoch:  216
Iter: 000, Train Loss: 5.8131, Train RMSE: 12.6052, Train MAPE: 0.7579, Train WMAPE: 0.0323
Iter: 050, Train Loss: 5.7982, Train RMSE: 11.8285, Train MAPE: 0.7624, Train WMAPE: 0.0318
Epoch: 217, Training Time: 14.9885 secs
Epoch: 217, Inference Time: 1.9476 secs
Epoch: 217, Train Loss: 5.7637, Train RMSE: 12.3783, Train MAPE: 1.0105, Train WMAPE: 0.0322, 
Epoch: 217, Valid Loss: 10.9982, Valid RMSE: 41.9960, Valid MAPE: 3.9215, Valid WMAPE: 0.0632
No update
Iter: 000, Train Loss: 6.6311, Train RMSE: 14.4033, Train MAPE: 1.3034, Train WMAPE: 0.0368
Iter: 050, Train Loss: 5.7380, Train RMSE: 11.8319, Train MAPE: 0.4919, Train WMAPE: 0.0315
Epoch: 218, Training Time: 15.5893 secs
Epoch: 218, Inference Time: 2.0008 secs
Epoch: 218, Train Loss: 5.8268, Train RMSE: 12.5313, Train MAPE: 1.0067, Train WMAPE: 0.0326, 
Epoch: 218, Valid Loss: 10.5810, Valid RMSE: 41.8836, Valid MAPE: 2.1786, Valid WMAPE: 0.0608
No update
Iter: 000, Train Loss: 6.1987, Train RMSE: 14.5223, Train MAPE: 0.6524, Train WMAPE: 0.0344
Iter: 050, Train Loss: 5.7009, Train RMSE: 11.9540, Train MAPE: 0.4746, Train WMAPE: 0.0313
Epoch: 219, Training Time: 15.1882 secs
Epoch: 219, Inference Time: 1.8811 secs
Epoch: 219, Train Loss: 5.7729, Train RMSE: 12.4556, Train MAPE: 0.7745, Train WMAPE: 0.0323, 
Epoch: 219, Valid Loss: 10.5168, Valid RMSE: 41.8963, Valid MAPE: 2.3598, Valid WMAPE: 0.0604
###Update tasks appear###
Evaluate best model on test data for horizon 1, Test MAE: 9.1451, Test RMSE: 61.6386, Test MAPE: 6.9769, Test WMAPE: 0.0531
Evaluate best model on test data for horizon 2, Test MAE: 10.0875, Test RMSE: 55.2733, Test MAPE: 10.5807, Test WMAPE: 0.0586
Evaluate best model on test data for horizon 3, Test MAE: 10.2585, Test RMSE: 42.5755, Test MAPE: 13.7347, Test WMAPE: 0.0596
Evaluate best model on test data for horizon 4, Test MAE: 11.6997, Test RMSE: 50.5143, Test MAPE: 16.0829, Test WMAPE: 0.0680
Evaluate best model on test data for horizon 5, Test MAE: 12.8780, Test RMSE: 55.0171, Test MAPE: 16.9712, Test WMAPE: 0.0748
Evaluate best model on test data for horizon 6, Test MAE: 13.0748, Test RMSE: 49.1514, Test MAPE: 17.8653, Test WMAPE: 0.0760
Evaluate best model on test data for horizon 7, Test MAE: 13.9466, Test RMSE: 51.9912, Test MAPE: 17.7370, Test WMAPE: 0.0811
Evaluate best model on test data for horizon 8, Test MAE: 14.5450, Test RMSE: 54.2248, Test MAPE: 17.6645, Test WMAPE: 0.0846
Evaluate best model on test data for horizon 9, Test MAE: 14.9337, Test RMSE: 53.6795, Test MAPE: 17.3635, Test WMAPE: 0.0869
Evaluate best model on test data for horizon 10, Test MAE: 14.7631, Test RMSE: 49.5745, Test MAPE: 17.1900, Test WMAPE: 0.0859
Evaluate best model on test data for horizon 11, Test MAE: 15.6040, Test RMSE: 56.7207, Test MAPE: 17.2854, Test WMAPE: 0.0908
Evaluate best model on test data for horizon 12, Test MAE: 15.6243, Test RMSE: 56.4017, Test MAPE: 17.3090, Test WMAPE: 0.0909
On average over 12 horizons, Test MAE: 13.0467, Test RMSE: 53.0636, Test MAPE: 15.5634, Test WMAPE: 0.0758
No update
Iter: 000, Train Loss: 5.8083, Train RMSE: 12.2419, Train MAPE: 0.7380, Train WMAPE: 0.0322
Iter: 050, Train Loss: 5.7429, Train RMSE: 11.8496, Train MAPE: 0.7082, Train WMAPE: 0.0315
Epoch: 220, Training Time: 15.6015 secs
Epoch: 220, Inference Time: 1.8837 secs
Epoch: 220, Train Loss: 5.7438, Train RMSE: 12.4069, Train MAPE: 0.8272, Train WMAPE: 0.0321, 
Epoch: 220, Valid Loss: 10.5804, Valid RMSE: 41.5010, Valid MAPE: 2.7716, Valid WMAPE: 0.0608
No update
Iter: 000, Train Loss: 5.9067, Train RMSE: 12.3011, Train MAPE: 0.8852, Train WMAPE: 0.0328
Iter: 050, Train Loss: 5.7907, Train RMSE: 11.8600, Train MAPE: 0.5027, Train WMAPE: 0.0318
Epoch: 221, Training Time: 15.5670 secs
Epoch: 221, Inference Time: 1.9062 secs
Epoch: 221, Train Loss: 5.7538, Train RMSE: 12.4620, Train MAPE: 0.8056, Train WMAPE: 0.0322, 
Epoch: 221, Valid Loss: 10.5649, Valid RMSE: 41.6597, Valid MAPE: 2.3900, Valid WMAPE: 0.0607
No update
Iter: 000, Train Loss: 5.8439, Train RMSE: 12.2718, Train MAPE: 0.7480, Train WMAPE: 0.0324
Iter: 050, Train Loss: 5.9444, Train RMSE: 12.8189, Train MAPE: 0.5792, Train WMAPE: 0.0326
Epoch: 222, Training Time: 14.7113 secs
Epoch: 222, Inference Time: 1.8804 secs
Epoch: 222, Train Loss: 5.7447, Train RMSE: 12.4469, Train MAPE: 0.8223, Train WMAPE: 0.0321, 
Epoch: 222, Valid Loss: 10.6324, Valid RMSE: 41.7217, Valid MAPE: 2.2275, Valid WMAPE: 0.0611
No update
Iter: 000, Train Loss: 5.7323, Train RMSE: 12.1364, Train MAPE: 0.6944, Train WMAPE: 0.0318
Iter: 050, Train Loss: 5.7813, Train RMSE: 11.8079, Train MAPE: 0.7138, Train WMAPE: 0.0317
Epoch: 223, Training Time: 15.1064 secs
Epoch: 223, Inference Time: 1.9899 secs
Epoch: 223, Train Loss: 5.7670, Train RMSE: 12.4554, Train MAPE: 0.8385, Train WMAPE: 0.0322, 
Epoch: 223, Valid Loss: 10.6283, Valid RMSE: 41.9946, Valid MAPE: 2.3793, Valid WMAPE: 0.0610
No update
Iter: 000, Train Loss: 5.8833, Train RMSE: 12.3969, Train MAPE: 0.6812, Train WMAPE: 0.0327
Iter: 050, Train Loss: 5.7633, Train RMSE: 11.8785, Train MAPE: 0.5783, Train WMAPE: 0.0316
Epoch: 224, Training Time: 15.1507 secs
Epoch: 224, Inference Time: 2.0339 secs
Epoch: 224, Train Loss: 5.7346, Train RMSE: 12.4065, Train MAPE: 0.8163, Train WMAPE: 0.0321, 
Epoch: 224, Valid Loss: 10.6351, Valid RMSE: 42.1941, Valid MAPE: 2.6281, Valid WMAPE: 0.0611
No update
Iter: 000, Train Loss: 5.8914, Train RMSE: 12.4699, Train MAPE: 0.8096, Train WMAPE: 0.0327
Iter: 050, Train Loss: 5.7241, Train RMSE: 11.6940, Train MAPE: 0.4262, Train WMAPE: 0.0314
Epoch: 225, Training Time: 15.5812 secs
Epoch: 225, Inference Time: 2.0004 secs
Epoch: 225, Train Loss: 5.8050, Train RMSE: 12.5191, Train MAPE: 0.8959, Train WMAPE: 0.0325, 
Epoch: 225, Valid Loss: 10.7915, Valid RMSE: 42.1256, Valid MAPE: 4.1993, Valid WMAPE: 0.0620
No update
Iter: 000, Train Loss: 6.0089, Train RMSE: 12.3237, Train MAPE: 1.3374, Train WMAPE: 0.0334
Iter: 050, Train Loss: 5.8227, Train RMSE: 11.7915, Train MAPE: 0.6740, Train WMAPE: 0.0319
Epoch: 226, Training Time: 15.3866 secs
Epoch: 226, Inference Time: 2.0112 secs
Epoch: 226, Train Loss: 5.7305, Train RMSE: 12.3132, Train MAPE: 1.0380, Train WMAPE: 0.0320, 
Epoch: 226, Valid Loss: 10.5695, Valid RMSE: 42.1036, Valid MAPE: 2.2736, Valid WMAPE: 0.0607
No update
Iter: 000, Train Loss: 5.8272, Train RMSE: 12.6069, Train MAPE: 0.6793, Train WMAPE: 0.0324
Iter: 050, Train Loss: 5.8231, Train RMSE: 12.1848, Train MAPE: 0.6658, Train WMAPE: 0.0319
Epoch: 227, Training Time: 15.5703 secs
Epoch: 227, Inference Time: 1.9081 secs
Epoch: 227, Train Loss: 5.7114, Train RMSE: 12.3041, Train MAPE: 0.9932, Train WMAPE: 0.0319, 
Epoch: 227, Valid Loss: 10.5815, Valid RMSE: 42.1919, Valid MAPE: 1.7411, Valid WMAPE: 0.0608
No update
Iter: 000, Train Loss: 5.7483, Train RMSE: 12.1665, Train MAPE: 0.5034, Train WMAPE: 0.0319
Iter: 050, Train Loss: 5.7852, Train RMSE: 11.6497, Train MAPE: 0.5233, Train WMAPE: 0.0317
Epoch: 228, Training Time: 15.8710 secs
Epoch: 228, Inference Time: 2.0003 secs
Epoch: 228, Train Loss: 5.6976, Train RMSE: 12.2323, Train MAPE: 0.9742, Train WMAPE: 0.0319, 
Epoch: 228, Valid Loss: 10.6160, Valid RMSE: 42.0611, Valid MAPE: 2.7074, Valid WMAPE: 0.0610
No update
Iter: 000, Train Loss: 5.7074, Train RMSE: 12.1343, Train MAPE: 0.7983, Train WMAPE: 0.0317
Iter: 050, Train Loss: 5.7511, Train RMSE: 11.4690, Train MAPE: 0.9343, Train WMAPE: 0.0315
Epoch: 229, Training Time: 15.4200 secs
Epoch: 229, Inference Time: 1.9514 secs
Epoch: 229, Train Loss: 5.6910, Train RMSE: 12.2617, Train MAPE: 0.9179, Train WMAPE: 0.0318, 
Epoch: 229, Valid Loss: 10.6205, Valid RMSE: 42.1117, Valid MAPE: 2.6358, Valid WMAPE: 0.0610
No update
Iter: 000, Train Loss: 5.8822, Train RMSE: 12.7191, Train MAPE: 0.8327, Train WMAPE: 0.0327
Iter: 050, Train Loss: 5.7191, Train RMSE: 11.8771, Train MAPE: 0.6383, Train WMAPE: 0.0314
Epoch: 230, Training Time: 15.1921 secs
Epoch: 230, Inference Time: 1.8146 secs
Epoch: 230, Train Loss: 5.7441, Train RMSE: 12.3703, Train MAPE: 0.9286, Train WMAPE: 0.0321, 
Epoch: 230, Valid Loss: 10.5025, Valid RMSE: 42.0015, Valid MAPE: 1.8038, Valid WMAPE: 0.0603
###Update tasks appear###
Evaluate best model on test data for horizon 1, Test MAE: 9.0940, Test RMSE: 61.4307, Test MAPE: 6.8053, Test WMAPE: 0.0528
Evaluate best model on test data for horizon 2, Test MAE: 10.0853, Test RMSE: 55.2161, Test MAPE: 10.7772, Test WMAPE: 0.0586
Evaluate best model on test data for horizon 3, Test MAE: 10.1688, Test RMSE: 42.2106, Test MAPE: 13.9121, Test WMAPE: 0.0591
Evaluate best model on test data for horizon 4, Test MAE: 11.6380, Test RMSE: 50.0739, Test MAPE: 15.6326, Test WMAPE: 0.0676
Evaluate best model on test data for horizon 5, Test MAE: 12.9206, Test RMSE: 55.2358, Test MAPE: 16.6255, Test WMAPE: 0.0751
Evaluate best model on test data for horizon 6, Test MAE: 13.0458, Test RMSE: 49.0579, Test MAPE: 17.6691, Test WMAPE: 0.0758
Evaluate best model on test data for horizon 7, Test MAE: 13.8724, Test RMSE: 52.0973, Test MAPE: 17.9984, Test WMAPE: 0.0807
Evaluate best model on test data for horizon 8, Test MAE: 14.4601, Test RMSE: 54.2655, Test MAPE: 17.6970, Test WMAPE: 0.0841
Evaluate best model on test data for horizon 9, Test MAE: 14.7418, Test RMSE: 53.4324, Test MAPE: 17.6176, Test WMAPE: 0.0857
Evaluate best model on test data for horizon 10, Test MAE: 14.6445, Test RMSE: 49.2436, Test MAPE: 17.2758, Test WMAPE: 0.0852
Evaluate best model on test data for horizon 11, Test MAE: 15.4285, Test RMSE: 56.4632, Test MAPE: 17.4419, Test WMAPE: 0.0898
Evaluate best model on test data for horizon 12, Test MAE: 15.5159, Test RMSE: 56.5226, Test MAPE: 17.4963, Test WMAPE: 0.0903
On average over 12 horizons, Test MAE: 12.9680, Test RMSE: 52.9375, Test MAPE: 15.5791, Test WMAPE: 0.0754
Test low! Updating! Test Loss: 12.9679647286733, Test low! Updating! Valid Loss: 10.50249709401812, epoch:  230
Iter: 000, Train Loss: 5.9997, Train RMSE: 12.5925, Train MAPE: 0.5565, Train WMAPE: 0.0333
Iter: 050, Train Loss: 5.7840, Train RMSE: 11.6680, Train MAPE: 0.7170, Train WMAPE: 0.0317
Epoch: 231, Training Time: 15.1590 secs
Epoch: 231, Inference Time: 1.8934 secs
Epoch: 231, Train Loss: 5.7107, Train RMSE: 12.2729, Train MAPE: 0.9920, Train WMAPE: 0.0319, 
Epoch: 231, Valid Loss: 10.6779, Valid RMSE: 42.2419, Valid MAPE: 3.6500, Valid WMAPE: 0.0613
No update
Iter: 000, Train Loss: 5.8726, Train RMSE: 12.4320, Train MAPE: 1.1802, Train WMAPE: 0.0326
Iter: 050, Train Loss: 5.8630, Train RMSE: 11.7923, Train MAPE: 0.4406, Train WMAPE: 0.0322
Epoch: 232, Training Time: 15.0779 secs
Epoch: 232, Inference Time: 1.8894 secs
Epoch: 232, Train Loss: 5.6871, Train RMSE: 12.2204, Train MAPE: 0.9525, Train WMAPE: 0.0318, 
Epoch: 232, Valid Loss: 10.6734, Valid RMSE: 42.1277, Valid MAPE: 3.7650, Valid WMAPE: 0.0613
No update
Iter: 000, Train Loss: 5.8198, Train RMSE: 12.2721, Train MAPE: 1.3295, Train WMAPE: 0.0323
Iter: 050, Train Loss: 5.7474, Train RMSE: 12.0963, Train MAPE: 0.6905, Train WMAPE: 0.0315
Epoch: 233, Training Time: 15.2938 secs
Epoch: 233, Inference Time: 1.8928 secs
Epoch: 233, Train Loss: 5.7130, Train RMSE: 12.2589, Train MAPE: 1.0162, Train WMAPE: 0.0319, 
Epoch: 233, Valid Loss: 10.7241, Valid RMSE: 42.2926, Valid MAPE: 3.5441, Valid WMAPE: 0.0616
No update
Iter: 000, Train Loss: 5.7959, Train RMSE: 12.0690, Train MAPE: 1.1473, Train WMAPE: 0.0322
Iter: 050, Train Loss: 5.6042, Train RMSE: 11.5405, Train MAPE: 0.6014, Train WMAPE: 0.0307
Epoch: 234, Training Time: 15.3882 secs
Epoch: 234, Inference Time: 1.9021 secs
Epoch: 234, Train Loss: 5.6900, Train RMSE: 12.2496, Train MAPE: 0.9606, Train WMAPE: 0.0318, 
Epoch: 234, Valid Loss: 10.6648, Valid RMSE: 42.2875, Valid MAPE: 2.2823, Valid WMAPE: 0.0612
No update
Iter: 000, Train Loss: 5.6387, Train RMSE: 11.8768, Train MAPE: 0.7037, Train WMAPE: 0.0313
Iter: 050, Train Loss: 5.7380, Train RMSE: 11.6270, Train MAPE: 1.0443, Train WMAPE: 0.0315
Epoch: 235, Training Time: 15.4775 secs
Epoch: 235, Inference Time: 2.1001 secs
Epoch: 235, Train Loss: 5.6722, Train RMSE: 12.2031, Train MAPE: 0.9693, Train WMAPE: 0.0317, 
Epoch: 235, Valid Loss: 10.7531, Valid RMSE: 42.0160, Valid MAPE: 3.8898, Valid WMAPE: 0.0617
No update
Iter: 000, Train Loss: 6.0196, Train RMSE: 12.3735, Train MAPE: 1.2893, Train WMAPE: 0.0334
Iter: 050, Train Loss: 5.6131, Train RMSE: 11.4653, Train MAPE: 0.7195, Train WMAPE: 0.0308
Epoch: 236, Training Time: 15.3795 secs
Epoch: 236, Inference Time: 1.9019 secs
Epoch: 236, Train Loss: 5.7033, Train RMSE: 12.2814, Train MAPE: 1.0266, Train WMAPE: 0.0319, 
Epoch: 236, Valid Loss: 10.4769, Valid RMSE: 41.8546, Valid MAPE: 1.8814, Valid WMAPE: 0.0602
###Update tasks appear###
Evaluate best model on test data for horizon 1, Test MAE: 9.0424, Test RMSE: 61.4044, Test MAPE: 7.2118, Test WMAPE: 0.0525
Evaluate best model on test data for horizon 2, Test MAE: 9.8888, Test RMSE: 54.7332, Test MAPE: 11.1132, Test WMAPE: 0.0574
Evaluate best model on test data for horizon 3, Test MAE: 9.9326, Test RMSE: 41.7863, Test MAPE: 14.2004, Test WMAPE: 0.0577
Evaluate best model on test data for horizon 4, Test MAE: 11.4452, Test RMSE: 49.9062, Test MAPE: 15.6494, Test WMAPE: 0.0665
Evaluate best model on test data for horizon 5, Test MAE: 12.6502, Test RMSE: 54.8423, Test MAPE: 16.5264, Test WMAPE: 0.0735
Evaluate best model on test data for horizon 6, Test MAE: 12.8927, Test RMSE: 48.6568, Test MAPE: 17.5931, Test WMAPE: 0.0749
Evaluate best model on test data for horizon 7, Test MAE: 13.7773, Test RMSE: 51.7849, Test MAPE: 17.7767, Test WMAPE: 0.0801
Evaluate best model on test data for horizon 8, Test MAE: 14.4590, Test RMSE: 54.0560, Test MAPE: 17.6544, Test WMAPE: 0.0841
Evaluate best model on test data for horizon 9, Test MAE: 14.7564, Test RMSE: 52.9626, Test MAPE: 17.4508, Test WMAPE: 0.0858
Evaluate best model on test data for horizon 10, Test MAE: 14.6727, Test RMSE: 48.9442, Test MAPE: 17.1434, Test WMAPE: 0.0853
Evaluate best model on test data for horizon 11, Test MAE: 15.5406, Test RMSE: 56.2866, Test MAPE: 17.3330, Test WMAPE: 0.0904
Evaluate best model on test data for horizon 12, Test MAE: 15.7172, Test RMSE: 56.2653, Test MAPE: 17.4362, Test WMAPE: 0.0914
On average over 12 horizons, Test MAE: 12.8979, Test RMSE: 52.6357, Test MAPE: 15.5907, Test WMAPE: 0.0750
Test low! Updating! Test Loss: 12.897931178410849, Test low! Updating! Valid Loss: 10.476858309337072, epoch:  236
Iter: 000, Train Loss: 5.7443, Train RMSE: 12.1547, Train MAPE: 0.5057, Train WMAPE: 0.0319
Iter: 050, Train Loss: 5.6291, Train RMSE: 11.6791, Train MAPE: 0.6513, Train WMAPE: 0.0309
Epoch: 237, Training Time: 15.4206 secs
Epoch: 237, Inference Time: 1.9042 secs
Epoch: 237, Train Loss: 5.7058, Train RMSE: 12.2426, Train MAPE: 1.0283, Train WMAPE: 0.0319, 
Epoch: 237, Valid Loss: 10.7097, Valid RMSE: 42.1283, Valid MAPE: 3.2930, Valid WMAPE: 0.0615
No update
Iter: 000, Train Loss: 5.9077, Train RMSE: 12.2035, Train MAPE: 1.0058, Train WMAPE: 0.0328
Iter: 050, Train Loss: 5.9538, Train RMSE: 11.9118, Train MAPE: 0.7780, Train WMAPE: 0.0326
Epoch: 238, Training Time: 15.2746 secs
Epoch: 238, Inference Time: 1.9832 secs
Epoch: 238, Train Loss: 5.8053, Train RMSE: 12.5083, Train MAPE: 0.9772, Train WMAPE: 0.0325, 
Epoch: 238, Valid Loss: 11.3393, Valid RMSE: 42.6311, Valid MAPE: 5.0362, Valid WMAPE: 0.0651
No update
Iter: 000, Train Loss: 6.5421, Train RMSE: 13.4717, Train MAPE: 1.7275, Train WMAPE: 0.0363
Iter: 050, Train Loss: 5.7734, Train RMSE: 12.1810, Train MAPE: 0.6336, Train WMAPE: 0.0317
Epoch: 239, Training Time: 15.0950 secs
Epoch: 239, Inference Time: 1.9045 secs
Epoch: 239, Train Loss: 5.8636, Train RMSE: 12.6286, Train MAPE: 0.9792, Train WMAPE: 0.0328, 
Epoch: 239, Valid Loss: 10.6619, Valid RMSE: 42.0744, Valid MAPE: 2.4676, Valid WMAPE: 0.0612
No update
Iter: 000, Train Loss: 5.8243, Train RMSE: 12.2421, Train MAPE: 0.7545, Train WMAPE: 0.0323
Iter: 050, Train Loss: 5.6771, Train RMSE: 11.6225, Train MAPE: 0.5901, Train WMAPE: 0.0311
Epoch: 240, Training Time: 15.2892 secs
Epoch: 240, Inference Time: 1.9711 secs
Epoch: 240, Train Loss: 5.7660, Train RMSE: 12.3842, Train MAPE: 0.9114, Train WMAPE: 0.0322, 
Epoch: 240, Valid Loss: 10.6478, Valid RMSE: 41.9523, Valid MAPE: 2.1252, Valid WMAPE: 0.0611
No update
Iter: 000, Train Loss: 5.7139, Train RMSE: 12.0001, Train MAPE: 0.6830, Train WMAPE: 0.0317
Iter: 050, Train Loss: 5.7286, Train RMSE: 11.5976, Train MAPE: 0.5507, Train WMAPE: 0.0314
Epoch: 241, Training Time: 15.3929 secs
Epoch: 241, Inference Time: 1.9989 secs
Epoch: 241, Train Loss: 5.7632, Train RMSE: 12.4214, Train MAPE: 0.8605, Train WMAPE: 0.0322, 
Epoch: 241, Valid Loss: 10.5892, Valid RMSE: 41.8644, Valid MAPE: 2.7221, Valid WMAPE: 0.0608
No update
Iter: 000, Train Loss: 5.9007, Train RMSE: 12.5204, Train MAPE: 0.9449, Train WMAPE: 0.0328
Iter: 050, Train Loss: 5.6951, Train RMSE: 11.7387, Train MAPE: 0.5219, Train WMAPE: 0.0312
Epoch: 242, Training Time: 15.4908 secs
Epoch: 242, Inference Time: 1.9890 secs
Epoch: 242, Train Loss: 5.7606, Train RMSE: 12.3809, Train MAPE: 1.0149, Train WMAPE: 0.0322, 
Epoch: 242, Valid Loss: 10.4889, Valid RMSE: 41.9679, Valid MAPE: 1.8947, Valid WMAPE: 0.0602
No update
Iter: 000, Train Loss: 5.9254, Train RMSE: 12.8651, Train MAPE: 0.5836, Train WMAPE: 0.0329
Iter: 050, Train Loss: 5.7624, Train RMSE: 11.5567, Train MAPE: 0.8460, Train WMAPE: 0.0316
Epoch: 243, Training Time: 15.2243 secs
Epoch: 243, Inference Time: 1.9646 secs
Epoch: 243, Train Loss: 5.7071, Train RMSE: 12.2673, Train MAPE: 0.9629, Train WMAPE: 0.0319, 
Epoch: 243, Valid Loss: 10.4852, Valid RMSE: 42.0183, Valid MAPE: 2.0118, Valid WMAPE: 0.0602
No update
Iter: 000, Train Loss: 5.7074, Train RMSE: 12.1316, Train MAPE: 0.5738, Train WMAPE: 0.0317
Iter: 050, Train Loss: 6.2140, Train RMSE: 12.8380, Train MAPE: 0.5701, Train WMAPE: 0.0341
Epoch: 244, Training Time: 15.2819 secs
Epoch: 244, Inference Time: 1.9924 secs
Epoch: 244, Train Loss: 5.8122, Train RMSE: 12.5322, Train MAPE: 0.8418, Train WMAPE: 0.0325, 
Epoch: 244, Valid Loss: 10.6797, Valid RMSE: 42.1403, Valid MAPE: 2.0114, Valid WMAPE: 0.0613
No update
Iter: 000, Train Loss: 5.8862, Train RMSE: 12.2896, Train MAPE: 0.5937, Train WMAPE: 0.0327
Iter: 050, Train Loss: 5.7984, Train RMSE: 11.7672, Train MAPE: 0.6478, Train WMAPE: 0.0318
Epoch: 245, Training Time: 15.3869 secs
Epoch: 245, Inference Time: 1.8980 secs
Epoch: 245, Train Loss: 5.7695, Train RMSE: 12.4282, Train MAPE: 0.8372, Train WMAPE: 0.0323, 
Epoch: 245, Valid Loss: 10.6107, Valid RMSE: 42.0708, Valid MAPE: 2.1928, Valid WMAPE: 0.0609
No update
Iter: 000, Train Loss: 5.8283, Train RMSE: 12.5303, Train MAPE: 0.7339, Train WMAPE: 0.0324
Iter: 050, Train Loss: 5.7434, Train RMSE: 11.7899, Train MAPE: 0.5283, Train WMAPE: 0.0315
Epoch: 246, Training Time: 15.2142 secs
Epoch: 246, Inference Time: 1.8615 secs
Epoch: 246, Train Loss: 5.7142, Train RMSE: 12.3347, Train MAPE: 0.8138, Train WMAPE: 0.0319, 
Epoch: 246, Valid Loss: 10.5579, Valid RMSE: 42.0419, Valid MAPE: 1.9933, Valid WMAPE: 0.0606
No update
Iter: 000, Train Loss: 5.6256, Train RMSE: 12.0138, Train MAPE: 0.6308, Train WMAPE: 0.0312
Iter: 050, Train Loss: 5.6583, Train RMSE: 11.5813, Train MAPE: 0.5996, Train WMAPE: 0.0310
Epoch: 247, Training Time: 15.1157 secs
Epoch: 247, Inference Time: 1.9599 secs
Epoch: 247, Train Loss: 5.6995, Train RMSE: 12.2836, Train MAPE: 0.8493, Train WMAPE: 0.0319, 
Epoch: 247, Valid Loss: 10.7111, Valid RMSE: 41.8820, Valid MAPE: 2.9267, Valid WMAPE: 0.0615
No update
Iter: 000, Train Loss: 6.0951, Train RMSE: 13.0386, Train MAPE: 0.9888, Train WMAPE: 0.0338
Iter: 050, Train Loss: 5.7190, Train RMSE: 11.7021, Train MAPE: 0.5963, Train WMAPE: 0.0314
Epoch: 248, Training Time: 14.8942 secs
Epoch: 248, Inference Time: 1.8911 secs
Epoch: 248, Train Loss: 5.7532, Train RMSE: 12.4214, Train MAPE: 0.8588, Train WMAPE: 0.0322, 
Epoch: 248, Valid Loss: 10.6127, Valid RMSE: 41.8591, Valid MAPE: 2.2583, Valid WMAPE: 0.0609
No update
Iter: 000, Train Loss: 5.7304, Train RMSE: 12.1008, Train MAPE: 0.7240, Train WMAPE: 0.0318
Iter: 050, Train Loss: 5.5714, Train RMSE: 11.3839, Train MAPE: 0.4927, Train WMAPE: 0.0306
Epoch: 249, Training Time: 15.3216 secs
Epoch: 249, Inference Time: 1.9777 secs
Epoch: 249, Train Loss: 5.6957, Train RMSE: 12.3367, Train MAPE: 0.8424, Train WMAPE: 0.0318, 
Epoch: 249, Valid Loss: 10.6615, Valid RMSE: 42.0476, Valid MAPE: 2.6711, Valid WMAPE: 0.0612
No update
Iter: 000, Train Loss: 5.8806, Train RMSE: 12.4187, Train MAPE: 0.8176, Train WMAPE: 0.0326
Iter: 050, Train Loss: 5.6428, Train RMSE: 11.5875, Train MAPE: 0.5878, Train WMAPE: 0.0309
Epoch: 250, Training Time: 14.6735 secs
Epoch: 250, Inference Time: 1.8805 secs
Epoch: 250, Train Loss: 5.6809, Train RMSE: 12.3036, Train MAPE: 0.7985, Train WMAPE: 0.0318, 
Epoch: 250, Valid Loss: 10.6805, Valid RMSE: 41.9625, Valid MAPE: 2.8657, Valid WMAPE: 0.0613
No update
Iter: 000, Train Loss: 5.8082, Train RMSE: 12.1394, Train MAPE: 0.9444, Train WMAPE: 0.0322
Iter: 050, Train Loss: 5.8421, Train RMSE: 12.0940, Train MAPE: 0.5659, Train WMAPE: 0.0320
Epoch: 251, Training Time: 15.1962 secs
Epoch: 251, Inference Time: 1.8931 secs
Epoch: 251, Train Loss: 5.6818, Train RMSE: 12.3022, Train MAPE: 0.8176, Train WMAPE: 0.0318, 
Epoch: 251, Valid Loss: 10.4790, Valid RMSE: 41.9823, Valid MAPE: 1.8572, Valid WMAPE: 0.0602
No update
Iter: 000, Train Loss: 5.9131, Train RMSE: 13.5034, Train MAPE: 0.5754, Train WMAPE: 0.0328
Iter: 050, Train Loss: 5.7402, Train RMSE: 11.6257, Train MAPE: 0.5915, Train WMAPE: 0.0315
Epoch: 252, Training Time: 15.3915 secs
Epoch: 252, Inference Time: 1.8979 secs
Epoch: 252, Train Loss: 5.6819, Train RMSE: 12.2913, Train MAPE: 0.7820, Train WMAPE: 0.0318, 
Epoch: 252, Valid Loss: 10.5620, Valid RMSE: 42.1343, Valid MAPE: 1.9044, Valid WMAPE: 0.0606
No update
Iter: 000, Train Loss: 5.5697, Train RMSE: 12.0043, Train MAPE: 0.6507, Train WMAPE: 0.0309
Iter: 050, Train Loss: 5.8372, Train RMSE: 11.8992, Train MAPE: 0.5869, Train WMAPE: 0.0320
Epoch: 253, Training Time: 15.1713 secs
Epoch: 253, Inference Time: 1.9059 secs
Epoch: 253, Train Loss: 5.6742, Train RMSE: 12.2574, Train MAPE: 0.7730, Train WMAPE: 0.0317, 
Epoch: 253, Valid Loss: 10.6201, Valid RMSE: 41.7126, Valid MAPE: 2.2803, Valid WMAPE: 0.0610
No update
Iter: 000, Train Loss: 5.9194, Train RMSE: 13.0346, Train MAPE: 0.7346, Train WMAPE: 0.0329
Iter: 050, Train Loss: 5.6970, Train RMSE: 11.7315, Train MAPE: 0.5718, Train WMAPE: 0.0312
Epoch: 254, Training Time: 15.1415 secs
Epoch: 254, Inference Time: 1.9220 secs
Epoch: 254, Train Loss: 5.6343, Train RMSE: 12.1639, Train MAPE: 0.7778, Train WMAPE: 0.0315, 
Epoch: 254, Valid Loss: 10.5272, Valid RMSE: 41.8335, Valid MAPE: 2.1046, Valid WMAPE: 0.0604
No update
Iter: 000, Train Loss: 5.7256, Train RMSE: 12.1628, Train MAPE: 0.6251, Train WMAPE: 0.0318
Iter: 050, Train Loss: 5.5255, Train RMSE: 11.3626, Train MAPE: 0.5345, Train WMAPE: 0.0303
Epoch: 255, Training Time: 15.3920 secs
Epoch: 255, Inference Time: 1.9947 secs
Epoch: 255, Train Loss: 5.6267, Train RMSE: 12.1514, Train MAPE: 0.7921, Train WMAPE: 0.0315, 
Epoch: 255, Valid Loss: 10.4823, Valid RMSE: 41.6673, Valid MAPE: 2.2125, Valid WMAPE: 0.0602
No update
Iter: 000, Train Loss: 5.7958, Train RMSE: 12.1768, Train MAPE: 0.7215, Train WMAPE: 0.0322
Iter: 050, Train Loss: 5.7501, Train RMSE: 11.6084, Train MAPE: 0.5698, Train WMAPE: 0.0315
Epoch: 256, Training Time: 14.9865 secs
Epoch: 256, Inference Time: 1.9079 secs
Epoch: 256, Train Loss: 5.6530, Train RMSE: 12.1681, Train MAPE: 0.7972, Train WMAPE: 0.0316, 
Epoch: 256, Valid Loss: 10.6012, Valid RMSE: 41.9416, Valid MAPE: 2.4143, Valid WMAPE: 0.0609
No update
Iter: 000, Train Loss: 5.7741, Train RMSE: 12.1494, Train MAPE: 0.7415, Train WMAPE: 0.0321
Iter: 050, Train Loss: 5.5962, Train RMSE: 11.4139, Train MAPE: 0.5938, Train WMAPE: 0.0307
Epoch: 257, Training Time: 15.3697 secs
Epoch: 257, Inference Time: 1.9966 secs
Epoch: 257, Train Loss: 5.6155, Train RMSE: 12.1301, Train MAPE: 0.7964, Train WMAPE: 0.0314, 
Epoch: 257, Valid Loss: 10.5486, Valid RMSE: 41.8984, Valid MAPE: 2.0795, Valid WMAPE: 0.0606
No update
Iter: 000, Train Loss: 5.6798, Train RMSE: 12.0498, Train MAPE: 0.6432, Train WMAPE: 0.0315
Iter: 050, Train Loss: 5.8338, Train RMSE: 12.8536, Train MAPE: 0.4879, Train WMAPE: 0.0320
Epoch: 258, Training Time: 15.1583 secs
Epoch: 258, Inference Time: 1.9286 secs
Epoch: 258, Train Loss: 5.6281, Train RMSE: 12.2288, Train MAPE: 0.7510, Train WMAPE: 0.0315, 
Epoch: 258, Valid Loss: 10.4462, Valid RMSE: 41.6213, Valid MAPE: 2.3180, Valid WMAPE: 0.0600
###Update tasks appear###
Evaluate best model on test data for horizon 1, Test MAE: 9.0918, Test RMSE: 61.2663, Test MAPE: 6.9661, Test WMAPE: 0.0528
Evaluate best model on test data for horizon 2, Test MAE: 9.9926, Test RMSE: 54.8072, Test MAPE: 10.8489, Test WMAPE: 0.0580
Evaluate best model on test data for horizon 3, Test MAE: 10.1679, Test RMSE: 41.7361, Test MAPE: 13.7605, Test WMAPE: 0.0591
Evaluate best model on test data for horizon 4, Test MAE: 11.6105, Test RMSE: 49.8823, Test MAPE: 15.2128, Test WMAPE: 0.0675
Evaluate best model on test data for horizon 5, Test MAE: 12.8155, Test RMSE: 54.3645, Test MAPE: 17.1702, Test WMAPE: 0.0745
Evaluate best model on test data for horizon 6, Test MAE: 12.9777, Test RMSE: 48.3777, Test MAPE: 17.6792, Test WMAPE: 0.0754
Evaluate best model on test data for horizon 7, Test MAE: 13.8968, Test RMSE: 51.4523, Test MAPE: 17.6831, Test WMAPE: 0.0808
Evaluate best model on test data for horizon 8, Test MAE: 14.5319, Test RMSE: 53.6140, Test MAPE: 17.7325, Test WMAPE: 0.0845
Evaluate best model on test data for horizon 9, Test MAE: 14.8902, Test RMSE: 52.8172, Test MAPE: 17.4753, Test WMAPE: 0.0866
Evaluate best model on test data for horizon 10, Test MAE: 14.8045, Test RMSE: 48.9135, Test MAPE: 17.4954, Test WMAPE: 0.0861
Evaluate best model on test data for horizon 11, Test MAE: 15.5217, Test RMSE: 55.2949, Test MAPE: 17.6485, Test WMAPE: 0.0903
Evaluate best model on test data for horizon 12, Test MAE: 15.5990, Test RMSE: 55.1054, Test MAPE: 17.6835, Test WMAPE: 0.0908
On average over 12 horizons, Test MAE: 12.9917, Test RMSE: 52.3026, Test MAPE: 15.6130, Test WMAPE: 0.0755
No update
Iter: 000, Train Loss: 5.7543, Train RMSE: 12.4550, Train MAPE: 0.6918, Train WMAPE: 0.0319
Iter: 050, Train Loss: 5.6672, Train RMSE: 11.6670, Train MAPE: 0.4899, Train WMAPE: 0.0311
Epoch: 259, Training Time: 15.1593 secs
Epoch: 259, Inference Time: 1.8136 secs
Epoch: 259, Train Loss: 5.6240, Train RMSE: 12.1734, Train MAPE: 0.7669, Train WMAPE: 0.0314, 
Epoch: 259, Valid Loss: 10.4852, Valid RMSE: 41.5333, Valid MAPE: 1.9701, Valid WMAPE: 0.0602
No update
Iter: 000, Train Loss: 5.6470, Train RMSE: 12.1012, Train MAPE: 0.5910, Train WMAPE: 0.0314
Iter: 050, Train Loss: 5.6786, Train RMSE: 11.8989, Train MAPE: 0.6077, Train WMAPE: 0.0311
Epoch: 260, Training Time: 14.3732 secs
Epoch: 260, Inference Time: 1.8953 secs
Epoch: 260, Train Loss: 5.6668, Train RMSE: 12.3045, Train MAPE: 0.7599, Train WMAPE: 0.0317, 
Epoch: 260, Valid Loss: 10.6485, Valid RMSE: 41.6962, Valid MAPE: 2.1283, Valid WMAPE: 0.0611
No update
Iter: 000, Train Loss: 6.0710, Train RMSE: 13.2002, Train MAPE: 0.6479, Train WMAPE: 0.0337
Iter: 050, Train Loss: 5.5749, Train RMSE: 11.5634, Train MAPE: 0.4849, Train WMAPE: 0.0306
Epoch: 261, Training Time: 14.5871 secs
Epoch: 261, Inference Time: 1.8025 secs
Epoch: 261, Train Loss: 5.6320, Train RMSE: 12.1830, Train MAPE: 0.7697, Train WMAPE: 0.0315, 
Epoch: 261, Valid Loss: 10.4799, Valid RMSE: 41.6408, Valid MAPE: 2.2239, Valid WMAPE: 0.0602
No update
Iter: 000, Train Loss: 5.6825, Train RMSE: 12.0525, Train MAPE: 0.7236, Train WMAPE: 0.0315
Iter: 050, Train Loss: 5.7254, Train RMSE: 12.0521, Train MAPE: 0.5389, Train WMAPE: 0.0314
Epoch: 262, Training Time: 14.7002 secs
Epoch: 262, Inference Time: 1.7822 secs
Epoch: 262, Train Loss: 5.5856, Train RMSE: 12.0587, Train MAPE: 0.7839, Train WMAPE: 0.0312, 
Epoch: 262, Valid Loss: 10.5386, Valid RMSE: 41.8227, Valid MAPE: 1.8456, Valid WMAPE: 0.0605
No update
Iter: 000, Train Loss: 5.7058, Train RMSE: 11.9969, Train MAPE: 0.5277, Train WMAPE: 0.0317
Iter: 050, Train Loss: 5.7224, Train RMSE: 11.5496, Train MAPE: 0.6391, Train WMAPE: 0.0314
Epoch: 263, Training Time: 15.2648 secs
Epoch: 263, Inference Time: 1.9154 secs
Epoch: 263, Train Loss: 5.6045, Train RMSE: 12.0401, Train MAPE: 0.8605, Train WMAPE: 0.0313, 
Epoch: 263, Valid Loss: 10.5574, Valid RMSE: 41.8448, Valid MAPE: 2.4678, Valid WMAPE: 0.0606
No update
Iter: 000, Train Loss: 5.5988, Train RMSE: 11.9007, Train MAPE: 0.7392, Train WMAPE: 0.0311
Iter: 050, Train Loss: 5.7183, Train RMSE: 11.6633, Train MAPE: 0.6333, Train WMAPE: 0.0314
Epoch: 264, Training Time: 14.9736 secs
Epoch: 264, Inference Time: 1.8837 secs
Epoch: 264, Train Loss: 5.6201, Train RMSE: 12.0684, Train MAPE: 0.9474, Train WMAPE: 0.0314, 
Epoch: 264, Valid Loss: 10.4958, Valid RMSE: 41.6397, Valid MAPE: 2.8196, Valid WMAPE: 0.0603
No update
Iter: 000, Train Loss: 5.5644, Train RMSE: 11.7761, Train MAPE: 0.9401, Train WMAPE: 0.0309
Iter: 050, Train Loss: 5.5785, Train RMSE: 11.8272, Train MAPE: 0.5579, Train WMAPE: 0.0306
Epoch: 265, Training Time: 14.6260 secs
Epoch: 265, Inference Time: 1.7844 secs
Epoch: 265, Train Loss: 5.5773, Train RMSE: 11.9815, Train MAPE: 0.9800, Train WMAPE: 0.0312, 
Epoch: 265, Valid Loss: 10.5935, Valid RMSE: 41.8309, Valid MAPE: 2.4152, Valid WMAPE: 0.0608
No update
Iter: 000, Train Loss: 5.5906, Train RMSE: 11.8314, Train MAPE: 0.7515, Train WMAPE: 0.0310
Iter: 050, Train Loss: 5.6392, Train RMSE: 11.4109, Train MAPE: 0.5313, Train WMAPE: 0.0309
Epoch: 266, Training Time: 14.3752 secs
Epoch: 266, Inference Time: 1.7926 secs
Epoch: 266, Train Loss: 5.5528, Train RMSE: 11.9266, Train MAPE: 0.9182, Train WMAPE: 0.0310, 
Epoch: 266, Valid Loss: 10.4489, Valid RMSE: 41.6800, Valid MAPE: 1.8456, Valid WMAPE: 0.0600
###Update tasks appear###
Evaluate best model on test data for horizon 1, Test MAE: 9.0579, Test RMSE: 60.8464, Test MAPE: 7.0056, Test WMAPE: 0.0526
Evaluate best model on test data for horizon 2, Test MAE: 10.0672, Test RMSE: 54.6802, Test MAPE: 11.1525, Test WMAPE: 0.0585
Evaluate best model on test data for horizon 3, Test MAE: 10.1373, Test RMSE: 42.2500, Test MAPE: 14.2314, Test WMAPE: 0.0589
Evaluate best model on test data for horizon 4, Test MAE: 11.5643, Test RMSE: 49.7818, Test MAPE: 15.9105, Test WMAPE: 0.0672
Evaluate best model on test data for horizon 5, Test MAE: 12.8859, Test RMSE: 54.3125, Test MAPE: 16.7497, Test WMAPE: 0.0749
Evaluate best model on test data for horizon 6, Test MAE: 13.1471, Test RMSE: 49.0959, Test MAPE: 17.6840, Test WMAPE: 0.0764
Evaluate best model on test data for horizon 7, Test MAE: 14.0045, Test RMSE: 52.0624, Test MAPE: 17.8951, Test WMAPE: 0.0814
Evaluate best model on test data for horizon 8, Test MAE: 14.5985, Test RMSE: 53.6710, Test MAPE: 17.5597, Test WMAPE: 0.0849
Evaluate best model on test data for horizon 9, Test MAE: 14.9245, Test RMSE: 52.7973, Test MAPE: 17.5294, Test WMAPE: 0.0868
Evaluate best model on test data for horizon 10, Test MAE: 14.8403, Test RMSE: 49.1473, Test MAPE: 17.2196, Test WMAPE: 0.0863
Evaluate best model on test data for horizon 11, Test MAE: 15.6064, Test RMSE: 55.2389, Test MAPE: 17.3450, Test WMAPE: 0.0908
Evaluate best model on test data for horizon 12, Test MAE: 15.6558, Test RMSE: 55.0334, Test MAPE: 17.5539, Test WMAPE: 0.0911
On average over 12 horizons, Test MAE: 13.0408, Test RMSE: 52.4098, Test MAPE: 15.6530, Test WMAPE: 0.0758
No update
Iter: 000, Train Loss: 5.5684, Train RMSE: 11.7946, Train MAPE: 0.6057, Train WMAPE: 0.0309
Iter: 050, Train Loss: 5.5873, Train RMSE: 11.5327, Train MAPE: 0.5737, Train WMAPE: 0.0306
Epoch: 267, Training Time: 15.3670 secs
Epoch: 267, Inference Time: 1.9981 secs
Epoch: 267, Train Loss: 5.5731, Train RMSE: 11.9465, Train MAPE: 0.9086, Train WMAPE: 0.0312, 
Epoch: 267, Valid Loss: 10.6272, Valid RMSE: 41.9663, Valid MAPE: 3.4940, Valid WMAPE: 0.0610
No update
Iter: 000, Train Loss: 5.6458, Train RMSE: 11.8076, Train MAPE: 1.1201, Train WMAPE: 0.0313
Iter: 050, Train Loss: 5.6188, Train RMSE: 11.3125, Train MAPE: 0.4157, Train WMAPE: 0.0308
Epoch: 268, Training Time: 15.5756 secs
Epoch: 268, Inference Time: 2.0922 secs
Epoch: 268, Train Loss: 5.5562, Train RMSE: 11.9095, Train MAPE: 0.9352, Train WMAPE: 0.0311, 
Epoch: 268, Valid Loss: 10.5772, Valid RMSE: 41.9195, Valid MAPE: 2.9145, Valid WMAPE: 0.0607
No update
Iter: 000, Train Loss: 5.6992, Train RMSE: 11.9447, Train MAPE: 0.9195, Train WMAPE: 0.0316
Iter: 050, Train Loss: 5.6647, Train RMSE: 11.8334, Train MAPE: 0.4971, Train WMAPE: 0.0311
Epoch: 269, Training Time: 15.3827 secs
Epoch: 269, Inference Time: 1.8930 secs
Epoch: 269, Train Loss: 5.6460, Train RMSE: 12.1124, Train MAPE: 0.9497, Train WMAPE: 0.0316, 
Epoch: 269, Valid Loss: 10.4782, Valid RMSE: 41.6880, Valid MAPE: 2.8650, Valid WMAPE: 0.0602
No update
Iter: 000, Train Loss: 5.5688, Train RMSE: 11.8164, Train MAPE: 0.9002, Train WMAPE: 0.0309
Iter: 050, Train Loss: 5.5845, Train RMSE: 11.3375, Train MAPE: 0.6912, Train WMAPE: 0.0306
Epoch: 270, Training Time: 15.4960 secs
Epoch: 270, Inference Time: 1.9785 secs
Epoch: 270, Train Loss: 5.6300, Train RMSE: 12.1139, Train MAPE: 1.0039, Train WMAPE: 0.0315, 
Epoch: 270, Valid Loss: 10.6629, Valid RMSE: 41.9305, Valid MAPE: 3.2525, Valid WMAPE: 0.0612
No update
Iter: 000, Train Loss: 5.7394, Train RMSE: 12.2806, Train MAPE: 1.0633, Train WMAPE: 0.0319
Iter: 050, Train Loss: 5.5030, Train RMSE: 11.3453, Train MAPE: 0.7044, Train WMAPE: 0.0302
Epoch: 271, Training Time: 14.8891 secs
Epoch: 271, Inference Time: 1.9866 secs
Epoch: 271, Train Loss: 5.5633, Train RMSE: 11.9309, Train MAPE: 0.9715, Train WMAPE: 0.0311, 
Epoch: 271, Valid Loss: 10.4549, Valid RMSE: 41.6502, Valid MAPE: 1.9180, Valid WMAPE: 0.0600
###Update tasks appear###
Evaluate best model on test data for horizon 1, Test MAE: 9.0386, Test RMSE: 60.8765, Test MAPE: 6.9243, Test WMAPE: 0.0525
Evaluate best model on test data for horizon 2, Test MAE: 10.0192, Test RMSE: 54.5440, Test MAPE: 10.9366, Test WMAPE: 0.0582
Evaluate best model on test data for horizon 3, Test MAE: 10.1384, Test RMSE: 42.2084, Test MAPE: 13.9743, Test WMAPE: 0.0589
Evaluate best model on test data for horizon 4, Test MAE: 11.6248, Test RMSE: 49.8475, Test MAPE: 15.3607, Test WMAPE: 0.0675
Evaluate best model on test data for horizon 5, Test MAE: 12.8382, Test RMSE: 54.1229, Test MAPE: 16.4647, Test WMAPE: 0.0746
Evaluate best model on test data for horizon 6, Test MAE: 13.0992, Test RMSE: 48.7779, Test MAPE: 17.4660, Test WMAPE: 0.0761
Evaluate best model on test data for horizon 7, Test MAE: 13.9601, Test RMSE: 51.9698, Test MAPE: 17.7151, Test WMAPE: 0.0812
Evaluate best model on test data for horizon 8, Test MAE: 14.5554, Test RMSE: 53.5852, Test MAPE: 17.5771, Test WMAPE: 0.0846
Evaluate best model on test data for horizon 9, Test MAE: 14.8658, Test RMSE: 52.7521, Test MAPE: 17.5562, Test WMAPE: 0.0865
Evaluate best model on test data for horizon 10, Test MAE: 14.7633, Test RMSE: 49.1084, Test MAPE: 17.3559, Test WMAPE: 0.0859
Evaluate best model on test data for horizon 11, Test MAE: 15.4372, Test RMSE: 55.1672, Test MAPE: 17.3789, Test WMAPE: 0.0898
Evaluate best model on test data for horizon 12, Test MAE: 15.4859, Test RMSE: 55.0642, Test MAPE: 17.3800, Test WMAPE: 0.0901
On average over 12 horizons, Test MAE: 12.9855, Test RMSE: 52.3353, Test MAPE: 15.5075, Test WMAPE: 0.0755
No update
Iter: 000, Train Loss: 5.5642, Train RMSE: 11.8166, Train MAPE: 0.6000, Train WMAPE: 0.0309
Iter: 050, Train Loss: 5.4459, Train RMSE: 11.1790, Train MAPE: 0.4482, Train WMAPE: 0.0299
Epoch: 272, Training Time: 15.3891 secs
Epoch: 272, Inference Time: 1.9956 secs
Epoch: 272, Train Loss: 5.5835, Train RMSE: 11.9876, Train MAPE: 0.9196, Train WMAPE: 0.0312, 
Epoch: 272, Valid Loss: 10.5662, Valid RMSE: 41.7061, Valid MAPE: 2.0005, Valid WMAPE: 0.0607
No update
Iter: 000, Train Loss: 5.7290, Train RMSE: 12.1641, Train MAPE: 0.5968, Train WMAPE: 0.0318
Iter: 050, Train Loss: 5.4970, Train RMSE: 11.3103, Train MAPE: 0.5255, Train WMAPE: 0.0301
Epoch: 273, Training Time: 15.2597 secs
Epoch: 273, Inference Time: 1.9851 secs
Epoch: 273, Train Loss: 5.5832, Train RMSE: 12.0367, Train MAPE: 0.7764, Train WMAPE: 0.0312, 
Epoch: 273, Valid Loss: 10.6153, Valid RMSE: 42.0412, Valid MAPE: 2.1111, Valid WMAPE: 0.0610
No update
Iter: 000, Train Loss: 5.6521, Train RMSE: 11.8456, Train MAPE: 0.5852, Train WMAPE: 0.0314
Iter: 050, Train Loss: 5.4991, Train RMSE: 11.1419, Train MAPE: 0.5596, Train WMAPE: 0.0302
Epoch: 274, Training Time: 15.2216 secs
Epoch: 274, Inference Time: 2.1754 secs
Epoch: 274, Train Loss: 5.5807, Train RMSE: 12.0435, Train MAPE: 0.7668, Train WMAPE: 0.0312, 
Epoch: 274, Valid Loss: 10.9063, Valid RMSE: 41.9743, Valid MAPE: 2.8285, Valid WMAPE: 0.0626
No update
Iter: 000, Train Loss: 5.8574, Train RMSE: 12.2182, Train MAPE: 0.8974, Train WMAPE: 0.0325
Iter: 050, Train Loss: 5.5985, Train RMSE: 11.5357, Train MAPE: 0.5364, Train WMAPE: 0.0307
Epoch: 275, Training Time: 15.8638 secs
Epoch: 275, Inference Time: 1.9120 secs
Epoch: 275, Train Loss: 5.6945, Train RMSE: 12.2987, Train MAPE: 0.8259, Train WMAPE: 0.0318, 
Epoch: 275, Valid Loss: 10.5914, Valid RMSE: 41.9229, Valid MAPE: 2.6916, Valid WMAPE: 0.0608
No update
Iter: 000, Train Loss: 5.6825, Train RMSE: 12.2611, Train MAPE: 0.8608, Train WMAPE: 0.0315
Iter: 050, Train Loss: 5.7288, Train RMSE: 11.7037, Train MAPE: 0.5271, Train WMAPE: 0.0314
Epoch: 276, Training Time: 15.2766 secs
Epoch: 276, Inference Time: 1.9018 secs
Epoch: 276, Train Loss: 5.6258, Train RMSE: 12.1255, Train MAPE: 0.8115, Train WMAPE: 0.0315, 
Epoch: 276, Valid Loss: 10.5823, Valid RMSE: 41.7678, Valid MAPE: 2.0419, Valid WMAPE: 0.0608
No update
Iter: 000, Train Loss: 5.6007, Train RMSE: 11.9538, Train MAPE: 0.6110, Train WMAPE: 0.0311
Iter: 050, Train Loss: 5.6194, Train RMSE: 11.2995, Train MAPE: 0.8012, Train WMAPE: 0.0308
Epoch: 277, Training Time: 15.4759 secs
Epoch: 277, Inference Time: 1.9097 secs
Epoch: 277, Train Loss: 5.5677, Train RMSE: 11.9564, Train MAPE: 0.7910, Train WMAPE: 0.0311, 
Epoch: 277, Valid Loss: 10.5776, Valid RMSE: 41.6324, Valid MAPE: 2.5670, Valid WMAPE: 0.0607
No update
Iter: 000, Train Loss: 5.7450, Train RMSE: 12.0858, Train MAPE: 0.7786, Train WMAPE: 0.0319
Iter: 050, Train Loss: 5.4497, Train RMSE: 11.1469, Train MAPE: 0.5640, Train WMAPE: 0.0299
Epoch: 278, Training Time: 15.3736 secs
Epoch: 278, Inference Time: 1.9962 secs
Epoch: 278, Train Loss: 5.5118, Train RMSE: 11.8748, Train MAPE: 0.7782, Train WMAPE: 0.0308, 
Epoch: 278, Valid Loss: 10.4658, Valid RMSE: 41.6417, Valid MAPE: 2.1261, Valid WMAPE: 0.0601
###Update tasks appear###
Evaluate best model on test data for horizon 1, Test MAE: 9.0485, Test RMSE: 61.0220, Test MAPE: 6.7400, Test WMAPE: 0.0525
Evaluate best model on test data for horizon 2, Test MAE: 10.0621, Test RMSE: 54.8110, Test MAPE: 10.8804, Test WMAPE: 0.0584
Evaluate best model on test data for horizon 3, Test MAE: 10.1110, Test RMSE: 42.2900, Test MAPE: 14.0925, Test WMAPE: 0.0587
Evaluate best model on test data for horizon 4, Test MAE: 11.5939, Test RMSE: 49.4290, Test MAPE: 15.6063, Test WMAPE: 0.0674
Evaluate best model on test data for horizon 5, Test MAE: 12.8251, Test RMSE: 54.1888, Test MAPE: 16.5220, Test WMAPE: 0.0745
Evaluate best model on test data for horizon 6, Test MAE: 13.2331, Test RMSE: 48.9915, Test MAPE: 17.5519, Test WMAPE: 0.0769
Evaluate best model on test data for horizon 7, Test MAE: 13.9027, Test RMSE: 51.5980, Test MAPE: 17.8705, Test WMAPE: 0.0808
Evaluate best model on test data for horizon 8, Test MAE: 14.5075, Test RMSE: 53.2746, Test MAPE: 17.5651, Test WMAPE: 0.0844
Evaluate best model on test data for horizon 9, Test MAE: 14.8224, Test RMSE: 52.2437, Test MAPE: 17.5782, Test WMAPE: 0.0862
Evaluate best model on test data for horizon 10, Test MAE: 14.7773, Test RMSE: 48.8531, Test MAPE: 17.3841, Test WMAPE: 0.0860
Evaluate best model on test data for horizon 11, Test MAE: 15.5405, Test RMSE: 54.6887, Test MAPE: 17.4609, Test WMAPE: 0.0904
Evaluate best model on test data for horizon 12, Test MAE: 15.5638, Test RMSE: 54.4475, Test MAPE: 17.3790, Test WMAPE: 0.0905
On average over 12 horizons, Test MAE: 12.9990, Test RMSE: 52.1532, Test MAPE: 15.5526, Test WMAPE: 0.0756
No update
Iter: 000, Train Loss: 5.5787, Train RMSE: 11.8661, Train MAPE: 0.6692, Train WMAPE: 0.0310
Iter: 050, Train Loss: 5.4347, Train RMSE: 11.3738, Train MAPE: 0.4439, Train WMAPE: 0.0298
Epoch: 279, Training Time: 15.4653 secs
Epoch: 279, Inference Time: 1.9031 secs
Epoch: 279, Train Loss: 5.5262, Train RMSE: 11.9098, Train MAPE: 0.7461, Train WMAPE: 0.0309, 
Epoch: 279, Valid Loss: 10.4636, Valid RMSE: 41.7553, Valid MAPE: 2.1389, Valid WMAPE: 0.0601
###Update tasks appear###
Evaluate best model on test data for horizon 1, Test MAE: 9.1055, Test RMSE: 60.9286, Test MAPE: 6.7824, Test WMAPE: 0.0529
Evaluate best model on test data for horizon 2, Test MAE: 9.9452, Test RMSE: 54.8382, Test MAPE: 10.9562, Test WMAPE: 0.0577
Evaluate best model on test data for horizon 3, Test MAE: 10.0769, Test RMSE: 42.5191, Test MAPE: 14.2151, Test WMAPE: 0.0585
Evaluate best model on test data for horizon 4, Test MAE: 11.5651, Test RMSE: 49.6140, Test MAPE: 15.8775, Test WMAPE: 0.0672
Evaluate best model on test data for horizon 5, Test MAE: 12.7762, Test RMSE: 54.4265, Test MAPE: 16.5237, Test WMAPE: 0.0742
Evaluate best model on test data for horizon 6, Test MAE: 13.1337, Test RMSE: 49.0485, Test MAPE: 17.4917, Test WMAPE: 0.0763
Evaluate best model on test data for horizon 7, Test MAE: 13.9778, Test RMSE: 51.7411, Test MAPE: 18.1385, Test WMAPE: 0.0813
Evaluate best model on test data for horizon 8, Test MAE: 14.5964, Test RMSE: 53.2645, Test MAPE: 17.7291, Test WMAPE: 0.0849
Evaluate best model on test data for horizon 9, Test MAE: 14.9390, Test RMSE: 52.4294, Test MAPE: 17.6329, Test WMAPE: 0.0869
Evaluate best model on test data for horizon 10, Test MAE: 14.8324, Test RMSE: 48.6480, Test MAPE: 17.4299, Test WMAPE: 0.0863
Evaluate best model on test data for horizon 11, Test MAE: 15.5247, Test RMSE: 54.7690, Test MAPE: 17.4647, Test WMAPE: 0.0903
Evaluate best model on test data for horizon 12, Test MAE: 15.5995, Test RMSE: 54.6971, Test MAPE: 17.3598, Test WMAPE: 0.0908
On average over 12 horizons, Test MAE: 13.0060, Test RMSE: 52.2437, Test MAPE: 15.6334, Test WMAPE: 0.0756
No update
Iter: 000, Train Loss: 5.6732, Train RMSE: 12.1703, Train MAPE: 0.6553, Train WMAPE: 0.0315
Iter: 050, Train Loss: 5.5680, Train RMSE: 11.3347, Train MAPE: 0.6215, Train WMAPE: 0.0305
Epoch: 280, Training Time: 15.3743 secs
Epoch: 280, Inference Time: 1.8957 secs
Epoch: 280, Train Loss: 5.5504, Train RMSE: 11.9365, Train MAPE: 0.7783, Train WMAPE: 0.0310, 
Epoch: 280, Valid Loss: 10.6541, Valid RMSE: 41.7089, Valid MAPE: 1.8753, Valid WMAPE: 0.0612
No update
Iter: 000, Train Loss: 5.7883, Train RMSE: 12.0564, Train MAPE: 0.5215, Train WMAPE: 0.0321
Iter: 050, Train Loss: 5.5083, Train RMSE: 11.1478, Train MAPE: 0.5494, Train WMAPE: 0.0302
Epoch: 281, Training Time: 14.7895 secs
Epoch: 281, Inference Time: 2.0082 secs
Epoch: 281, Train Loss: 5.5381, Train RMSE: 11.9840, Train MAPE: 0.7225, Train WMAPE: 0.0310, 
Epoch: 281, Valid Loss: 10.5200, Valid RMSE: 41.7017, Valid MAPE: 1.9202, Valid WMAPE: 0.0604
No update
Iter: 000, Train Loss: 5.5467, Train RMSE: 11.7783, Train MAPE: 0.6261, Train WMAPE: 0.0308
Iter: 050, Train Loss: 5.5605, Train RMSE: 11.3546, Train MAPE: 0.4612, Train WMAPE: 0.0305
Epoch: 282, Training Time: 15.5669 secs
Epoch: 282, Inference Time: 1.8817 secs
Epoch: 282, Train Loss: 5.5200, Train RMSE: 11.9234, Train MAPE: 0.7300, Train WMAPE: 0.0309, 
Epoch: 282, Valid Loss: 10.5497, Valid RMSE: 41.6243, Valid MAPE: 2.0416, Valid WMAPE: 0.0606
No update
Iter: 000, Train Loss: 5.5484, Train RMSE: 11.7164, Train MAPE: 0.6509, Train WMAPE: 0.0308
Iter: 050, Train Loss: 5.4693, Train RMSE: 11.2492, Train MAPE: 0.5961, Train WMAPE: 0.0300
Epoch: 283, Training Time: 14.7149 secs
Epoch: 283, Inference Time: 1.8813 secs
Epoch: 283, Train Loss: 5.5200, Train RMSE: 11.9191, Train MAPE: 0.7695, Train WMAPE: 0.0309, 
Epoch: 283, Valid Loss: 10.5294, Valid RMSE: 41.4553, Valid MAPE: 2.0748, Valid WMAPE: 0.0605
No update
Iter: 000, Train Loss: 5.6260, Train RMSE: 11.8592, Train MAPE: 0.6059, Train WMAPE: 0.0312
Iter: 050, Train Loss: 5.4372, Train RMSE: 11.0798, Train MAPE: 0.5088, Train WMAPE: 0.0298
Epoch: 284, Training Time: 14.7634 secs
Epoch: 284, Inference Time: 1.8154 secs
Epoch: 284, Train Loss: 5.4863, Train RMSE: 11.8392, Train MAPE: 0.7437, Train WMAPE: 0.0307, 
Epoch: 284, Valid Loss: 10.5981, Valid RMSE: 41.6877, Valid MAPE: 2.0048, Valid WMAPE: 0.0609
No update
Iter: 000, Train Loss: 5.6188, Train RMSE: 11.9304, Train MAPE: 0.5859, Train WMAPE: 0.0312
Iter: 050, Train Loss: 5.4124, Train RMSE: 11.2344, Train MAPE: 0.4201, Train WMAPE: 0.0297
Epoch: 285, Training Time: 14.6661 secs
Epoch: 285, Inference Time: 1.9048 secs
Epoch: 285, Train Loss: 5.5094, Train RMSE: 11.9290, Train MAPE: 0.7337, Train WMAPE: 0.0308, 
Epoch: 285, Valid Loss: 10.4293, Valid RMSE: 41.4934, Valid MAPE: 1.9087, Valid WMAPE: 0.0599
###Update tasks appear###
Evaluate best model on test data for horizon 1, Test MAE: 9.0620, Test RMSE: 60.9664, Test MAPE: 6.9195, Test WMAPE: 0.0526
Evaluate best model on test data for horizon 2, Test MAE: 10.0033, Test RMSE: 54.7283, Test MAPE: 10.9903, Test WMAPE: 0.0581
Evaluate best model on test data for horizon 3, Test MAE: 10.1387, Test RMSE: 42.4227, Test MAPE: 14.1978, Test WMAPE: 0.0589
Evaluate best model on test data for horizon 4, Test MAE: 11.5508, Test RMSE: 49.4239, Test MAPE: 15.8444, Test WMAPE: 0.0671
Evaluate best model on test data for horizon 5, Test MAE: 12.7315, Test RMSE: 54.4060, Test MAPE: 16.4919, Test WMAPE: 0.0740
Evaluate best model on test data for horizon 6, Test MAE: 12.8955, Test RMSE: 48.7562, Test MAPE: 17.2444, Test WMAPE: 0.0750
Evaluate best model on test data for horizon 7, Test MAE: 13.6836, Test RMSE: 51.3223, Test MAPE: 17.7753, Test WMAPE: 0.0796
Evaluate best model on test data for horizon 8, Test MAE: 14.3054, Test RMSE: 53.2542, Test MAPE: 17.3016, Test WMAPE: 0.0832
Evaluate best model on test data for horizon 9, Test MAE: 14.5936, Test RMSE: 51.9830, Test MAPE: 17.1992, Test WMAPE: 0.0849
Evaluate best model on test data for horizon 10, Test MAE: 14.5156, Test RMSE: 48.6002, Test MAPE: 17.0563, Test WMAPE: 0.0844
Evaluate best model on test data for horizon 11, Test MAE: 15.1089, Test RMSE: 54.1762, Test MAPE: 17.2320, Test WMAPE: 0.0879
Evaluate best model on test data for horizon 12, Test MAE: 15.1823, Test RMSE: 54.1269, Test MAPE: 17.2876, Test WMAPE: 0.0883
On average over 12 horizons, Test MAE: 12.8143, Test RMSE: 52.0139, Test MAPE: 15.4617, Test WMAPE: 0.0745
Test low! Updating! Test Loss: 12.81427232424418, Test low! Updating! Valid Loss: 10.429272890090942, epoch:  285
Iter: 000, Train Loss: 5.8144, Train RMSE: 12.3720, Train MAPE: 0.5770, Train WMAPE: 0.0323
Iter: 050, Train Loss: 5.5024, Train RMSE: 11.2395, Train MAPE: 0.5197, Train WMAPE: 0.0302
Epoch: 286, Training Time: 15.4412 secs
Epoch: 286, Inference Time: 1.9030 secs
Epoch: 286, Train Loss: 5.5262, Train RMSE: 11.9165, Train MAPE: 0.7436, Train WMAPE: 0.0309, 
Epoch: 286, Valid Loss: 10.6162, Valid RMSE: 41.6337, Valid MAPE: 2.1241, Valid WMAPE: 0.0610
No update
Iter: 000, Train Loss: 5.5772, Train RMSE: 11.9362, Train MAPE: 0.6803, Train WMAPE: 0.0310
Iter: 050, Train Loss: 5.5451, Train RMSE: 11.2610, Train MAPE: 0.9638, Train WMAPE: 0.0304
Epoch: 287, Training Time: 15.4327 secs
Epoch: 287, Inference Time: 1.8590 secs
Epoch: 287, Train Loss: 5.5399, Train RMSE: 11.8540, Train MAPE: 0.8744, Train WMAPE: 0.0310, 
Epoch: 287, Valid Loss: 10.5752, Valid RMSE: 42.0749, Valid MAPE: 3.0457, Valid WMAPE: 0.0607
No update
Iter: 000, Train Loss: 5.6362, Train RMSE: 11.8751, Train MAPE: 0.9975, Train WMAPE: 0.0313
Iter: 050, Train Loss: 5.3990, Train RMSE: 11.1194, Train MAPE: 0.5427, Train WMAPE: 0.0296
Epoch: 288, Training Time: 15.2680 secs
Epoch: 288, Inference Time: 1.8003 secs
Epoch: 288, Train Loss: 5.4870, Train RMSE: 11.7568, Train MAPE: 0.9280, Train WMAPE: 0.0307, 
Epoch: 288, Valid Loss: 10.5147, Valid RMSE: 41.8364, Valid MAPE: 2.0480, Valid WMAPE: 0.0604
No update
Iter: 000, Train Loss: 5.4602, Train RMSE: 11.7063, Train MAPE: 0.6846, Train WMAPE: 0.0303
Iter: 050, Train Loss: 5.4866, Train RMSE: 11.3252, Train MAPE: 0.4662, Train WMAPE: 0.0301
Epoch: 289, Training Time: 15.3781 secs
Epoch: 289, Inference Time: 1.8896 secs
Epoch: 289, Train Loss: 5.4933, Train RMSE: 11.8437, Train MAPE: 0.7095, Train WMAPE: 0.0307, 
Epoch: 289, Valid Loss: 10.6889, Valid RMSE: 41.9064, Valid MAPE: 2.4784, Valid WMAPE: 0.0614
No update
Iter: 000, Train Loss: 5.6719, Train RMSE: 11.9487, Train MAPE: 0.8001, Train WMAPE: 0.0315
Iter: 050, Train Loss: 5.3710, Train RMSE: 11.0896, Train MAPE: 0.4998, Train WMAPE: 0.0295
Epoch: 290, Training Time: 15.5844 secs
Epoch: 290, Inference Time: 1.8917 secs
Epoch: 290, Train Loss: 5.4694, Train RMSE: 11.7989, Train MAPE: 0.6941, Train WMAPE: 0.0306, 
Epoch: 290, Valid Loss: 10.5518, Valid RMSE: 41.6336, Valid MAPE: 2.0628, Valid WMAPE: 0.0606
No update
Iter: 000, Train Loss: 5.6256, Train RMSE: 11.9787, Train MAPE: 0.5355, Train WMAPE: 0.0312
Iter: 050, Train Loss: 5.3715, Train RMSE: 11.0692, Train MAPE: 0.4784, Train WMAPE: 0.0295
Epoch: 291, Training Time: 15.3171 secs
Epoch: 291, Inference Time: 1.9572 secs
Epoch: 291, Train Loss: 5.5196, Train RMSE: 11.9365, Train MAPE: 0.7315, Train WMAPE: 0.0309, 
Epoch: 291, Valid Loss: 10.7300, Valid RMSE: 41.6973, Valid MAPE: 2.2912, Valid WMAPE: 0.0616
No update
Iter: 000, Train Loss: 5.9038, Train RMSE: 12.7677, Train MAPE: 0.6911, Train WMAPE: 0.0328
Iter: 050, Train Loss: 5.4870, Train RMSE: 11.0805, Train MAPE: 0.6686, Train WMAPE: 0.0301
Epoch: 292, Training Time: 15.2014 secs
Epoch: 292, Inference Time: 1.9937 secs
Epoch: 292, Train Loss: 5.5381, Train RMSE: 11.9415, Train MAPE: 0.7603, Train WMAPE: 0.0310, 
Epoch: 292, Valid Loss: 10.5639, Valid RMSE: 41.5657, Valid MAPE: 2.2308, Valid WMAPE: 0.0607
No update
Iter: 000, Train Loss: 5.9829, Train RMSE: 14.2531, Train MAPE: 0.6292, Train WMAPE: 0.0332
Iter: 050, Train Loss: 5.4862, Train RMSE: 11.1942, Train MAPE: 0.5152, Train WMAPE: 0.0301
Epoch: 293, Training Time: 14.7823 secs
Epoch: 293, Inference Time: 1.8879 secs
Epoch: 293, Train Loss: 5.5325, Train RMSE: 11.9628, Train MAPE: 0.7590, Train WMAPE: 0.0309, 
Epoch: 293, Valid Loss: 10.6247, Valid RMSE: 41.7733, Valid MAPE: 2.2431, Valid WMAPE: 0.0610
No update
Iter: 000, Train Loss: 5.5895, Train RMSE: 11.8056, Train MAPE: 0.6962, Train WMAPE: 0.0310
Iter: 050, Train Loss: 5.5640, Train RMSE: 11.3478, Train MAPE: 0.5698, Train WMAPE: 0.0305
Epoch: 294, Training Time: 14.5219 secs
Epoch: 294, Inference Time: 2.0880 secs
Epoch: 294, Train Loss: 5.4972, Train RMSE: 11.8615, Train MAPE: 0.7744, Train WMAPE: 0.0307, 
Epoch: 294, Valid Loss: 10.4973, Valid RMSE: 41.4883, Valid MAPE: 2.1001, Valid WMAPE: 0.0603
No update
Iter: 000, Train Loss: 5.5478, Train RMSE: 11.8637, Train MAPE: 0.6281, Train WMAPE: 0.0308
Iter: 050, Train Loss: 5.4350, Train RMSE: 11.2099, Train MAPE: 0.5381, Train WMAPE: 0.0298
Epoch: 295, Training Time: 14.9564 secs
Epoch: 295, Inference Time: 1.8094 secs
Epoch: 295, Train Loss: 5.4506, Train RMSE: 11.7632, Train MAPE: 0.7625, Train WMAPE: 0.0305, 
Epoch: 295, Valid Loss: 10.5358, Valid RMSE: 41.4716, Valid MAPE: 2.2310, Valid WMAPE: 0.0605
No update
Iter: 000, Train Loss: 5.5752, Train RMSE: 11.9120, Train MAPE: 0.6667, Train WMAPE: 0.0310
Iter: 050, Train Loss: 5.4626, Train RMSE: 11.2992, Train MAPE: 0.5506, Train WMAPE: 0.0300
Epoch: 296, Training Time: 15.4705 secs
Epoch: 296, Inference Time: 1.8898 secs
Epoch: 296, Train Loss: 5.4474, Train RMSE: 11.7599, Train MAPE: 0.7238, Train WMAPE: 0.0305, 
Epoch: 296, Valid Loss: 10.5256, Valid RMSE: 41.2983, Valid MAPE: 1.9161, Valid WMAPE: 0.0604
No update
Iter: 000, Train Loss: 5.5608, Train RMSE: 11.7821, Train MAPE: 0.5175, Train WMAPE: 0.0309
Iter: 050, Train Loss: 5.4043, Train RMSE: 11.1098, Train MAPE: 0.4875, Train WMAPE: 0.0296
Epoch: 297, Training Time: 14.8835 secs
Epoch: 297, Inference Time: 1.9055 secs
Epoch: 297, Train Loss: 5.4359, Train RMSE: 11.7486, Train MAPE: 0.7370, Train WMAPE: 0.0304, 
Epoch: 297, Valid Loss: 10.4109, Valid RMSE: 41.4496, Valid MAPE: 1.9794, Valid WMAPE: 0.0598
###Update tasks appear###
Evaluate best model on test data for horizon 1, Test MAE: 9.0056, Test RMSE: 60.9076, Test MAPE: 6.9275, Test WMAPE: 0.0523
Evaluate best model on test data for horizon 2, Test MAE: 10.0361, Test RMSE: 54.7906, Test MAPE: 10.9182, Test WMAPE: 0.0583
Evaluate best model on test data for horizon 3, Test MAE: 10.1939, Test RMSE: 42.4458, Test MAPE: 13.9646, Test WMAPE: 0.0592
Evaluate best model on test data for horizon 4, Test MAE: 11.4979, Test RMSE: 49.6441, Test MAPE: 15.2344, Test WMAPE: 0.0668
Evaluate best model on test data for horizon 5, Test MAE: 12.6758, Test RMSE: 54.0764, Test MAPE: 16.3853, Test WMAPE: 0.0737
Evaluate best model on test data for horizon 6, Test MAE: 12.9624, Test RMSE: 48.7379, Test MAPE: 17.4297, Test WMAPE: 0.0753
Evaluate best model on test data for horizon 7, Test MAE: 13.8338, Test RMSE: 51.7430, Test MAPE: 17.7044, Test WMAPE: 0.0804
Evaluate best model on test data for horizon 8, Test MAE: 14.4702, Test RMSE: 53.4681, Test MAPE: 17.3775, Test WMAPE: 0.0841
Evaluate best model on test data for horizon 9, Test MAE: 14.8054, Test RMSE: 52.4842, Test MAPE: 17.2898, Test WMAPE: 0.0861
Evaluate best model on test data for horizon 10, Test MAE: 14.7855, Test RMSE: 49.0828, Test MAPE: 16.9915, Test WMAPE: 0.0860
Evaluate best model on test data for horizon 11, Test MAE: 15.4859, Test RMSE: 54.1922, Test MAPE: 17.1383, Test WMAPE: 0.0901
Evaluate best model on test data for horizon 12, Test MAE: 15.5591, Test RMSE: 54.3807, Test MAPE: 17.3319, Test WMAPE: 0.0905
On average over 12 horizons, Test MAE: 12.9426, Test RMSE: 52.1628, Test MAPE: 15.3911, Test WMAPE: 0.0752
No update
Iter: 000, Train Loss: 5.5645, Train RMSE: 11.6815, Train MAPE: 0.5971, Train WMAPE: 0.0309
Iter: 050, Train Loss: 5.4435, Train RMSE: 11.1557, Train MAPE: 0.5201, Train WMAPE: 0.0299
Epoch: 298, Training Time: 15.3516 secs
Epoch: 298, Inference Time: 1.8989 secs
Epoch: 298, Train Loss: 5.4197, Train RMSE: 11.6986, Train MAPE: 0.7179, Train WMAPE: 0.0303, 
Epoch: 298, Valid Loss: 10.5593, Valid RMSE: 41.6620, Valid MAPE: 2.3000, Valid WMAPE: 0.0606
No update
Iter: 000, Train Loss: 5.5819, Train RMSE: 11.6759, Train MAPE: 0.7467, Train WMAPE: 0.0310
Iter: 050, Train Loss: 5.4193, Train RMSE: 11.0658, Train MAPE: 0.4598, Train WMAPE: 0.0297
Epoch: 299, Training Time: 15.3981 secs
Epoch: 299, Inference Time: 2.0877 secs
Epoch: 299, Train Loss: 5.4594, Train RMSE: 11.7399, Train MAPE: 0.7630, Train WMAPE: 0.0305, 
Epoch: 299, Valid Loss: 10.4537, Valid RMSE: 41.6667, Valid MAPE: 1.8828, Valid WMAPE: 0.0600
No update
Iter: 000, Train Loss: 5.5337, Train RMSE: 11.7118, Train MAPE: 0.5370, Train WMAPE: 0.0307
Iter: 050, Train Loss: 5.4906, Train RMSE: 11.1976, Train MAPE: 0.5774, Train WMAPE: 0.0301
Epoch: 300, Training Time: 15.0857 secs
Epoch: 300, Inference Time: 1.9808 secs
Epoch: 300, Train Loss: 5.4567, Train RMSE: 11.7740, Train MAPE: 0.7254, Train WMAPE: 0.0305, 
Epoch: 300, Valid Loss: 10.5232, Valid RMSE: 41.5318, Valid MAPE: 2.1115, Valid WMAPE: 0.0604
No update
Average Training Time: 15.2146 secs/epoch
Average Inference Time: 1.9325 secs
Training ends
The epoch of the best result： 285
The valid loss of the best model 10.4293
Evaluate best model on test data for horizon 1, Test MAE: 9.0620, Test RMSE: 60.9664, Test MAPE: 6.9195, Test WMAPE: 0.0526
Evaluate best model on test data for horizon 2, Test MAE: 10.0033, Test RMSE: 54.7283, Test MAPE: 10.9903, Test WMAPE: 0.0581
Evaluate best model on test data for horizon 3, Test MAE: 10.1387, Test RMSE: 42.4227, Test MAPE: 14.1978, Test WMAPE: 0.0589
Evaluate best model on test data for horizon 4, Test MAE: 11.5508, Test RMSE: 49.4239, Test MAPE: 15.8444, Test WMAPE: 0.0671
Evaluate best model on test data for horizon 5, Test MAE: 12.7315, Test RMSE: 54.4060, Test MAPE: 16.4919, Test WMAPE: 0.0740
Evaluate best model on test data for horizon 6, Test MAE: 12.8955, Test RMSE: 48.7562, Test MAPE: 17.2444, Test WMAPE: 0.0750
Evaluate best model on test data for horizon 7, Test MAE: 13.6836, Test RMSE: 51.3223, Test MAPE: 17.7753, Test WMAPE: 0.0796
Evaluate best model on test data for horizon 8, Test MAE: 14.3054, Test RMSE: 53.2542, Test MAPE: 17.3016, Test WMAPE: 0.0832
Evaluate best model on test data for horizon 9, Test MAE: 14.5936, Test RMSE: 51.9830, Test MAPE: 17.1992, Test WMAPE: 0.0849
Evaluate best model on test data for horizon 10, Test MAE: 14.5156, Test RMSE: 48.6002, Test MAPE: 17.0563, Test WMAPE: 0.0844
Evaluate best model on test data for horizon 11, Test MAE: 15.1089, Test RMSE: 54.1762, Test MAPE: 17.2320, Test WMAPE: 0.0879
Evaluate best model on test data for horizon 12, Test MAE: 15.1823, Test RMSE: 54.1269, Test MAPE: 17.2876, Test WMAPE: 0.0883
On average over 12 horizons, Test MAE: 12.8143, Test RMSE: 52.0139, Test MAPE: 15.4617, Test WMAPE: 0.0745
Total time spent: 5197.4336
