nohup: ignoring input
Perform shuffle on the dataset
Namespace(batch_size=64, data='data//electricityLondon', device='cuda:0', dropout=0.1, epochs=300, es_patience=100, expid=1, input_dim=3, learning_rate=0.001, print_every=50, save='./logs/MeanAgg-LinearFb-PostAgg-K4-1', weight_decay=0.0001)
Ranger optimizer loaded. 
Gradient Centralization usage = True
GC applied to both conv and fc layers
The number of parameters: 511925
STIDGCN(
  (Temb): TemporalEmbedding()
  (start_conv): Conv2d(3, 32, kernel_size=(1, 1), stride=(1, 1))
  (tree): IDGCN_Tree(
    (IDGCN1): IDGCN(
      (split): Splitting()
      (conv1): Sequential(
        (0): ReplicationPad2d((3, 3, 0, 0))
        (1): Conv2d(64, 64, kernel_size=(1, 5), stride=(1, 1))
        (2): LeakyReLU(negative_slope=0.01, inplace=True)
        (3): Dropout(p=0.1, inplace=False)
        (4): Conv2d(64, 64, kernel_size=(1, 3), stride=(1, 1))
        (5): Tanh()
      )
      (conv2): Sequential(
        (0): ReplicationPad2d((3, 3, 0, 0))
        (1): Conv2d(64, 64, kernel_size=(1, 5), stride=(1, 1))
        (2): LeakyReLU(negative_slope=0.01, inplace=True)
        (3): Dropout(p=0.1, inplace=False)
        (4): Conv2d(64, 64, kernel_size=(1, 3), stride=(1, 1))
        (5): Tanh()
      )
      (conv3): Sequential(
        (0): ReplicationPad2d((3, 3, 0, 0))
        (1): Conv2d(64, 64, kernel_size=(1, 5), stride=(1, 1))
        (2): LeakyReLU(negative_slope=0.01, inplace=True)
        (3): Dropout(p=0.1, inplace=False)
        (4): Conv2d(64, 64, kernel_size=(1, 3), stride=(1, 1))
        (5): Tanh()
      )
      (conv4): Sequential(
        (0): ReplicationPad2d((3, 3, 0, 0))
        (1): Conv2d(64, 64, kernel_size=(1, 5), stride=(1, 1))
        (2): LeakyReLU(negative_slope=0.01, inplace=True)
        (3): Dropout(p=0.1, inplace=False)
        (4): Conv2d(64, 64, kernel_size=(1, 3), stride=(1, 1))
        (5): Tanh()
      )
      (dgcn): DGCN(
        (conv): Conv2d(64, 64, kernel_size=(1, 1), stride=(1, 1))
        (generator): Graph_Generator(
          (fc): Linear(in_features=2, out_features=1, bias=True)
        )
        (gcn): Diffusion_GCN(
          (conv): Conv2d(64, 64, kernel_size=(1, 1), stride=(1, 1))
          (dropout): Dropout(p=0.1, inplace=False)
        )
      )
    )
    (IDGCN2): IDGCN(
      (split): Splitting()
      (conv1): Sequential(
        (0): ReplicationPad2d((3, 3, 0, 0))
        (1): Conv2d(64, 64, kernel_size=(1, 5), stride=(1, 1))
        (2): LeakyReLU(negative_slope=0.01, inplace=True)
        (3): Dropout(p=0.1, inplace=False)
        (4): Conv2d(64, 64, kernel_size=(1, 3), stride=(1, 1))
        (5): Tanh()
      )
      (conv2): Sequential(
        (0): ReplicationPad2d((3, 3, 0, 0))
        (1): Conv2d(64, 64, kernel_size=(1, 5), stride=(1, 1))
        (2): LeakyReLU(negative_slope=0.01, inplace=True)
        (3): Dropout(p=0.1, inplace=False)
        (4): Conv2d(64, 64, kernel_size=(1, 3), stride=(1, 1))
        (5): Tanh()
      )
      (conv3): Sequential(
        (0): ReplicationPad2d((3, 3, 0, 0))
        (1): Conv2d(64, 64, kernel_size=(1, 5), stride=(1, 1))
        (2): LeakyReLU(negative_slope=0.01, inplace=True)
        (3): Dropout(p=0.1, inplace=False)
        (4): Conv2d(64, 64, kernel_size=(1, 3), stride=(1, 1))
        (5): Tanh()
      )
      (conv4): Sequential(
        (0): ReplicationPad2d((3, 3, 0, 0))
        (1): Conv2d(64, 64, kernel_size=(1, 5), stride=(1, 1))
        (2): LeakyReLU(negative_slope=0.01, inplace=True)
        (3): Dropout(p=0.1, inplace=False)
        (4): Conv2d(64, 64, kernel_size=(1, 3), stride=(1, 1))
        (5): Tanh()
      )
      (dgcn): DGCN(
        (conv): Conv2d(64, 64, kernel_size=(1, 1), stride=(1, 1))
        (generator): Graph_Generator(
          (fc): Linear(in_features=2, out_features=1, bias=True)
        )
        (gcn): Diffusion_GCN(
          (conv): Conv2d(64, 64, kernel_size=(1, 1), stride=(1, 1))
          (dropout): Dropout(p=0.1, inplace=False)
        )
      )
    )
    (IDGCN3): IDGCN(
      (split): Splitting()
      (conv1): Sequential(
        (0): ReplicationPad2d((3, 3, 0, 0))
        (1): Conv2d(64, 64, kernel_size=(1, 5), stride=(1, 1))
        (2): LeakyReLU(negative_slope=0.01, inplace=True)
        (3): Dropout(p=0.1, inplace=False)
        (4): Conv2d(64, 64, kernel_size=(1, 3), stride=(1, 1))
        (5): Tanh()
      )
      (conv2): Sequential(
        (0): ReplicationPad2d((3, 3, 0, 0))
        (1): Conv2d(64, 64, kernel_size=(1, 5), stride=(1, 1))
        (2): LeakyReLU(negative_slope=0.01, inplace=True)
        (3): Dropout(p=0.1, inplace=False)
        (4): Conv2d(64, 64, kernel_size=(1, 3), stride=(1, 1))
        (5): Tanh()
      )
      (conv3): Sequential(
        (0): ReplicationPad2d((3, 3, 0, 0))
        (1): Conv2d(64, 64, kernel_size=(1, 5), stride=(1, 1))
        (2): LeakyReLU(negative_slope=0.01, inplace=True)
        (3): Dropout(p=0.1, inplace=False)
        (4): Conv2d(64, 64, kernel_size=(1, 3), stride=(1, 1))
        (5): Tanh()
      )
      (conv4): Sequential(
        (0): ReplicationPad2d((3, 3, 0, 0))
        (1): Conv2d(64, 64, kernel_size=(1, 5), stride=(1, 1))
        (2): LeakyReLU(negative_slope=0.01, inplace=True)
        (3): Dropout(p=0.1, inplace=False)
        (4): Conv2d(64, 64, kernel_size=(1, 3), stride=(1, 1))
        (5): Tanh()
      )
      (dgcn): DGCN(
        (conv): Conv2d(64, 64, kernel_size=(1, 1), stride=(1, 1))
        (generator): Graph_Generator(
          (fc): Linear(in_features=2, out_features=1, bias=True)
        )
        (gcn): Diffusion_GCN(
          (conv): Conv2d(64, 64, kernel_size=(1, 1), stride=(1, 1))
          (dropout): Dropout(p=0.1, inplace=False)
        )
      )
    )
  )
  (glu): GLU(
    (conv1): Conv2d(64, 64, kernel_size=(1, 1), stride=(1, 1))
    (conv2): Conv2d(64, 64, kernel_size=(1, 1), stride=(1, 1))
    (conv3): Conv2d(64, 64, kernel_size=(1, 1), stride=(1, 1))
    (dropout): Dropout(p=0.1, inplace=False)
  )
  (regression_layer): Conv2d(64, 12, kernel_size=(1, 12), stride=(1, 1))
  (cluster_agg): ClusterMeanAggregation()
  (cluster_feedback): ClusterLinearFeedback()
)
start training...
/dfs/data/Cluster-aware-STIDGCN/ranger21.py:131: UserWarning: This overload of addcmul_ is deprecated:
	addcmul_(Number value, Tensor tensor1, Tensor tensor2)
Consider using one of the following signatures instead:
	addcmul_(Tensor tensor1, Tensor tensor2, *, Number value) (Triggered internally at /opt/pytorch/pytorch/torch/csrc/utils/python_arg_parser.cpp:1488.)
  exp_avg_sq.mul_(beta2).addcmul_(1 - beta2, grad, grad)
Iter: 000, Train Loss: 155.5177, Train RMSE: 206.6523, Train MAPE: 166.2885, Train WMAPE: 0.8634
Iter: 050, Train Loss: 116.2765, Train RMSE: 173.3047, Train MAPE: 74.6891, Train WMAPE: 0.6376
Epoch: 001, Training Time: 19.3213 secs
Epoch: 001, Inference Time: 1.9183 secs
Epoch: 001, Train Loss: 120.0149, Train RMSE: 171.5631, Train MAPE: 100.4054, Train WMAPE: 0.6712, 
Epoch: 001, Valid Loss: 67.3448, Valid RMSE: 112.1038, Valid MAPE: 45.5718, Valid WMAPE: 0.3865
###Update tasks appear###
Updating! Valid Loss: 67.34482833317348, epoch:  1
Iter: 000, Train Loss: 66.6068, Train RMSE: 105.0965, Train MAPE: 19.8041, Train WMAPE: 0.3698
Iter: 050, Train Loss: 30.9261, Train RMSE: 53.6536, Train MAPE: 12.7110, Train WMAPE: 0.1696
Epoch: 002, Training Time: 15.4277 secs
Epoch: 002, Inference Time: 1.9104 secs
Epoch: 002, Train Loss: 37.7763, Train RMSE: 62.3602, Train MAPE: 15.6239, Train WMAPE: 0.2113, 
Epoch: 002, Valid Loss: 27.9227, Valid RMSE: 61.0967, Valid MAPE: 18.3056, Valid WMAPE: 0.1602
###Update tasks appear###
Updating! Valid Loss: 27.922697271619523, epoch:  2
Iter: 000, Train Loss: 26.5684, Train RMSE: 47.1820, Train MAPE: 7.9351, Train WMAPE: 0.1475
Iter: 050, Train Loss: 22.6084, Train RMSE: 39.0467, Train MAPE: 4.4866, Train WMAPE: 0.1240
Epoch: 003, Training Time: 15.5673 secs
Epoch: 003, Inference Time: 2.0837 secs
Epoch: 003, Train Loss: 22.5624, Train RMSE: 38.4633, Train MAPE: 5.9747, Train WMAPE: 0.1262, 
Epoch: 003, Valid Loss: 21.7369, Valid RMSE: 52.5908, Valid MAPE: 9.8977, Valid WMAPE: 0.1248
###Update tasks appear###
Updating! Valid Loss: 21.736911501203263, epoch:  3
Iter: 000, Train Loss: 20.2978, Train RMSE: 34.7716, Train MAPE: 4.5113, Train WMAPE: 0.1127
Iter: 050, Train Loss: 18.9792, Train RMSE: 33.5091, Train MAPE: 3.5260, Train WMAPE: 0.1041
Epoch: 004, Training Time: 15.5922 secs
Epoch: 004, Inference Time: 2.0112 secs
Epoch: 004, Train Loss: 18.4431, Train RMSE: 31.6463, Train MAPE: 4.7862, Train WMAPE: 0.1031, 
Epoch: 004, Valid Loss: 19.1727, Valid RMSE: 51.7350, Valid MAPE: 8.8287, Valid WMAPE: 0.1101
###Update tasks appear###
Updating! Valid Loss: 19.17270830699376, epoch:  4
Iter: 000, Train Loss: 17.3397, Train RMSE: 31.5474, Train MAPE: 4.2315, Train WMAPE: 0.0963
Iter: 050, Train Loss: 17.5713, Train RMSE: 32.5076, Train MAPE: 3.1521, Train WMAPE: 0.0964
Epoch: 005, Training Time: 14.9565 secs
Epoch: 005, Inference Time: 1.9067 secs
Epoch: 005, Train Loss: 16.1727, Train RMSE: 29.0482, Train MAPE: 4.1363, Train WMAPE: 0.0904, 
Epoch: 005, Valid Loss: 18.1866, Valid RMSE: 51.3023, Valid MAPE: 8.1913, Valid WMAPE: 0.1045
###Update tasks appear###
Updating! Valid Loss: 18.18659441811698, epoch:  5
Iter: 000, Train Loss: 15.8177, Train RMSE: 29.6795, Train MAPE: 3.9307, Train WMAPE: 0.0878
Iter: 050, Train Loss: 16.5984, Train RMSE: 31.4672, Train MAPE: 2.8203, Train WMAPE: 0.0910
Epoch: 006, Training Time: 15.3872 secs
Epoch: 006, Inference Time: 1.8690 secs
Epoch: 006, Train Loss: 15.0609, Train RMSE: 27.8020, Train MAPE: 3.6454, Train WMAPE: 0.0842, 
Epoch: 006, Valid Loss: 17.7099, Valid RMSE: 50.4756, Valid MAPE: 8.8045, Valid WMAPE: 0.1018
###Update tasks appear###
Updating! Valid Loss: 17.709884439195907, epoch:  6
Iter: 000, Train Loss: 14.9625, Train RMSE: 28.3231, Train MAPE: 4.0176, Train WMAPE: 0.0831
Iter: 050, Train Loss: 15.7847, Train RMSE: 30.6245, Train MAPE: 2.3786, Train WMAPE: 0.0866
Epoch: 007, Training Time: 15.2771 secs
Epoch: 007, Inference Time: 1.9130 secs
Epoch: 007, Train Loss: 14.2532, Train RMSE: 26.8726, Train MAPE: 3.3706, Train WMAPE: 0.0797, 
Epoch: 007, Valid Loss: 17.3848, Valid RMSE: 49.8376, Valid MAPE: 7.2304, Valid WMAPE: 0.1000
###Update tasks appear###
Updating! Valid Loss: 17.38475980077471, epoch:  7
Iter: 000, Train Loss: 14.2797, Train RMSE: 27.3724, Train MAPE: 3.2269, Train WMAPE: 0.0793
Iter: 050, Train Loss: 15.3671, Train RMSE: 30.3421, Train MAPE: 2.0590, Train WMAPE: 0.0843
Epoch: 008, Training Time: 15.3570 secs
Epoch: 008, Inference Time: 1.8998 secs
Epoch: 008, Train Loss: 13.6253, Train RMSE: 26.2038, Train MAPE: 3.0983, Train WMAPE: 0.0762, 
Epoch: 008, Valid Loss: 17.0173, Valid RMSE: 49.5335, Valid MAPE: 5.8999, Valid WMAPE: 0.0979
###Update tasks appear###
Updating! Valid Loss: 17.017314229692733, epoch:  8
Iter: 000, Train Loss: 13.8631, Train RMSE: 27.0202, Train MAPE: 2.8462, Train WMAPE: 0.0770
Iter: 050, Train Loss: 14.7952, Train RMSE: 29.6146, Train MAPE: 2.1577, Train WMAPE: 0.0811
Epoch: 009, Training Time: 14.7762 secs
Epoch: 009, Inference Time: 1.9068 secs
Epoch: 009, Train Loss: 13.2872, Train RMSE: 25.8083, Train MAPE: 2.9864, Train WMAPE: 0.0743, 
Epoch: 009, Valid Loss: 16.9833, Valid RMSE: 49.4527, Valid MAPE: 9.0664, Valid WMAPE: 0.0977
###Update tasks appear###
Updating! Valid Loss: 16.983333587646484, epoch:  9
Iter: 000, Train Loss: 13.7824, Train RMSE: 26.8865, Train MAPE: 3.9289, Train WMAPE: 0.0765
Iter: 050, Train Loss: 14.8169, Train RMSE: 29.4204, Train MAPE: 2.0598, Train WMAPE: 0.0812
Epoch: 010, Training Time: 15.4658 secs
Epoch: 010, Inference Time: 1.9094 secs
Epoch: 010, Train Loss: 12.9214, Train RMSE: 25.3709, Train MAPE: 2.8929, Train WMAPE: 0.0723, 
Epoch: 010, Valid Loss: 16.0894, Valid RMSE: 49.1607, Valid MAPE: 4.7994, Valid WMAPE: 0.0925
###Update tasks appear###
Updating! Valid Loss: 16.089359624045237, epoch:  10
Iter: 000, Train Loss: 12.8516, Train RMSE: 26.2299, Train MAPE: 2.1995, Train WMAPE: 0.0713
Iter: 050, Train Loss: 14.3843, Train RMSE: 28.9046, Train MAPE: 2.2885, Train WMAPE: 0.0789
Epoch: 011, Training Time: 15.3683 secs
Epoch: 011, Inference Time: 1.8965 secs
Epoch: 011, Train Loss: 12.5484, Train RMSE: 24.8862, Train MAPE: 2.8271, Train WMAPE: 0.0702, 
Epoch: 011, Valid Loss: 15.9206, Valid RMSE: 48.8389, Valid MAPE: 4.6656, Valid WMAPE: 0.0915
###Update tasks appear###
Updating! Valid Loss: 15.920592955180577, epoch:  11
Iter: 000, Train Loss: 12.5521, Train RMSE: 25.7780, Train MAPE: 2.3923, Train WMAPE: 0.0697
Iter: 050, Train Loss: 14.1389, Train RMSE: 28.7059, Train MAPE: 2.0144, Train WMAPE: 0.0775
Epoch: 012, Training Time: 15.5730 secs
Epoch: 012, Inference Time: 1.9845 secs
Epoch: 012, Train Loss: 12.4015, Train RMSE: 24.6563, Train MAPE: 2.7454, Train WMAPE: 0.0694, 
Epoch: 012, Valid Loss: 15.7800, Valid RMSE: 48.5587, Valid MAPE: 6.1922, Valid WMAPE: 0.0908
###Update tasks appear###
Updating! Valid Loss: 15.7799551486969, epoch:  12
Iter: 000, Train Loss: 12.3537, Train RMSE: 25.2929, Train MAPE: 2.9501, Train WMAPE: 0.0686
Iter: 050, Train Loss: 13.8708, Train RMSE: 28.1295, Train MAPE: 2.1155, Train WMAPE: 0.0761
Epoch: 013, Training Time: 15.0884 secs
Epoch: 013, Inference Time: 1.8902 secs
Epoch: 013, Train Loss: 12.1570, Train RMSE: 24.3043, Train MAPE: 2.6434, Train WMAPE: 0.0680, 
Epoch: 013, Valid Loss: 16.0821, Valid RMSE: 48.4021, Valid MAPE: 7.4726, Valid WMAPE: 0.0925
No update
Iter: 000, Train Loss: 12.4874, Train RMSE: 25.2074, Train MAPE: 3.6635, Train WMAPE: 0.0693
Iter: 050, Train Loss: 13.6486, Train RMSE: 27.8670, Train MAPE: 1.9381, Train WMAPE: 0.0748
Epoch: 014, Training Time: 15.0926 secs
Epoch: 014, Inference Time: 1.8871 secs
Epoch: 014, Train Loss: 11.9211, Train RMSE: 23.9918, Train MAPE: 2.6971, Train WMAPE: 0.0667, 
Epoch: 014, Valid Loss: 15.4249, Valid RMSE: 48.1827, Valid MAPE: 4.6694, Valid WMAPE: 0.0887
###Update tasks appear###
Updating! Valid Loss: 15.424868788037982, epoch:  14
Iter: 000, Train Loss: 11.8744, Train RMSE: 24.8200, Train MAPE: 2.5744, Train WMAPE: 0.0659
Iter: 050, Train Loss: 13.5979, Train RMSE: 28.0307, Train MAPE: 1.8266, Train WMAPE: 0.0746
Epoch: 015, Training Time: 15.1927 secs
Epoch: 015, Inference Time: 1.8939 secs
Epoch: 015, Train Loss: 11.7284, Train RMSE: 23.7603, Train MAPE: 2.6076, Train WMAPE: 0.0656, 
Epoch: 015, Valid Loss: 15.5267, Valid RMSE: 47.6784, Valid MAPE: 4.9095, Valid WMAPE: 0.0893
No update
Iter: 000, Train Loss: 11.9591, Train RMSE: 24.6253, Train MAPE: 2.3274, Train WMAPE: 0.0664
Iter: 050, Train Loss: 13.2077, Train RMSE: 27.4739, Train MAPE: 1.5776, Train WMAPE: 0.0724
Epoch: 016, Training Time: 15.2972 secs
Epoch: 016, Inference Time: 1.9077 secs
Epoch: 016, Train Loss: 11.5153, Train RMSE: 23.4626, Train MAPE: 2.4749, Train WMAPE: 0.0644, 
Epoch: 016, Valid Loss: 15.8607, Valid RMSE: 47.3525, Valid MAPE: 11.3096, Valid WMAPE: 0.0912
No update
Iter: 000, Train Loss: 12.3998, Train RMSE: 24.7233, Train MAPE: 4.6690, Train WMAPE: 0.0688
Iter: 050, Train Loss: 13.6028, Train RMSE: 27.8603, Train MAPE: 1.8910, Train WMAPE: 0.0746
Epoch: 017, Training Time: 15.7813 secs
Epoch: 017, Inference Time: 1.9907 secs
Epoch: 017, Train Loss: 11.4820, Train RMSE: 23.4020, Train MAPE: 2.5456, Train WMAPE: 0.0642, 
Epoch: 017, Valid Loss: 15.2872, Valid RMSE: 47.0811, Valid MAPE: 9.6511, Valid WMAPE: 0.0879
###Update tasks appear###
Updating! Valid Loss: 15.287244864872523, epoch:  17
Iter: 000, Train Loss: 11.8152, Train RMSE: 24.3563, Train MAPE: 4.0317, Train WMAPE: 0.0656
Iter: 050, Train Loss: 13.0434, Train RMSE: 27.1915, Train MAPE: 2.0700, Train WMAPE: 0.0715
Epoch: 018, Training Time: 15.1193 secs
Epoch: 018, Inference Time: 2.0760 secs
Epoch: 018, Train Loss: 11.1679, Train RMSE: 23.0814, Train MAPE: 2.3862, Train WMAPE: 0.0625, 
Epoch: 018, Valid Loss: 14.4921, Valid RMSE: 46.6280, Valid MAPE: 4.2264, Valid WMAPE: 0.0833
###Update tasks appear###
Updating! Valid Loss: 14.492125885827202, epoch:  18
Iter: 000, Train Loss: 11.0594, Train RMSE: 23.9203, Train MAPE: 2.3365, Train WMAPE: 0.0614
Iter: 050, Train Loss: 12.7779, Train RMSE: 26.9654, Train MAPE: 1.9405, Train WMAPE: 0.0701
Epoch: 019, Training Time: 15.0723 secs
Epoch: 019, Inference Time: 1.9814 secs
Epoch: 019, Train Loss: 11.1068, Train RMSE: 22.8780, Train MAPE: 2.4804, Train WMAPE: 0.0621, 
Epoch: 019, Valid Loss: 14.7979, Valid RMSE: 46.6694, Valid MAPE: 4.2638, Valid WMAPE: 0.0850
No update
Iter: 000, Train Loss: 11.5325, Train RMSE: 24.3442, Train MAPE: 1.8686, Train WMAPE: 0.0640
Iter: 050, Train Loss: 12.6999, Train RMSE: 26.7220, Train MAPE: 2.2444, Train WMAPE: 0.0696
Epoch: 020, Training Time: 15.0802 secs
Epoch: 020, Inference Time: 1.9069 secs
Epoch: 020, Train Loss: 10.9348, Train RMSE: 22.6924, Train MAPE: 2.3806, Train WMAPE: 0.0612, 
Epoch: 020, Valid Loss: 14.2475, Valid RMSE: 45.8758, Valid MAPE: 4.0923, Valid WMAPE: 0.0819
###Update tasks appear###
Updating! Valid Loss: 14.24750028337751, epoch:  20
Iter: 000, Train Loss: 11.0302, Train RMSE: 23.7675, Train MAPE: 2.0808, Train WMAPE: 0.0612
Iter: 050, Train Loss: 12.4715, Train RMSE: 26.5533, Train MAPE: 1.9595, Train WMAPE: 0.0684
Epoch: 021, Training Time: 15.3892 secs
Epoch: 021, Inference Time: 1.9829 secs
Epoch: 021, Train Loss: 10.7220, Train RMSE: 22.4110, Train MAPE: 2.1952, Train WMAPE: 0.0600, 
Epoch: 021, Valid Loss: 14.6547, Valid RMSE: 45.9485, Valid MAPE: 4.3326, Valid WMAPE: 0.0842
No update
Iter: 000, Train Loss: 11.4189, Train RMSE: 24.0104, Train MAPE: 1.8309, Train WMAPE: 0.0634
Iter: 050, Train Loss: 12.7692, Train RMSE: 26.4974, Train MAPE: 2.2867, Train WMAPE: 0.0700
Epoch: 022, Training Time: 15.5803 secs
Epoch: 022, Inference Time: 1.8890 secs
Epoch: 022, Train Loss: 10.6925, Train RMSE: 22.1912, Train MAPE: 2.3552, Train WMAPE: 0.0598, 
Epoch: 022, Valid Loss: 14.1734, Valid RMSE: 45.4211, Valid MAPE: 4.0981, Valid WMAPE: 0.0815
###Update tasks appear###
Updating! Valid Loss: 14.173440831048149, epoch:  22
Iter: 000, Train Loss: 10.9354, Train RMSE: 23.5810, Train MAPE: 2.1814, Train WMAPE: 0.0607
Iter: 050, Train Loss: 12.5068, Train RMSE: 26.3256, Train MAPE: 1.4580, Train WMAPE: 0.0686
Epoch: 023, Training Time: 15.5128 secs
Epoch: 023, Inference Time: 2.1587 secs
Epoch: 023, Train Loss: 10.6342, Train RMSE: 22.1337, Train MAPE: 2.2851, Train WMAPE: 0.0595, 
Epoch: 023, Valid Loss: 13.9597, Valid RMSE: 45.1679, Valid MAPE: 4.5863, Valid WMAPE: 0.0802
###Update tasks appear###
Updating! Valid Loss: 13.959719896316528, epoch:  23
Iter: 000, Train Loss: 10.7095, Train RMSE: 23.3001, Train MAPE: 2.1769, Train WMAPE: 0.0595
Iter: 050, Train Loss: 12.3940, Train RMSE: 26.1468, Train MAPE: 1.8211, Train WMAPE: 0.0680
Epoch: 024, Training Time: 16.2650 secs
Epoch: 024, Inference Time: 1.8877 secs
Epoch: 024, Train Loss: 10.5162, Train RMSE: 21.9611, Train MAPE: 2.2097, Train WMAPE: 0.0588, 
Epoch: 024, Valid Loss: 14.1379, Valid RMSE: 44.6632, Valid MAPE: 7.7173, Valid WMAPE: 0.0813
No update
Iter: 000, Train Loss: 10.9931, Train RMSE: 23.3448, Train MAPE: 3.0358, Train WMAPE: 0.0610
Iter: 050, Train Loss: 12.2345, Train RMSE: 25.9977, Train MAPE: 2.0985, Train WMAPE: 0.0671
Epoch: 025, Training Time: 15.2005 secs
Epoch: 025, Inference Time: 1.9867 secs
Epoch: 025, Train Loss: 10.5418, Train RMSE: 21.9446, Train MAPE: 2.3625, Train WMAPE: 0.0590, 
Epoch: 025, Valid Loss: 14.2120, Valid RMSE: 45.0858, Valid MAPE: 3.6160, Valid WMAPE: 0.0816
No update
Iter: 000, Train Loss: 11.3005, Train RMSE: 23.9503, Train MAPE: 1.7384, Train WMAPE: 0.0627
Iter: 050, Train Loss: 12.2701, Train RMSE: 26.1025, Train MAPE: 1.5967, Train WMAPE: 0.0673
Epoch: 026, Training Time: 15.6329 secs
Epoch: 026, Inference Time: 2.1599 secs
Epoch: 026, Train Loss: 10.4018, Train RMSE: 21.7959, Train MAPE: 2.2189, Train WMAPE: 0.0582, 
Epoch: 026, Valid Loss: 13.7336, Valid RMSE: 44.3896, Valid MAPE: 3.9540, Valid WMAPE: 0.0789
###Update tasks appear###
Updating! Valid Loss: 13.733634642192296, epoch:  26
Iter: 000, Train Loss: 10.6536, Train RMSE: 23.1433, Train MAPE: 1.9806, Train WMAPE: 0.0591
Iter: 050, Train Loss: 12.1712, Train RMSE: 25.6823, Train MAPE: 1.6948, Train WMAPE: 0.0667
Epoch: 027, Training Time: 15.2657 secs
Epoch: 027, Inference Time: 1.8122 secs
Epoch: 027, Train Loss: 10.3152, Train RMSE: 21.6271, Train MAPE: 2.1808, Train WMAPE: 0.0577, 
Epoch: 027, Valid Loss: 14.1977, Valid RMSE: 43.8525, Valid MAPE: 8.6013, Valid WMAPE: 0.0816
No update
Iter: 000, Train Loss: 11.1751, Train RMSE: 23.1230, Train MAPE: 3.0902, Train WMAPE: 0.0620
Iter: 050, Train Loss: 12.0816, Train RMSE: 25.7787, Train MAPE: 1.6102, Train WMAPE: 0.0663
Epoch: 028, Training Time: 15.6883 secs
Epoch: 028, Inference Time: 1.9888 secs
Epoch: 028, Train Loss: 10.2758, Train RMSE: 21.5306, Train MAPE: 2.2506, Train WMAPE: 0.0575, 
Epoch: 028, Valid Loss: 14.1727, Valid RMSE: 43.8511, Valid MAPE: 9.6778, Valid WMAPE: 0.0814
No update
Iter: 000, Train Loss: 11.1670, Train RMSE: 23.0728, Train MAPE: 3.6763, Train WMAPE: 0.0620
Iter: 050, Train Loss: 12.0626, Train RMSE: 25.7839, Train MAPE: 1.5928, Train WMAPE: 0.0661
Epoch: 029, Training Time: 15.2982 secs
Epoch: 029, Inference Time: 1.8038 secs
Epoch: 029, Train Loss: 10.2495, Train RMSE: 21.4269, Train MAPE: 2.2583, Train WMAPE: 0.0573, 
Epoch: 029, Valid Loss: 13.6742, Valid RMSE: 44.1440, Valid MAPE: 5.3977, Valid WMAPE: 0.0786
###Update tasks appear###
Updating! Valid Loss: 13.674153566360474, epoch:  29
Iter: 000, Train Loss: 10.5937, Train RMSE: 23.2200, Train MAPE: 2.3257, Train WMAPE: 0.0588
Iter: 050, Train Loss: 11.8476, Train RMSE: 25.3725, Train MAPE: 1.6388, Train WMAPE: 0.0650
Epoch: 030, Training Time: 15.4078 secs
Epoch: 030, Inference Time: 1.9506 secs
Epoch: 030, Train Loss: 10.1426, Train RMSE: 21.2842, Train MAPE: 2.2145, Train WMAPE: 0.0567, 
Epoch: 030, Valid Loss: 13.7499, Valid RMSE: 44.0855, Valid MAPE: 3.2593, Valid WMAPE: 0.0790
No update
Iter: 000, Train Loss: 10.7546, Train RMSE: 23.1884, Train MAPE: 1.3668, Train WMAPE: 0.0597
Iter: 050, Train Loss: 12.3833, Train RMSE: 25.8512, Train MAPE: 2.4183, Train WMAPE: 0.0679
Epoch: 031, Training Time: 14.8246 secs
Epoch: 031, Inference Time: 1.9656 secs
Epoch: 031, Train Loss: 10.1226, Train RMSE: 21.1819, Train MAPE: 2.1983, Train WMAPE: 0.0566, 
Epoch: 031, Valid Loss: 14.0660, Valid RMSE: 44.1595, Valid MAPE: 4.8278, Valid WMAPE: 0.0808
No update
Iter: 000, Train Loss: 11.2258, Train RMSE: 23.6443, Train MAPE: 2.0598, Train WMAPE: 0.0623
Iter: 050, Train Loss: 11.8540, Train RMSE: 25.3525, Train MAPE: 1.4142, Train WMAPE: 0.0650
Epoch: 032, Training Time: 15.4012 secs
Epoch: 032, Inference Time: 2.1049 secs
Epoch: 032, Train Loss: 10.0116, Train RMSE: 21.0027, Train MAPE: 2.1371, Train WMAPE: 0.0560, 
Epoch: 032, Valid Loss: 13.1485, Valid RMSE: 43.1867, Valid MAPE: 3.4206, Valid WMAPE: 0.0755
###Update tasks appear###
Updating! Valid Loss: 13.148518766675677, epoch:  32
Iter: 000, Train Loss: 10.2879, Train RMSE: 22.6348, Train MAPE: 1.5711, Train WMAPE: 0.0571
Iter: 050, Train Loss: 11.7928, Train RMSE: 24.8494, Train MAPE: 1.5861, Train WMAPE: 0.0647
Epoch: 033, Training Time: 15.7742 secs
Epoch: 033, Inference Time: 1.9804 secs
Epoch: 033, Train Loss: 9.9276, Train RMSE: 20.8816, Train MAPE: 2.1104, Train WMAPE: 0.0555, 
Epoch: 033, Valid Loss: 13.7161, Valid RMSE: 42.8911, Valid MAPE: 7.9418, Valid WMAPE: 0.0788
No update
Iter: 000, Train Loss: 10.8059, Train RMSE: 22.5146, Train MAPE: 3.0551, Train WMAPE: 0.0600
Iter: 050, Train Loss: 11.6527, Train RMSE: 24.6320, Train MAPE: 1.6597, Train WMAPE: 0.0639
Epoch: 034, Training Time: 15.3687 secs
Epoch: 034, Inference Time: 1.8936 secs
Epoch: 034, Train Loss: 9.9465, Train RMSE: 20.8759, Train MAPE: 2.1775, Train WMAPE: 0.0556, 
Epoch: 034, Valid Loss: 13.4463, Valid RMSE: 43.5092, Valid MAPE: 4.9181, Valid WMAPE: 0.0772
No update
Iter: 000, Train Loss: 10.4641, Train RMSE: 22.8407, Train MAPE: 1.9988, Train WMAPE: 0.0581
Iter: 050, Train Loss: 11.8835, Train RMSE: 24.6184, Train MAPE: 2.5233, Train WMAPE: 0.0652
Epoch: 035, Training Time: 15.0006 secs
Epoch: 035, Inference Time: 1.8946 secs
Epoch: 035, Train Loss: 9.8734, Train RMSE: 20.7697, Train MAPE: 2.1246, Train WMAPE: 0.0552, 
Epoch: 035, Valid Loss: 13.3846, Valid RMSE: 43.3921, Valid MAPE: 3.2519, Valid WMAPE: 0.0769
No update
Iter: 000, Train Loss: 10.3026, Train RMSE: 22.4786, Train MAPE: 1.4361, Train WMAPE: 0.0572
Iter: 050, Train Loss: 11.7792, Train RMSE: 25.0117, Train MAPE: 1.4932, Train WMAPE: 0.0646
Epoch: 036, Training Time: 14.6233 secs
Epoch: 036, Inference Time: 1.9627 secs
Epoch: 036, Train Loss: 9.8723, Train RMSE: 20.7332, Train MAPE: 2.1250, Train WMAPE: 0.0552, 
Epoch: 036, Valid Loss: 13.2959, Valid RMSE: 42.7866, Valid MAPE: 7.7669, Valid WMAPE: 0.0764
No update
Iter: 000, Train Loss: 10.2984, Train RMSE: 22.1195, Train MAPE: 2.6948, Train WMAPE: 0.0572
Iter: 050, Train Loss: 11.6874, Train RMSE: 24.8815, Train MAPE: 1.9796, Train WMAPE: 0.0641
Epoch: 037, Training Time: 15.3998 secs
Epoch: 037, Inference Time: 2.0042 secs
Epoch: 037, Train Loss: 9.7041, Train RMSE: 20.4919, Train MAPE: 2.0432, Train WMAPE: 0.0543, 
Epoch: 037, Valid Loss: 14.4721, Valid RMSE: 43.6078, Valid MAPE: 6.4651, Valid WMAPE: 0.0831
No update
Iter: 000, Train Loss: 11.6435, Train RMSE: 23.3865, Train MAPE: 2.5648, Train WMAPE: 0.0646
Iter: 050, Train Loss: 11.2829, Train RMSE: 24.2383, Train MAPE: 1.3038, Train WMAPE: 0.0619
Epoch: 038, Training Time: 15.4865 secs
Epoch: 038, Inference Time: 1.9025 secs
Epoch: 038, Train Loss: 9.7020, Train RMSE: 20.4428, Train MAPE: 1.9882, Train WMAPE: 0.0543, 
Epoch: 038, Valid Loss: 13.6319, Valid RMSE: 43.3224, Valid MAPE: 3.4038, Valid WMAPE: 0.0783
No update
Iter: 000, Train Loss: 10.7538, Train RMSE: 23.0920, Train MAPE: 1.3819, Train WMAPE: 0.0597
Iter: 050, Train Loss: 11.0061, Train RMSE: 23.5781, Train MAPE: 1.5816, Train WMAPE: 0.0604
Epoch: 039, Training Time: 15.3100 secs
Epoch: 039, Inference Time: 1.9793 secs
Epoch: 039, Train Loss: 9.5768, Train RMSE: 20.2604, Train MAPE: 2.0194, Train WMAPE: 0.0536, 
Epoch: 039, Valid Loss: 13.3130, Valid RMSE: 42.1816, Valid MAPE: 6.5499, Valid WMAPE: 0.0765
No update
Iter: 000, Train Loss: 10.2186, Train RMSE: 21.8067, Train MAPE: 2.1951, Train WMAPE: 0.0567
Iter: 050, Train Loss: 11.5452, Train RMSE: 24.0599, Train MAPE: 1.6870, Train WMAPE: 0.0633
Epoch: 040, Training Time: 15.1478 secs
Epoch: 040, Inference Time: 1.9048 secs
Epoch: 040, Train Loss: 9.5398, Train RMSE: 20.0750, Train MAPE: 1.9574, Train WMAPE: 0.0534, 
Epoch: 040, Valid Loss: 13.2236, Valid RMSE: 41.9202, Valid MAPE: 9.0261, Valid WMAPE: 0.0760
No update
Iter: 000, Train Loss: 10.2282, Train RMSE: 21.5454, Train MAPE: 3.3512, Train WMAPE: 0.0568
Iter: 050, Train Loss: 10.9974, Train RMSE: 23.2595, Train MAPE: 1.4416, Train WMAPE: 0.0603
Epoch: 041, Training Time: 15.4889 secs
Epoch: 041, Inference Time: 1.9079 secs
Epoch: 041, Train Loss: 9.4770, Train RMSE: 19.9632, Train MAPE: 2.0485, Train WMAPE: 0.0530, 
Epoch: 041, Valid Loss: 12.8384, Valid RMSE: 42.2197, Valid MAPE: 4.7207, Valid WMAPE: 0.0737
###Update tasks appear###
Updating! Valid Loss: 12.838361024856567, epoch:  41
Iter: 000, Train Loss: 9.8806, Train RMSE: 21.9215, Train MAPE: 1.9450, Train WMAPE: 0.0549
Iter: 050, Train Loss: 10.9268, Train RMSE: 23.3263, Train MAPE: 1.3499, Train WMAPE: 0.0599
Epoch: 042, Training Time: 15.2472 secs
Epoch: 042, Inference Time: 1.8849 secs
Epoch: 042, Train Loss: 9.4330, Train RMSE: 19.8466, Train MAPE: 2.0575, Train WMAPE: 0.0528, 
Epoch: 042, Valid Loss: 12.6748, Valid RMSE: 42.0335, Valid MAPE: 2.8754, Valid WMAPE: 0.0728
###Update tasks appear###
Updating! Valid Loss: 12.674761363438197, epoch:  42
Iter: 000, Train Loss: 9.7649, Train RMSE: 21.6005, Train MAPE: 1.1965, Train WMAPE: 0.0542
Iter: 050, Train Loss: 11.1146, Train RMSE: 23.4425, Train MAPE: 1.4458, Train WMAPE: 0.0609
Epoch: 043, Training Time: 14.5825 secs
Epoch: 043, Inference Time: 1.9886 secs
Epoch: 043, Train Loss: 9.3391, Train RMSE: 19.6144, Train MAPE: 2.1156, Train WMAPE: 0.0522, 
Epoch: 043, Valid Loss: 12.5508, Valid RMSE: 41.6295, Valid MAPE: 3.1479, Valid WMAPE: 0.0721
###Update tasks appear###
Updating! Valid Loss: 12.550803320748466, epoch:  43
Iter: 000, Train Loss: 9.6740, Train RMSE: 21.4245, Train MAPE: 1.3155, Train WMAPE: 0.0537
Iter: 050, Train Loss: 10.8790, Train RMSE: 23.0391, Train MAPE: 1.3166, Train WMAPE: 0.0597
Epoch: 044, Training Time: 15.8090 secs
Epoch: 044, Inference Time: 1.9597 secs
Epoch: 044, Train Loss: 9.2901, Train RMSE: 19.5665, Train MAPE: 1.9730, Train WMAPE: 0.0520, 
Epoch: 044, Valid Loss: 12.8833, Valid RMSE: 41.7758, Valid MAPE: 7.0561, Valid WMAPE: 0.0740
No update
Iter: 000, Train Loss: 9.9209, Train RMSE: 21.3972, Train MAPE: 2.6000, Train WMAPE: 0.0551
Iter: 050, Train Loss: 10.8051, Train RMSE: 22.7534, Train MAPE: 1.3511, Train WMAPE: 0.0593
Epoch: 045, Training Time: 15.7044 secs
Epoch: 045, Inference Time: 2.0051 secs
Epoch: 045, Train Loss: 9.3188, Train RMSE: 19.5933, Train MAPE: 1.9555, Train WMAPE: 0.0521, 
Epoch: 045, Valid Loss: 12.8702, Valid RMSE: 41.9900, Valid MAPE: 5.9587, Valid WMAPE: 0.0739
No update
Iter: 000, Train Loss: 10.0320, Train RMSE: 21.7136, Train MAPE: 2.2962, Train WMAPE: 0.0557
Iter: 050, Train Loss: 10.9405, Train RMSE: 22.7752, Train MAPE: 1.4045, Train WMAPE: 0.0600
Epoch: 046, Training Time: 15.8717 secs
Epoch: 046, Inference Time: 1.8952 secs
Epoch: 046, Train Loss: 9.2589, Train RMSE: 19.5655, Train MAPE: 1.9379, Train WMAPE: 0.0518, 
Epoch: 046, Valid Loss: 12.8682, Valid RMSE: 41.8819, Valid MAPE: 5.4133, Valid WMAPE: 0.0739
No update
Iter: 000, Train Loss: 9.7510, Train RMSE: 21.4700, Train MAPE: 2.1862, Train WMAPE: 0.0541
Iter: 050, Train Loss: 11.0059, Train RMSE: 22.7526, Train MAPE: 1.7206, Train WMAPE: 0.0604
Epoch: 047, Training Time: 15.0951 secs
Epoch: 047, Inference Time: 1.9028 secs
Epoch: 047, Train Loss: 9.3428, Train RMSE: 19.7144, Train MAPE: 1.8337, Train WMAPE: 0.0522, 
Epoch: 047, Valid Loss: 12.9451, Valid RMSE: 41.7826, Valid MAPE: 3.5173, Valid WMAPE: 0.0743
No update
Iter: 000, Train Loss: 10.0766, Train RMSE: 21.6703, Train MAPE: 1.4240, Train WMAPE: 0.0559
Iter: 050, Train Loss: 10.7511, Train RMSE: 22.9323, Train MAPE: 1.8178, Train WMAPE: 0.0590
Epoch: 048, Training Time: 15.2678 secs
Epoch: 048, Inference Time: 1.8983 secs
Epoch: 048, Train Loss: 9.0398, Train RMSE: 19.2495, Train MAPE: 1.6963, Train WMAPE: 0.0506, 
Epoch: 048, Valid Loss: 12.2601, Valid RMSE: 40.9939, Valid MAPE: 2.8629, Valid WMAPE: 0.0704
###Update tasks appear###
Updating! Valid Loss: 12.260148423058647, epoch:  48
Iter: 000, Train Loss: 9.4642, Train RMSE: 21.0940, Train MAPE: 1.3043, Train WMAPE: 0.0525
Iter: 050, Train Loss: 10.7076, Train RMSE: 22.4230, Train MAPE: 2.1586, Train WMAPE: 0.0587
Epoch: 049, Training Time: 15.3801 secs
Epoch: 049, Inference Time: 1.8810 secs
Epoch: 049, Train Loss: 8.9847, Train RMSE: 19.1183, Train MAPE: 1.7781, Train WMAPE: 0.0502, 
Epoch: 049, Valid Loss: 12.1505, Valid RMSE: 40.6032, Valid MAPE: 3.6218, Valid WMAPE: 0.0698
###Update tasks appear###
Updating! Valid Loss: 12.150462354932513, epoch:  49
Iter: 000, Train Loss: 9.2941, Train RMSE: 20.5961, Train MAPE: 1.4412, Train WMAPE: 0.0516
Iter: 050, Train Loss: 10.3483, Train RMSE: 21.7550, Train MAPE: 1.4617, Train WMAPE: 0.0567
Epoch: 050, Training Time: 15.0468 secs
Epoch: 050, Inference Time: 1.8087 secs
Epoch: 050, Train Loss: 8.8798, Train RMSE: 18.9382, Train MAPE: 1.5903, Train WMAPE: 0.0497, 
Epoch: 050, Valid Loss: 12.8787, Valid RMSE: 41.3437, Valid MAPE: 3.7375, Valid WMAPE: 0.0739
No update
Iter: 000, Train Loss: 10.2309, Train RMSE: 21.6663, Train MAPE: 1.3896, Train WMAPE: 0.0568
Iter: 050, Train Loss: 9.9938, Train RMSE: 21.4418, Train MAPE: 1.3122, Train WMAPE: 0.0548
Epoch: 051, Training Time: 15.3811 secs
Epoch: 051, Inference Time: 1.9035 secs
Epoch: 051, Train Loss: 8.9650, Train RMSE: 18.9088, Train MAPE: 1.9328, Train WMAPE: 0.0501, 
Epoch: 051, Valid Loss: 12.2503, Valid RMSE: 40.6679, Valid MAPE: 2.9327, Valid WMAPE: 0.0703
No update
Iter: 000, Train Loss: 9.4259, Train RMSE: 20.6856, Train MAPE: 1.0615, Train WMAPE: 0.0523
Iter: 050, Train Loss: 10.4353, Train RMSE: 22.0209, Train MAPE: 1.7974, Train WMAPE: 0.0572
Epoch: 052, Training Time: 14.9792 secs
Epoch: 052, Inference Time: 1.9067 secs
Epoch: 052, Train Loss: 8.8132, Train RMSE: 18.6145, Train MAPE: 1.9181, Train WMAPE: 0.0493, 
Epoch: 052, Valid Loss: 12.0157, Valid RMSE: 40.3811, Valid MAPE: 3.0141, Valid WMAPE: 0.0690
###Update tasks appear###
Updating! Valid Loss: 12.015719481876918, epoch:  52
Iter: 000, Train Loss: 9.1113, Train RMSE: 20.2341, Train MAPE: 1.1906, Train WMAPE: 0.0506
Iter: 050, Train Loss: 10.3464, Train RMSE: 21.7446, Train MAPE: 1.1454, Train WMAPE: 0.0567
Epoch: 053, Training Time: 15.1623 secs
Epoch: 053, Inference Time: 1.9917 secs
Epoch: 053, Train Loss: 8.8058, Train RMSE: 18.6009, Train MAPE: 1.8539, Train WMAPE: 0.0492, 
Epoch: 053, Valid Loss: 12.5129, Valid RMSE: 40.3073, Valid MAPE: 8.7625, Valid WMAPE: 0.0719
No update
Iter: 000, Train Loss: 9.5060, Train RMSE: 20.2698, Train MAPE: 3.3425, Train WMAPE: 0.0528
Iter: 050, Train Loss: 10.3484, Train RMSE: 21.9462, Train MAPE: 1.4106, Train WMAPE: 0.0567
Epoch: 054, Training Time: 15.5002 secs
Epoch: 054, Inference Time: 1.8838 secs
Epoch: 054, Train Loss: 8.7419, Train RMSE: 18.6328, Train MAPE: 1.6909, Train WMAPE: 0.0489, 
Epoch: 054, Valid Loss: 11.9527, Valid RMSE: 40.2091, Valid MAPE: 3.7989, Valid WMAPE: 0.0686
###Update tasks appear###
Updating! Valid Loss: 11.952733959470477, epoch:  54
Iter: 000, Train Loss: 9.0307, Train RMSE: 19.8589, Train MAPE: 1.3799, Train WMAPE: 0.0501
Iter: 050, Train Loss: 9.7783, Train RMSE: 20.3777, Train MAPE: 1.7935, Train WMAPE: 0.0536
Epoch: 055, Training Time: 14.9960 secs
Epoch: 055, Inference Time: 1.8836 secs
Epoch: 055, Train Loss: 8.6416, Train RMSE: 18.4023, Train MAPE: 1.7575, Train WMAPE: 0.0483, 
Epoch: 055, Valid Loss: 12.0384, Valid RMSE: 40.2573, Valid MAPE: 4.0721, Valid WMAPE: 0.0691
No update
Iter: 000, Train Loss: 9.4013, Train RMSE: 20.1892, Train MAPE: 1.5019, Train WMAPE: 0.0522
Iter: 050, Train Loss: 9.8413, Train RMSE: 20.8337, Train MAPE: 1.1755, Train WMAPE: 0.0540
Epoch: 056, Training Time: 14.8571 secs
Epoch: 056, Inference Time: 1.9030 secs
Epoch: 056, Train Loss: 8.5599, Train RMSE: 18.2415, Train MAPE: 1.5735, Train WMAPE: 0.0479, 
Epoch: 056, Valid Loss: 12.0315, Valid RMSE: 40.3797, Valid MAPE: 3.2058, Valid WMAPE: 0.0691
No update
Iter: 000, Train Loss: 9.1524, Train RMSE: 19.7707, Train MAPE: 1.3143, Train WMAPE: 0.0508
Iter: 050, Train Loss: 9.6721, Train RMSE: 20.6397, Train MAPE: 1.2360, Train WMAPE: 0.0530
Epoch: 057, Training Time: 15.0782 secs
Epoch: 057, Inference Time: 2.0172 secs
Epoch: 057, Train Loss: 8.6142, Train RMSE: 18.3888, Train MAPE: 1.5567, Train WMAPE: 0.0482, 
Epoch: 057, Valid Loss: 12.0874, Valid RMSE: 40.2908, Valid MAPE: 5.6094, Valid WMAPE: 0.0694
No update
Iter: 000, Train Loss: 9.2841, Train RMSE: 19.8788, Train MAPE: 2.0531, Train WMAPE: 0.0515
Iter: 050, Train Loss: 9.8523, Train RMSE: 20.4196, Train MAPE: 1.9453, Train WMAPE: 0.0540
Epoch: 058, Training Time: 15.3358 secs
Epoch: 058, Inference Time: 1.9803 secs
Epoch: 058, Train Loss: 8.5215, Train RMSE: 18.1938, Train MAPE: 1.6050, Train WMAPE: 0.0477, 
Epoch: 058, Valid Loss: 11.8580, Valid RMSE: 40.1883, Valid MAPE: 3.9510, Valid WMAPE: 0.0681
###Update tasks appear###
Updating! Valid Loss: 11.858005217143468, epoch:  58
Iter: 000, Train Loss: 8.8959, Train RMSE: 19.6696, Train MAPE: 1.5084, Train WMAPE: 0.0494
Iter: 050, Train Loss: 9.3976, Train RMSE: 19.4227, Train MAPE: 1.4329, Train WMAPE: 0.0515
Epoch: 059, Training Time: 15.2051 secs
Epoch: 059, Inference Time: 1.9092 secs
Epoch: 059, Train Loss: 8.4533, Train RMSE: 17.9786, Train MAPE: 1.6483, Train WMAPE: 0.0473, 
Epoch: 059, Valid Loss: 11.8015, Valid RMSE: 40.1842, Valid MAPE: 3.0440, Valid WMAPE: 0.0678
###Update tasks appear###
Updating! Valid Loss: 11.801534073693412, epoch:  59
Iter: 000, Train Loss: 8.8498, Train RMSE: 19.4357, Train MAPE: 1.1621, Train WMAPE: 0.0491
Iter: 050, Train Loss: 9.3233, Train RMSE: 19.4373, Train MAPE: 0.9856, Train WMAPE: 0.0511
Epoch: 060, Training Time: 15.2153 secs
Epoch: 060, Inference Time: 1.9818 secs
Epoch: 060, Train Loss: 8.4372, Train RMSE: 17.8175, Train MAPE: 1.7963, Train WMAPE: 0.0472, 
Epoch: 060, Valid Loss: 12.0684, Valid RMSE: 39.9527, Valid MAPE: 6.9117, Valid WMAPE: 0.0693
No update
Iter: 000, Train Loss: 8.9423, Train RMSE: 19.2641, Train MAPE: 2.5630, Train WMAPE: 0.0496
Iter: 050, Train Loss: 9.0899, Train RMSE: 18.8468, Train MAPE: 1.2875, Train WMAPE: 0.0498
Epoch: 061, Training Time: 15.6799 secs
Epoch: 061, Inference Time: 1.8966 secs
Epoch: 061, Train Loss: 8.4138, Train RMSE: 17.7589, Train MAPE: 1.8026, Train WMAPE: 0.0471, 
Epoch: 061, Valid Loss: 11.6197, Valid RMSE: 39.8604, Valid MAPE: 3.8951, Valid WMAPE: 0.0667
###Update tasks appear###
Updating! Valid Loss: 11.619704553059169, epoch:  61
Iter: 000, Train Loss: 8.5245, Train RMSE: 18.9088, Train MAPE: 1.4793, Train WMAPE: 0.0473
Iter: 050, Train Loss: 9.0156, Train RMSE: 19.0652, Train MAPE: 1.2569, Train WMAPE: 0.0494
Epoch: 062, Training Time: 15.3820 secs
Epoch: 062, Inference Time: 2.0914 secs
Epoch: 062, Train Loss: 8.3130, Train RMSE: 17.5700, Train MAPE: 1.8088, Train WMAPE: 0.0465, 
Epoch: 062, Valid Loss: 11.7317, Valid RMSE: 40.1664, Valid MAPE: 2.8608, Valid WMAPE: 0.0674
No update
Iter: 000, Train Loss: 8.7652, Train RMSE: 19.1745, Train MAPE: 1.0607, Train WMAPE: 0.0487
Iter: 050, Train Loss: 8.8075, Train RMSE: 18.4687, Train MAPE: 1.2524, Train WMAPE: 0.0483
Epoch: 063, Training Time: 15.8908 secs
Epoch: 063, Inference Time: 1.9845 secs
Epoch: 063, Train Loss: 8.3710, Train RMSE: 17.6845, Train MAPE: 1.6758, Train WMAPE: 0.0468, 
Epoch: 063, Valid Loss: 12.0352, Valid RMSE: 40.2641, Valid MAPE: 6.1845, Valid WMAPE: 0.0691
No update
Iter: 000, Train Loss: 8.9653, Train RMSE: 19.2555, Train MAPE: 2.1218, Train WMAPE: 0.0498
Iter: 050, Train Loss: 9.5582, Train RMSE: 20.0527, Train MAPE: 1.6122, Train WMAPE: 0.0524
Epoch: 064, Training Time: 15.5953 secs
Epoch: 064, Inference Time: 1.8942 secs
Epoch: 064, Train Loss: 8.3030, Train RMSE: 17.6818, Train MAPE: 1.5646, Train WMAPE: 0.0464, 
Epoch: 064, Valid Loss: 11.6149, Valid RMSE: 39.9451, Valid MAPE: 3.5442, Valid WMAPE: 0.0667
###Update tasks appear###
Updating! Valid Loss: 11.614900963647026, epoch:  64
Iter: 000, Train Loss: 8.6644, Train RMSE: 19.1332, Train MAPE: 1.2724, Train WMAPE: 0.0481
Iter: 050, Train Loss: 9.2508, Train RMSE: 19.2944, Train MAPE: 0.9553, Train WMAPE: 0.0507
Epoch: 065, Training Time: 15.5518 secs
Epoch: 065, Inference Time: 1.8526 secs
Epoch: 065, Train Loss: 8.1790, Train RMSE: 17.4551, Train MAPE: 1.4387, Train WMAPE: 0.0457, 
Epoch: 065, Valid Loss: 11.6021, Valid RMSE: 39.9579, Valid MAPE: 3.7866, Valid WMAPE: 0.0666
###Update tasks appear###
Updating! Valid Loss: 11.602076155798775, epoch:  65
Iter: 000, Train Loss: 8.4597, Train RMSE: 18.5173, Train MAPE: 1.4538, Train WMAPE: 0.0470
Iter: 050, Train Loss: 8.9550, Train RMSE: 18.8282, Train MAPE: 0.9832, Train WMAPE: 0.0491
Epoch: 066, Training Time: 15.1541 secs
Epoch: 066, Inference Time: 1.8922 secs
Epoch: 066, Train Loss: 8.1266, Train RMSE: 17.3244, Train MAPE: 1.5121, Train WMAPE: 0.0455, 
Epoch: 066, Valid Loss: 11.4365, Valid RMSE: 39.7915, Valid MAPE: 3.3776, Valid WMAPE: 0.0657
###Update tasks appear###
Updating! Valid Loss: 11.43649925504412, epoch:  66
Iter: 000, Train Loss: 8.3547, Train RMSE: 18.5606, Train MAPE: 1.1846, Train WMAPE: 0.0464
Iter: 050, Train Loss: 9.0237, Train RMSE: 18.9228, Train MAPE: 1.2082, Train WMAPE: 0.0495
Epoch: 067, Training Time: 15.4015 secs
Epoch: 067, Inference Time: 1.8817 secs
Epoch: 067, Train Loss: 8.0476, Train RMSE: 17.1788, Train MAPE: 1.4819, Train WMAPE: 0.0450, 
Epoch: 067, Valid Loss: 12.1034, Valid RMSE: 40.4905, Valid MAPE: 4.5561, Valid WMAPE: 0.0695
No update
Iter: 000, Train Loss: 8.7905, Train RMSE: 18.8897, Train MAPE: 1.5408, Train WMAPE: 0.0488
Iter: 050, Train Loss: 8.6688, Train RMSE: 18.2420, Train MAPE: 1.1533, Train WMAPE: 0.0475
Epoch: 068, Training Time: 15.9081 secs
Epoch: 068, Inference Time: 2.1608 secs
Epoch: 068, Train Loss: 8.0248, Train RMSE: 17.0814, Train MAPE: 1.4510, Train WMAPE: 0.0449, 
Epoch: 068, Valid Loss: 11.9521, Valid RMSE: 40.2434, Valid MAPE: 4.7387, Valid WMAPE: 0.0686
No update
Iter: 000, Train Loss: 8.6901, Train RMSE: 18.2411, Train MAPE: 1.5177, Train WMAPE: 0.0482
Iter: 050, Train Loss: 8.5895, Train RMSE: 18.0346, Train MAPE: 1.1764, Train WMAPE: 0.0471
Epoch: 069, Training Time: 15.8515 secs
Epoch: 069, Inference Time: 1.9463 secs
Epoch: 069, Train Loss: 8.0679, Train RMSE: 17.0391, Train MAPE: 1.5641, Train WMAPE: 0.0451, 
Epoch: 069, Valid Loss: 12.0386, Valid RMSE: 40.7491, Valid MAPE: 2.5625, Valid WMAPE: 0.0691
No update
Iter: 000, Train Loss: 8.8500, Train RMSE: 18.6188, Train MAPE: 1.0138, Train WMAPE: 0.0491
Iter: 050, Train Loss: 8.5820, Train RMSE: 17.9696, Train MAPE: 1.2262, Train WMAPE: 0.0471
Epoch: 070, Training Time: 15.9076 secs
Epoch: 070, Inference Time: 2.0660 secs
Epoch: 070, Train Loss: 7.9756, Train RMSE: 16.7580, Train MAPE: 1.7801, Train WMAPE: 0.0446, 
Epoch: 070, Valid Loss: 11.5305, Valid RMSE: 39.9467, Valid MAPE: 3.8799, Valid WMAPE: 0.0662
No update
Iter: 000, Train Loss: 8.3702, Train RMSE: 18.1376, Train MAPE: 1.3217, Train WMAPE: 0.0465
Iter: 050, Train Loss: 8.8116, Train RMSE: 18.0902, Train MAPE: 1.0705, Train WMAPE: 0.0483
Epoch: 071, Training Time: 14.7124 secs
Epoch: 071, Inference Time: 1.9806 secs
Epoch: 071, Train Loss: 7.9178, Train RMSE: 16.6748, Train MAPE: 1.7303, Train WMAPE: 0.0443, 
Epoch: 071, Valid Loss: 11.5335, Valid RMSE: 40.0965, Valid MAPE: 5.1425, Valid WMAPE: 0.0662
No update
Iter: 000, Train Loss: 8.0239, Train RMSE: 17.3153, Train MAPE: 1.9821, Train WMAPE: 0.0445
Iter: 050, Train Loss: 8.6072, Train RMSE: 17.3283, Train MAPE: 1.2900, Train WMAPE: 0.0472
Epoch: 072, Training Time: 16.0132 secs
Epoch: 072, Inference Time: 1.9467 secs
Epoch: 072, Train Loss: 7.8683, Train RMSE: 16.5791, Train MAPE: 1.6376, Train WMAPE: 0.0440, 
Epoch: 072, Valid Loss: 11.6013, Valid RMSE: 40.0120, Valid MAPE: 6.1088, Valid WMAPE: 0.0666
No update
Iter: 000, Train Loss: 8.2008, Train RMSE: 17.2259, Train MAPE: 2.4478, Train WMAPE: 0.0455
Iter: 050, Train Loss: 8.2967, Train RMSE: 16.9356, Train MAPE: 1.1257, Train WMAPE: 0.0455
Epoch: 073, Training Time: 15.3817 secs
Epoch: 073, Inference Time: 1.9899 secs
Epoch: 073, Train Loss: 7.8306, Train RMSE: 16.4678, Train MAPE: 1.6534, Train WMAPE: 0.0438, 
Epoch: 073, Valid Loss: 11.6518, Valid RMSE: 40.2993, Valid MAPE: 4.3216, Valid WMAPE: 0.0669
No update
Iter: 000, Train Loss: 8.1981, Train RMSE: 17.5003, Train MAPE: 1.4728, Train WMAPE: 0.0455
Iter: 050, Train Loss: 8.1728, Train RMSE: 16.7575, Train MAPE: 1.0943, Train WMAPE: 0.0448
Epoch: 074, Training Time: 15.2937 secs
Epoch: 074, Inference Time: 1.8986 secs
Epoch: 074, Train Loss: 7.8525, Train RMSE: 16.5009, Train MAPE: 1.6768, Train WMAPE: 0.0439, 
Epoch: 074, Valid Loss: 11.1955, Valid RMSE: 40.1892, Valid MAPE: 2.9346, Valid WMAPE: 0.0643
###Update tasks appear###
Updating! Valid Loss: 11.195511988231114, epoch:  74
Iter: 000, Train Loss: 7.9367, Train RMSE: 17.1159, Train MAPE: 1.2356, Train WMAPE: 0.0441
Iter: 050, Train Loss: 8.0641, Train RMSE: 16.7143, Train MAPE: 1.3461, Train WMAPE: 0.0442
Epoch: 075, Training Time: 15.1777 secs
Epoch: 075, Inference Time: 1.9692 secs
Epoch: 075, Train Loss: 7.7911, Train RMSE: 16.4368, Train MAPE: 1.6159, Train WMAPE: 0.0436, 
Epoch: 075, Valid Loss: 11.5188, Valid RMSE: 40.2540, Valid MAPE: 3.1451, Valid WMAPE: 0.0661
No update
Iter: 000, Train Loss: 8.1081, Train RMSE: 16.9437, Train MAPE: 1.0497, Train WMAPE: 0.0450
Iter: 050, Train Loss: 8.2173, Train RMSE: 16.6012, Train MAPE: 1.3392, Train WMAPE: 0.0451
Epoch: 076, Training Time: 15.1936 secs
Epoch: 076, Inference Time: 1.9107 secs
Epoch: 076, Train Loss: 7.8004, Train RMSE: 16.4906, Train MAPE: 1.4922, Train WMAPE: 0.0436, 
Epoch: 076, Valid Loss: 11.4520, Valid RMSE: 40.3642, Valid MAPE: 4.2938, Valid WMAPE: 0.0658
No update
Iter: 000, Train Loss: 7.9388, Train RMSE: 16.7253, Train MAPE: 1.4857, Train WMAPE: 0.0441
Iter: 050, Train Loss: 8.5226, Train RMSE: 16.7235, Train MAPE: 1.7877, Train WMAPE: 0.0467
Epoch: 077, Training Time: 15.1700 secs
Epoch: 077, Inference Time: 1.9010 secs
Epoch: 077, Train Loss: 7.7618, Train RMSE: 16.3146, Train MAPE: 1.6346, Train WMAPE: 0.0434, 
Epoch: 077, Valid Loss: 11.5372, Valid RMSE: 40.1177, Valid MAPE: 6.3513, Valid WMAPE: 0.0662
No update
Iter: 000, Train Loss: 7.9010, Train RMSE: 16.3854, Train MAPE: 2.5011, Train WMAPE: 0.0439
Iter: 050, Train Loss: 8.1707, Train RMSE: 16.6637, Train MAPE: 1.0071, Train WMAPE: 0.0448
Epoch: 078, Training Time: 14.9784 secs
Epoch: 078, Inference Time: 1.8129 secs
Epoch: 078, Train Loss: 7.6650, Train RMSE: 16.1246, Train MAPE: 1.6362, Train WMAPE: 0.0429, 
Epoch: 078, Valid Loss: 11.2300, Valid RMSE: 40.0574, Valid MAPE: 4.0465, Valid WMAPE: 0.0645
No update
Iter: 000, Train Loss: 7.6575, Train RMSE: 16.1138, Train MAPE: 1.5487, Train WMAPE: 0.0425
Iter: 050, Train Loss: 8.0531, Train RMSE: 16.1680, Train MAPE: 1.0080, Train WMAPE: 0.0442
Epoch: 079, Training Time: 15.2249 secs
Epoch: 079, Inference Time: 2.0199 secs
Epoch: 079, Train Loss: 7.6345, Train RMSE: 15.9996, Train MAPE: 1.5615, Train WMAPE: 0.0427, 
Epoch: 079, Valid Loss: 11.8034, Valid RMSE: 40.3215, Valid MAPE: 7.2049, Valid WMAPE: 0.0678
No update
Iter: 000, Train Loss: 8.4100, Train RMSE: 16.9919, Train MAPE: 2.8095, Train WMAPE: 0.0467
Iter: 050, Train Loss: 7.7912, Train RMSE: 15.8602, Train MAPE: 0.8582, Train WMAPE: 0.0427
Epoch: 080, Training Time: 15.8501 secs
Epoch: 080, Inference Time: 2.0551 secs
Epoch: 080, Train Loss: 7.7771, Train RMSE: 16.2091, Train MAPE: 1.6613, Train WMAPE: 0.0435, 
Epoch: 080, Valid Loss: 11.3909, Valid RMSE: 40.3099, Valid MAPE: 3.9608, Valid WMAPE: 0.0654
No update
Iter: 000, Train Loss: 7.8963, Train RMSE: 16.4191, Train MAPE: 1.5168, Train WMAPE: 0.0438
Iter: 050, Train Loss: 8.2184, Train RMSE: 16.6166, Train MAPE: 1.1898, Train WMAPE: 0.0451
Epoch: 081, Training Time: 15.4111 secs
Epoch: 081, Inference Time: 1.8803 secs
Epoch: 081, Train Loss: 7.7526, Train RMSE: 16.1750, Train MAPE: 1.6309, Train WMAPE: 0.0434, 
Epoch: 081, Valid Loss: 11.2964, Valid RMSE: 40.6135, Valid MAPE: 2.8099, Valid WMAPE: 0.0649
No update
Iter: 000, Train Loss: 7.7745, Train RMSE: 16.1866, Train MAPE: 1.0295, Train WMAPE: 0.0432
Iter: 050, Train Loss: 8.7489, Train RMSE: 18.0334, Train MAPE: 1.1341, Train WMAPE: 0.0480
Epoch: 082, Training Time: 15.1824 secs
Epoch: 082, Inference Time: 1.9024 secs
Epoch: 082, Train Loss: 7.5921, Train RMSE: 16.1091, Train MAPE: 1.3002, Train WMAPE: 0.0425, 
Epoch: 082, Valid Loss: 11.4147, Valid RMSE: 40.3439, Valid MAPE: 6.4815, Valid WMAPE: 0.0655
No update
Iter: 000, Train Loss: 8.0099, Train RMSE: 16.1369, Train MAPE: 2.7216, Train WMAPE: 0.0445
Iter: 050, Train Loss: 7.8085, Train RMSE: 16.0430, Train MAPE: 0.9018, Train WMAPE: 0.0428
Epoch: 083, Training Time: 15.2100 secs
Epoch: 083, Inference Time: 1.8700 secs
Epoch: 083, Train Loss: 7.4670, Train RMSE: 15.7859, Train MAPE: 1.3919, Train WMAPE: 0.0418, 
Epoch: 083, Valid Loss: 11.4757, Valid RMSE: 40.6331, Valid MAPE: 4.0519, Valid WMAPE: 0.0659
No update
Iter: 000, Train Loss: 7.8979, Train RMSE: 16.2315, Train MAPE: 1.4727, Train WMAPE: 0.0438
Iter: 050, Train Loss: 8.2981, Train RMSE: 17.3123, Train MAPE: 0.8518, Train WMAPE: 0.0455
Epoch: 084, Training Time: 15.2867 secs
Epoch: 084, Inference Time: 1.9925 secs
Epoch: 084, Train Loss: 7.5449, Train RMSE: 15.9324, Train MAPE: 1.3623, Train WMAPE: 0.0422, 
Epoch: 084, Valid Loss: 11.2070, Valid RMSE: 40.0517, Valid MAPE: 4.0930, Valid WMAPE: 0.0644
No update
Iter: 000, Train Loss: 7.7057, Train RMSE: 16.4883, Train MAPE: 1.2003, Train WMAPE: 0.0428
Iter: 050, Train Loss: 7.6041, Train RMSE: 15.4692, Train MAPE: 1.2766, Train WMAPE: 0.0417
Epoch: 085, Training Time: 15.3945 secs
Epoch: 085, Inference Time: 1.8817 secs
Epoch: 085, Train Loss: 7.3698, Train RMSE: 15.5915, Train MAPE: 1.3625, Train WMAPE: 0.0412, 
Epoch: 085, Valid Loss: 11.3276, Valid RMSE: 39.9303, Valid MAPE: 4.2903, Valid WMAPE: 0.0650
No update
Iter: 000, Train Loss: 7.8360, Train RMSE: 16.2516, Train MAPE: 1.3840, Train WMAPE: 0.0435
Iter: 050, Train Loss: 7.5955, Train RMSE: 15.4572, Train MAPE: 0.9553, Train WMAPE: 0.0417
Epoch: 086, Training Time: 15.9280 secs
Epoch: 086, Inference Time: 1.9644 secs
Epoch: 086, Train Loss: 7.3322, Train RMSE: 15.4895, Train MAPE: 1.3842, Train WMAPE: 0.0410, 
Epoch: 086, Valid Loss: 11.1501, Valid RMSE: 39.8807, Valid MAPE: 4.2172, Valid WMAPE: 0.0640
###Update tasks appear###
Updating! Valid Loss: 11.150133746010917, epoch:  86
Iter: 000, Train Loss: 7.4274, Train RMSE: 15.4772, Train MAPE: 1.5121, Train WMAPE: 0.0412
Iter: 050, Train Loss: 7.5268, Train RMSE: 15.5145, Train MAPE: 1.0096, Train WMAPE: 0.0413
Epoch: 087, Training Time: 15.5099 secs
Epoch: 087, Inference Time: 1.9856 secs
Epoch: 087, Train Loss: 7.3188, Train RMSE: 15.4866, Train MAPE: 1.2718, Train WMAPE: 0.0409, 
Epoch: 087, Valid Loss: 10.9259, Valid RMSE: 39.7208, Valid MAPE: 3.0948, Valid WMAPE: 0.0627
###Update tasks appear###
Updating! Valid Loss: 10.92586704662868, epoch:  87
Iter: 000, Train Loss: 7.5367, Train RMSE: 15.9675, Train MAPE: 0.9895, Train WMAPE: 0.0418
Iter: 050, Train Loss: 7.8834, Train RMSE: 16.4313, Train MAPE: 1.1679, Train WMAPE: 0.0432
Epoch: 088, Training Time: 15.2806 secs
Epoch: 088, Inference Time: 1.9407 secs
Epoch: 088, Train Loss: 7.2966, Train RMSE: 15.4844, Train MAPE: 1.3183, Train WMAPE: 0.0408, 
Epoch: 088, Valid Loss: 11.1493, Valid RMSE: 39.8638, Valid MAPE: 3.6388, Valid WMAPE: 0.0640
No update
Iter: 000, Train Loss: 7.3785, Train RMSE: 15.3495, Train MAPE: 1.2402, Train WMAPE: 0.0410
Iter: 050, Train Loss: 7.9642, Train RMSE: 16.7967, Train MAPE: 0.9465, Train WMAPE: 0.0437
Epoch: 089, Training Time: 15.4008 secs
Epoch: 089, Inference Time: 2.1013 secs
Epoch: 089, Train Loss: 7.2326, Train RMSE: 15.3328, Train MAPE: 1.2847, Train WMAPE: 0.0404, 
Epoch: 089, Valid Loss: 11.3393, Valid RMSE: 39.9831, Valid MAPE: 4.0901, Valid WMAPE: 0.0651
No update
Iter: 000, Train Loss: 7.7151, Train RMSE: 15.9617, Train MAPE: 1.5050, Train WMAPE: 0.0428
Iter: 050, Train Loss: 7.6145, Train RMSE: 15.6758, Train MAPE: 0.9063, Train WMAPE: 0.0418
Epoch: 090, Training Time: 15.5907 secs
Epoch: 090, Inference Time: 1.9858 secs
Epoch: 090, Train Loss: 7.2537, Train RMSE: 15.3146, Train MAPE: 1.3843, Train WMAPE: 0.0406, 
Epoch: 090, Valid Loss: 10.9602, Valid RMSE: 39.5633, Valid MAPE: 3.6249, Valid WMAPE: 0.0629
No update
Iter: 000, Train Loss: 7.2286, Train RMSE: 15.1118, Train MAPE: 1.2469, Train WMAPE: 0.0401
Iter: 050, Train Loss: 7.5360, Train RMSE: 15.2497, Train MAPE: 1.2012, Train WMAPE: 0.0413
Epoch: 091, Training Time: 15.2851 secs
Epoch: 091, Inference Time: 1.9022 secs
Epoch: 091, Train Loss: 7.1430, Train RMSE: 15.1108, Train MAPE: 1.3376, Train WMAPE: 0.0399, 
Epoch: 091, Valid Loss: 11.4898, Valid RMSE: 39.8926, Valid MAPE: 4.7590, Valid WMAPE: 0.0660
No update
Iter: 000, Train Loss: 7.9499, Train RMSE: 16.5076, Train MAPE: 1.6674, Train WMAPE: 0.0441
Iter: 050, Train Loss: 7.5992, Train RMSE: 15.2908, Train MAPE: 1.6952, Train WMAPE: 0.0417
Epoch: 092, Training Time: 15.4165 secs
Epoch: 092, Inference Time: 1.8643 secs
Epoch: 092, Train Loss: 7.1696, Train RMSE: 15.1365, Train MAPE: 1.3808, Train WMAPE: 0.0401, 
Epoch: 092, Valid Loss: 11.0726, Valid RMSE: 39.3807, Valid MAPE: 3.2817, Valid WMAPE: 0.0636
No update
Iter: 000, Train Loss: 7.4415, Train RMSE: 15.3839, Train MAPE: 1.0197, Train WMAPE: 0.0413
Iter: 050, Train Loss: 7.6352, Train RMSE: 15.9517, Train MAPE: 0.8977, Train WMAPE: 0.0419
Epoch: 093, Training Time: 14.3843 secs
Epoch: 093, Inference Time: 1.9140 secs
Epoch: 093, Train Loss: 7.1927, Train RMSE: 15.1325, Train MAPE: 1.4853, Train WMAPE: 0.0402, 
Epoch: 093, Valid Loss: 10.7906, Valid RMSE: 39.3939, Valid MAPE: 3.3346, Valid WMAPE: 0.0620
###Update tasks appear###
Updating! Valid Loss: 10.790569918496269, epoch:  93
Iter: 000, Train Loss: 7.2184, Train RMSE: 15.0646, Train MAPE: 1.3011, Train WMAPE: 0.0401
Iter: 050, Train Loss: 7.5226, Train RMSE: 14.7749, Train MAPE: 1.5205, Train WMAPE: 0.0413
Epoch: 094, Training Time: 14.8449 secs
Epoch: 094, Inference Time: 1.8992 secs
Epoch: 094, Train Loss: 7.0978, Train RMSE: 14.8508, Train MAPE: 1.5613, Train WMAPE: 0.0397, 
Epoch: 094, Valid Loss: 11.2153, Valid RMSE: 39.4116, Valid MAPE: 6.6223, Valid WMAPE: 0.0644
No update
Iter: 000, Train Loss: 7.3870, Train RMSE: 14.7149, Train MAPE: 2.4079, Train WMAPE: 0.0410
Iter: 050, Train Loss: 7.4625, Train RMSE: 15.1244, Train MAPE: 1.6325, Train WMAPE: 0.0409
Epoch: 095, Training Time: 15.4888 secs
Epoch: 095, Inference Time: 1.7970 secs
Epoch: 095, Train Loss: 7.0995, Train RMSE: 14.7867, Train MAPE: 1.6142, Train WMAPE: 0.0397, 
Epoch: 095, Valid Loss: 10.9677, Valid RMSE: 39.5147, Valid MAPE: 3.7558, Valid WMAPE: 0.0630
No update
Iter: 000, Train Loss: 7.3013, Train RMSE: 14.7281, Train MAPE: 1.2653, Train WMAPE: 0.0405
Iter: 050, Train Loss: 7.1296, Train RMSE: 14.5452, Train MAPE: 1.2477, Train WMAPE: 0.0391
Epoch: 096, Training Time: 15.7753 secs
Epoch: 096, Inference Time: 1.9948 secs
Epoch: 096, Train Loss: 7.0449, Train RMSE: 14.7560, Train MAPE: 1.5425, Train WMAPE: 0.0394, 
Epoch: 096, Valid Loss: 10.7891, Valid RMSE: 39.5749, Valid MAPE: 3.2017, Valid WMAPE: 0.0620
###Update tasks appear###
Updating! Valid Loss: 10.789114100592476, epoch:  96
Iter: 000, Train Loss: 7.1121, Train RMSE: 14.7279, Train MAPE: 1.0447, Train WMAPE: 0.0395
Iter: 050, Train Loss: 7.3836, Train RMSE: 14.6247, Train MAPE: 1.5853, Train WMAPE: 0.0405
Epoch: 097, Training Time: 15.2995 secs
Epoch: 097, Inference Time: 2.1855 secs
Epoch: 097, Train Loss: 6.9958, Train RMSE: 14.6548, Train MAPE: 1.5217, Train WMAPE: 0.0391, 
Epoch: 097, Valid Loss: 11.2952, Valid RMSE: 39.6901, Valid MAPE: 5.4986, Valid WMAPE: 0.0649
No update
Iter: 000, Train Loss: 7.8994, Train RMSE: 15.3086, Train MAPE: 1.9183, Train WMAPE: 0.0439
Iter: 050, Train Loss: 7.1119, Train RMSE: 14.3546, Train MAPE: 1.0154, Train WMAPE: 0.0390
Epoch: 098, Training Time: 15.8199 secs
Epoch: 098, Inference Time: 1.9683 secs
Epoch: 098, Train Loss: 7.0099, Train RMSE: 14.6590, Train MAPE: 1.5762, Train WMAPE: 0.0392, 
Epoch: 098, Valid Loss: 10.8803, Valid RMSE: 39.4179, Valid MAPE: 5.3066, Valid WMAPE: 0.0625
No update
Iter: 000, Train Loss: 7.1262, Train RMSE: 14.6614, Train MAPE: 1.7993, Train WMAPE: 0.0396
Iter: 050, Train Loss: 7.2678, Train RMSE: 14.3959, Train MAPE: 1.2575, Train WMAPE: 0.0399
Epoch: 099, Training Time: 15.0363 secs
Epoch: 099, Inference Time: 1.9510 secs
Epoch: 099, Train Loss: 7.0047, Train RMSE: 14.6813, Train MAPE: 1.4998, Train WMAPE: 0.0392, 
Epoch: 099, Valid Loss: 10.9849, Valid RMSE: 39.5623, Valid MAPE: 5.6164, Valid WMAPE: 0.0631
No update
Iter: 000, Train Loss: 7.1951, Train RMSE: 14.5308, Train MAPE: 2.1932, Train WMAPE: 0.0399
Iter: 050, Train Loss: 7.3217, Train RMSE: 15.0408, Train MAPE: 0.9642, Train WMAPE: 0.0401
Epoch: 100, Training Time: 15.4898 secs
Epoch: 100, Inference Time: 1.9131 secs
Epoch: 100, Train Loss: 6.9695, Train RMSE: 14.6037, Train MAPE: 1.4969, Train WMAPE: 0.0390, 
Epoch: 100, Valid Loss: 10.8006, Valid RMSE: 39.7443, Valid MAPE: 3.4808, Valid WMAPE: 0.0620
No update
Iter: 000, Train Loss: 7.0269, Train RMSE: 14.6293, Train MAPE: 1.3405, Train WMAPE: 0.0390
Iter: 050, Train Loss: 7.3725, Train RMSE: 14.8510, Train MAPE: 0.8981, Train WMAPE: 0.0404
Epoch: 101, Training Time: 15.2187 secs
Epoch: 101, Inference Time: 1.9035 secs
Epoch: 101, Train Loss: 7.0229, Train RMSE: 14.8155, Train MAPE: 1.4088, Train WMAPE: 0.0393, 
Epoch: 101, Valid Loss: 11.0100, Valid RMSE: 39.9602, Valid MAPE: 3.5206, Valid WMAPE: 0.0632
No update
Iter: 000, Train Loss: 7.3538, Train RMSE: 15.3012, Train MAPE: 1.3863, Train WMAPE: 0.0408
Iter: 050, Train Loss: 7.1643, Train RMSE: 14.5289, Train MAPE: 0.8931, Train WMAPE: 0.0393
Epoch: 102, Training Time: 15.7566 secs
Epoch: 102, Inference Time: 2.0018 secs
Epoch: 102, Train Loss: 7.0002, Train RMSE: 14.7656, Train MAPE: 1.3876, Train WMAPE: 0.0391, 
Epoch: 102, Valid Loss: 10.8116, Valid RMSE: 39.5312, Valid MAPE: 3.6713, Valid WMAPE: 0.0621
No update
Iter: 000, Train Loss: 6.9128, Train RMSE: 14.3770, Train MAPE: 1.3803, Train WMAPE: 0.0384
Iter: 050, Train Loss: 7.5244, Train RMSE: 14.9331, Train MAPE: 1.6747, Train WMAPE: 0.0413
Epoch: 103, Training Time: 15.4782 secs
Epoch: 103, Inference Time: 1.9943 secs
Epoch: 103, Train Loss: 6.9860, Train RMSE: 14.6971, Train MAPE: 1.4309, Train WMAPE: 0.0391, 
Epoch: 103, Valid Loss: 11.0728, Valid RMSE: 39.5699, Valid MAPE: 6.4811, Valid WMAPE: 0.0636
No update
Iter: 000, Train Loss: 7.2633, Train RMSE: 14.5435, Train MAPE: 2.4075, Train WMAPE: 0.0403
Iter: 050, Train Loss: 6.8091, Train RMSE: 13.9629, Train MAPE: 1.1859, Train WMAPE: 0.0373
Epoch: 104, Training Time: 15.1901 secs
Epoch: 104, Inference Time: 1.8926 secs
Epoch: 104, Train Loss: 6.8914, Train RMSE: 14.4488, Train MAPE: 1.5390, Train WMAPE: 0.0385, 
Epoch: 104, Valid Loss: 10.7993, Valid RMSE: 39.8908, Valid MAPE: 2.9012, Valid WMAPE: 0.0620
No update
Iter: 000, Train Loss: 7.1295, Train RMSE: 14.9002, Train MAPE: 0.9229, Train WMAPE: 0.0396
Iter: 050, Train Loss: 7.0135, Train RMSE: 14.0769, Train MAPE: 1.4876, Train WMAPE: 0.0385
Epoch: 105, Training Time: 14.6471 secs
Epoch: 105, Inference Time: 1.9358 secs
Epoch: 105, Train Loss: 6.8655, Train RMSE: 14.4379, Train MAPE: 1.4764, Train WMAPE: 0.0384, 
Epoch: 105, Valid Loss: 10.7513, Valid RMSE: 39.6578, Valid MAPE: 2.9174, Valid WMAPE: 0.0617
###Update tasks appear###
Evaluate best model on test data for horizon 1, Test MAE: 9.1949, Test RMSE: 60.4293, Test MAPE: 5.7476, Test WMAPE: 0.0534
Evaluate best model on test data for horizon 2, Test MAE: 10.2320, Test RMSE: 55.2743, Test MAPE: 9.4104, Test WMAPE: 0.0594
Evaluate best model on test data for horizon 3, Test MAE: 10.2533, Test RMSE: 41.0580, Test MAPE: 11.7520, Test WMAPE: 0.0596
Evaluate best model on test data for horizon 4, Test MAE: 11.7295, Test RMSE: 47.4500, Test MAPE: 13.8879, Test WMAPE: 0.0681
Evaluate best model on test data for horizon 5, Test MAE: 13.2045, Test RMSE: 55.2457, Test MAPE: 15.5322, Test WMAPE: 0.0767
Evaluate best model on test data for horizon 6, Test MAE: 13.1747, Test RMSE: 46.5318, Test MAPE: 17.1623, Test WMAPE: 0.0766
Evaluate best model on test data for horizon 7, Test MAE: 14.0679, Test RMSE: 49.6300, Test MAPE: 17.2015, Test WMAPE: 0.0818
Evaluate best model on test data for horizon 8, Test MAE: 14.5904, Test RMSE: 49.8422, Test MAPE: 17.0965, Test WMAPE: 0.0848
Evaluate best model on test data for horizon 9, Test MAE: 14.9607, Test RMSE: 49.7862, Test MAPE: 17.5479, Test WMAPE: 0.0870
Evaluate best model on test data for horizon 10, Test MAE: 14.7764, Test RMSE: 44.6873, Test MAPE: 17.4073, Test WMAPE: 0.0859
Evaluate best model on test data for horizon 11, Test MAE: 15.6075, Test RMSE: 51.2572, Test MAPE: 17.4641, Test WMAPE: 0.0908
Evaluate best model on test data for horizon 12, Test MAE: 15.8891, Test RMSE: 52.0065, Test MAPE: 17.1766, Test WMAPE: 0.0924
On average over 12 horizons, Test MAE: 13.1401, Test RMSE: 50.2666, Test MAPE: 14.7822, Test WMAPE: 0.0764
Test low! Updating! Test Loss: 13.140072504679361, Test low! Updating! Valid Loss: 10.751334156308856, epoch:  105
Iter: 000, Train Loss: 6.9404, Train RMSE: 14.3798, Train MAPE: 1.0079, Train WMAPE: 0.0385
Iter: 050, Train Loss: 6.8968, Train RMSE: 13.8543, Train MAPE: 0.8899, Train WMAPE: 0.0378
Epoch: 106, Training Time: 15.5070 secs
Epoch: 106, Inference Time: 1.8996 secs
Epoch: 106, Train Loss: 6.8970, Train RMSE: 14.5218, Train MAPE: 1.5283, Train WMAPE: 0.0386, 
Epoch: 106, Valid Loss: 10.7077, Valid RMSE: 39.5019, Valid MAPE: 2.5467, Valid WMAPE: 0.0615
###Update tasks appear###
Evaluate best model on test data for horizon 1, Test MAE: 9.0787, Test RMSE: 60.2043, Test MAPE: 5.7352, Test WMAPE: 0.0527
Evaluate best model on test data for horizon 2, Test MAE: 10.1404, Test RMSE: 55.0085, Test MAPE: 9.4113, Test WMAPE: 0.0589
Evaluate best model on test data for horizon 3, Test MAE: 10.1260, Test RMSE: 41.0796, Test MAPE: 11.7376, Test WMAPE: 0.0588
Evaluate best model on test data for horizon 4, Test MAE: 11.5869, Test RMSE: 47.3463, Test MAPE: 13.8388, Test WMAPE: 0.0673
Evaluate best model on test data for horizon 5, Test MAE: 13.0409, Test RMSE: 54.8396, Test MAPE: 15.5453, Test WMAPE: 0.0758
Evaluate best model on test data for horizon 6, Test MAE: 13.0387, Test RMSE: 46.2144, Test MAPE: 17.3051, Test WMAPE: 0.0758
Evaluate best model on test data for horizon 7, Test MAE: 13.8767, Test RMSE: 49.3303, Test MAPE: 17.3073, Test WMAPE: 0.0807
Evaluate best model on test data for horizon 8, Test MAE: 14.4151, Test RMSE: 49.3758, Test MAPE: 17.1542, Test WMAPE: 0.0838
Evaluate best model on test data for horizon 9, Test MAE: 14.8084, Test RMSE: 49.3679, Test MAPE: 17.6500, Test WMAPE: 0.0861
Evaluate best model on test data for horizon 10, Test MAE: 14.6054, Test RMSE: 44.3990, Test MAPE: 17.4999, Test WMAPE: 0.0850
Evaluate best model on test data for horizon 11, Test MAE: 15.4157, Test RMSE: 50.8050, Test MAPE: 17.5249, Test WMAPE: 0.0897
Evaluate best model on test data for horizon 12, Test MAE: 15.7055, Test RMSE: 51.5014, Test MAPE: 17.1990, Test WMAPE: 0.0914
On average over 12 horizons, Test MAE: 12.9865, Test RMSE: 49.9560, Test MAPE: 14.8257, Test WMAPE: 0.0755
Test low! Updating! Test Loss: 12.986544688542685, Test low! Updating! Valid Loss: 10.70766190120152, epoch:  106
Iter: 000, Train Loss: 6.8745, Train RMSE: 14.3066, Train MAPE: 1.0054, Train WMAPE: 0.0382
Iter: 050, Train Loss: 7.2586, Train RMSE: 14.3839, Train MAPE: 1.3279, Train WMAPE: 0.0398
Epoch: 107, Training Time: 15.3624 secs
Epoch: 107, Inference Time: 2.0119 secs
Epoch: 107, Train Loss: 6.8517, Train RMSE: 14.3833, Train MAPE: 1.4697, Train WMAPE: 0.0383, 
Epoch: 107, Valid Loss: 11.0808, Valid RMSE: 39.6633, Valid MAPE: 5.8277, Valid WMAPE: 0.0636
No update
Iter: 000, Train Loss: 7.0901, Train RMSE: 14.2678, Train MAPE: 2.0149, Train WMAPE: 0.0394
Iter: 050, Train Loss: 7.4916, Train RMSE: 15.0774, Train MAPE: 1.2765, Train WMAPE: 0.0411
Epoch: 108, Training Time: 15.1833 secs
Epoch: 108, Inference Time: 1.9832 secs
Epoch: 108, Train Loss: 6.8541, Train RMSE: 14.4094, Train MAPE: 1.4286, Train WMAPE: 0.0383, 
Epoch: 108, Valid Loss: 10.8943, Valid RMSE: 39.4831, Valid MAPE: 5.0704, Valid WMAPE: 0.0626
No update
Iter: 000, Train Loss: 6.8986, Train RMSE: 14.0433, Train MAPE: 1.6881, Train WMAPE: 0.0383
Iter: 050, Train Loss: 6.9327, Train RMSE: 13.9490, Train MAPE: 1.2828, Train WMAPE: 0.0380
Epoch: 109, Training Time: 14.8873 secs
Epoch: 109, Inference Time: 1.8730 secs
Epoch: 109, Train Loss: 6.8001, Train RMSE: 14.2944, Train MAPE: 1.4257, Train WMAPE: 0.0380, 
Epoch: 109, Valid Loss: 10.8194, Valid RMSE: 39.8884, Valid MAPE: 4.7797, Valid WMAPE: 0.0621
No update
Iter: 000, Train Loss: 6.9590, Train RMSE: 14.3282, Train MAPE: 1.8626, Train WMAPE: 0.0386
Iter: 050, Train Loss: 6.7431, Train RMSE: 13.7818, Train MAPE: 0.8772, Train WMAPE: 0.0370
Epoch: 110, Training Time: 15.3670 secs
Epoch: 110, Inference Time: 1.8927 secs
Epoch: 110, Train Loss: 6.7905, Train RMSE: 14.2785, Train MAPE: 1.5232, Train WMAPE: 0.0380, 
Epoch: 110, Valid Loss: 10.6816, Valid RMSE: 39.5992, Valid MAPE: 2.8463, Valid WMAPE: 0.0613
###Update tasks appear###
Evaluate best model on test data for horizon 1, Test MAE: 9.1893, Test RMSE: 59.8868, Test MAPE: 6.1366, Test WMAPE: 0.0533
Evaluate best model on test data for horizon 2, Test MAE: 10.2045, Test RMSE: 54.9681, Test MAPE: 9.7029, Test WMAPE: 0.0593
Evaluate best model on test data for horizon 3, Test MAE: 10.0782, Test RMSE: 40.9734, Test MAPE: 11.9896, Test WMAPE: 0.0585
Evaluate best model on test data for horizon 4, Test MAE: 11.5292, Test RMSE: 47.2993, Test MAPE: 14.3203, Test WMAPE: 0.0670
Evaluate best model on test data for horizon 5, Test MAE: 13.0107, Test RMSE: 55.1008, Test MAPE: 15.7390, Test WMAPE: 0.0756
Evaluate best model on test data for horizon 6, Test MAE: 13.0190, Test RMSE: 46.6785, Test MAPE: 17.4761, Test WMAPE: 0.0757
Evaluate best model on test data for horizon 7, Test MAE: 13.8846, Test RMSE: 49.6709, Test MAPE: 17.5115, Test WMAPE: 0.0807
Evaluate best model on test data for horizon 8, Test MAE: 14.4406, Test RMSE: 49.7735, Test MAPE: 17.5261, Test WMAPE: 0.0840
Evaluate best model on test data for horizon 9, Test MAE: 14.8246, Test RMSE: 49.5645, Test MAPE: 18.1614, Test WMAPE: 0.0862
Evaluate best model on test data for horizon 10, Test MAE: 14.6575, Test RMSE: 44.6097, Test MAPE: 17.8247, Test WMAPE: 0.0853
Evaluate best model on test data for horizon 11, Test MAE: 15.5447, Test RMSE: 51.2517, Test MAPE: 17.7961, Test WMAPE: 0.0904
Evaluate best model on test data for horizon 12, Test MAE: 15.8363, Test RMSE: 51.7580, Test MAPE: 17.5970, Test WMAPE: 0.0921
On average over 12 horizons, Test MAE: 13.0183, Test RMSE: 50.1279, Test MAPE: 15.1484, Test WMAPE: 0.0757
No update
Iter: 000, Train Loss: 6.8005, Train RMSE: 14.2619, Train MAPE: 0.9570, Train WMAPE: 0.0378
Iter: 050, Train Loss: 6.8097, Train RMSE: 13.8679, Train MAPE: 0.7554, Train WMAPE: 0.0373
Epoch: 111, Training Time: 15.2578 secs
Epoch: 111, Inference Time: 1.8192 secs
Epoch: 111, Train Loss: 6.9179, Train RMSE: 14.6078, Train MAPE: 1.4022, Train WMAPE: 0.0387, 
Epoch: 111, Valid Loss: 10.8318, Valid RMSE: 39.8113, Valid MAPE: 4.0411, Valid WMAPE: 0.0622
No update
Iter: 000, Train Loss: 7.3063, Train RMSE: 15.3848, Train MAPE: 1.3462, Train WMAPE: 0.0406
Iter: 050, Train Loss: 6.9947, Train RMSE: 14.2730, Train MAPE: 0.8337, Train WMAPE: 0.0384
Epoch: 112, Training Time: 15.0718 secs
Epoch: 112, Inference Time: 1.8922 secs
Epoch: 112, Train Loss: 6.8612, Train RMSE: 14.4411, Train MAPE: 1.4618, Train WMAPE: 0.0384, 
Epoch: 112, Valid Loss: 11.0515, Valid RMSE: 39.8890, Valid MAPE: 6.4034, Valid WMAPE: 0.0635
No update
Iter: 000, Train Loss: 7.0688, Train RMSE: 14.6139, Train MAPE: 2.3722, Train WMAPE: 0.0392
Iter: 050, Train Loss: 6.9456, Train RMSE: 13.8802, Train MAPE: 1.0099, Train WMAPE: 0.0381
Epoch: 113, Training Time: 15.3883 secs
Epoch: 113, Inference Time: 1.9096 secs
Epoch: 113, Train Loss: 6.8166, Train RMSE: 14.3228, Train MAPE: 1.4382, Train WMAPE: 0.0381, 
Epoch: 113, Valid Loss: 10.7392, Valid RMSE: 39.8019, Valid MAPE: 4.2235, Valid WMAPE: 0.0617
No update
Iter: 000, Train Loss: 6.8335, Train RMSE: 14.3076, Train MAPE: 1.7529, Train WMAPE: 0.0379
Iter: 050, Train Loss: 7.3247, Train RMSE: 15.2947, Train MAPE: 1.2454, Train WMAPE: 0.0402
Epoch: 114, Training Time: 15.2865 secs
Epoch: 114, Inference Time: 1.9903 secs
Epoch: 114, Train Loss: 6.8233, Train RMSE: 14.3490, Train MAPE: 1.4763, Train WMAPE: 0.0382, 
Epoch: 114, Valid Loss: 10.6637, Valid RMSE: 39.4859, Valid MAPE: 3.2525, Valid WMAPE: 0.0612
###Update tasks appear###
Evaluate best model on test data for horizon 1, Test MAE: 9.1028, Test RMSE: 60.2568, Test MAPE: 5.7800, Test WMAPE: 0.0528
Evaluate best model on test data for horizon 2, Test MAE: 10.1696, Test RMSE: 55.1572, Test MAPE: 9.5325, Test WMAPE: 0.0591
Evaluate best model on test data for horizon 3, Test MAE: 10.2191, Test RMSE: 41.1021, Test MAPE: 12.0434, Test WMAPE: 0.0594
Evaluate best model on test data for horizon 4, Test MAE: 11.6855, Test RMSE: 47.4880, Test MAPE: 14.2742, Test WMAPE: 0.0679
Evaluate best model on test data for horizon 5, Test MAE: 13.2163, Test RMSE: 55.3586, Test MAPE: 15.8410, Test WMAPE: 0.0768
Evaluate best model on test data for horizon 6, Test MAE: 13.2802, Test RMSE: 46.9792, Test MAPE: 17.4658, Test WMAPE: 0.0772
Evaluate best model on test data for horizon 7, Test MAE: 14.2180, Test RMSE: 50.1033, Test MAPE: 17.5089, Test WMAPE: 0.0827
Evaluate best model on test data for horizon 8, Test MAE: 14.7720, Test RMSE: 50.1137, Test MAPE: 17.4252, Test WMAPE: 0.0859
Evaluate best model on test data for horizon 9, Test MAE: 15.2042, Test RMSE: 50.1651, Test MAPE: 17.9400, Test WMAPE: 0.0884
Evaluate best model on test data for horizon 10, Test MAE: 15.0191, Test RMSE: 45.0549, Test MAPE: 17.6934, Test WMAPE: 0.0874
Evaluate best model on test data for horizon 11, Test MAE: 15.8842, Test RMSE: 51.6670, Test MAPE: 17.7014, Test WMAPE: 0.0924
Evaluate best model on test data for horizon 12, Test MAE: 16.0737, Test RMSE: 52.1734, Test MAPE: 17.3932, Test WMAPE: 0.0935
On average over 12 horizons, Test MAE: 13.2371, Test RMSE: 50.4683, Test MAPE: 15.0499, Test WMAPE: 0.0769
No update
Iter: 000, Train Loss: 6.6006, Train RMSE: 13.8851, Train MAPE: 1.1913, Train WMAPE: 0.0366
Iter: 050, Train Loss: 6.7799, Train RMSE: 13.8749, Train MAPE: 0.9932, Train WMAPE: 0.0372
Epoch: 115, Training Time: 15.5670 secs
Epoch: 115, Inference Time: 1.9515 secs
Epoch: 115, Train Loss: 6.7730, Train RMSE: 14.2800, Train MAPE: 1.4143, Train WMAPE: 0.0379, 
Epoch: 115, Valid Loss: 10.9458, Valid RMSE: 39.8171, Valid MAPE: 3.8671, Valid WMAPE: 0.0628
No update
Iter: 000, Train Loss: 6.9167, Train RMSE: 14.1295, Train MAPE: 1.3598, Train WMAPE: 0.0384
Iter: 050, Train Loss: 6.8303, Train RMSE: 13.7703, Train MAPE: 1.1644, Train WMAPE: 0.0375
Epoch: 116, Training Time: 15.2011 secs
Epoch: 116, Inference Time: 1.9127 secs
Epoch: 116, Train Loss: 6.7693, Train RMSE: 14.3463, Train MAPE: 1.3492, Train WMAPE: 0.0379, 
Epoch: 116, Valid Loss: 11.0593, Valid RMSE: 39.7649, Valid MAPE: 4.7479, Valid WMAPE: 0.0635
No update
Iter: 000, Train Loss: 7.1204, Train RMSE: 14.3567, Train MAPE: 1.6386, Train WMAPE: 0.0395
Iter: 050, Train Loss: 6.6596, Train RMSE: 13.5895, Train MAPE: 0.6336, Train WMAPE: 0.0365
Epoch: 117, Training Time: 15.7136 secs
Epoch: 117, Inference Time: 1.9599 secs
Epoch: 117, Train Loss: 6.8166, Train RMSE: 14.4459, Train MAPE: 1.3179, Train WMAPE: 0.0381, 
Epoch: 117, Valid Loss: 10.7023, Valid RMSE: 39.7720, Valid MAPE: 2.5965, Valid WMAPE: 0.0614
###Update tasks appear###
Evaluate best model on test data for horizon 1, Test MAE: 9.1979, Test RMSE: 60.1880, Test MAPE: 6.0091, Test WMAPE: 0.0534
Evaluate best model on test data for horizon 2, Test MAE: 10.2502, Test RMSE: 55.0712, Test MAPE: 9.6900, Test WMAPE: 0.0595
Evaluate best model on test data for horizon 3, Test MAE: 10.2006, Test RMSE: 41.2332, Test MAPE: 11.9394, Test WMAPE: 0.0592
Evaluate best model on test data for horizon 4, Test MAE: 11.5749, Test RMSE: 47.7878, Test MAPE: 14.0309, Test WMAPE: 0.0672
Evaluate best model on test data for horizon 5, Test MAE: 13.0546, Test RMSE: 55.5852, Test MAPE: 15.5522, Test WMAPE: 0.0759
Evaluate best model on test data for horizon 6, Test MAE: 13.0669, Test RMSE: 47.3582, Test MAPE: 17.2315, Test WMAPE: 0.0759
Evaluate best model on test data for horizon 7, Test MAE: 14.0021, Test RMSE: 50.3168, Test MAPE: 17.3498, Test WMAPE: 0.0814
Evaluate best model on test data for horizon 8, Test MAE: 14.5001, Test RMSE: 50.3598, Test MAPE: 17.4237, Test WMAPE: 0.0843
Evaluate best model on test data for horizon 9, Test MAE: 14.9023, Test RMSE: 50.1618, Test MAPE: 18.0149, Test WMAPE: 0.0867
Evaluate best model on test data for horizon 10, Test MAE: 14.7206, Test RMSE: 44.7673, Test MAPE: 17.7518, Test WMAPE: 0.0856
Evaluate best model on test data for horizon 11, Test MAE: 15.4657, Test RMSE: 51.1812, Test MAPE: 17.5534, Test WMAPE: 0.0900
Evaluate best model on test data for horizon 12, Test MAE: 15.7352, Test RMSE: 51.7544, Test MAPE: 17.3557, Test WMAPE: 0.0915
On average over 12 horizons, Test MAE: 13.0559, Test RMSE: 50.4804, Test MAPE: 14.9919, Test WMAPE: 0.0759
No update
Iter: 000, Train Loss: 6.8855, Train RMSE: 15.1497, Train MAPE: 0.8409, Train WMAPE: 0.0382
Iter: 050, Train Loss: 6.7850, Train RMSE: 13.8056, Train MAPE: 0.9473, Train WMAPE: 0.0372
Epoch: 118, Training Time: 14.8121 secs
Epoch: 118, Inference Time: 1.9652 secs
Epoch: 118, Train Loss: 6.7195, Train RMSE: 14.2778, Train MAPE: 1.2106, Train WMAPE: 0.0376, 
Epoch: 118, Valid Loss: 10.9384, Valid RMSE: 39.9293, Valid MAPE: 4.0639, Valid WMAPE: 0.0628
No update
Iter: 000, Train Loss: 7.0623, Train RMSE: 14.5918, Train MAPE: 1.4124, Train WMAPE: 0.0392
Iter: 050, Train Loss: 6.8536, Train RMSE: 13.9116, Train MAPE: 1.1147, Train WMAPE: 0.0376
Epoch: 119, Training Time: 15.4210 secs
Epoch: 119, Inference Time: 1.9676 secs
Epoch: 119, Train Loss: 6.6848, Train RMSE: 14.1913, Train MAPE: 1.3105, Train WMAPE: 0.0374, 
Epoch: 119, Valid Loss: 10.7124, Valid RMSE: 39.6304, Valid MAPE: 2.5274, Valid WMAPE: 0.0615
No update
Iter: 000, Train Loss: 6.7517, Train RMSE: 14.1805, Train MAPE: 0.9068, Train WMAPE: 0.0375
Iter: 050, Train Loss: 6.9070, Train RMSE: 13.7011, Train MAPE: 1.1023, Train WMAPE: 0.0379
Epoch: 120, Training Time: 15.2225 secs
Epoch: 120, Inference Time: 1.8748 secs
Epoch: 120, Train Loss: 6.6744, Train RMSE: 14.0338, Train MAPE: 1.4366, Train WMAPE: 0.0373, 
Epoch: 120, Valid Loss: 10.7541, Valid RMSE: 39.5964, Valid MAPE: 3.7996, Valid WMAPE: 0.0618
No update
Iter: 000, Train Loss: 6.7562, Train RMSE: 14.2474, Train MAPE: 1.3021, Train WMAPE: 0.0375
Iter: 050, Train Loss: 6.8691, Train RMSE: 13.7557, Train MAPE: 0.8801, Train WMAPE: 0.0377
Epoch: 121, Training Time: 14.8821 secs
Epoch: 121, Inference Time: 1.9089 secs
Epoch: 121, Train Loss: 6.6295, Train RMSE: 13.9472, Train MAPE: 1.3755, Train WMAPE: 0.0371, 
Epoch: 121, Valid Loss: 11.0033, Valid RMSE: 39.6336, Valid MAPE: 5.6965, Valid WMAPE: 0.0632
No update
Iter: 000, Train Loss: 6.9690, Train RMSE: 13.9184, Train MAPE: 2.0428, Train WMAPE: 0.0387
Iter: 050, Train Loss: 6.6530, Train RMSE: 13.6932, Train MAPE: 1.1423, Train WMAPE: 0.0365
Epoch: 122, Training Time: 15.2748 secs
Epoch: 122, Inference Time: 1.8971 secs
Epoch: 122, Train Loss: 6.6517, Train RMSE: 14.0460, Train MAPE: 1.4266, Train WMAPE: 0.0372, 
Epoch: 122, Valid Loss: 10.6039, Valid RMSE: 39.5207, Valid MAPE: 2.8899, Valid WMAPE: 0.0609
###Update tasks appear###
Evaluate best model on test data for horizon 1, Test MAE: 9.1956, Test RMSE: 60.2266, Test MAPE: 6.4987, Test WMAPE: 0.0534
Evaluate best model on test data for horizon 2, Test MAE: 10.2996, Test RMSE: 54.9671, Test MAPE: 10.0395, Test WMAPE: 0.0598
Evaluate best model on test data for horizon 3, Test MAE: 10.1619, Test RMSE: 40.9130, Test MAPE: 12.1754, Test WMAPE: 0.0590
Evaluate best model on test data for horizon 4, Test MAE: 11.6627, Test RMSE: 47.4564, Test MAPE: 14.5575, Test WMAPE: 0.0678
Evaluate best model on test data for horizon 5, Test MAE: 13.1381, Test RMSE: 55.7953, Test MAPE: 15.8991, Test WMAPE: 0.0763
Evaluate best model on test data for horizon 6, Test MAE: 13.1266, Test RMSE: 47.0633, Test MAPE: 17.5002, Test WMAPE: 0.0763
Evaluate best model on test data for horizon 7, Test MAE: 14.0325, Test RMSE: 50.2027, Test MAPE: 17.6329, Test WMAPE: 0.0816
Evaluate best model on test data for horizon 8, Test MAE: 14.5536, Test RMSE: 50.7141, Test MAPE: 17.7349, Test WMAPE: 0.0846
Evaluate best model on test data for horizon 9, Test MAE: 14.9347, Test RMSE: 50.4696, Test MAPE: 18.2389, Test WMAPE: 0.0869
Evaluate best model on test data for horizon 10, Test MAE: 14.7094, Test RMSE: 44.9790, Test MAPE: 17.8983, Test WMAPE: 0.0856
Evaluate best model on test data for horizon 11, Test MAE: 15.5621, Test RMSE: 51.7875, Test MAPE: 17.5732, Test WMAPE: 0.0905
Evaluate best model on test data for horizon 12, Test MAE: 15.8554, Test RMSE: 52.1553, Test MAPE: 17.3669, Test WMAPE: 0.0922
On average over 12 horizons, Test MAE: 13.1027, Test RMSE: 50.5608, Test MAPE: 15.2596, Test WMAPE: 0.0762
No update
Iter: 000, Train Loss: 6.6361, Train RMSE: 13.9116, Train MAPE: 0.9942, Train WMAPE: 0.0368
Iter: 050, Train Loss: 6.5788, Train RMSE: 13.5294, Train MAPE: 1.0192, Train WMAPE: 0.0361
Epoch: 123, Training Time: 15.5678 secs
Epoch: 123, Inference Time: 1.9057 secs
Epoch: 123, Train Loss: 6.5856, Train RMSE: 13.9113, Train MAPE: 1.3837, Train WMAPE: 0.0368, 
Epoch: 123, Valid Loss: 10.7033, Valid RMSE: 39.8706, Valid MAPE: 3.1693, Valid WMAPE: 0.0615
###Update tasks appear###
Evaluate best model on test data for horizon 1, Test MAE: 9.0947, Test RMSE: 60.4638, Test MAPE: 5.9328, Test WMAPE: 0.0528
Evaluate best model on test data for horizon 2, Test MAE: 10.1190, Test RMSE: 55.0788, Test MAPE: 9.6364, Test WMAPE: 0.0588
Evaluate best model on test data for horizon 3, Test MAE: 10.1241, Test RMSE: 41.2253, Test MAPE: 12.0912, Test WMAPE: 0.0588
Evaluate best model on test data for horizon 4, Test MAE: 11.5665, Test RMSE: 47.7275, Test MAPE: 14.0676, Test WMAPE: 0.0672
Evaluate best model on test data for horizon 5, Test MAE: 13.1344, Test RMSE: 55.9777, Test MAPE: 15.5563, Test WMAPE: 0.0763
Evaluate best model on test data for horizon 6, Test MAE: 13.1406, Test RMSE: 47.2347, Test MAPE: 17.0402, Test WMAPE: 0.0764
Evaluate best model on test data for horizon 7, Test MAE: 14.0788, Test RMSE: 50.4104, Test MAPE: 17.1804, Test WMAPE: 0.0819
Evaluate best model on test data for horizon 8, Test MAE: 14.6496, Test RMSE: 50.7494, Test MAPE: 16.9635, Test WMAPE: 0.0852
Evaluate best model on test data for horizon 9, Test MAE: 15.0209, Test RMSE: 50.5526, Test MAPE: 17.3147, Test WMAPE: 0.0874
Evaluate best model on test data for horizon 10, Test MAE: 14.8766, Test RMSE: 45.1883, Test MAPE: 17.0752, Test WMAPE: 0.0865
Evaluate best model on test data for horizon 11, Test MAE: 15.6887, Test RMSE: 51.9033, Test MAPE: 16.9792, Test WMAPE: 0.0913
Evaluate best model on test data for horizon 12, Test MAE: 15.9078, Test RMSE: 52.0998, Test MAPE: 16.6948, Test WMAPE: 0.0925
On average over 12 horizons, Test MAE: 13.1168, Test RMSE: 50.7176, Test MAPE: 14.7110, Test WMAPE: 0.0763
No update
Iter: 000, Train Loss: 6.8516, Train RMSE: 14.2657, Train MAPE: 0.9960, Train WMAPE: 0.0380
Iter: 050, Train Loss: 6.7728, Train RMSE: 13.7441, Train MAPE: 0.6881, Train WMAPE: 0.0371
Epoch: 124, Training Time: 15.8707 secs
Epoch: 124, Inference Time: 1.9106 secs
Epoch: 124, Train Loss: 6.6419, Train RMSE: 14.0655, Train MAPE: 1.3493, Train WMAPE: 0.0371, 
Epoch: 124, Valid Loss: 10.6890, Valid RMSE: 39.8893, Valid MAPE: 3.5026, Valid WMAPE: 0.0614
###Update tasks appear###
Evaluate best model on test data for horizon 1, Test MAE: 9.1987, Test RMSE: 60.3980, Test MAPE: 6.0310, Test WMAPE: 0.0534
Evaluate best model on test data for horizon 2, Test MAE: 10.1787, Test RMSE: 55.0085, Test MAPE: 9.7505, Test WMAPE: 0.0591
Evaluate best model on test data for horizon 3, Test MAE: 10.1833, Test RMSE: 41.0501, Test MAPE: 12.2126, Test WMAPE: 0.0591
Evaluate best model on test data for horizon 4, Test MAE: 11.5815, Test RMSE: 47.7241, Test MAPE: 14.1821, Test WMAPE: 0.0673
Evaluate best model on test data for horizon 5, Test MAE: 13.0642, Test RMSE: 55.9303, Test MAPE: 15.6022, Test WMAPE: 0.0759
Evaluate best model on test data for horizon 6, Test MAE: 13.0505, Test RMSE: 47.3812, Test MAPE: 17.1158, Test WMAPE: 0.0759
Evaluate best model on test data for horizon 7, Test MAE: 13.9186, Test RMSE: 50.2212, Test MAPE: 17.1627, Test WMAPE: 0.0809
Evaluate best model on test data for horizon 8, Test MAE: 14.4943, Test RMSE: 50.7736, Test MAPE: 17.0342, Test WMAPE: 0.0843
Evaluate best model on test data for horizon 9, Test MAE: 14.8474, Test RMSE: 50.6012, Test MAPE: 17.4802, Test WMAPE: 0.0864
Evaluate best model on test data for horizon 10, Test MAE: 14.6197, Test RMSE: 44.9455, Test MAPE: 17.3159, Test WMAPE: 0.0850
Evaluate best model on test data for horizon 11, Test MAE: 15.4526, Test RMSE: 51.9048, Test MAPE: 17.0931, Test WMAPE: 0.0899
Evaluate best model on test data for horizon 12, Test MAE: 15.6646, Test RMSE: 52.2553, Test MAPE: 16.8429, Test WMAPE: 0.0911
On average over 12 horizons, Test MAE: 13.0212, Test RMSE: 50.6828, Test MAPE: 14.8186, Test WMAPE: 0.0757
No update
Iter: 000, Train Loss: 6.7584, Train RMSE: 14.0178, Train MAPE: 1.0913, Train WMAPE: 0.0375
Iter: 050, Train Loss: 6.7912, Train RMSE: 13.7844, Train MAPE: 0.8423, Train WMAPE: 0.0372
Epoch: 125, Training Time: 15.3989 secs
Epoch: 125, Inference Time: 2.0565 secs
Epoch: 125, Train Loss: 6.6578, Train RMSE: 14.0428, Train MAPE: 1.3839, Train WMAPE: 0.0372, 
Epoch: 125, Valid Loss: 10.8107, Valid RMSE: 39.6415, Valid MAPE: 3.4935, Valid WMAPE: 0.0621
No update
Iter: 000, Train Loss: 6.7555, Train RMSE: 13.9405, Train MAPE: 1.2040, Train WMAPE: 0.0375
Iter: 050, Train Loss: 6.9480, Train RMSE: 14.2562, Train MAPE: 1.1018, Train WMAPE: 0.0381
Epoch: 126, Training Time: 14.8840 secs
Epoch: 126, Inference Time: 1.9029 secs
Epoch: 126, Train Loss: 6.6387, Train RMSE: 14.0833, Train MAPE: 1.2485, Train WMAPE: 0.0371, 
Epoch: 126, Valid Loss: 10.7726, Valid RMSE: 39.7501, Valid MAPE: 3.4011, Valid WMAPE: 0.0619
No update
Iter: 000, Train Loss: 6.6685, Train RMSE: 14.0637, Train MAPE: 1.1025, Train WMAPE: 0.0370
Iter: 050, Train Loss: 6.9705, Train RMSE: 14.4921, Train MAPE: 0.7804, Train WMAPE: 0.0382
Epoch: 127, Training Time: 14.8823 secs
Epoch: 127, Inference Time: 1.8944 secs
Epoch: 127, Train Loss: 6.6146, Train RMSE: 14.0058, Train MAPE: 1.3066, Train WMAPE: 0.0370, 
Epoch: 127, Valid Loss: 10.6997, Valid RMSE: 39.9784, Valid MAPE: 4.0394, Valid WMAPE: 0.0614
###Update tasks appear###
Evaluate best model on test data for horizon 1, Test MAE: 9.2393, Test RMSE: 60.3852, Test MAPE: 6.6819, Test WMAPE: 0.0536
Evaluate best model on test data for horizon 2, Test MAE: 10.2275, Test RMSE: 55.2071, Test MAPE: 10.3588, Test WMAPE: 0.0594
Evaluate best model on test data for horizon 3, Test MAE: 10.1590, Test RMSE: 41.2768, Test MAPE: 12.4585, Test WMAPE: 0.0590
Evaluate best model on test data for horizon 4, Test MAE: 11.5809, Test RMSE: 47.6183, Test MAPE: 14.8013, Test WMAPE: 0.0673
Evaluate best model on test data for horizon 5, Test MAE: 13.0013, Test RMSE: 56.0494, Test MAPE: 16.1029, Test WMAPE: 0.0756
Evaluate best model on test data for horizon 6, Test MAE: 12.9978, Test RMSE: 47.1885, Test MAPE: 17.6966, Test WMAPE: 0.0755
Evaluate best model on test data for horizon 7, Test MAE: 13.8908, Test RMSE: 50.4325, Test MAPE: 17.8835, Test WMAPE: 0.0808
Evaluate best model on test data for horizon 8, Test MAE: 14.4287, Test RMSE: 50.7914, Test MAPE: 17.9249, Test WMAPE: 0.0839
Evaluate best model on test data for horizon 9, Test MAE: 14.7109, Test RMSE: 50.5687, Test MAPE: 18.1020, Test WMAPE: 0.0856
Evaluate best model on test data for horizon 10, Test MAE: 14.3811, Test RMSE: 44.8116, Test MAPE: 17.6072, Test WMAPE: 0.0837
Evaluate best model on test data for horizon 11, Test MAE: 15.2816, Test RMSE: 52.0820, Test MAPE: 17.4655, Test WMAPE: 0.0889
Evaluate best model on test data for horizon 12, Test MAE: 15.4782, Test RMSE: 52.2429, Test MAPE: 17.2541, Test WMAPE: 0.0900
On average over 12 horizons, Test MAE: 12.9481, Test RMSE: 50.7212, Test MAPE: 15.3614, Test WMAPE: 0.0753
Test low! Updating! Test Loss: 12.948074579238892, Test low! Updating! Valid Loss: 10.699745995657784, epoch:  127
Iter: 000, Train Loss: 6.9197, Train RMSE: 14.2366, Train MAPE: 1.5287, Train WMAPE: 0.0384
Iter: 050, Train Loss: 6.6099, Train RMSE: 13.6043, Train MAPE: 0.9483, Train WMAPE: 0.0362
Epoch: 128, Training Time: 15.4666 secs
Epoch: 128, Inference Time: 2.0572 secs
Epoch: 128, Train Loss: 6.5115, Train RMSE: 13.7822, Train MAPE: 1.3475, Train WMAPE: 0.0364, 
Epoch: 128, Valid Loss: 10.7011, Valid RMSE: 39.6172, Valid MAPE: 4.1741, Valid WMAPE: 0.0614
No update
Iter: 000, Train Loss: 6.5589, Train RMSE: 13.6076, Train MAPE: 1.5049, Train WMAPE: 0.0364
Iter: 050, Train Loss: 6.6209, Train RMSE: 13.3094, Train MAPE: 1.1939, Train WMAPE: 0.0363
Epoch: 129, Training Time: 15.4887 secs
Epoch: 129, Inference Time: 1.9848 secs
Epoch: 129, Train Loss: 6.5230, Train RMSE: 13.8447, Train MAPE: 1.3304, Train WMAPE: 0.0365, 
Epoch: 129, Valid Loss: 10.7528, Valid RMSE: 39.7402, Valid MAPE: 5.5055, Valid WMAPE: 0.0617
No update
Iter: 000, Train Loss: 6.7873, Train RMSE: 13.8496, Train MAPE: 2.0379, Train WMAPE: 0.0377
Iter: 050, Train Loss: 6.6592, Train RMSE: 13.5712, Train MAPE: 1.2327, Train WMAPE: 0.0365
Epoch: 130, Training Time: 15.4009 secs
Epoch: 130, Inference Time: 1.8894 secs
Epoch: 130, Train Loss: 6.5589, Train RMSE: 13.8842, Train MAPE: 1.3365, Train WMAPE: 0.0367, 
Epoch: 130, Valid Loss: 10.6556, Valid RMSE: 39.9933, Valid MAPE: 3.9399, Valid WMAPE: 0.0612
###Update tasks appear###
Evaluate best model on test data for horizon 1, Test MAE: 9.1488, Test RMSE: 60.2884, Test MAPE: 6.5618, Test WMAPE: 0.0531
Evaluate best model on test data for horizon 2, Test MAE: 10.2475, Test RMSE: 55.0831, Test MAPE: 10.2808, Test WMAPE: 0.0595
Evaluate best model on test data for horizon 3, Test MAE: 10.1822, Test RMSE: 41.4714, Test MAPE: 12.3786, Test WMAPE: 0.0591
Evaluate best model on test data for horizon 4, Test MAE: 11.6649, Test RMSE: 47.9421, Test MAPE: 14.8674, Test WMAPE: 0.0678
Evaluate best model on test data for horizon 5, Test MAE: 13.1429, Test RMSE: 56.2375, Test MAPE: 15.9188, Test WMAPE: 0.0764
Evaluate best model on test data for horizon 6, Test MAE: 13.1877, Test RMSE: 47.4467, Test MAPE: 17.6013, Test WMAPE: 0.0767
Evaluate best model on test data for horizon 7, Test MAE: 14.1168, Test RMSE: 50.6565, Test MAPE: 17.7302, Test WMAPE: 0.0821
Evaluate best model on test data for horizon 8, Test MAE: 14.6631, Test RMSE: 51.0157, Test MAPE: 17.5983, Test WMAPE: 0.0853
Evaluate best model on test data for horizon 9, Test MAE: 15.0201, Test RMSE: 50.8508, Test MAPE: 18.1308, Test WMAPE: 0.0874
Evaluate best model on test data for horizon 10, Test MAE: 14.7083, Test RMSE: 45.2361, Test MAPE: 17.5688, Test WMAPE: 0.0856
Evaluate best model on test data for horizon 11, Test MAE: 15.5554, Test RMSE: 52.3051, Test MAPE: 17.3346, Test WMAPE: 0.0905
Evaluate best model on test data for horizon 12, Test MAE: 15.7266, Test RMSE: 52.4414, Test MAPE: 17.0759, Test WMAPE: 0.0915
On average over 12 horizons, Test MAE: 13.1137, Test RMSE: 50.9146, Test MAPE: 15.2540, Test WMAPE: 0.0762
No update
Iter: 000, Train Loss: 6.5270, Train RMSE: 13.6137, Train MAPE: 1.6403, Train WMAPE: 0.0362
Iter: 050, Train Loss: 6.6602, Train RMSE: 13.5841, Train MAPE: 1.1144, Train WMAPE: 0.0365
Epoch: 131, Training Time: 15.5725 secs
Epoch: 131, Inference Time: 2.0947 secs
Epoch: 131, Train Loss: 6.4825, Train RMSE: 13.6852, Train MAPE: 1.3740, Train WMAPE: 0.0363, 
Epoch: 131, Valid Loss: 10.5667, Valid RMSE: 39.8874, Valid MAPE: 2.6532, Valid WMAPE: 0.0607
###Update tasks appear###
Evaluate best model on test data for horizon 1, Test MAE: 9.0431, Test RMSE: 60.4863, Test MAPE: 5.9886, Test WMAPE: 0.0525
Evaluate best model on test data for horizon 2, Test MAE: 10.0820, Test RMSE: 55.2835, Test MAPE: 9.7110, Test WMAPE: 0.0585
Evaluate best model on test data for horizon 3, Test MAE: 10.0965, Test RMSE: 41.4691, Test MAPE: 12.0130, Test WMAPE: 0.0586
Evaluate best model on test data for horizon 4, Test MAE: 11.5743, Test RMSE: 47.9989, Test MAPE: 14.1046, Test WMAPE: 0.0672
Evaluate best model on test data for horizon 5, Test MAE: 13.0952, Test RMSE: 56.1759, Test MAPE: 15.5689, Test WMAPE: 0.0761
Evaluate best model on test data for horizon 6, Test MAE: 13.0920, Test RMSE: 47.3014, Test MAPE: 16.9610, Test WMAPE: 0.0761
Evaluate best model on test data for horizon 7, Test MAE: 13.9825, Test RMSE: 50.3583, Test MAPE: 17.0714, Test WMAPE: 0.0813
Evaluate best model on test data for horizon 8, Test MAE: 14.5407, Test RMSE: 50.8523, Test MAPE: 16.8858, Test WMAPE: 0.0846
Evaluate best model on test data for horizon 9, Test MAE: 14.8371, Test RMSE: 50.7081, Test MAPE: 17.3183, Test WMAPE: 0.0863
Evaluate best model on test data for horizon 10, Test MAE: 14.5703, Test RMSE: 45.1000, Test MAPE: 17.1125, Test WMAPE: 0.0848
Evaluate best model on test data for horizon 11, Test MAE: 15.4063, Test RMSE: 52.0995, Test MAPE: 17.0117, Test WMAPE: 0.0896
Evaluate best model on test data for horizon 12, Test MAE: 15.6012, Test RMSE: 52.3377, Test MAPE: 16.7902, Test WMAPE: 0.0908
On average over 12 horizons, Test MAE: 12.9934, Test RMSE: 50.8476, Test MAPE: 14.7114, Test WMAPE: 0.0755
No update
Iter: 000, Train Loss: 6.4630, Train RMSE: 13.6017, Train MAPE: 0.9346, Train WMAPE: 0.0359
Iter: 050, Train Loss: 6.5727, Train RMSE: 13.3730, Train MAPE: 1.5648, Train WMAPE: 0.0360
Epoch: 132, Training Time: 16.1681 secs
Epoch: 132, Inference Time: 1.9953 secs
Epoch: 132, Train Loss: 6.5057, Train RMSE: 13.7650, Train MAPE: 1.3697, Train WMAPE: 0.0364, 
Epoch: 132, Valid Loss: 10.5831, Valid RMSE: 39.7887, Valid MAPE: 2.9867, Valid WMAPE: 0.0608
###Update tasks appear###
Evaluate best model on test data for horizon 1, Test MAE: 9.0835, Test RMSE: 60.4132, Test MAPE: 6.0616, Test WMAPE: 0.0527
Evaluate best model on test data for horizon 2, Test MAE: 10.1102, Test RMSE: 55.0794, Test MAPE: 9.8476, Test WMAPE: 0.0587
Evaluate best model on test data for horizon 3, Test MAE: 10.1485, Test RMSE: 41.3052, Test MAPE: 12.2703, Test WMAPE: 0.0589
Evaluate best model on test data for horizon 4, Test MAE: 11.6147, Test RMSE: 47.9564, Test MAPE: 14.4431, Test WMAPE: 0.0675
Evaluate best model on test data for horizon 5, Test MAE: 13.1564, Test RMSE: 56.2314, Test MAPE: 15.9173, Test WMAPE: 0.0765
Evaluate best model on test data for horizon 6, Test MAE: 13.1920, Test RMSE: 47.2600, Test MAPE: 17.2354, Test WMAPE: 0.0767
Evaluate best model on test data for horizon 7, Test MAE: 14.1148, Test RMSE: 50.5502, Test MAPE: 17.3348, Test WMAPE: 0.0821
Evaluate best model on test data for horizon 8, Test MAE: 14.6431, Test RMSE: 51.1507, Test MAPE: 17.1714, Test WMAPE: 0.0852
Evaluate best model on test data for horizon 9, Test MAE: 14.9916, Test RMSE: 50.9069, Test MAPE: 17.5822, Test WMAPE: 0.0872
Evaluate best model on test data for horizon 10, Test MAE: 14.7633, Test RMSE: 45.4690, Test MAPE: 17.4365, Test WMAPE: 0.0859
Evaluate best model on test data for horizon 11, Test MAE: 15.6115, Test RMSE: 52.5092, Test MAPE: 17.2656, Test WMAPE: 0.0908
Evaluate best model on test data for horizon 12, Test MAE: 15.7787, Test RMSE: 52.7628, Test MAPE: 17.0623, Test WMAPE: 0.0918
On average over 12 horizons, Test MAE: 13.1007, Test RMSE: 50.9662, Test MAPE: 14.9690, Test WMAPE: 0.0762
No update
Iter: 000, Train Loss: 6.3644, Train RMSE: 13.3999, Train MAPE: 1.0217, Train WMAPE: 0.0353
Iter: 050, Train Loss: 6.6341, Train RMSE: 13.5663, Train MAPE: 1.4165, Train WMAPE: 0.0364
Epoch: 133, Training Time: 15.4098 secs
Epoch: 133, Inference Time: 2.0086 secs
Epoch: 133, Train Loss: 6.5480, Train RMSE: 13.8841, Train MAPE: 1.3199, Train WMAPE: 0.0366, 
Epoch: 133, Valid Loss: 11.2045, Valid RMSE: 39.9251, Valid MAPE: 4.6141, Valid WMAPE: 0.0643
No update
Iter: 000, Train Loss: 7.1249, Train RMSE: 14.4183, Train MAPE: 1.7087, Train WMAPE: 0.0396
Iter: 050, Train Loss: 6.6179, Train RMSE: 13.5394, Train MAPE: 0.9543, Train WMAPE: 0.0363
Epoch: 134, Training Time: 15.6616 secs
Epoch: 134, Inference Time: 1.9021 secs
Epoch: 134, Train Loss: 6.5276, Train RMSE: 13.9000, Train MAPE: 1.2668, Train WMAPE: 0.0365, 
Epoch: 134, Valid Loss: 10.9506, Valid RMSE: 40.0706, Valid MAPE: 3.8869, Valid WMAPE: 0.0629
No update
Iter: 000, Train Loss: 7.0247, Train RMSE: 14.1328, Train MAPE: 1.3807, Train WMAPE: 0.0390
Iter: 050, Train Loss: 6.5853, Train RMSE: 13.7160, Train MAPE: 0.7937, Train WMAPE: 0.0361
Epoch: 135, Training Time: 15.3767 secs
Epoch: 135, Inference Time: 1.9113 secs
Epoch: 135, Train Loss: 6.5641, Train RMSE: 13.9331, Train MAPE: 1.2480, Train WMAPE: 0.0367, 
Epoch: 135, Valid Loss: 10.6250, Valid RMSE: 39.9273, Valid MAPE: 3.2649, Valid WMAPE: 0.0610
###Update tasks appear###
Evaluate best model on test data for horizon 1, Test MAE: 9.1450, Test RMSE: 60.4806, Test MAPE: 6.0328, Test WMAPE: 0.0531
Evaluate best model on test data for horizon 2, Test MAE: 10.1803, Test RMSE: 55.4539, Test MAPE: 9.9627, Test WMAPE: 0.0591
Evaluate best model on test data for horizon 3, Test MAE: 10.1753, Test RMSE: 41.4665, Test MAPE: 12.4246, Test WMAPE: 0.0591
Evaluate best model on test data for horizon 4, Test MAE: 11.5785, Test RMSE: 47.7644, Test MAPE: 14.4435, Test WMAPE: 0.0673
Evaluate best model on test data for horizon 5, Test MAE: 13.1505, Test RMSE: 56.3510, Test MAPE: 15.9565, Test WMAPE: 0.0764
Evaluate best model on test data for horizon 6, Test MAE: 13.0577, Test RMSE: 47.1058, Test MAPE: 17.3105, Test WMAPE: 0.0759
Evaluate best model on test data for horizon 7, Test MAE: 13.9068, Test RMSE: 50.4006, Test MAPE: 17.2893, Test WMAPE: 0.0809
Evaluate best model on test data for horizon 8, Test MAE: 14.4960, Test RMSE: 50.9551, Test MAPE: 17.0902, Test WMAPE: 0.0843
Evaluate best model on test data for horizon 9, Test MAE: 14.7970, Test RMSE: 50.6232, Test MAPE: 17.4187, Test WMAPE: 0.0861
Evaluate best model on test data for horizon 10, Test MAE: 14.4706, Test RMSE: 44.7671, Test MAPE: 17.2251, Test WMAPE: 0.0842
Evaluate best model on test data for horizon 11, Test MAE: 15.3412, Test RMSE: 51.9980, Test MAPE: 17.1002, Test WMAPE: 0.0892
Evaluate best model on test data for horizon 12, Test MAE: 15.5395, Test RMSE: 52.1063, Test MAPE: 16.9131, Test WMAPE: 0.0904
On average over 12 horizons, Test MAE: 12.9865, Test RMSE: 50.7894, Test MAPE: 14.9306, Test WMAPE: 0.0755
No update
Iter: 000, Train Loss: 6.7266, Train RMSE: 13.9943, Train MAPE: 0.9378, Train WMAPE: 0.0373
Iter: 050, Train Loss: 6.8486, Train RMSE: 13.8316, Train MAPE: 1.4608, Train WMAPE: 0.0376
Epoch: 136, Training Time: 15.1703 secs
Epoch: 136, Inference Time: 1.9100 secs
Epoch: 136, Train Loss: 6.4903, Train RMSE: 13.7381, Train MAPE: 1.2856, Train WMAPE: 0.0363, 
Epoch: 136, Valid Loss: 10.7811, Valid RMSE: 39.8480, Valid MAPE: 3.5753, Valid WMAPE: 0.0619
No update
Iter: 000, Train Loss: 6.8486, Train RMSE: 13.9048, Train MAPE: 1.1708, Train WMAPE: 0.0380
Iter: 050, Train Loss: 6.4919, Train RMSE: 13.1478, Train MAPE: 0.9414, Train WMAPE: 0.0356
Epoch: 137, Training Time: 15.4585 secs
Epoch: 137, Inference Time: 1.8915 secs
Epoch: 137, Train Loss: 6.4556, Train RMSE: 13.6434, Train MAPE: 1.3841, Train WMAPE: 0.0361, 
Epoch: 137, Valid Loss: 10.6272, Valid RMSE: 39.7468, Valid MAPE: 3.9109, Valid WMAPE: 0.0610
###Update tasks appear###
Evaluate best model on test data for horizon 1, Test MAE: 9.2215, Test RMSE: 60.6465, Test MAPE: 6.8872, Test WMAPE: 0.0535
Evaluate best model on test data for horizon 2, Test MAE: 10.2248, Test RMSE: 55.2632, Test MAPE: 10.6299, Test WMAPE: 0.0594
Evaluate best model on test data for horizon 3, Test MAE: 10.1718, Test RMSE: 41.3157, Test MAPE: 12.9033, Test WMAPE: 0.0591
Evaluate best model on test data for horizon 4, Test MAE: 11.6058, Test RMSE: 47.7310, Test MAPE: 15.1300, Test WMAPE: 0.0674
Evaluate best model on test data for horizon 5, Test MAE: 13.1431, Test RMSE: 56.2485, Test MAPE: 16.5604, Test WMAPE: 0.0764
Evaluate best model on test data for horizon 6, Test MAE: 13.1011, Test RMSE: 47.1317, Test MAPE: 17.9125, Test WMAPE: 0.0761
Evaluate best model on test data for horizon 7, Test MAE: 13.9821, Test RMSE: 50.3097, Test MAPE: 17.9247, Test WMAPE: 0.0813
Evaluate best model on test data for horizon 8, Test MAE: 14.5221, Test RMSE: 50.8333, Test MAPE: 17.9876, Test WMAPE: 0.0844
Evaluate best model on test data for horizon 9, Test MAE: 14.8614, Test RMSE: 50.5233, Test MAPE: 18.2544, Test WMAPE: 0.0864
Evaluate best model on test data for horizon 10, Test MAE: 14.5704, Test RMSE: 44.7507, Test MAPE: 17.9204, Test WMAPE: 0.0848
Evaluate best model on test data for horizon 11, Test MAE: 15.4727, Test RMSE: 51.9722, Test MAPE: 17.6741, Test WMAPE: 0.0900
Evaluate best model on test data for horizon 12, Test MAE: 15.6177, Test RMSE: 52.2134, Test MAPE: 17.4960, Test WMAPE: 0.0909
On average over 12 horizons, Test MAE: 13.0412, Test RMSE: 50.7449, Test MAPE: 15.6067, Test WMAPE: 0.0758
No update
Iter: 000, Train Loss: 6.4608, Train RMSE: 13.4593, Train MAPE: 1.3876, Train WMAPE: 0.0359
Iter: 050, Train Loss: 6.6808, Train RMSE: 13.6152, Train MAPE: 0.8917, Train WMAPE: 0.0366
Epoch: 138, Training Time: 15.5566 secs
Epoch: 138, Inference Time: 1.7904 secs
Epoch: 138, Train Loss: 6.4617, Train RMSE: 13.6627, Train MAPE: 1.3284, Train WMAPE: 0.0361, 
Epoch: 138, Valid Loss: 10.7627, Valid RMSE: 39.6569, Valid MAPE: 5.1011, Valid WMAPE: 0.0618
No update
Iter: 000, Train Loss: 6.5061, Train RMSE: 13.3741, Train MAPE: 1.7672, Train WMAPE: 0.0361
Iter: 050, Train Loss: 6.5264, Train RMSE: 13.2975, Train MAPE: 0.9856, Train WMAPE: 0.0358
Epoch: 139, Training Time: 15.7896 secs
Epoch: 139, Inference Time: 1.8896 secs
Epoch: 139, Train Loss: 6.3974, Train RMSE: 13.5560, Train MAPE: 1.3053, Train WMAPE: 0.0358, 
Epoch: 139, Valid Loss: 10.6521, Valid RMSE: 39.7221, Valid MAPE: 3.5849, Valid WMAPE: 0.0612
###Update tasks appear###
Evaluate best model on test data for horizon 1, Test MAE: 9.1127, Test RMSE: 60.6480, Test MAPE: 6.3120, Test WMAPE: 0.0529
Evaluate best model on test data for horizon 2, Test MAE: 10.1966, Test RMSE: 55.2729, Test MAPE: 10.0778, Test WMAPE: 0.0592
Evaluate best model on test data for horizon 3, Test MAE: 10.1245, Test RMSE: 41.0909, Test MAPE: 12.4993, Test WMAPE: 0.0588
Evaluate best model on test data for horizon 4, Test MAE: 11.6431, Test RMSE: 47.7778, Test MAPE: 15.0102, Test WMAPE: 0.0676
Evaluate best model on test data for horizon 5, Test MAE: 13.2212, Test RMSE: 56.1933, Test MAPE: 16.3342, Test WMAPE: 0.0768
Evaluate best model on test data for horizon 6, Test MAE: 13.1574, Test RMSE: 46.9597, Test MAPE: 17.5720, Test WMAPE: 0.0765
Evaluate best model on test data for horizon 7, Test MAE: 14.1247, Test RMSE: 50.2363, Test MAPE: 17.8340, Test WMAPE: 0.0821
Evaluate best model on test data for horizon 8, Test MAE: 14.7206, Test RMSE: 50.9621, Test MAPE: 17.8091, Test WMAPE: 0.0856
Evaluate best model on test data for horizon 9, Test MAE: 15.1460, Test RMSE: 50.7686, Test MAPE: 18.3479, Test WMAPE: 0.0881
Evaluate best model on test data for horizon 10, Test MAE: 14.9109, Test RMSE: 45.1293, Test MAPE: 17.8819, Test WMAPE: 0.0867
Evaluate best model on test data for horizon 11, Test MAE: 15.8839, Test RMSE: 52.3275, Test MAPE: 17.6865, Test WMAPE: 0.0924
Evaluate best model on test data for horizon 12, Test MAE: 16.0889, Test RMSE: 52.7234, Test MAPE: 17.4649, Test WMAPE: 0.0936
On average over 12 horizons, Test MAE: 13.1942, Test RMSE: 50.8408, Test MAPE: 15.4025, Test WMAPE: 0.0767
No update
Iter: 000, Train Loss: 6.4947, Train RMSE: 13.6415, Train MAPE: 1.2971, Train WMAPE: 0.0361
Iter: 050, Train Loss: 6.3738, Train RMSE: 13.0908, Train MAPE: 0.6525, Train WMAPE: 0.0350
Epoch: 140, Training Time: 15.1674 secs
Epoch: 140, Inference Time: 1.9121 secs
Epoch: 140, Train Loss: 6.4242, Train RMSE: 13.6767, Train MAPE: 1.3107, Train WMAPE: 0.0359, 
Epoch: 140, Valid Loss: 10.5144, Valid RMSE: 39.7142, Valid MAPE: 2.5243, Valid WMAPE: 0.0604
###Update tasks appear###
Evaluate best model on test data for horizon 1, Test MAE: 9.0736, Test RMSE: 60.6805, Test MAPE: 6.2012, Test WMAPE: 0.0527
Evaluate best model on test data for horizon 2, Test MAE: 10.0757, Test RMSE: 55.3311, Test MAPE: 9.9718, Test WMAPE: 0.0585
Evaluate best model on test data for horizon 3, Test MAE: 10.0387, Test RMSE: 41.1616, Test MAPE: 12.3651, Test WMAPE: 0.0583
Evaluate best model on test data for horizon 4, Test MAE: 11.4802, Test RMSE: 47.7160, Test MAPE: 14.4852, Test WMAPE: 0.0667
Evaluate best model on test data for horizon 5, Test MAE: 13.0078, Test RMSE: 56.1671, Test MAPE: 15.7488, Test WMAPE: 0.0756
Evaluate best model on test data for horizon 6, Test MAE: 12.9612, Test RMSE: 46.8698, Test MAPE: 17.0345, Test WMAPE: 0.0753
Evaluate best model on test data for horizon 7, Test MAE: 13.8578, Test RMSE: 50.1314, Test MAPE: 17.0872, Test WMAPE: 0.0806
Evaluate best model on test data for horizon 8, Test MAE: 14.4184, Test RMSE: 50.7298, Test MAPE: 16.8891, Test WMAPE: 0.0838
Evaluate best model on test data for horizon 9, Test MAE: 14.7107, Test RMSE: 50.4439, Test MAPE: 17.3124, Test WMAPE: 0.0856
Evaluate best model on test data for horizon 10, Test MAE: 14.4423, Test RMSE: 44.6686, Test MAPE: 17.0759, Test WMAPE: 0.0840
Evaluate best model on test data for horizon 11, Test MAE: 15.2846, Test RMSE: 51.6203, Test MAPE: 16.9561, Test WMAPE: 0.0889
Evaluate best model on test data for horizon 12, Test MAE: 15.4807, Test RMSE: 51.9026, Test MAPE: 16.8121, Test WMAPE: 0.0901
On average over 12 horizons, Test MAE: 12.9026, Test RMSE: 50.6186, Test MAPE: 14.8283, Test WMAPE: 0.0750
Test low! Updating! Test Loss: 12.902638991673788, Test low! Updating! Valid Loss: 10.514410189219884, epoch:  140
Iter: 000, Train Loss: 6.5423, Train RMSE: 13.7420, Train MAPE: 0.8872, Train WMAPE: 0.0363
Iter: 050, Train Loss: 6.4802, Train RMSE: 13.3143, Train MAPE: 1.0359, Train WMAPE: 0.0355
Epoch: 141, Training Time: 15.8342 secs
Epoch: 141, Inference Time: 1.8993 secs
Epoch: 141, Train Loss: 6.3851, Train RMSE: 13.5913, Train MAPE: 1.2893, Train WMAPE: 0.0357, 
Epoch: 141, Valid Loss: 10.5095, Valid RMSE: 39.8739, Valid MAPE: 2.2002, Valid WMAPE: 0.0603
###Update tasks appear###
Evaluate best model on test data for horizon 1, Test MAE: 9.1461, Test RMSE: 60.6973, Test MAPE: 6.1228, Test WMAPE: 0.0531
Evaluate best model on test data for horizon 2, Test MAE: 10.2799, Test RMSE: 55.5129, Test MAPE: 9.9397, Test WMAPE: 0.0597
Evaluate best model on test data for horizon 3, Test MAE: 10.1205, Test RMSE: 41.3128, Test MAPE: 12.3570, Test WMAPE: 0.0588
Evaluate best model on test data for horizon 4, Test MAE: 11.5226, Test RMSE: 47.8687, Test MAPE: 14.5270, Test WMAPE: 0.0669
Evaluate best model on test data for horizon 5, Test MAE: 13.1097, Test RMSE: 56.2869, Test MAPE: 15.8532, Test WMAPE: 0.0762
Evaluate best model on test data for horizon 6, Test MAE: 13.0780, Test RMSE: 47.2709, Test MAPE: 17.2900, Test WMAPE: 0.0760
Evaluate best model on test data for horizon 7, Test MAE: 13.9704, Test RMSE: 50.4224, Test MAPE: 17.2226, Test WMAPE: 0.0812
Evaluate best model on test data for horizon 8, Test MAE: 14.5276, Test RMSE: 50.9416, Test MAPE: 17.1174, Test WMAPE: 0.0845
Evaluate best model on test data for horizon 9, Test MAE: 14.9000, Test RMSE: 50.8484, Test MAPE: 17.5050, Test WMAPE: 0.0867
Evaluate best model on test data for horizon 10, Test MAE: 14.6248, Test RMSE: 45.0948, Test MAPE: 17.2902, Test WMAPE: 0.0851
Evaluate best model on test data for horizon 11, Test MAE: 15.5234, Test RMSE: 52.0658, Test MAPE: 17.1885, Test WMAPE: 0.0903
Evaluate best model on test data for horizon 12, Test MAE: 15.7029, Test RMSE: 52.3956, Test MAPE: 17.0599, Test WMAPE: 0.0914
On average over 12 horizons, Test MAE: 13.0422, Test RMSE: 50.8932, Test MAPE: 14.9561, Test WMAPE: 0.0758
No update
Iter: 000, Train Loss: 6.3510, Train RMSE: 13.4039, Train MAPE: 0.8200, Train WMAPE: 0.0353
Iter: 050, Train Loss: 6.8417, Train RMSE: 14.2877, Train MAPE: 1.0185, Train WMAPE: 0.0375
Epoch: 142, Training Time: 15.5014 secs
Epoch: 142, Inference Time: 1.8767 secs
Epoch: 142, Train Loss: 6.3771, Train RMSE: 13.5413, Train MAPE: 1.2359, Train WMAPE: 0.0357, 
Epoch: 142, Valid Loss: 10.7065, Valid RMSE: 39.8321, Valid MAPE: 4.6559, Valid WMAPE: 0.0615
No update
Iter: 000, Train Loss: 6.5756, Train RMSE: 13.6925, Train MAPE: 1.5671, Train WMAPE: 0.0365
Iter: 050, Train Loss: 6.4711, Train RMSE: 13.1205, Train MAPE: 0.9770, Train WMAPE: 0.0355
Epoch: 143, Training Time: 15.4092 secs
Epoch: 143, Inference Time: 1.8787 secs
Epoch: 143, Train Loss: 6.4100, Train RMSE: 13.5706, Train MAPE: 1.2412, Train WMAPE: 0.0358, 
Epoch: 143, Valid Loss: 10.6157, Valid RMSE: 39.9843, Valid MAPE: 4.1359, Valid WMAPE: 0.0610
No update
Iter: 000, Train Loss: 6.4297, Train RMSE: 13.3842, Train MAPE: 1.3780, Train WMAPE: 0.0357
Iter: 050, Train Loss: 6.4419, Train RMSE: 13.2860, Train MAPE: 0.7464, Train WMAPE: 0.0353
Epoch: 144, Training Time: 15.5827 secs
Epoch: 144, Inference Time: 1.9086 secs
Epoch: 144, Train Loss: 6.5266, Train RMSE: 13.8297, Train MAPE: 1.4524, Train WMAPE: 0.0365, 
Epoch: 144, Valid Loss: 10.6706, Valid RMSE: 39.7408, Valid MAPE: 3.3756, Valid WMAPE: 0.0613
No update
Iter: 000, Train Loss: 6.3935, Train RMSE: 13.4024, Train MAPE: 1.0186, Train WMAPE: 0.0355
Iter: 050, Train Loss: 6.6436, Train RMSE: 13.6202, Train MAPE: 0.9207, Train WMAPE: 0.0364
Epoch: 145, Training Time: 15.2360 secs
Epoch: 145, Inference Time: 1.8752 secs
Epoch: 145, Train Loss: 6.4736, Train RMSE: 13.7338, Train MAPE: 1.1864, Train WMAPE: 0.0362, 
Epoch: 145, Valid Loss: 10.7789, Valid RMSE: 39.7879, Valid MAPE: 4.5151, Valid WMAPE: 0.0619
No update
Iter: 000, Train Loss: 6.8646, Train RMSE: 14.7641, Train MAPE: 1.5228, Train WMAPE: 0.0381
Iter: 050, Train Loss: 6.3444, Train RMSE: 12.9327, Train MAPE: 0.9692, Train WMAPE: 0.0348
Epoch: 146, Training Time: 14.9765 secs
Epoch: 146, Inference Time: 1.8867 secs
Epoch: 146, Train Loss: 6.3456, Train RMSE: 13.4706, Train MAPE: 1.3055, Train WMAPE: 0.0355, 
Epoch: 146, Valid Loss: 10.7575, Valid RMSE: 39.7061, Valid MAPE: 4.1650, Valid WMAPE: 0.0618
No update
Iter: 000, Train Loss: 6.8687, Train RMSE: 14.5688, Train MAPE: 1.2833, Train WMAPE: 0.0381
Iter: 050, Train Loss: 6.3241, Train RMSE: 13.0270, Train MAPE: 0.9224, Train WMAPE: 0.0347
Epoch: 147, Training Time: 15.4235 secs
Epoch: 147, Inference Time: 1.8576 secs
Epoch: 147, Train Loss: 6.3432, Train RMSE: 13.4872, Train MAPE: 1.2041, Train WMAPE: 0.0355, 
Epoch: 147, Valid Loss: 10.7127, Valid RMSE: 39.5596, Valid MAPE: 2.8101, Valid WMAPE: 0.0615
No update
Iter: 000, Train Loss: 6.6391, Train RMSE: 13.7322, Train MAPE: 0.8748, Train WMAPE: 0.0369
Iter: 050, Train Loss: 6.5374, Train RMSE: 13.1507, Train MAPE: 1.1634, Train WMAPE: 0.0358
Epoch: 148, Training Time: 14.6991 secs
Epoch: 148, Inference Time: 1.8956 secs
Epoch: 148, Train Loss: 6.3384, Train RMSE: 13.4377, Train MAPE: 1.2449, Train WMAPE: 0.0354, 
Epoch: 148, Valid Loss: 10.6017, Valid RMSE: 39.4374, Valid MAPE: 3.2466, Valid WMAPE: 0.0609
No update
Iter: 000, Train Loss: 6.4589, Train RMSE: 13.4395, Train MAPE: 1.0060, Train WMAPE: 0.0359
Iter: 050, Train Loss: 6.3531, Train RMSE: 13.0044, Train MAPE: 1.2862, Train WMAPE: 0.0348
Epoch: 149, Training Time: 15.5864 secs
Epoch: 149, Inference Time: 1.9068 secs
Epoch: 149, Train Loss: 6.3407, Train RMSE: 13.4503, Train MAPE: 1.2382, Train WMAPE: 0.0355, 
Epoch: 149, Valid Loss: 10.5995, Valid RMSE: 39.5387, Valid MAPE: 3.3407, Valid WMAPE: 0.0609
No update
Iter: 000, Train Loss: 6.3702, Train RMSE: 13.4297, Train MAPE: 1.1916, Train WMAPE: 0.0354
Iter: 050, Train Loss: 8.6087, Train RMSE: 19.7905, Train MAPE: 0.6312, Train WMAPE: 0.0472
Epoch: 150, Training Time: 15.5898 secs
Epoch: 150, Inference Time: 2.0889 secs
Epoch: 150, Train Loss: 6.5092, Train RMSE: 13.8912, Train MAPE: 1.2336, Train WMAPE: 0.0364, 
Epoch: 150, Valid Loss: 10.6505, Valid RMSE: 39.5220, Valid MAPE: 3.1873, Valid WMAPE: 0.0612
No update
Iter: 000, Train Loss: 6.8357, Train RMSE: 14.8041, Train MAPE: 1.0336, Train WMAPE: 0.0379
Iter: 050, Train Loss: 6.5789, Train RMSE: 13.4121, Train MAPE: 1.0564, Train WMAPE: 0.0361
Epoch: 151, Training Time: 15.3108 secs
Epoch: 151, Inference Time: 1.8628 secs
Epoch: 151, Train Loss: 6.4421, Train RMSE: 13.6909, Train MAPE: 1.3024, Train WMAPE: 0.0360, 
Epoch: 151, Valid Loss: 10.4713, Valid RMSE: 39.1996, Valid MAPE: 2.5480, Valid WMAPE: 0.0601
###Update tasks appear###
Evaluate best model on test data for horizon 1, Test MAE: 9.1726, Test RMSE: 60.6226, Test MAPE: 6.3790, Test WMAPE: 0.0532
Evaluate best model on test data for horizon 2, Test MAE: 10.2153, Test RMSE: 54.9688, Test MAPE: 10.2158, Test WMAPE: 0.0593
Evaluate best model on test data for horizon 3, Test MAE: 10.1241, Test RMSE: 40.7150, Test MAPE: 12.5873, Test WMAPE: 0.0588
Evaluate best model on test data for horizon 4, Test MAE: 11.5393, Test RMSE: 47.2247, Test MAPE: 14.7956, Test WMAPE: 0.0670
Evaluate best model on test data for horizon 5, Test MAE: 13.1210, Test RMSE: 56.0918, Test MAPE: 16.1994, Test WMAPE: 0.0762
Evaluate best model on test data for horizon 6, Test MAE: 13.0476, Test RMSE: 46.6300, Test MAPE: 17.4547, Test WMAPE: 0.0758
Evaluate best model on test data for horizon 7, Test MAE: 13.9065, Test RMSE: 49.6518, Test MAPE: 17.5559, Test WMAPE: 0.0809
Evaluate best model on test data for horizon 8, Test MAE: 14.4924, Test RMSE: 50.4700, Test MAPE: 17.5455, Test WMAPE: 0.0843
Evaluate best model on test data for horizon 9, Test MAE: 14.8672, Test RMSE: 50.2924, Test MAPE: 17.9246, Test WMAPE: 0.0865
Evaluate best model on test data for horizon 10, Test MAE: 14.5330, Test RMSE: 44.5176, Test MAPE: 17.5986, Test WMAPE: 0.0845
Evaluate best model on test data for horizon 11, Test MAE: 15.3874, Test RMSE: 51.5557, Test MAPE: 17.5398, Test WMAPE: 0.0895
Evaluate best model on test data for horizon 12, Test MAE: 15.5578, Test RMSE: 51.8603, Test MAPE: 17.4303, Test WMAPE: 0.0905
On average over 12 horizons, Test MAE: 12.9970, Test RMSE: 50.3834, Test MAPE: 15.2689, Test WMAPE: 0.0756
No update
Iter: 000, Train Loss: 6.3125, Train RMSE: 13.2679, Train MAPE: 0.8232, Train WMAPE: 0.0350
Iter: 050, Train Loss: 6.3129, Train RMSE: 12.8770, Train MAPE: 0.8464, Train WMAPE: 0.0346
Epoch: 152, Training Time: 15.3956 secs
Epoch: 152, Inference Time: 1.8781 secs
Epoch: 152, Train Loss: 6.3491, Train RMSE: 13.5335, Train MAPE: 1.1770, Train WMAPE: 0.0355, 
Epoch: 152, Valid Loss: 10.5572, Valid RMSE: 39.5382, Valid MAPE: 2.5001, Valid WMAPE: 0.0606
No update
Iter: 000, Train Loss: 6.5389, Train RMSE: 13.6103, Train MAPE: 0.6856, Train WMAPE: 0.0363
Iter: 050, Train Loss: 6.2477, Train RMSE: 12.8480, Train MAPE: 0.7013, Train WMAPE: 0.0343
Epoch: 153, Training Time: 15.1066 secs
Epoch: 153, Inference Time: 1.8678 secs
Epoch: 153, Train Loss: 6.3189, Train RMSE: 13.5895, Train MAPE: 1.0582, Train WMAPE: 0.0353, 
Epoch: 153, Valid Loss: 10.6137, Valid RMSE: 39.7263, Valid MAPE: 2.6925, Valid WMAPE: 0.0609
No update
Iter: 000, Train Loss: 6.5177, Train RMSE: 13.5683, Train MAPE: 0.8811, Train WMAPE: 0.0362
Iter: 050, Train Loss: 6.3824, Train RMSE: 13.1098, Train MAPE: 0.7845, Train WMAPE: 0.0350
Epoch: 154, Training Time: 14.8170 secs
Epoch: 154, Inference Time: 1.9601 secs
Epoch: 154, Train Loss: 6.2669, Train RMSE: 13.4507, Train MAPE: 1.0337, Train WMAPE: 0.0350, 
Epoch: 154, Valid Loss: 10.6879, Valid RMSE: 39.8789, Valid MAPE: 3.3307, Valid WMAPE: 0.0614
No update
Iter: 000, Train Loss: 6.4720, Train RMSE: 13.4097, Train MAPE: 1.2287, Train WMAPE: 0.0359
Iter: 050, Train Loss: 6.3679, Train RMSE: 13.0531, Train MAPE: 0.7866, Train WMAPE: 0.0349
Epoch: 155, Training Time: 15.7021 secs
Epoch: 155, Inference Time: 1.9966 secs
Epoch: 155, Train Loss: 6.2876, Train RMSE: 13.4563, Train MAPE: 1.0421, Train WMAPE: 0.0352, 
Epoch: 155, Valid Loss: 10.7022, Valid RMSE: 39.9181, Valid MAPE: 3.3556, Valid WMAPE: 0.0615
No update
Iter: 000, Train Loss: 6.6609, Train RMSE: 13.7854, Train MAPE: 1.2074, Train WMAPE: 0.0370
Iter: 050, Train Loss: 6.3775, Train RMSE: 13.1131, Train MAPE: 0.6691, Train WMAPE: 0.0350
Epoch: 156, Training Time: 15.3865 secs
Epoch: 156, Inference Time: 1.8828 secs
Epoch: 156, Train Loss: 6.2909, Train RMSE: 13.4248, Train MAPE: 1.1510, Train WMAPE: 0.0352, 
Epoch: 156, Valid Loss: 10.4953, Valid RMSE: 39.6145, Valid MAPE: 2.5560, Valid WMAPE: 0.0603
###Update tasks appear###
Evaluate best model on test data for horizon 1, Test MAE: 9.1233, Test RMSE: 60.6437, Test MAPE: 6.0391, Test WMAPE: 0.0530
Evaluate best model on test data for horizon 2, Test MAE: 10.1363, Test RMSE: 55.1892, Test MAPE: 9.9073, Test WMAPE: 0.0589
Evaluate best model on test data for horizon 3, Test MAE: 10.0775, Test RMSE: 41.0922, Test MAPE: 12.4499, Test WMAPE: 0.0585
Evaluate best model on test data for horizon 4, Test MAE: 11.5750, Test RMSE: 47.6453, Test MAPE: 14.6747, Test WMAPE: 0.0672
Evaluate best model on test data for horizon 5, Test MAE: 13.1660, Test RMSE: 56.3336, Test MAPE: 16.0335, Test WMAPE: 0.0765
Evaluate best model on test data for horizon 6, Test MAE: 13.1161, Test RMSE: 46.7734, Test MAPE: 17.2559, Test WMAPE: 0.0762
Evaluate best model on test data for horizon 7, Test MAE: 14.0749, Test RMSE: 50.1462, Test MAPE: 17.3297, Test WMAPE: 0.0818
Evaluate best model on test data for horizon 8, Test MAE: 14.5844, Test RMSE: 51.0154, Test MAPE: 17.1373, Test WMAPE: 0.0848
Evaluate best model on test data for horizon 9, Test MAE: 14.9673, Test RMSE: 50.9183, Test MAPE: 17.5103, Test WMAPE: 0.0870
Evaluate best model on test data for horizon 10, Test MAE: 14.7010, Test RMSE: 45.0636, Test MAPE: 17.4011, Test WMAPE: 0.0855
Evaluate best model on test data for horizon 11, Test MAE: 15.5144, Test RMSE: 52.2037, Test MAPE: 17.3656, Test WMAPE: 0.0903
Evaluate best model on test data for horizon 12, Test MAE: 15.6398, Test RMSE: 52.4939, Test MAPE: 17.2360, Test WMAPE: 0.0910
On average over 12 horizons, Test MAE: 13.0563, Test RMSE: 50.7932, Test MAPE: 15.0284, Test WMAPE: 0.0759
No update
Iter: 000, Train Loss: 6.2056, Train RMSE: 13.2064, Train MAPE: 0.8687, Train WMAPE: 0.0345
Iter: 050, Train Loss: 6.1831, Train RMSE: 12.6980, Train MAPE: 0.8269, Train WMAPE: 0.0339
Epoch: 157, Training Time: 15.3775 secs
Epoch: 157, Inference Time: 1.8942 secs
Epoch: 157, Train Loss: 6.2115, Train RMSE: 13.3256, Train MAPE: 1.0799, Train WMAPE: 0.0347, 
Epoch: 157, Valid Loss: 10.7055, Valid RMSE: 39.6557, Valid MAPE: 3.3385, Valid WMAPE: 0.0615
No update
Iter: 000, Train Loss: 6.6230, Train RMSE: 13.9990, Train MAPE: 1.1608, Train WMAPE: 0.0368
Iter: 050, Train Loss: 6.1877, Train RMSE: 12.7145, Train MAPE: 0.6080, Train WMAPE: 0.0339
Epoch: 158, Training Time: 15.1148 secs
Epoch: 158, Inference Time: 1.9618 secs
Epoch: 158, Train Loss: 6.1846, Train RMSE: 13.2786, Train MAPE: 1.0295, Train WMAPE: 0.0346, 
Epoch: 158, Valid Loss: 10.6267, Valid RMSE: 39.7005, Valid MAPE: 2.9272, Valid WMAPE: 0.0610
No update
Iter: 000, Train Loss: 6.3583, Train RMSE: 13.4061, Train MAPE: 0.9922, Train WMAPE: 0.0353
Iter: 050, Train Loss: 6.1613, Train RMSE: 12.6256, Train MAPE: 0.7280, Train WMAPE: 0.0338
Epoch: 159, Training Time: 15.3552 secs
Epoch: 159, Inference Time: 1.9312 secs
Epoch: 159, Train Loss: 6.1889, Train RMSE: 13.2744, Train MAPE: 1.0543, Train WMAPE: 0.0346, 
Epoch: 159, Valid Loss: 10.7925, Valid RMSE: 40.0866, Valid MAPE: 3.4092, Valid WMAPE: 0.0620
No update
Iter: 000, Train Loss: 6.6138, Train RMSE: 14.5049, Train MAPE: 1.2098, Train WMAPE: 0.0367
Iter: 050, Train Loss: 6.4068, Train RMSE: 12.7944, Train MAPE: 0.9311, Train WMAPE: 0.0351
Epoch: 160, Training Time: 15.1790 secs
Epoch: 160, Inference Time: 1.9037 secs
Epoch: 160, Train Loss: 6.2627, Train RMSE: 13.3052, Train MAPE: 1.2256, Train WMAPE: 0.0350, 
Epoch: 160, Valid Loss: 10.6933, Valid RMSE: 39.7219, Valid MAPE: 4.4500, Valid WMAPE: 0.0614
No update
Iter: 000, Train Loss: 6.4325, Train RMSE: 13.1783, Train MAPE: 1.6816, Train WMAPE: 0.0357
Iter: 050, Train Loss: 6.7878, Train RMSE: 13.7861, Train MAPE: 1.2131, Train WMAPE: 0.0372
Epoch: 161, Training Time: 15.3848 secs
Epoch: 161, Inference Time: 1.8860 secs
Epoch: 161, Train Loss: 6.3278, Train RMSE: 13.3454, Train MAPE: 1.2780, Train WMAPE: 0.0354, 
Epoch: 161, Valid Loss: 10.4654, Valid RMSE: 39.8743, Valid MAPE: 2.5337, Valid WMAPE: 0.0601
###Update tasks appear###
Evaluate best model on test data for horizon 1, Test MAE: 9.0535, Test RMSE: 60.7795, Test MAPE: 5.8802, Test WMAPE: 0.0526
Evaluate best model on test data for horizon 2, Test MAE: 10.0459, Test RMSE: 55.3216, Test MAPE: 9.8646, Test WMAPE: 0.0583
Evaluate best model on test data for horizon 3, Test MAE: 10.0927, Test RMSE: 41.2744, Test MAPE: 12.4275, Test WMAPE: 0.0586
Evaluate best model on test data for horizon 4, Test MAE: 11.5312, Test RMSE: 48.0637, Test MAPE: 14.5038, Test WMAPE: 0.0670
Evaluate best model on test data for horizon 5, Test MAE: 13.1597, Test RMSE: 56.7620, Test MAPE: 15.9003, Test WMAPE: 0.0765
Evaluate best model on test data for horizon 6, Test MAE: 13.1282, Test RMSE: 47.1016, Test MAPE: 16.9843, Test WMAPE: 0.0763
Evaluate best model on test data for horizon 7, Test MAE: 14.0920, Test RMSE: 50.4906, Test MAPE: 16.9987, Test WMAPE: 0.0819
Evaluate best model on test data for horizon 8, Test MAE: 14.7160, Test RMSE: 51.5773, Test MAPE: 16.9531, Test WMAPE: 0.0856
Evaluate best model on test data for horizon 9, Test MAE: 15.0893, Test RMSE: 51.5224, Test MAPE: 17.3740, Test WMAPE: 0.0878
Evaluate best model on test data for horizon 10, Test MAE: 14.7998, Test RMSE: 45.5184, Test MAPE: 17.1905, Test WMAPE: 0.0861
Evaluate best model on test data for horizon 11, Test MAE: 15.6447, Test RMSE: 52.5874, Test MAPE: 17.1350, Test WMAPE: 0.0910
Evaluate best model on test data for horizon 12, Test MAE: 15.8247, Test RMSE: 53.0774, Test MAPE: 17.0162, Test WMAPE: 0.0921
On average over 12 horizons, Test MAE: 13.0982, Test RMSE: 51.1730, Test MAPE: 14.8524, Test WMAPE: 0.0761
No update
Iter: 000, Train Loss: 6.1586, Train RMSE: 13.0474, Train MAPE: 0.7114, Train WMAPE: 0.0342
Iter: 050, Train Loss: 6.2988, Train RMSE: 12.8578, Train MAPE: 1.0522, Train WMAPE: 0.0345
Epoch: 162, Training Time: 15.2254 secs
Epoch: 162, Inference Time: 1.9572 secs
Epoch: 162, Train Loss: 6.1804, Train RMSE: 13.1151, Train MAPE: 1.2408, Train WMAPE: 0.0346, 
Epoch: 162, Valid Loss: 10.5359, Valid RMSE: 39.6309, Valid MAPE: 3.7240, Valid WMAPE: 0.0605
No update
Iter: 000, Train Loss: 6.3042, Train RMSE: 13.0696, Train MAPE: 1.2785, Train WMAPE: 0.0350
Iter: 050, Train Loss: 6.3500, Train RMSE: 12.7643, Train MAPE: 0.7450, Train WMAPE: 0.0348
Epoch: 163, Training Time: 15.4284 secs
Epoch: 163, Inference Time: 2.0676 secs
Epoch: 163, Train Loss: 6.1680, Train RMSE: 13.1047, Train MAPE: 1.2882, Train WMAPE: 0.0345, 
Epoch: 163, Valid Loss: 10.6217, Valid RMSE: 39.8644, Valid MAPE: 3.6204, Valid WMAPE: 0.0610
No update
Iter: 000, Train Loss: 6.2516, Train RMSE: 13.0464, Train MAPE: 1.2303, Train WMAPE: 0.0347
Iter: 050, Train Loss: 6.3875, Train RMSE: 13.0380, Train MAPE: 0.8580, Train WMAPE: 0.0350
Epoch: 164, Training Time: 15.7052 secs
Epoch: 164, Inference Time: 1.9729 secs
Epoch: 164, Train Loss: 6.1320, Train RMSE: 13.0950, Train MAPE: 1.1156, Train WMAPE: 0.0343, 
Epoch: 164, Valid Loss: 10.5795, Valid RMSE: 39.7524, Valid MAPE: 2.9957, Valid WMAPE: 0.0607
No update
Iter: 000, Train Loss: 6.3907, Train RMSE: 13.4053, Train MAPE: 1.0038, Train WMAPE: 0.0355
Iter: 050, Train Loss: 6.1922, Train RMSE: 12.9269, Train MAPE: 0.7404, Train WMAPE: 0.0340
Epoch: 165, Training Time: 15.1869 secs
Epoch: 165, Inference Time: 1.9018 secs
Epoch: 165, Train Loss: 6.1469, Train RMSE: 13.1240, Train MAPE: 1.1160, Train WMAPE: 0.0344, 
Epoch: 165, Valid Loss: 10.5913, Valid RMSE: 39.9214, Valid MAPE: 3.1030, Valid WMAPE: 0.0608
No update
Iter: 000, Train Loss: 6.2243, Train RMSE: 13.0589, Train MAPE: 1.0726, Train WMAPE: 0.0346
Iter: 050, Train Loss: 6.3680, Train RMSE: 12.8305, Train MAPE: 0.9572, Train WMAPE: 0.0349
Epoch: 166, Training Time: 16.1154 secs
Epoch: 166, Inference Time: 2.1656 secs
Epoch: 166, Train Loss: 6.1216, Train RMSE: 13.0500, Train MAPE: 1.1485, Train WMAPE: 0.0342, 
Epoch: 166, Valid Loss: 10.6719, Valid RMSE: 40.0208, Valid MAPE: 4.4269, Valid WMAPE: 0.0613
No update
Iter: 000, Train Loss: 6.3726, Train RMSE: 13.1241, Train MAPE: 1.7729, Train WMAPE: 0.0354
Iter: 050, Train Loss: 6.2236, Train RMSE: 12.7173, Train MAPE: 0.5254, Train WMAPE: 0.0341
Epoch: 167, Training Time: 15.7124 secs
Epoch: 167, Inference Time: 1.8864 secs
Epoch: 167, Train Loss: 6.1405, Train RMSE: 13.0570, Train MAPE: 1.1799, Train WMAPE: 0.0343, 
Epoch: 167, Valid Loss: 10.4894, Valid RMSE: 39.9617, Valid MAPE: 2.2886, Valid WMAPE: 0.0602
###Update tasks appear###
Evaluate best model on test data for horizon 1, Test MAE: 9.0219, Test RMSE: 60.9518, Test MAPE: 6.0536, Test WMAPE: 0.0524
Evaluate best model on test data for horizon 2, Test MAE: 10.0646, Test RMSE: 55.5729, Test MAPE: 9.9267, Test WMAPE: 0.0584
Evaluate best model on test data for horizon 3, Test MAE: 10.0001, Test RMSE: 41.1644, Test MAPE: 12.4314, Test WMAPE: 0.0581
Evaluate best model on test data for horizon 4, Test MAE: 11.4974, Test RMSE: 47.8482, Test MAPE: 14.5805, Test WMAPE: 0.0668
Evaluate best model on test data for horizon 5, Test MAE: 13.1125, Test RMSE: 56.8477, Test MAPE: 15.9453, Test WMAPE: 0.0762
Evaluate best model on test data for horizon 6, Test MAE: 13.0881, Test RMSE: 47.2921, Test MAPE: 16.9807, Test WMAPE: 0.0761
Evaluate best model on test data for horizon 7, Test MAE: 14.0349, Test RMSE: 50.5225, Test MAPE: 17.0307, Test WMAPE: 0.0816
Evaluate best model on test data for horizon 8, Test MAE: 14.6631, Test RMSE: 51.4869, Test MAPE: 16.9000, Test WMAPE: 0.0853
Evaluate best model on test data for horizon 9, Test MAE: 15.0448, Test RMSE: 51.6375, Test MAPE: 17.2791, Test WMAPE: 0.0875
Evaluate best model on test data for horizon 10, Test MAE: 14.7387, Test RMSE: 45.5764, Test MAPE: 17.1079, Test WMAPE: 0.0857
Evaluate best model on test data for horizon 11, Test MAE: 15.6333, Test RMSE: 52.7633, Test MAPE: 17.0950, Test WMAPE: 0.0909
Evaluate best model on test data for horizon 12, Test MAE: 15.8382, Test RMSE: 53.3238, Test MAPE: 17.0043, Test WMAPE: 0.0921
On average over 12 horizons, Test MAE: 13.0614, Test RMSE: 51.2490, Test MAPE: 14.8613, Test WMAPE: 0.0759
No update
Iter: 000, Train Loss: 6.2136, Train RMSE: 13.0402, Train MAPE: 0.7835, Train WMAPE: 0.0345
Iter: 050, Train Loss: 6.1855, Train RMSE: 12.6115, Train MAPE: 1.3088, Train WMAPE: 0.0339
Epoch: 168, Training Time: 15.2976 secs
Epoch: 168, Inference Time: 1.8647 secs
Epoch: 168, Train Loss: 6.1497, Train RMSE: 13.0773, Train MAPE: 1.2293, Train WMAPE: 0.0344, 
Epoch: 168, Valid Loss: 10.4395, Valid RMSE: 39.8835, Valid MAPE: 2.2809, Valid WMAPE: 0.0599
###Update tasks appear###
Evaluate best model on test data for horizon 1, Test MAE: 9.0514, Test RMSE: 60.9828, Test MAPE: 6.0644, Test WMAPE: 0.0525
Evaluate best model on test data for horizon 2, Test MAE: 10.0634, Test RMSE: 55.6930, Test MAPE: 9.9673, Test WMAPE: 0.0584
Evaluate best model on test data for horizon 3, Test MAE: 10.0083, Test RMSE: 41.2063, Test MAPE: 12.4926, Test WMAPE: 0.0581
Evaluate best model on test data for horizon 4, Test MAE: 11.4398, Test RMSE: 47.9065, Test MAPE: 14.5664, Test WMAPE: 0.0665
Evaluate best model on test data for horizon 5, Test MAE: 13.0418, Test RMSE: 56.8507, Test MAPE: 16.0312, Test WMAPE: 0.0758
Evaluate best model on test data for horizon 6, Test MAE: 12.9721, Test RMSE: 47.0902, Test MAPE: 17.0855, Test WMAPE: 0.0754
Evaluate best model on test data for horizon 7, Test MAE: 13.9186, Test RMSE: 50.3328, Test MAPE: 17.1585, Test WMAPE: 0.0809
Evaluate best model on test data for horizon 8, Test MAE: 14.5152, Test RMSE: 51.3261, Test MAPE: 17.0228, Test WMAPE: 0.0844
Evaluate best model on test data for horizon 9, Test MAE: 14.8998, Test RMSE: 51.5250, Test MAPE: 17.4168, Test WMAPE: 0.0867
Evaluate best model on test data for horizon 10, Test MAE: 14.5743, Test RMSE: 45.3781, Test MAPE: 17.2579, Test WMAPE: 0.0848
Evaluate best model on test data for horizon 11, Test MAE: 15.4215, Test RMSE: 52.4952, Test MAPE: 17.3029, Test WMAPE: 0.0897
Evaluate best model on test data for horizon 12, Test MAE: 15.6658, Test RMSE: 53.2783, Test MAPE: 17.1995, Test WMAPE: 0.0911
On average over 12 horizons, Test MAE: 12.9643, Test RMSE: 51.1721, Test MAPE: 14.9638, Test WMAPE: 0.0754
No update
Iter: 000, Train Loss: 6.0940, Train RMSE: 12.9614, Train MAPE: 0.6531, Train WMAPE: 0.0338
Iter: 050, Train Loss: 6.1753, Train RMSE: 12.6357, Train MAPE: 0.5271, Train WMAPE: 0.0339
Epoch: 169, Training Time: 14.9979 secs
Epoch: 169, Inference Time: 2.1691 secs
Epoch: 169, Train Loss: 6.2187, Train RMSE: 13.2261, Train MAPE: 1.2232, Train WMAPE: 0.0348, 
Epoch: 169, Valid Loss: 10.5917, Valid RMSE: 40.2369, Valid MAPE: 3.3474, Valid WMAPE: 0.0608
No update
Iter: 000, Train Loss: 6.3143, Train RMSE: 13.3232, Train MAPE: 1.1942, Train WMAPE: 0.0351
Iter: 050, Train Loss: 6.2581, Train RMSE: 12.6116, Train MAPE: 1.1112, Train WMAPE: 0.0343
Epoch: 170, Training Time: 15.5837 secs
Epoch: 170, Inference Time: 1.8983 secs
Epoch: 170, Train Loss: 6.2039, Train RMSE: 13.2176, Train MAPE: 1.1707, Train WMAPE: 0.0347, 
Epoch: 170, Valid Loss: 10.5287, Valid RMSE: 39.6996, Valid MAPE: 4.2255, Valid WMAPE: 0.0605
No update
Iter: 000, Train Loss: 6.4428, Train RMSE: 13.3408, Train MAPE: 1.3212, Train WMAPE: 0.0358
Iter: 050, Train Loss: 6.2006, Train RMSE: 12.8216, Train MAPE: 0.5645, Train WMAPE: 0.0340
Epoch: 171, Training Time: 15.3123 secs
Epoch: 171, Inference Time: 1.9749 secs
Epoch: 171, Train Loss: 6.1385, Train RMSE: 13.0700, Train MAPE: 1.2230, Train WMAPE: 0.0343, 
Epoch: 171, Valid Loss: 10.3992, Valid RMSE: 39.8499, Valid MAPE: 2.3835, Valid WMAPE: 0.0597
###Update tasks appear###
Evaluate best model on test data for horizon 1, Test MAE: 9.0423, Test RMSE: 60.8829, Test MAPE: 6.1493, Test WMAPE: 0.0525
Evaluate best model on test data for horizon 2, Test MAE: 10.0514, Test RMSE: 55.7803, Test MAPE: 10.1088, Test WMAPE: 0.0584
Evaluate best model on test data for horizon 3, Test MAE: 9.9445, Test RMSE: 41.1460, Test MAPE: 12.6574, Test WMAPE: 0.0578
Evaluate best model on test data for horizon 4, Test MAE: 11.3912, Test RMSE: 47.7429, Test MAPE: 14.7418, Test WMAPE: 0.0662
Evaluate best model on test data for horizon 5, Test MAE: 12.9707, Test RMSE: 56.5661, Test MAPE: 16.0247, Test WMAPE: 0.0754
Evaluate best model on test data for horizon 6, Test MAE: 12.8629, Test RMSE: 46.8205, Test MAPE: 17.0897, Test WMAPE: 0.0748
Evaluate best model on test data for horizon 7, Test MAE: 13.7214, Test RMSE: 49.7603, Test MAPE: 17.2128, Test WMAPE: 0.0798
Evaluate best model on test data for horizon 8, Test MAE: 14.3098, Test RMSE: 50.6915, Test MAPE: 17.1040, Test WMAPE: 0.0832
Evaluate best model on test data for horizon 9, Test MAE: 14.7262, Test RMSE: 51.0970, Test MAPE: 17.7251, Test WMAPE: 0.0856
Evaluate best model on test data for horizon 10, Test MAE: 14.4114, Test RMSE: 44.9462, Test MAPE: 17.4735, Test WMAPE: 0.0838
Evaluate best model on test data for horizon 11, Test MAE: 15.2919, Test RMSE: 52.0106, Test MAPE: 17.4375, Test WMAPE: 0.0890
Evaluate best model on test data for horizon 12, Test MAE: 15.5717, Test RMSE: 52.7320, Test MAPE: 17.3999, Test WMAPE: 0.0906
On average over 12 horizons, Test MAE: 12.8580, Test RMSE: 50.8480, Test MAPE: 15.0937, Test WMAPE: 0.0747
Test low! Updating! Test Loss: 12.857959826787313, Test low! Updating! Valid Loss: 10.39915932927813, epoch:  171
Iter: 000, Train Loss: 6.1859, Train RMSE: 13.2611, Train MAPE: 0.7587, Train WMAPE: 0.0343
Iter: 050, Train Loss: 6.2703, Train RMSE: 12.8650, Train MAPE: 1.4116, Train WMAPE: 0.0344
Epoch: 172, Training Time: 14.7541 secs
Epoch: 172, Inference Time: 1.9935 secs
Epoch: 172, Train Loss: 6.1457, Train RMSE: 13.0473, Train MAPE: 1.2854, Train WMAPE: 0.0344, 
Epoch: 172, Valid Loss: 10.8024, Valid RMSE: 39.9762, Valid MAPE: 4.4625, Valid WMAPE: 0.0620
No update
Iter: 000, Train Loss: 6.6912, Train RMSE: 13.6420, Train MAPE: 1.5137, Train WMAPE: 0.0371
Iter: 050, Train Loss: 6.2270, Train RMSE: 12.5993, Train MAPE: 0.7097, Train WMAPE: 0.0341
Epoch: 173, Training Time: 14.9861 secs
Epoch: 173, Inference Time: 1.9971 secs
Epoch: 173, Train Loss: 6.2169, Train RMSE: 13.2123, Train MAPE: 1.1645, Train WMAPE: 0.0348, 
Epoch: 173, Valid Loss: 10.5606, Valid RMSE: 39.9436, Valid MAPE: 2.3630, Valid WMAPE: 0.0606
No update
Iter: 000, Train Loss: 6.1697, Train RMSE: 13.1642, Train MAPE: 0.7625, Train WMAPE: 0.0343
Iter: 050, Train Loss: 6.1108, Train RMSE: 12.5502, Train MAPE: 1.0135, Train WMAPE: 0.0335
Epoch: 174, Training Time: 15.1881 secs
Epoch: 174, Inference Time: 1.9014 secs
Epoch: 174, Train Loss: 6.1528, Train RMSE: 13.1301, Train MAPE: 1.1062, Train WMAPE: 0.0344, 
Epoch: 174, Valid Loss: 10.5409, Valid RMSE: 39.9888, Valid MAPE: 2.3558, Valid WMAPE: 0.0605
No update
Iter: 000, Train Loss: 6.1649, Train RMSE: 13.1341, Train MAPE: 0.7685, Train WMAPE: 0.0342
Iter: 050, Train Loss: 6.3933, Train RMSE: 13.1956, Train MAPE: 0.9221, Train WMAPE: 0.0351
Epoch: 175, Training Time: 15.5804 secs
Epoch: 175, Inference Time: 2.0984 secs
Epoch: 175, Train Loss: 6.1242, Train RMSE: 13.0657, Train MAPE: 1.0573, Train WMAPE: 0.0342, 
Epoch: 175, Valid Loss: 10.6047, Valid RMSE: 39.9799, Valid MAPE: 3.9145, Valid WMAPE: 0.0609
No update
Iter: 000, Train Loss: 6.2469, Train RMSE: 13.1086, Train MAPE: 1.1973, Train WMAPE: 0.0347
Iter: 050, Train Loss: 6.2174, Train RMSE: 12.7457, Train MAPE: 0.8656, Train WMAPE: 0.0341
Epoch: 176, Training Time: 15.6153 secs
Epoch: 176, Inference Time: 1.9426 secs
Epoch: 176, Train Loss: 6.0873, Train RMSE: 12.9942, Train MAPE: 1.1412, Train WMAPE: 0.0340, 
Epoch: 176, Valid Loss: 10.4182, Valid RMSE: 39.6708, Valid MAPE: 2.8740, Valid WMAPE: 0.0598
No update
Iter: 000, Train Loss: 6.1086, Train RMSE: 12.9191, Train MAPE: 0.9508, Train WMAPE: 0.0339
Iter: 050, Train Loss: 6.1828, Train RMSE: 12.6467, Train MAPE: 1.1267, Train WMAPE: 0.0339
Epoch: 177, Training Time: 15.1994 secs
Epoch: 177, Inference Time: 1.8992 secs
Epoch: 177, Train Loss: 6.1296, Train RMSE: 13.0751, Train MAPE: 1.2571, Train WMAPE: 0.0343, 
Epoch: 177, Valid Loss: 10.5400, Valid RMSE: 39.6688, Valid MAPE: 3.8819, Valid WMAPE: 0.0605
No update
Iter: 000, Train Loss: 6.3956, Train RMSE: 13.3378, Train MAPE: 1.3057, Train WMAPE: 0.0355
Iter: 050, Train Loss: 7.2499, Train RMSE: 15.5423, Train MAPE: 1.2032, Train WMAPE: 0.0398
Epoch: 178, Training Time: 15.3356 secs
Epoch: 178, Inference Time: 1.9433 secs
Epoch: 178, Train Loss: 6.1721, Train RMSE: 13.1626, Train MAPE: 1.1781, Train WMAPE: 0.0345, 
Epoch: 178, Valid Loss: 10.4337, Valid RMSE: 39.8653, Valid MAPE: 2.6040, Valid WMAPE: 0.0599
No update
Iter: 000, Train Loss: 6.3479, Train RMSE: 13.3080, Train MAPE: 0.8386, Train WMAPE: 0.0352
Iter: 050, Train Loss: 6.2229, Train RMSE: 12.7090, Train MAPE: 0.7767, Train WMAPE: 0.0341
Epoch: 179, Training Time: 15.2861 secs
Epoch: 179, Inference Time: 1.9091 secs
Epoch: 179, Train Loss: 6.1556, Train RMSE: 13.2200, Train MAPE: 1.0525, Train WMAPE: 0.0344, 
Epoch: 179, Valid Loss: 10.5978, Valid RMSE: 39.9900, Valid MAPE: 2.6132, Valid WMAPE: 0.0609
No update
Iter: 000, Train Loss: 6.2552, Train RMSE: 13.3117, Train MAPE: 0.8164, Train WMAPE: 0.0347
Iter: 050, Train Loss: 6.1546, Train RMSE: 12.8060, Train MAPE: 0.7771, Train WMAPE: 0.0337
Epoch: 180, Training Time: 14.8794 secs
Epoch: 180, Inference Time: 2.0747 secs
Epoch: 180, Train Loss: 6.1377, Train RMSE: 13.1681, Train MAPE: 1.0854, Train WMAPE: 0.0343, 
Epoch: 180, Valid Loss: 10.4729, Valid RMSE: 39.5258, Valid MAPE: 2.7678, Valid WMAPE: 0.0601
No update
Iter: 000, Train Loss: 6.1410, Train RMSE: 13.0610, Train MAPE: 0.9538, Train WMAPE: 0.0341
Iter: 050, Train Loss: 6.3789, Train RMSE: 13.0147, Train MAPE: 0.6597, Train WMAPE: 0.0350
Epoch: 181, Training Time: 14.8584 secs
Epoch: 181, Inference Time: 1.8475 secs
Epoch: 181, Train Loss: 6.1370, Train RMSE: 13.1395, Train MAPE: 1.0651, Train WMAPE: 0.0343, 
Epoch: 181, Valid Loss: 10.6960, Valid RMSE: 39.7558, Valid MAPE: 3.6532, Valid WMAPE: 0.0614
No update
Iter: 000, Train Loss: 6.5098, Train RMSE: 13.5056, Train MAPE: 1.2456, Train WMAPE: 0.0361
Iter: 050, Train Loss: 6.1623, Train RMSE: 12.7626, Train MAPE: 0.6995, Train WMAPE: 0.0338
Epoch: 182, Training Time: 15.0751 secs
Epoch: 182, Inference Time: 1.9804 secs
Epoch: 182, Train Loss: 6.1021, Train RMSE: 13.0120, Train MAPE: 1.1633, Train WMAPE: 0.0341, 
Epoch: 182, Valid Loss: 10.4520, Valid RMSE: 39.6822, Valid MAPE: 2.9427, Valid WMAPE: 0.0600
No update
Iter: 000, Train Loss: 6.1494, Train RMSE: 12.9340, Train MAPE: 1.0435, Train WMAPE: 0.0341
Iter: 050, Train Loss: 6.0427, Train RMSE: 12.4983, Train MAPE: 0.6970, Train WMAPE: 0.0331
Epoch: 183, Training Time: 15.5279 secs
Epoch: 183, Inference Time: 2.0525 secs
Epoch: 183, Train Loss: 6.0599, Train RMSE: 12.9391, Train MAPE: 1.2099, Train WMAPE: 0.0339, 
Epoch: 183, Valid Loss: 10.4654, Valid RMSE: 39.6614, Valid MAPE: 3.5363, Valid WMAPE: 0.0601
No update
Iter: 000, Train Loss: 6.2235, Train RMSE: 13.1246, Train MAPE: 1.0723, Train WMAPE: 0.0346
Iter: 050, Train Loss: 6.1107, Train RMSE: 12.4018, Train MAPE: 1.1386, Train WMAPE: 0.0335
Epoch: 184, Training Time: 14.7914 secs
Epoch: 184, Inference Time: 2.0154 secs
Epoch: 184, Train Loss: 6.0466, Train RMSE: 12.8766, Train MAPE: 1.1767, Train WMAPE: 0.0338, 
Epoch: 184, Valid Loss: 10.6554, Valid RMSE: 39.8846, Valid MAPE: 3.9052, Valid WMAPE: 0.0612
No update
Iter: 000, Train Loss: 6.2730, Train RMSE: 12.8463, Train MAPE: 1.2302, Train WMAPE: 0.0348
Iter: 050, Train Loss: 6.1941, Train RMSE: 12.6080, Train MAPE: 0.6264, Train WMAPE: 0.0340
Epoch: 185, Training Time: 15.7722 secs
Epoch: 185, Inference Time: 1.9084 secs
Epoch: 185, Train Loss: 6.0498, Train RMSE: 12.8474, Train MAPE: 1.2245, Train WMAPE: 0.0338, 
Epoch: 185, Valid Loss: 10.4875, Valid RMSE: 39.6888, Valid MAPE: 3.1722, Valid WMAPE: 0.0602
No update
Iter: 000, Train Loss: 6.0147, Train RMSE: 12.7408, Train MAPE: 1.0222, Train WMAPE: 0.0334
Iter: 050, Train Loss: 6.2390, Train RMSE: 12.6272, Train MAPE: 0.9043, Train WMAPE: 0.0342
Epoch: 186, Training Time: 15.3064 secs
Epoch: 186, Inference Time: 2.0534 secs
Epoch: 186, Train Loss: 6.0261, Train RMSE: 12.8592, Train MAPE: 1.1367, Train WMAPE: 0.0337, 
Epoch: 186, Valid Loss: 10.4497, Valid RMSE: 39.4981, Valid MAPE: 2.2937, Valid WMAPE: 0.0600
No update
Iter: 000, Train Loss: 5.9821, Train RMSE: 12.7117, Train MAPE: 0.7763, Train WMAPE: 0.0332
Iter: 050, Train Loss: 6.2334, Train RMSE: 12.9439, Train MAPE: 0.9041, Train WMAPE: 0.0342
Epoch: 187, Training Time: 15.6292 secs
Epoch: 187, Inference Time: 1.8734 secs
Epoch: 187, Train Loss: 5.9867, Train RMSE: 12.7833, Train MAPE: 1.0822, Train WMAPE: 0.0335, 
Epoch: 187, Valid Loss: 10.6666, Valid RMSE: 39.7364, Valid MAPE: 4.0932, Valid WMAPE: 0.0612
No update
Iter: 000, Train Loss: 6.2743, Train RMSE: 12.9482, Train MAPE: 1.3944, Train WMAPE: 0.0348
Iter: 050, Train Loss: 6.0427, Train RMSE: 12.3706, Train MAPE: 0.8491, Train WMAPE: 0.0331
Epoch: 188, Training Time: 15.1723 secs
Epoch: 188, Inference Time: 1.8940 secs
Epoch: 188, Train Loss: 5.9838, Train RMSE: 12.7683, Train MAPE: 1.1229, Train WMAPE: 0.0335, 
Epoch: 188, Valid Loss: 10.6000, Valid RMSE: 39.8673, Valid MAPE: 4.1637, Valid WMAPE: 0.0609
No update
Iter: 000, Train Loss: 6.1924, Train RMSE: 12.9012, Train MAPE: 1.5745, Train WMAPE: 0.0344
Iter: 050, Train Loss: 6.0992, Train RMSE: 12.5272, Train MAPE: 1.1062, Train WMAPE: 0.0334
Epoch: 189, Training Time: 15.4172 secs
Epoch: 189, Inference Time: 2.0544 secs
Epoch: 189, Train Loss: 5.9965, Train RMSE: 12.7401, Train MAPE: 1.2273, Train WMAPE: 0.0335, 
Epoch: 189, Valid Loss: 10.5124, Valid RMSE: 39.7538, Valid MAPE: 3.0844, Valid WMAPE: 0.0604
No update
Iter: 000, Train Loss: 6.2717, Train RMSE: 13.0430, Train MAPE: 0.9646, Train WMAPE: 0.0348
Iter: 050, Train Loss: 6.0414, Train RMSE: 12.4778, Train MAPE: 0.7832, Train WMAPE: 0.0331
Epoch: 190, Training Time: 15.0000 secs
Epoch: 190, Inference Time: 1.8074 secs
Epoch: 190, Train Loss: 6.0222, Train RMSE: 12.8632, Train MAPE: 1.1013, Train WMAPE: 0.0337, 
Epoch: 190, Valid Loss: 10.5357, Valid RMSE: 39.5706, Valid MAPE: 3.6396, Valid WMAPE: 0.0605
No update
Iter: 000, Train Loss: 6.1865, Train RMSE: 12.8193, Train MAPE: 1.2129, Train WMAPE: 0.0343
Iter: 050, Train Loss: 6.1054, Train RMSE: 12.5316, Train MAPE: 1.0435, Train WMAPE: 0.0335
Epoch: 191, Training Time: 15.0779 secs
Epoch: 191, Inference Time: 1.9879 secs
Epoch: 191, Train Loss: 6.0276, Train RMSE: 12.8292, Train MAPE: 1.1464, Train WMAPE: 0.0337, 
Epoch: 191, Valid Loss: 10.5045, Valid RMSE: 39.8873, Valid MAPE: 2.2754, Valid WMAPE: 0.0603
No update
Iter: 000, Train Loss: 6.0333, Train RMSE: 12.8558, Train MAPE: 0.6990, Train WMAPE: 0.0335
Iter: 050, Train Loss: 6.0223, Train RMSE: 12.3740, Train MAPE: 0.5957, Train WMAPE: 0.0330
Epoch: 192, Training Time: 15.4988 secs
Epoch: 192, Inference Time: 1.9895 secs
Epoch: 192, Train Loss: 5.9856, Train RMSE: 12.8715, Train MAPE: 0.8818, Train WMAPE: 0.0335, 
Epoch: 192, Valid Loss: 10.4200, Valid RMSE: 39.5284, Valid MAPE: 2.5834, Valid WMAPE: 0.0598
No update
Iter: 000, Train Loss: 6.0008, Train RMSE: 12.8982, Train MAPE: 0.7578, Train WMAPE: 0.0333
Iter: 050, Train Loss: 6.1912, Train RMSE: 12.7056, Train MAPE: 0.8580, Train WMAPE: 0.0339
Epoch: 193, Training Time: 15.4188 secs
Epoch: 193, Inference Time: 1.8798 secs
Epoch: 193, Train Loss: 5.9882, Train RMSE: 12.8373, Train MAPE: 0.9867, Train WMAPE: 0.0335, 
Epoch: 193, Valid Loss: 10.5584, Valid RMSE: 39.5735, Valid MAPE: 2.0887, Valid WMAPE: 0.0606
No update
Iter: 000, Train Loss: 6.1814, Train RMSE: 13.0235, Train MAPE: 0.6144, Train WMAPE: 0.0343
Iter: 050, Train Loss: 6.2018, Train RMSE: 12.7762, Train MAPE: 1.0425, Train WMAPE: 0.0340
Epoch: 194, Training Time: 15.1013 secs
Epoch: 194, Inference Time: 1.8888 secs
Epoch: 194, Train Loss: 6.0895, Train RMSE: 13.0807, Train MAPE: 0.9866, Train WMAPE: 0.0340, 
Epoch: 194, Valid Loss: 10.6454, Valid RMSE: 39.6630, Valid MAPE: 2.3410, Valid WMAPE: 0.0611
No update
Iter: 000, Train Loss: 6.2530, Train RMSE: 13.1972, Train MAPE: 0.7189, Train WMAPE: 0.0347
Iter: 050, Train Loss: 5.9493, Train RMSE: 12.2045, Train MAPE: 0.7636, Train WMAPE: 0.0326
Epoch: 195, Training Time: 15.1768 secs
Epoch: 195, Inference Time: 1.8224 secs
Epoch: 195, Train Loss: 5.9815, Train RMSE: 12.8620, Train MAPE: 1.0137, Train WMAPE: 0.0334, 
Epoch: 195, Valid Loss: 10.6413, Valid RMSE: 39.7406, Valid MAPE: 3.3066, Valid WMAPE: 0.0611
No update
Iter: 000, Train Loss: 6.2757, Train RMSE: 13.2398, Train MAPE: 1.0564, Train WMAPE: 0.0348
Iter: 050, Train Loss: 6.2171, Train RMSE: 12.5544, Train MAPE: 0.8581, Train WMAPE: 0.0341
Epoch: 196, Training Time: 15.8716 secs
Epoch: 196, Inference Time: 1.9004 secs
Epoch: 196, Train Loss: 6.0476, Train RMSE: 13.0259, Train MAPE: 0.9816, Train WMAPE: 0.0338, 
Epoch: 196, Valid Loss: 10.6235, Valid RMSE: 39.7143, Valid MAPE: 2.6837, Valid WMAPE: 0.0610
No update
Iter: 000, Train Loss: 6.1786, Train RMSE: 13.0411, Train MAPE: 0.9352, Train WMAPE: 0.0343
Iter: 050, Train Loss: 6.5278, Train RMSE: 14.4445, Train MAPE: 0.7720, Train WMAPE: 0.0358
Epoch: 197, Training Time: 15.7223 secs
Epoch: 197, Inference Time: 1.8745 secs
Epoch: 197, Train Loss: 6.0294, Train RMSE: 12.8999, Train MAPE: 1.0294, Train WMAPE: 0.0337, 
Epoch: 197, Valid Loss: 10.4187, Valid RMSE: 39.3001, Valid MAPE: 2.2614, Valid WMAPE: 0.0598
No update
Iter: 000, Train Loss: 6.0600, Train RMSE: 12.9647, Train MAPE: 0.7040, Train WMAPE: 0.0336
Iter: 050, Train Loss: 6.1008, Train RMSE: 12.7887, Train MAPE: 0.6096, Train WMAPE: 0.0335
Epoch: 198, Training Time: 15.6683 secs
Epoch: 198, Inference Time: 1.8101 secs
Epoch: 198, Train Loss: 6.0805, Train RMSE: 13.0610, Train MAPE: 1.0012, Train WMAPE: 0.0340, 
Epoch: 198, Valid Loss: 10.5900, Valid RMSE: 39.7204, Valid MAPE: 2.9178, Valid WMAPE: 0.0608
No update
Iter: 000, Train Loss: 6.1298, Train RMSE: 13.1299, Train MAPE: 0.7952, Train WMAPE: 0.0340
Iter: 050, Train Loss: 6.0355, Train RMSE: 12.6306, Train MAPE: 0.6595, Train WMAPE: 0.0331
Epoch: 199, Training Time: 15.4996 secs
Epoch: 199, Inference Time: 2.0710 secs
Epoch: 199, Train Loss: 5.9853, Train RMSE: 12.8533, Train MAPE: 0.9325, Train WMAPE: 0.0335, 
Epoch: 199, Valid Loss: 10.6202, Valid RMSE: 39.6064, Valid MAPE: 2.6049, Valid WMAPE: 0.0610
No update
Iter: 000, Train Loss: 6.2772, Train RMSE: 13.2150, Train MAPE: 0.7111, Train WMAPE: 0.0348
Iter: 050, Train Loss: 6.0016, Train RMSE: 12.4310, Train MAPE: 0.7398, Train WMAPE: 0.0329
Epoch: 200, Training Time: 15.5825 secs
Epoch: 200, Inference Time: 1.8947 secs
Epoch: 200, Train Loss: 5.9164, Train RMSE: 12.6931, Train MAPE: 0.9530, Train WMAPE: 0.0331, 
Epoch: 200, Valid Loss: 10.5257, Valid RMSE: 39.8554, Valid MAPE: 2.5389, Valid WMAPE: 0.0604
No update
Iter: 000, Train Loss: 6.0694, Train RMSE: 12.7133, Train MAPE: 0.7930, Train WMAPE: 0.0337
Iter: 050, Train Loss: 5.8523, Train RMSE: 12.1379, Train MAPE: 0.4948, Train WMAPE: 0.0321
Epoch: 201, Training Time: 15.3367 secs
Epoch: 201, Inference Time: 1.9568 secs
Epoch: 201, Train Loss: 5.8936, Train RMSE: 12.6769, Train MAPE: 0.9647, Train WMAPE: 0.0330, 
Epoch: 201, Valid Loss: 10.4423, Valid RMSE: 39.5865, Valid MAPE: 2.7238, Valid WMAPE: 0.0600
No update
Iter: 000, Train Loss: 6.1943, Train RMSE: 13.0694, Train MAPE: 0.7806, Train WMAPE: 0.0344
Iter: 050, Train Loss: 5.9926, Train RMSE: 12.2825, Train MAPE: 0.5811, Train WMAPE: 0.0329
Epoch: 202, Training Time: 15.6719 secs
Epoch: 202, Inference Time: 1.9919 secs
Epoch: 202, Train Loss: 5.9426, Train RMSE: 12.7910, Train MAPE: 0.9475, Train WMAPE: 0.0332, 
Epoch: 202, Valid Loss: 10.6971, Valid RMSE: 40.0857, Valid MAPE: 2.6376, Valid WMAPE: 0.0614
No update
Iter: 000, Train Loss: 6.2901, Train RMSE: 13.3287, Train MAPE: 0.8980, Train WMAPE: 0.0349
Iter: 050, Train Loss: 6.0565, Train RMSE: 12.2997, Train MAPE: 1.1090, Train WMAPE: 0.0332
Epoch: 203, Training Time: 15.2845 secs
Epoch: 203, Inference Time: 1.9866 secs
Epoch: 203, Train Loss: 6.0316, Train RMSE: 12.9529, Train MAPE: 0.9836, Train WMAPE: 0.0337, 
Epoch: 203, Valid Loss: 10.4051, Valid RMSE: 39.5494, Valid MAPE: 2.3811, Valid WMAPE: 0.0597
No update
Iter: 000, Train Loss: 6.0025, Train RMSE: 12.8573, Train MAPE: 0.7955, Train WMAPE: 0.0333
Iter: 050, Train Loss: 5.9733, Train RMSE: 12.1563, Train MAPE: 0.7741, Train WMAPE: 0.0328
Epoch: 204, Training Time: 15.0224 secs
Epoch: 204, Inference Time: 1.8536 secs
Epoch: 204, Train Loss: 5.9099, Train RMSE: 12.7055, Train MAPE: 0.9573, Train WMAPE: 0.0330, 
Epoch: 204, Valid Loss: 10.3643, Valid RMSE: 39.6029, Valid MAPE: 2.2931, Valid WMAPE: 0.0595
###Update tasks appear###
Evaluate best model on test data for horizon 1, Test MAE: 8.9997, Test RMSE: 60.8020, Test MAPE: 6.1161, Test WMAPE: 0.0522
Evaluate best model on test data for horizon 2, Test MAE: 10.0958, Test RMSE: 56.0482, Test MAPE: 10.0856, Test WMAPE: 0.0586
Evaluate best model on test data for horizon 3, Test MAE: 9.9632, Test RMSE: 41.2079, Test MAPE: 12.7146, Test WMAPE: 0.0579
Evaluate best model on test data for horizon 4, Test MAE: 11.4220, Test RMSE: 47.5759, Test MAPE: 14.9610, Test WMAPE: 0.0664
Evaluate best model on test data for horizon 5, Test MAE: 13.0630, Test RMSE: 57.1404, Test MAPE: 16.1713, Test WMAPE: 0.0759
Evaluate best model on test data for horizon 6, Test MAE: 12.9893, Test RMSE: 47.2305, Test MAPE: 16.9389, Test WMAPE: 0.0755
Evaluate best model on test data for horizon 7, Test MAE: 13.9254, Test RMSE: 50.2540, Test MAPE: 17.0046, Test WMAPE: 0.0810
Evaluate best model on test data for horizon 8, Test MAE: 14.4215, Test RMSE: 50.5557, Test MAPE: 16.9122, Test WMAPE: 0.0839
Evaluate best model on test data for horizon 9, Test MAE: 14.8832, Test RMSE: 51.4648, Test MAPE: 17.2088, Test WMAPE: 0.0866
Evaluate best model on test data for horizon 10, Test MAE: 14.5803, Test RMSE: 44.8054, Test MAPE: 17.1697, Test WMAPE: 0.0848
Evaluate best model on test data for horizon 11, Test MAE: 15.4067, Test RMSE: 51.7153, Test MAPE: 17.2202, Test WMAPE: 0.0896
Evaluate best model on test data for horizon 12, Test MAE: 15.6278, Test RMSE: 52.6647, Test MAPE: 17.2341, Test WMAPE: 0.0909
On average over 12 horizons, Test MAE: 12.9482, Test RMSE: 50.9554, Test MAPE: 14.9781, Test WMAPE: 0.0753
No update
Iter: 000, Train Loss: 5.8623, Train RMSE: 12.5802, Train MAPE: 0.5922, Train WMAPE: 0.0325
Iter: 050, Train Loss: 6.0564, Train RMSE: 12.3716, Train MAPE: 0.9662, Train WMAPE: 0.0332
Epoch: 205, Training Time: 15.3992 secs
Epoch: 205, Inference Time: 1.8769 secs
Epoch: 205, Train Loss: 5.9154, Train RMSE: 12.5997, Train MAPE: 1.1293, Train WMAPE: 0.0331, 
Epoch: 205, Valid Loss: 10.6806, Valid RMSE: 39.8484, Valid MAPE: 5.2015, Valid WMAPE: 0.0613
No update
Iter: 000, Train Loss: 6.2810, Train RMSE: 12.8249, Train MAPE: 1.6359, Train WMAPE: 0.0349
Iter: 050, Train Loss: 5.8641, Train RMSE: 12.1242, Train MAPE: 0.8157, Train WMAPE: 0.0322
Epoch: 206, Training Time: 15.3617 secs
Epoch: 206, Inference Time: 1.9789 secs
Epoch: 206, Train Loss: 5.8817, Train RMSE: 12.5495, Train MAPE: 1.1432, Train WMAPE: 0.0329, 
Epoch: 206, Valid Loss: 10.3598, Valid RMSE: 39.8005, Valid MAPE: 2.5891, Valid WMAPE: 0.0595
###Update tasks appear###
Evaluate best model on test data for horizon 1, Test MAE: 8.9812, Test RMSE: 60.8021, Test MAPE: 6.2127, Test WMAPE: 0.0521
Evaluate best model on test data for horizon 2, Test MAE: 10.0315, Test RMSE: 56.0066, Test MAPE: 10.1663, Test WMAPE: 0.0582
Evaluate best model on test data for horizon 3, Test MAE: 9.9514, Test RMSE: 41.2431, Test MAPE: 12.7965, Test WMAPE: 0.0578
Evaluate best model on test data for horizon 4, Test MAE: 11.3846, Test RMSE: 47.5865, Test MAPE: 14.9693, Test WMAPE: 0.0661
Evaluate best model on test data for horizon 5, Test MAE: 12.9719, Test RMSE: 57.0805, Test MAPE: 16.2536, Test WMAPE: 0.0754
Evaluate best model on test data for horizon 6, Test MAE: 12.8972, Test RMSE: 47.2994, Test MAPE: 17.0197, Test WMAPE: 0.0750
Evaluate best model on test data for horizon 7, Test MAE: 13.7769, Test RMSE: 49.9143, Test MAPE: 16.9536, Test WMAPE: 0.0801
Evaluate best model on test data for horizon 8, Test MAE: 14.3655, Test RMSE: 50.4126, Test MAPE: 16.9587, Test WMAPE: 0.0835
Evaluate best model on test data for horizon 9, Test MAE: 14.8114, Test RMSE: 51.3138, Test MAPE: 17.2517, Test WMAPE: 0.0861
Evaluate best model on test data for horizon 10, Test MAE: 14.5095, Test RMSE: 44.5606, Test MAPE: 17.2013, Test WMAPE: 0.0844
Evaluate best model on test data for horizon 11, Test MAE: 15.4483, Test RMSE: 51.7696, Test MAPE: 17.3692, Test WMAPE: 0.0899
Evaluate best model on test data for horizon 12, Test MAE: 15.7590, Test RMSE: 52.6660, Test MAPE: 17.3523, Test WMAPE: 0.0917
On average over 12 horizons, Test MAE: 12.9074, Test RMSE: 50.8879, Test MAPE: 15.0421, Test WMAPE: 0.0750
No update
Iter: 000, Train Loss: 5.9879, Train RMSE: 12.7366, Train MAPE: 0.7259, Train WMAPE: 0.0332
Iter: 050, Train Loss: 5.8747, Train RMSE: 12.1988, Train MAPE: 0.6221, Train WMAPE: 0.0322
Epoch: 207, Training Time: 15.4074 secs
Epoch: 207, Inference Time: 1.9861 secs
Epoch: 207, Train Loss: 5.8514, Train RMSE: 12.4986, Train MAPE: 1.1410, Train WMAPE: 0.0327, 
Epoch: 207, Valid Loss: 10.4536, Valid RMSE: 39.8284, Valid MAPE: 3.3638, Valid WMAPE: 0.0600
No update
Iter: 000, Train Loss: 5.9866, Train RMSE: 12.6044, Train MAPE: 1.0709, Train WMAPE: 0.0332
Iter: 050, Train Loss: 5.9826, Train RMSE: 12.1047, Train MAPE: 0.9181, Train WMAPE: 0.0328
Epoch: 208, Training Time: 15.5710 secs
Epoch: 208, Inference Time: 1.8861 secs
Epoch: 208, Train Loss: 5.8488, Train RMSE: 12.5074, Train MAPE: 1.0889, Train WMAPE: 0.0327, 
Epoch: 208, Valid Loss: 10.5702, Valid RMSE: 39.7814, Valid MAPE: 4.2051, Valid WMAPE: 0.0607
No update
Iter: 000, Train Loss: 6.1205, Train RMSE: 12.5997, Train MAPE: 1.4605, Train WMAPE: 0.0340
Iter: 050, Train Loss: 5.8598, Train RMSE: 12.1404, Train MAPE: 0.5892, Train WMAPE: 0.0321
Epoch: 209, Training Time: 15.4987 secs
Epoch: 209, Inference Time: 2.0978 secs
Epoch: 209, Train Loss: 5.8836, Train RMSE: 12.5214, Train MAPE: 1.1449, Train WMAPE: 0.0329, 
Epoch: 209, Valid Loss: 10.3438, Valid RMSE: 39.8533, Valid MAPE: 2.3598, Valid WMAPE: 0.0594
###Update tasks appear###
Evaluate best model on test data for horizon 1, Test MAE: 8.9908, Test RMSE: 60.7486, Test MAPE: 6.2495, Test WMAPE: 0.0522
Evaluate best model on test data for horizon 2, Test MAE: 10.0720, Test RMSE: 55.9694, Test MAPE: 10.2015, Test WMAPE: 0.0585
Evaluate best model on test data for horizon 3, Test MAE: 9.9938, Test RMSE: 41.3745, Test MAPE: 12.7765, Test WMAPE: 0.0580
Evaluate best model on test data for horizon 4, Test MAE: 11.3973, Test RMSE: 47.5230, Test MAPE: 14.7757, Test WMAPE: 0.0662
Evaluate best model on test data for horizon 5, Test MAE: 13.0714, Test RMSE: 57.3575, Test MAPE: 16.1049, Test WMAPE: 0.0760
Evaluate best model on test data for horizon 6, Test MAE: 13.0106, Test RMSE: 47.6449, Test MAPE: 16.8309, Test WMAPE: 0.0756
Evaluate best model on test data for horizon 7, Test MAE: 13.9087, Test RMSE: 50.2610, Test MAPE: 16.8768, Test WMAPE: 0.0809
Evaluate best model on test data for horizon 8, Test MAE: 14.5311, Test RMSE: 50.8917, Test MAPE: 16.9570, Test WMAPE: 0.0845
Evaluate best model on test data for horizon 9, Test MAE: 14.9391, Test RMSE: 51.7708, Test MAPE: 17.2282, Test WMAPE: 0.0869
Evaluate best model on test data for horizon 10, Test MAE: 14.6319, Test RMSE: 45.0847, Test MAPE: 17.1100, Test WMAPE: 0.0851
Evaluate best model on test data for horizon 11, Test MAE: 15.5206, Test RMSE: 52.0508, Test MAPE: 17.1731, Test WMAPE: 0.0903
Evaluate best model on test data for horizon 12, Test MAE: 15.7560, Test RMSE: 53.0028, Test MAPE: 17.1709, Test WMAPE: 0.0917
On average over 12 horizons, Test MAE: 12.9853, Test RMSE: 51.1400, Test MAPE: 14.9546, Test WMAPE: 0.0755
No update
Iter: 000, Train Loss: 5.8580, Train RMSE: 12.5299, Train MAPE: 0.6744, Train WMAPE: 0.0325
Iter: 050, Train Loss: 5.9475, Train RMSE: 12.2911, Train MAPE: 1.1224, Train WMAPE: 0.0326
Epoch: 210, Training Time: 15.2022 secs
Epoch: 210, Inference Time: 1.8747 secs
Epoch: 210, Train Loss: 5.8520, Train RMSE: 12.4970, Train MAPE: 1.1159, Train WMAPE: 0.0327, 
Epoch: 210, Valid Loss: 10.3636, Valid RMSE: 39.9657, Valid MAPE: 2.2871, Valid WMAPE: 0.0595
###Update tasks appear###
Evaluate best model on test data for horizon 1, Test MAE: 9.0077, Test RMSE: 60.7432, Test MAPE: 6.1707, Test WMAPE: 0.0523
Evaluate best model on test data for horizon 2, Test MAE: 10.0636, Test RMSE: 55.9903, Test MAPE: 10.1732, Test WMAPE: 0.0584
Evaluate best model on test data for horizon 3, Test MAE: 9.9879, Test RMSE: 41.3590, Test MAPE: 12.8287, Test WMAPE: 0.0580
Evaluate best model on test data for horizon 4, Test MAE: 11.3724, Test RMSE: 47.6998, Test MAPE: 14.8504, Test WMAPE: 0.0661
Evaluate best model on test data for horizon 5, Test MAE: 13.0341, Test RMSE: 57.4293, Test MAPE: 16.2143, Test WMAPE: 0.0757
Evaluate best model on test data for horizon 6, Test MAE: 12.9676, Test RMSE: 47.7490, Test MAPE: 16.8938, Test WMAPE: 0.0754
Evaluate best model on test data for horizon 7, Test MAE: 13.8687, Test RMSE: 50.3946, Test MAPE: 16.9925, Test WMAPE: 0.0806
Evaluate best model on test data for horizon 8, Test MAE: 14.4465, Test RMSE: 50.9123, Test MAPE: 16.9860, Test WMAPE: 0.0840
Evaluate best model on test data for horizon 9, Test MAE: 14.8865, Test RMSE: 51.7900, Test MAPE: 17.2153, Test WMAPE: 0.0866
Evaluate best model on test data for horizon 10, Test MAE: 14.5594, Test RMSE: 45.1389, Test MAPE: 17.1758, Test WMAPE: 0.0847
Evaluate best model on test data for horizon 11, Test MAE: 15.4609, Test RMSE: 52.1929, Test MAPE: 17.3306, Test WMAPE: 0.0899
Evaluate best model on test data for horizon 12, Test MAE: 15.7348, Test RMSE: 53.0943, Test MAPE: 17.3569, Test WMAPE: 0.0915
On average over 12 horizons, Test MAE: 12.9492, Test RMSE: 51.2078, Test MAPE: 15.0157, Test WMAPE: 0.0753
No update
Iter: 000, Train Loss: 5.8362, Train RMSE: 12.4583, Train MAPE: 0.7106, Train WMAPE: 0.0324
Iter: 050, Train Loss: 5.9674, Train RMSE: 12.2611, Train MAPE: 0.7327, Train WMAPE: 0.0327
Epoch: 211, Training Time: 15.2997 secs
Epoch: 211, Inference Time: 1.8925 secs
Epoch: 211, Train Loss: 5.8676, Train RMSE: 12.5152, Train MAPE: 1.1670, Train WMAPE: 0.0328, 
Epoch: 211, Valid Loss: 10.5031, Valid RMSE: 39.9556, Valid MAPE: 3.1288, Valid WMAPE: 0.0603
No update
Iter: 000, Train Loss: 5.9800, Train RMSE: 12.5829, Train MAPE: 0.9828, Train WMAPE: 0.0332
Iter: 050, Train Loss: 5.8663, Train RMSE: 12.1443, Train MAPE: 0.6856, Train WMAPE: 0.0322
Epoch: 212, Training Time: 15.2345 secs
Epoch: 212, Inference Time: 1.8760 secs
Epoch: 212, Train Loss: 5.8871, Train RMSE: 12.5923, Train MAPE: 1.0223, Train WMAPE: 0.0329, 
Epoch: 212, Valid Loss: 10.6025, Valid RMSE: 40.0890, Valid MAPE: 2.6151, Valid WMAPE: 0.0609
No update
Iter: 000, Train Loss: 6.1894, Train RMSE: 13.0634, Train MAPE: 0.6706, Train WMAPE: 0.0344
Iter: 050, Train Loss: 5.9185, Train RMSE: 12.3065, Train MAPE: 0.5748, Train WMAPE: 0.0325
Epoch: 213, Training Time: 15.2930 secs
Epoch: 213, Inference Time: 1.9700 secs
Epoch: 213, Train Loss: 5.9526, Train RMSE: 12.8338, Train MAPE: 0.9447, Train WMAPE: 0.0333, 
Epoch: 213, Valid Loss: 10.5828, Valid RMSE: 39.7328, Valid MAPE: 2.9246, Valid WMAPE: 0.0608
No update
Iter: 000, Train Loss: 6.4696, Train RMSE: 14.3222, Train MAPE: 0.9150, Train WMAPE: 0.0359
Iter: 050, Train Loss: 6.1674, Train RMSE: 12.4793, Train MAPE: 0.6427, Train WMAPE: 0.0338
Epoch: 214, Training Time: 14.9244 secs
Epoch: 214, Inference Time: 1.8701 secs
Epoch: 214, Train Loss: 6.0996, Train RMSE: 13.1206, Train MAPE: 1.0593, Train WMAPE: 0.0341, 
Epoch: 214, Valid Loss: 10.4269, Valid RMSE: 39.5059, Valid MAPE: 3.1270, Valid WMAPE: 0.0599
No update
Iter: 000, Train Loss: 6.0925, Train RMSE: 12.9223, Train MAPE: 0.9790, Train WMAPE: 0.0338
Iter: 050, Train Loss: 5.9536, Train RMSE: 12.2826, Train MAPE: 0.5813, Train WMAPE: 0.0326
Epoch: 215, Training Time: 14.9101 secs
Epoch: 215, Inference Time: 2.0708 secs
Epoch: 215, Train Loss: 5.8920, Train RMSE: 12.6699, Train MAPE: 0.9406, Train WMAPE: 0.0329, 
Epoch: 215, Valid Loss: 10.3583, Valid RMSE: 39.7823, Valid MAPE: 2.3009, Valid WMAPE: 0.0595
###Update tasks appear###
Evaluate best model on test data for horizon 1, Test MAE: 8.9968, Test RMSE: 60.4231, Test MAPE: 6.2233, Test WMAPE: 0.0522
Evaluate best model on test data for horizon 2, Test MAE: 10.0628, Test RMSE: 56.2916, Test MAPE: 10.2255, Test WMAPE: 0.0584
Evaluate best model on test data for horizon 3, Test MAE: 9.9490, Test RMSE: 41.2449, Test MAPE: 12.8587, Test WMAPE: 0.0578
Evaluate best model on test data for horizon 4, Test MAE: 11.3987, Test RMSE: 47.7237, Test MAPE: 15.0476, Test WMAPE: 0.0662
Evaluate best model on test data for horizon 5, Test MAE: 12.9735, Test RMSE: 57.0958, Test MAPE: 16.2011, Test WMAPE: 0.0754
Evaluate best model on test data for horizon 6, Test MAE: 12.9119, Test RMSE: 47.6137, Test MAPE: 17.0062, Test WMAPE: 0.0750
Evaluate best model on test data for horizon 7, Test MAE: 13.8058, Test RMSE: 50.1532, Test MAPE: 16.8897, Test WMAPE: 0.0803
Evaluate best model on test data for horizon 8, Test MAE: 14.4277, Test RMSE: 50.8450, Test MAPE: 16.9098, Test WMAPE: 0.0839
Evaluate best model on test data for horizon 9, Test MAE: 14.8134, Test RMSE: 51.4534, Test MAPE: 17.3312, Test WMAPE: 0.0862
Evaluate best model on test data for horizon 10, Test MAE: 14.5075, Test RMSE: 44.8794, Test MAPE: 17.6913, Test WMAPE: 0.0844
Evaluate best model on test data for horizon 11, Test MAE: 15.3444, Test RMSE: 51.6748, Test MAPE: 17.4739, Test WMAPE: 0.0893
Evaluate best model on test data for horizon 12, Test MAE: 15.5841, Test RMSE: 52.4521, Test MAPE: 17.4185, Test WMAPE: 0.0907
On average over 12 horizons, Test MAE: 12.8980, Test RMSE: 50.9876, Test MAPE: 15.1064, Test WMAPE: 0.0750
No update
Iter: 000, Train Loss: 5.8771, Train RMSE: 12.4931, Train MAPE: 0.7021, Train WMAPE: 0.0326
Iter: 050, Train Loss: 5.9500, Train RMSE: 12.2782, Train MAPE: 0.6552, Train WMAPE: 0.0326
Epoch: 216, Training Time: 15.3942 secs
Epoch: 216, Inference Time: 2.0626 secs
Epoch: 216, Train Loss: 5.8549, Train RMSE: 12.5621, Train MAPE: 0.9416, Train WMAPE: 0.0327, 
Epoch: 216, Valid Loss: 10.4105, Valid RMSE: 39.7190, Valid MAPE: 2.5831, Valid WMAPE: 0.0598
No update
Iter: 000, Train Loss: 5.9169, Train RMSE: 12.7626, Train MAPE: 0.7932, Train WMAPE: 0.0328
Iter: 050, Train Loss: 5.8555, Train RMSE: 12.0908, Train MAPE: 0.6682, Train WMAPE: 0.0321
Epoch: 217, Training Time: 15.2809 secs
Epoch: 217, Inference Time: 2.1962 secs
Epoch: 217, Train Loss: 5.8182, Train RMSE: 12.5444, Train MAPE: 0.9098, Train WMAPE: 0.0325, 
Epoch: 217, Valid Loss: 10.4165, Valid RMSE: 39.6210, Valid MAPE: 2.7690, Valid WMAPE: 0.0598
No update
Iter: 000, Train Loss: 5.9717, Train RMSE: 12.7747, Train MAPE: 0.7673, Train WMAPE: 0.0332
Iter: 050, Train Loss: 5.8873, Train RMSE: 12.0790, Train MAPE: 1.0174, Train WMAPE: 0.0323
Epoch: 218, Training Time: 15.8856 secs
Epoch: 218, Inference Time: 1.9016 secs
Epoch: 218, Train Loss: 5.8068, Train RMSE: 12.4602, Train MAPE: 1.0120, Train WMAPE: 0.0325, 
Epoch: 218, Valid Loss: 10.3866, Valid RMSE: 39.7925, Valid MAPE: 2.6288, Valid WMAPE: 0.0596
###Update tasks appear###
Evaluate best model on test data for horizon 1, Test MAE: 9.0462, Test RMSE: 60.5540, Test MAPE: 6.3475, Test WMAPE: 0.0525
Evaluate best model on test data for horizon 2, Test MAE: 10.1806, Test RMSE: 55.9745, Test MAPE: 10.3970, Test WMAPE: 0.0591
Evaluate best model on test data for horizon 3, Test MAE: 10.1150, Test RMSE: 41.4985, Test MAPE: 12.8879, Test WMAPE: 0.0587
Evaluate best model on test data for horizon 4, Test MAE: 11.4551, Test RMSE: 47.6303, Test MAPE: 14.9361, Test WMAPE: 0.0666
Evaluate best model on test data for horizon 5, Test MAE: 13.1740, Test RMSE: 57.5733, Test MAPE: 16.2733, Test WMAPE: 0.0766
Evaluate best model on test data for horizon 6, Test MAE: 12.9641, Test RMSE: 47.6343, Test MAPE: 16.8210, Test WMAPE: 0.0754
Evaluate best model on test data for horizon 7, Test MAE: 13.8788, Test RMSE: 50.5226, Test MAPE: 16.8981, Test WMAPE: 0.0807
Evaluate best model on test data for horizon 8, Test MAE: 14.4543, Test RMSE: 50.8440, Test MAPE: 16.8898, Test WMAPE: 0.0841
Evaluate best model on test data for horizon 9, Test MAE: 14.8975, Test RMSE: 51.6323, Test MAPE: 17.1440, Test WMAPE: 0.0866
Evaluate best model on test data for horizon 10, Test MAE: 14.5539, Test RMSE: 44.9551, Test MAPE: 17.1388, Test WMAPE: 0.0847
Evaluate best model on test data for horizon 11, Test MAE: 15.3839, Test RMSE: 51.8350, Test MAPE: 17.2246, Test WMAPE: 0.0895
Evaluate best model on test data for horizon 12, Test MAE: 15.6044, Test RMSE: 52.4477, Test MAPE: 17.2708, Test WMAPE: 0.0908
On average over 12 horizons, Test MAE: 12.9757, Test RMSE: 51.0918, Test MAPE: 15.0191, Test WMAPE: 0.0754
No update
Iter: 000, Train Loss: 5.9382, Train RMSE: 12.5814, Train MAPE: 0.6921, Train WMAPE: 0.0330
Iter: 050, Train Loss: 5.8309, Train RMSE: 12.1814, Train MAPE: 0.5709, Train WMAPE: 0.0320
Epoch: 219, Training Time: 15.2094 secs
Epoch: 219, Inference Time: 1.9102 secs
Epoch: 219, Train Loss: 5.8287, Train RMSE: 12.4526, Train MAPE: 1.0920, Train WMAPE: 0.0326, 
Epoch: 219, Valid Loss: 10.4438, Valid RMSE: 39.9320, Valid MAPE: 3.1259, Valid WMAPE: 0.0600
No update
Iter: 000, Train Loss: 6.0196, Train RMSE: 12.5780, Train MAPE: 1.0069, Train WMAPE: 0.0334
Iter: 050, Train Loss: 5.9648, Train RMSE: 12.1013, Train MAPE: 0.9102, Train WMAPE: 0.0327
Epoch: 220, Training Time: 14.6759 secs
Epoch: 220, Inference Time: 2.0776 secs
Epoch: 220, Train Loss: 5.8136, Train RMSE: 12.4045, Train MAPE: 1.0630, Train WMAPE: 0.0325, 
Epoch: 220, Valid Loss: 10.5958, Valid RMSE: 39.9397, Valid MAPE: 4.1314, Valid WMAPE: 0.0608
No update
Iter: 000, Train Loss: 6.1538, Train RMSE: 12.6884, Train MAPE: 1.4545, Train WMAPE: 0.0342
Iter: 050, Train Loss: 5.8381, Train RMSE: 12.0203, Train MAPE: 0.5299, Train WMAPE: 0.0320
Epoch: 221, Training Time: 15.1992 secs
Epoch: 221, Inference Time: 1.9006 secs
Epoch: 221, Train Loss: 5.8840, Train RMSE: 12.4895, Train MAPE: 1.0675, Train WMAPE: 0.0329, 
Epoch: 221, Valid Loss: 10.4187, Valid RMSE: 39.8040, Valid MAPE: 3.3575, Valid WMAPE: 0.0598
No update
Iter: 000, Train Loss: 5.8889, Train RMSE: 12.6055, Train MAPE: 1.1438, Train WMAPE: 0.0327
Iter: 050, Train Loss: 5.7796, Train RMSE: 12.0010, Train MAPE: 0.7594, Train WMAPE: 0.0317
Epoch: 222, Training Time: 14.9451 secs
Epoch: 222, Inference Time: 1.9180 secs
Epoch: 222, Train Loss: 5.8279, Train RMSE: 12.4178, Train MAPE: 1.1518, Train WMAPE: 0.0326, 
Epoch: 222, Valid Loss: 10.5658, Valid RMSE: 39.8042, Valid MAPE: 4.1618, Valid WMAPE: 0.0607
No update
Iter: 000, Train Loss: 6.0633, Train RMSE: 12.7492, Train MAPE: 1.3348, Train WMAPE: 0.0337
Iter: 050, Train Loss: 5.8343, Train RMSE: 12.0724, Train MAPE: 0.6818, Train WMAPE: 0.0320
Epoch: 223, Training Time: 15.3189 secs
Epoch: 223, Inference Time: 1.8758 secs
Epoch: 223, Train Loss: 5.8182, Train RMSE: 12.4088, Train MAPE: 1.1071, Train WMAPE: 0.0325, 
Epoch: 223, Valid Loss: 10.7442, Valid RMSE: 39.6180, Valid MAPE: 6.2785, Valid WMAPE: 0.0617
No update
Iter: 000, Train Loss: 6.4289, Train RMSE: 12.8262, Train MAPE: 2.2069, Train WMAPE: 0.0357
Iter: 050, Train Loss: 5.9425, Train RMSE: 12.0348, Train MAPE: 0.9831, Train WMAPE: 0.0326
Epoch: 224, Training Time: 15.7842 secs
Epoch: 224, Inference Time: 2.0901 secs
Epoch: 224, Train Loss: 5.7975, Train RMSE: 12.3715, Train MAPE: 1.1440, Train WMAPE: 0.0324, 
Epoch: 224, Valid Loss: 10.5777, Valid RMSE: 39.8601, Valid MAPE: 4.8324, Valid WMAPE: 0.0607
No update
Iter: 000, Train Loss: 5.9843, Train RMSE: 12.4736, Train MAPE: 1.6851, Train WMAPE: 0.0332
Iter: 050, Train Loss: 5.7426, Train RMSE: 11.8641, Train MAPE: 0.6330, Train WMAPE: 0.0315
Epoch: 225, Training Time: 14.8846 secs
Epoch: 225, Inference Time: 1.8861 secs
Epoch: 225, Train Loss: 5.7991, Train RMSE: 12.3831, Train MAPE: 1.0657, Train WMAPE: 0.0324, 
Epoch: 225, Valid Loss: 10.4448, Valid RMSE: 39.9924, Valid MAPE: 3.2660, Valid WMAPE: 0.0600
No update
Iter: 000, Train Loss: 5.9361, Train RMSE: 12.5387, Train MAPE: 1.1036, Train WMAPE: 0.0330
Iter: 050, Train Loss: 5.8374, Train RMSE: 11.9143, Train MAPE: 0.6428, Train WMAPE: 0.0320
Epoch: 226, Training Time: 15.3972 secs
Epoch: 226, Inference Time: 1.8782 secs
Epoch: 226, Train Loss: 5.7826, Train RMSE: 12.3590, Train MAPE: 1.0511, Train WMAPE: 0.0323, 
Epoch: 226, Valid Loss: 10.4135, Valid RMSE: 39.7716, Valid MAPE: 3.0176, Valid WMAPE: 0.0598
No update
Iter: 000, Train Loss: 5.8970, Train RMSE: 12.3877, Train MAPE: 1.0502, Train WMAPE: 0.0327
Iter: 050, Train Loss: 5.8245, Train RMSE: 12.0607, Train MAPE: 0.6330, Train WMAPE: 0.0319
Epoch: 227, Training Time: 15.4961 secs
Epoch: 227, Inference Time: 1.8007 secs
Epoch: 227, Train Loss: 5.8006, Train RMSE: 12.4279, Train MAPE: 0.9901, Train WMAPE: 0.0324, 
Epoch: 227, Valid Loss: 10.4725, Valid RMSE: 39.8340, Valid MAPE: 2.4568, Valid WMAPE: 0.0601
No update
Iter: 000, Train Loss: 5.8911, Train RMSE: 12.5150, Train MAPE: 0.6159, Train WMAPE: 0.0327
Iter: 050, Train Loss: 6.3962, Train RMSE: 13.2283, Train MAPE: 1.0258, Train WMAPE: 0.0351
Epoch: 228, Training Time: 15.1119 secs
Epoch: 228, Inference Time: 1.9643 secs
Epoch: 228, Train Loss: 5.9084, Train RMSE: 12.6413, Train MAPE: 1.0749, Train WMAPE: 0.0330, 
Epoch: 228, Valid Loss: 10.4464, Valid RMSE: 39.6723, Valid MAPE: 2.7129, Valid WMAPE: 0.0600
No update
Iter: 000, Train Loss: 5.8897, Train RMSE: 12.5202, Train MAPE: 0.9094, Train WMAPE: 0.0327
Iter: 050, Train Loss: 5.8421, Train RMSE: 12.1390, Train MAPE: 0.5610, Train WMAPE: 0.0320
Epoch: 229, Training Time: 15.3908 secs
Epoch: 229, Inference Time: 2.1036 secs
Epoch: 229, Train Loss: 5.8255, Train RMSE: 12.5049, Train MAPE: 0.9451, Train WMAPE: 0.0326, 
Epoch: 229, Valid Loss: 10.5259, Valid RMSE: 39.9740, Valid MAPE: 2.9736, Valid WMAPE: 0.0604
No update
Iter: 000, Train Loss: 5.9058, Train RMSE: 12.5652, Train MAPE: 0.8663, Train WMAPE: 0.0328
Iter: 050, Train Loss: 5.8303, Train RMSE: 11.9296, Train MAPE: 0.4781, Train WMAPE: 0.0320
Epoch: 230, Training Time: 15.4757 secs
Epoch: 230, Inference Time: 1.9025 secs
Epoch: 230, Train Loss: 5.8200, Train RMSE: 12.5137, Train MAPE: 0.8743, Train WMAPE: 0.0325, 
Epoch: 230, Valid Loss: 10.5737, Valid RMSE: 39.9238, Valid MAPE: 3.0758, Valid WMAPE: 0.0607
No update
Iter: 000, Train Loss: 5.9691, Train RMSE: 12.5544, Train MAPE: 0.9600, Train WMAPE: 0.0331
Iter: 050, Train Loss: 5.7521, Train RMSE: 11.8517, Train MAPE: 0.5955, Train WMAPE: 0.0315
Epoch: 231, Training Time: 15.2051 secs
Epoch: 231, Inference Time: 1.9645 secs
Epoch: 231, Train Loss: 5.7811, Train RMSE: 12.4296, Train MAPE: 0.9382, Train WMAPE: 0.0323, 
Epoch: 231, Valid Loss: 10.4595, Valid RMSE: 39.7975, Valid MAPE: 3.3795, Valid WMAPE: 0.0601
No update
Iter: 000, Train Loss: 6.0170, Train RMSE: 12.6264, Train MAPE: 1.0738, Train WMAPE: 0.0334
Iter: 050, Train Loss: 5.7851, Train RMSE: 11.8400, Train MAPE: 0.7390, Train WMAPE: 0.0317
Epoch: 232, Training Time: 15.4115 secs
Epoch: 232, Inference Time: 2.0641 secs
Epoch: 232, Train Loss: 5.7448, Train RMSE: 12.3720, Train MAPE: 0.8993, Train WMAPE: 0.0321, 
Epoch: 232, Valid Loss: 10.4184, Valid RMSE: 39.8478, Valid MAPE: 2.7794, Valid WMAPE: 0.0598
No update
Iter: 000, Train Loss: 5.9745, Train RMSE: 12.5817, Train MAPE: 0.8017, Train WMAPE: 0.0332
Iter: 050, Train Loss: 5.7970, Train RMSE: 11.8206, Train MAPE: 0.5893, Train WMAPE: 0.0318
Epoch: 233, Training Time: 15.0486 secs
Epoch: 233, Inference Time: 1.8359 secs
Epoch: 233, Train Loss: 5.7417, Train RMSE: 12.3646, Train MAPE: 0.8461, Train WMAPE: 0.0321, 
Epoch: 233, Valid Loss: 10.2926, Valid RMSE: 39.8252, Valid MAPE: 2.2104, Valid WMAPE: 0.0591
###Update tasks appear###
Evaluate best model on test data for horizon 1, Test MAE: 8.9489, Test RMSE: 60.2130, Test MAPE: 6.2799, Test WMAPE: 0.0519
Evaluate best model on test data for horizon 2, Test MAE: 10.0220, Test RMSE: 56.1450, Test MAPE: 10.1500, Test WMAPE: 0.0582
Evaluate best model on test data for horizon 3, Test MAE: 9.8983, Test RMSE: 41.0425, Test MAPE: 12.6724, Test WMAPE: 0.0575
Evaluate best model on test data for horizon 4, Test MAE: 11.2929, Test RMSE: 47.0968, Test MAPE: 14.6969, Test WMAPE: 0.0656
Evaluate best model on test data for horizon 5, Test MAE: 12.9384, Test RMSE: 57.4665, Test MAPE: 15.9474, Test WMAPE: 0.0752
Evaluate best model on test data for horizon 6, Test MAE: 12.8316, Test RMSE: 47.4485, Test MAPE: 16.9183, Test WMAPE: 0.0746
Evaluate best model on test data for horizon 7, Test MAE: 13.7234, Test RMSE: 49.9604, Test MAPE: 16.9882, Test WMAPE: 0.0798
Evaluate best model on test data for horizon 8, Test MAE: 14.3165, Test RMSE: 50.4742, Test MAPE: 16.7868, Test WMAPE: 0.0833
Evaluate best model on test data for horizon 9, Test MAE: 14.7808, Test RMSE: 51.4033, Test MAPE: 17.3489, Test WMAPE: 0.0860
Evaluate best model on test data for horizon 10, Test MAE: 14.3435, Test RMSE: 44.5101, Test MAPE: 17.0126, Test WMAPE: 0.0834
Evaluate best model on test data for horizon 11, Test MAE: 15.2751, Test RMSE: 51.5951, Test MAPE: 17.0353, Test WMAPE: 0.0889
Evaluate best model on test data for horizon 12, Test MAE: 15.5389, Test RMSE: 52.3890, Test MAPE: 17.4601, Test WMAPE: 0.0904
On average over 12 horizons, Test MAE: 12.8259, Test RMSE: 50.8120, Test MAPE: 14.9414, Test WMAPE: 0.0746
Test low! Updating! Test Loss: 12.825851917266846, Test low! Updating! Valid Loss: 10.292637518474034, epoch:  233
Iter: 000, Train Loss: 5.8053, Train RMSE: 12.4655, Train MAPE: 0.7074, Train WMAPE: 0.0322
Iter: 050, Train Loss: 5.7705, Train RMSE: 11.9999, Train MAPE: 0.5350, Train WMAPE: 0.0316
Epoch: 234, Training Time: 15.2736 secs
Epoch: 234, Inference Time: 1.9554 secs
Epoch: 234, Train Loss: 5.7359, Train RMSE: 12.3740, Train MAPE: 0.8635, Train WMAPE: 0.0321, 
Epoch: 234, Valid Loss: 10.3129, Valid RMSE: 39.6336, Valid MAPE: 2.3247, Valid WMAPE: 0.0592
No update
Iter: 000, Train Loss: 5.8356, Train RMSE: 12.5164, Train MAPE: 0.7752, Train WMAPE: 0.0324
Iter: 050, Train Loss: 5.8109, Train RMSE: 11.7398, Train MAPE: 0.7702, Train WMAPE: 0.0319
Epoch: 235, Training Time: 15.1881 secs
Epoch: 235, Inference Time: 1.8922 secs
Epoch: 235, Train Loss: 5.7943, Train RMSE: 12.5227, Train MAPE: 0.8669, Train WMAPE: 0.0324, 
Epoch: 235, Valid Loss: 10.4841, Valid RMSE: 39.7568, Valid MAPE: 3.0078, Valid WMAPE: 0.0602
No update
Iter: 000, Train Loss: 5.9882, Train RMSE: 12.6953, Train MAPE: 0.9495, Train WMAPE: 0.0332
Iter: 050, Train Loss: 5.7894, Train RMSE: 12.0036, Train MAPE: 0.5723, Train WMAPE: 0.0317
Epoch: 236, Training Time: 15.0185 secs
Epoch: 236, Inference Time: 1.9586 secs
Epoch: 236, Train Loss: 5.7481, Train RMSE: 12.3733, Train MAPE: 0.8688, Train WMAPE: 0.0321, 
Epoch: 236, Valid Loss: 10.4656, Valid RMSE: 39.7636, Valid MAPE: 2.4516, Valid WMAPE: 0.0601
No update
Iter: 000, Train Loss: 5.8776, Train RMSE: 12.5373, Train MAPE: 0.7066, Train WMAPE: 0.0326
Iter: 050, Train Loss: 5.8048, Train RMSE: 12.2063, Train MAPE: 0.5170, Train WMAPE: 0.0318
Epoch: 237, Training Time: 15.6225 secs
Epoch: 237, Inference Time: 2.0658 secs
Epoch: 237, Train Loss: 5.7156, Train RMSE: 12.3376, Train MAPE: 0.8827, Train WMAPE: 0.0320, 
Epoch: 237, Valid Loss: 10.3716, Valid RMSE: 39.7973, Valid MAPE: 2.8325, Valid WMAPE: 0.0596
No update
Iter: 000, Train Loss: 5.9532, Train RMSE: 12.7479, Train MAPE: 0.8732, Train WMAPE: 0.0331
Iter: 050, Train Loss: 5.8542, Train RMSE: 12.0006, Train MAPE: 0.6678, Train WMAPE: 0.0321
Epoch: 238, Training Time: 15.4714 secs
Epoch: 238, Inference Time: 1.9853 secs
Epoch: 238, Train Loss: 5.7412, Train RMSE: 12.3396, Train MAPE: 0.9168, Train WMAPE: 0.0321, 
Epoch: 238, Valid Loss: 10.5351, Valid RMSE: 39.8345, Valid MAPE: 2.8314, Valid WMAPE: 0.0605
No update
Iter: 000, Train Loss: 5.9032, Train RMSE: 12.5175, Train MAPE: 0.8962, Train WMAPE: 0.0328
Iter: 050, Train Loss: 5.7898, Train RMSE: 11.7120, Train MAPE: 0.5374, Train WMAPE: 0.0317
Epoch: 239, Training Time: 14.9913 secs
Epoch: 239, Inference Time: 1.8954 secs
Epoch: 239, Train Loss: 5.7946, Train RMSE: 12.4111, Train MAPE: 0.8910, Train WMAPE: 0.0324, 
Epoch: 239, Valid Loss: 10.4058, Valid RMSE: 40.0290, Valid MAPE: 2.2109, Valid WMAPE: 0.0597
No update
Iter: 000, Train Loss: 5.8453, Train RMSE: 12.5006, Train MAPE: 0.6476, Train WMAPE: 0.0325
Iter: 050, Train Loss: 5.7297, Train RMSE: 11.8615, Train MAPE: 0.5552, Train WMAPE: 0.0314
Epoch: 240, Training Time: 15.4105 secs
Epoch: 240, Inference Time: 1.9673 secs
Epoch: 240, Train Loss: 5.7024, Train RMSE: 12.2486, Train MAPE: 0.8946, Train WMAPE: 0.0319, 
Epoch: 240, Valid Loss: 10.2699, Valid RMSE: 39.7155, Valid MAPE: 1.9665, Valid WMAPE: 0.0590
###Update tasks appear###
Evaluate best model on test data for horizon 1, Test MAE: 8.8997, Test RMSE: 59.9167, Test MAPE: 6.5298, Test WMAPE: 0.0517
Evaluate best model on test data for horizon 2, Test MAE: 10.0148, Test RMSE: 55.8432, Test MAPE: 10.4355, Test WMAPE: 0.0582
Evaluate best model on test data for horizon 3, Test MAE: 9.9416, Test RMSE: 41.2702, Test MAPE: 12.9542, Test WMAPE: 0.0577
Evaluate best model on test data for horizon 4, Test MAE: 11.3487, Test RMSE: 47.1213, Test MAPE: 14.9509, Test WMAPE: 0.0659
Evaluate best model on test data for horizon 5, Test MAE: 13.0151, Test RMSE: 57.3760, Test MAPE: 16.2440, Test WMAPE: 0.0756
Evaluate best model on test data for horizon 6, Test MAE: 12.9312, Test RMSE: 47.7371, Test MAPE: 16.7504, Test WMAPE: 0.0752
Evaluate best model on test data for horizon 7, Test MAE: 13.8236, Test RMSE: 50.4562, Test MAPE: 16.8019, Test WMAPE: 0.0804
Evaluate best model on test data for horizon 8, Test MAE: 14.3857, Test RMSE: 50.5404, Test MAPE: 16.8451, Test WMAPE: 0.0837
Evaluate best model on test data for horizon 9, Test MAE: 14.7886, Test RMSE: 51.3044, Test MAPE: 17.1395, Test WMAPE: 0.0860
Evaluate best model on test data for horizon 10, Test MAE: 14.4374, Test RMSE: 44.6288, Test MAPE: 17.1385, Test WMAPE: 0.0840
Evaluate best model on test data for horizon 11, Test MAE: 15.3173, Test RMSE: 51.4427, Test MAPE: 17.2873, Test WMAPE: 0.0891
Evaluate best model on test data for horizon 12, Test MAE: 15.5458, Test RMSE: 52.0586, Test MAPE: 17.3357, Test WMAPE: 0.0904
On average over 12 horizons, Test MAE: 12.8708, Test RMSE: 50.8080, Test MAPE: 15.0344, Test WMAPE: 0.0748
No update
Iter: 000, Train Loss: 5.6788, Train RMSE: 12.1714, Train MAPE: 0.5387, Train WMAPE: 0.0315
Iter: 050, Train Loss: 5.7240, Train RMSE: 11.7479, Train MAPE: 0.5829, Train WMAPE: 0.0314
Epoch: 241, Training Time: 15.5038 secs
Epoch: 241, Inference Time: 1.8806 secs
Epoch: 241, Train Loss: 5.7256, Train RMSE: 12.3033, Train MAPE: 0.9730, Train WMAPE: 0.0320, 
Epoch: 241, Valid Loss: 10.6128, Valid RMSE: 39.7084, Valid MAPE: 2.9967, Valid WMAPE: 0.0609
No update
Iter: 000, Train Loss: 6.1089, Train RMSE: 12.7657, Train MAPE: 0.8855, Train WMAPE: 0.0339
Iter: 050, Train Loss: 5.6578, Train RMSE: 11.5967, Train MAPE: 0.8433, Train WMAPE: 0.0310
Epoch: 242, Training Time: 14.6027 secs
Epoch: 242, Inference Time: 1.9777 secs
Epoch: 242, Train Loss: 5.7514, Train RMSE: 12.2281, Train MAPE: 1.0611, Train WMAPE: 0.0322, 
Epoch: 242, Valid Loss: 10.3314, Valid RMSE: 39.5369, Valid MAPE: 2.4486, Valid WMAPE: 0.0593
No update
Iter: 000, Train Loss: 5.7724, Train RMSE: 12.2318, Train MAPE: 0.7042, Train WMAPE: 0.0320
Iter: 050, Train Loss: 5.6261, Train RMSE: 11.5677, Train MAPE: 0.5676, Train WMAPE: 0.0309
Epoch: 243, Training Time: 14.4614 secs
Epoch: 243, Inference Time: 1.8921 secs
Epoch: 243, Train Loss: 5.6890, Train RMSE: 12.1624, Train MAPE: 1.0637, Train WMAPE: 0.0318, 
Epoch: 243, Valid Loss: 10.3416, Valid RMSE: 39.7002, Valid MAPE: 2.9712, Valid WMAPE: 0.0594
No update
Iter: 000, Train Loss: 5.7014, Train RMSE: 12.1750, Train MAPE: 1.0043, Train WMAPE: 0.0317
Iter: 050, Train Loss: 5.8272, Train RMSE: 11.7636, Train MAPE: 0.7014, Train WMAPE: 0.0320
Epoch: 244, Training Time: 15.3894 secs
Epoch: 244, Inference Time: 1.9792 secs
Epoch: 244, Train Loss: 5.6787, Train RMSE: 12.1467, Train MAPE: 1.0007, Train WMAPE: 0.0318, 
Epoch: 244, Valid Loss: 10.5511, Valid RMSE: 39.8851, Valid MAPE: 3.6957, Valid WMAPE: 0.0606
No update
Iter: 000, Train Loss: 6.0859, Train RMSE: 12.5368, Train MAPE: 1.2599, Train WMAPE: 0.0338
Iter: 050, Train Loss: 5.8011, Train RMSE: 11.8604, Train MAPE: 0.6734, Train WMAPE: 0.0318
Epoch: 245, Training Time: 15.6928 secs
Epoch: 245, Inference Time: 1.8864 secs
Epoch: 245, Train Loss: 5.7475, Train RMSE: 12.2752, Train MAPE: 0.9623, Train WMAPE: 0.0321, 
Epoch: 245, Valid Loss: 10.4127, Valid RMSE: 39.8265, Valid MAPE: 2.7240, Valid WMAPE: 0.0598
No update
Iter: 000, Train Loss: 5.8088, Train RMSE: 12.4668, Train MAPE: 0.9363, Train WMAPE: 0.0322
Iter: 050, Train Loss: 5.8223, Train RMSE: 12.0004, Train MAPE: 0.5621, Train WMAPE: 0.0319
Epoch: 246, Training Time: 15.4174 secs
Epoch: 246, Inference Time: 1.8739 secs
Epoch: 246, Train Loss: 5.7337, Train RMSE: 12.3425, Train MAPE: 0.8393, Train WMAPE: 0.0321, 
Epoch: 246, Valid Loss: 10.3690, Valid RMSE: 39.4924, Valid MAPE: 2.5072, Valid WMAPE: 0.0595
No update
Iter: 000, Train Loss: 5.7550, Train RMSE: 12.3920, Train MAPE: 0.7104, Train WMAPE: 0.0319
Iter: 050, Train Loss: 5.8923, Train RMSE: 12.0209, Train MAPE: 0.8440, Train WMAPE: 0.0323
Epoch: 247, Training Time: 15.3011 secs
Epoch: 247, Inference Time: 1.9861 secs
Epoch: 247, Train Loss: 5.7509, Train RMSE: 12.3719, Train MAPE: 0.8479, Train WMAPE: 0.0322, 
Epoch: 247, Valid Loss: 10.4581, Valid RMSE: 39.7188, Valid MAPE: 3.1075, Valid WMAPE: 0.0601
No update
Iter: 000, Train Loss: 5.8783, Train RMSE: 12.4205, Train MAPE: 0.9977, Train WMAPE: 0.0326
Iter: 050, Train Loss: 5.7703, Train RMSE: 11.8591, Train MAPE: 0.4943, Train WMAPE: 0.0316
Epoch: 248, Training Time: 15.4562 secs
Epoch: 248, Inference Time: 1.8924 secs
Epoch: 248, Train Loss: 5.7063, Train RMSE: 12.2914, Train MAPE: 0.8507, Train WMAPE: 0.0319, 
Epoch: 248, Valid Loss: 10.5587, Valid RMSE: 39.9561, Valid MAPE: 3.8898, Valid WMAPE: 0.0606
No update
Iter: 000, Train Loss: 6.0013, Train RMSE: 12.5440, Train MAPE: 1.1676, Train WMAPE: 0.0333
Iter: 050, Train Loss: 5.6933, Train RMSE: 11.7383, Train MAPE: 0.5560, Train WMAPE: 0.0312
Epoch: 249, Training Time: 15.0884 secs
Epoch: 249, Inference Time: 1.8951 secs
Epoch: 249, Train Loss: 5.6806, Train RMSE: 12.1739, Train MAPE: 0.9885, Train WMAPE: 0.0318, 
Epoch: 249, Valid Loss: 10.4872, Valid RMSE: 39.9780, Valid MAPE: 2.5359, Valid WMAPE: 0.0602
No update
Iter: 000, Train Loss: 5.8743, Train RMSE: 12.4401, Train MAPE: 0.8411, Train WMAPE: 0.0326
Iter: 050, Train Loss: 5.7969, Train RMSE: 11.7548, Train MAPE: 1.0211, Train WMAPE: 0.0318
Epoch: 250, Training Time: 14.7793 secs
Epoch: 250, Inference Time: 1.9817 secs
Epoch: 250, Train Loss: 5.8036, Train RMSE: 12.4571, Train MAPE: 1.0698, Train WMAPE: 0.0324, 
Epoch: 250, Valid Loss: 10.3578, Valid RMSE: 39.7991, Valid MAPE: 2.1079, Valid WMAPE: 0.0595
No update
Iter: 000, Train Loss: 5.9297, Train RMSE: 12.8778, Train MAPE: 0.6462, Train WMAPE: 0.0329
Iter: 050, Train Loss: 5.8011, Train RMSE: 11.9279, Train MAPE: 0.6240, Train WMAPE: 0.0318
Epoch: 251, Training Time: 14.9276 secs
Epoch: 251, Inference Time: 1.9608 secs
Epoch: 251, Train Loss: 5.7246, Train RMSE: 12.2226, Train MAPE: 1.0059, Train WMAPE: 0.0320, 
Epoch: 251, Valid Loss: 10.3987, Valid RMSE: 39.8078, Valid MAPE: 3.0097, Valid WMAPE: 0.0597
No update
Iter: 000, Train Loss: 5.8537, Train RMSE: 12.4363, Train MAPE: 0.9980, Train WMAPE: 0.0325
Iter: 050, Train Loss: 5.9344, Train RMSE: 12.0214, Train MAPE: 0.4697, Train WMAPE: 0.0325
Epoch: 252, Training Time: 15.1186 secs
Epoch: 252, Inference Time: 1.8801 secs
Epoch: 252, Train Loss: 5.7402, Train RMSE: 12.2216, Train MAPE: 0.9693, Train WMAPE: 0.0321, 
Epoch: 252, Valid Loss: 10.3167, Valid RMSE: 39.6927, Valid MAPE: 2.6004, Valid WMAPE: 0.0592
No update
Iter: 000, Train Loss: 5.7211, Train RMSE: 12.2625, Train MAPE: 0.8023, Train WMAPE: 0.0318
Iter: 050, Train Loss: 5.7054, Train RMSE: 11.8592, Train MAPE: 0.6419, Train WMAPE: 0.0313
Epoch: 253, Training Time: 14.7665 secs
Epoch: 253, Inference Time: 1.8953 secs
Epoch: 253, Train Loss: 5.6511, Train RMSE: 12.1667, Train MAPE: 0.8478, Train WMAPE: 0.0316, 
Epoch: 253, Valid Loss: 10.3964, Valid RMSE: 39.6829, Valid MAPE: 2.8344, Valid WMAPE: 0.0597
No update
Iter: 000, Train Loss: 5.8829, Train RMSE: 12.4706, Train MAPE: 0.9151, Train WMAPE: 0.0327
Iter: 050, Train Loss: 5.6793, Train RMSE: 11.7142, Train MAPE: 0.6155, Train WMAPE: 0.0311
Epoch: 254, Training Time: 15.5139 secs
Epoch: 254, Inference Time: 1.9711 secs
Epoch: 254, Train Loss: 5.6451, Train RMSE: 12.1513, Train MAPE: 0.8575, Train WMAPE: 0.0316, 
Epoch: 254, Valid Loss: 10.4221, Valid RMSE: 39.8607, Valid MAPE: 2.6185, Valid WMAPE: 0.0598
No update
Iter: 000, Train Loss: 5.8567, Train RMSE: 12.4957, Train MAPE: 0.7324, Train WMAPE: 0.0325
Iter: 050, Train Loss: 5.5844, Train RMSE: 11.6050, Train MAPE: 0.5546, Train WMAPE: 0.0306
Epoch: 255, Training Time: 15.6905 secs
Epoch: 255, Inference Time: 1.9943 secs
Epoch: 255, Train Loss: 5.6349, Train RMSE: 12.1470, Train MAPE: 0.8283, Train WMAPE: 0.0315, 
Epoch: 255, Valid Loss: 10.2993, Valid RMSE: 39.6255, Valid MAPE: 2.2911, Valid WMAPE: 0.0591
No update
Iter: 000, Train Loss: 5.7582, Train RMSE: 12.3683, Train MAPE: 0.6204, Train WMAPE: 0.0320
Iter: 050, Train Loss: 5.7714, Train RMSE: 11.8228, Train MAPE: 0.7299, Train WMAPE: 0.0316
Epoch: 256, Training Time: 15.5717 secs
Epoch: 256, Inference Time: 1.8924 secs
Epoch: 256, Train Loss: 5.6340, Train RMSE: 12.1416, Train MAPE: 0.8018, Train WMAPE: 0.0315, 
Epoch: 256, Valid Loss: 10.3762, Valid RMSE: 39.4760, Valid MAPE: 2.7310, Valid WMAPE: 0.0596
No update
Iter: 000, Train Loss: 5.8895, Train RMSE: 12.5472, Train MAPE: 0.8231, Train WMAPE: 0.0327
Iter: 050, Train Loss: 5.6681, Train RMSE: 11.7831, Train MAPE: 0.6446, Train WMAPE: 0.0311
Epoch: 257, Training Time: 15.0198 secs
Epoch: 257, Inference Time: 1.9479 secs
Epoch: 257, Train Loss: 5.6353, Train RMSE: 12.1523, Train MAPE: 0.8390, Train WMAPE: 0.0315, 
Epoch: 257, Valid Loss: 10.3080, Valid RMSE: 39.5218, Valid MAPE: 2.0384, Valid WMAPE: 0.0592
No update
Iter: 000, Train Loss: 5.7585, Train RMSE: 12.3075, Train MAPE: 0.5623, Train WMAPE: 0.0320
Iter: 050, Train Loss: 5.7713, Train RMSE: 11.9237, Train MAPE: 0.4410, Train WMAPE: 0.0316
Epoch: 258, Training Time: 15.4004 secs
Epoch: 258, Inference Time: 1.8017 secs
Epoch: 258, Train Loss: 5.6929, Train RMSE: 12.2393, Train MAPE: 0.9171, Train WMAPE: 0.0318, 
Epoch: 258, Valid Loss: 10.5921, Valid RMSE: 39.9404, Valid MAPE: 2.0920, Valid WMAPE: 0.0608
No update
Iter: 000, Train Loss: 5.8817, Train RMSE: 12.6695, Train MAPE: 0.6709, Train WMAPE: 0.0327
Iter: 050, Train Loss: 5.6482, Train RMSE: 11.8365, Train MAPE: 0.4294, Train WMAPE: 0.0310
Epoch: 259, Training Time: 15.2709 secs
Epoch: 259, Inference Time: 1.8120 secs
Epoch: 259, Train Loss: 5.7649, Train RMSE: 12.3230, Train MAPE: 0.9533, Train WMAPE: 0.0322, 
Epoch: 259, Valid Loss: 10.6354, Valid RMSE: 39.6325, Valid MAPE: 4.2140, Valid WMAPE: 0.0611
No update
Iter: 000, Train Loss: 6.1603, Train RMSE: 12.3982, Train MAPE: 1.4581, Train WMAPE: 0.0342
Iter: 050, Train Loss: 5.6787, Train RMSE: 11.5272, Train MAPE: 0.7754, Train WMAPE: 0.0311
Epoch: 260, Training Time: 16.0085 secs
Epoch: 260, Inference Time: 1.9503 secs
Epoch: 260, Train Loss: 5.6622, Train RMSE: 12.0537, Train MAPE: 1.0579, Train WMAPE: 0.0317, 
Epoch: 260, Valid Loss: 10.2606, Valid RMSE: 39.5075, Valid MAPE: 2.0297, Valid WMAPE: 0.0589
###Update tasks appear###
Evaluate best model on test data for horizon 1, Test MAE: 8.9152, Test RMSE: 59.6016, Test MAPE: 6.7449, Test WMAPE: 0.0518
Evaluate best model on test data for horizon 2, Test MAE: 10.0732, Test RMSE: 55.7568, Test MAPE: 10.6277, Test WMAPE: 0.0585
Evaluate best model on test data for horizon 3, Test MAE: 10.0283, Test RMSE: 41.1585, Test MAPE: 13.1922, Test WMAPE: 0.0582
Evaluate best model on test data for horizon 4, Test MAE: 11.4362, Test RMSE: 47.1790, Test MAPE: 14.7892, Test WMAPE: 0.0664
Evaluate best model on test data for horizon 5, Test MAE: 13.1197, Test RMSE: 57.3258, Test MAPE: 16.0597, Test WMAPE: 0.0762
Evaluate best model on test data for horizon 6, Test MAE: 13.1549, Test RMSE: 48.0025, Test MAPE: 16.5372, Test WMAPE: 0.0765
Evaluate best model on test data for horizon 7, Test MAE: 13.9660, Test RMSE: 50.0849, Test MAPE: 16.6117, Test WMAPE: 0.0812
Evaluate best model on test data for horizon 8, Test MAE: 14.5987, Test RMSE: 50.5405, Test MAPE: 16.6957, Test WMAPE: 0.0849
Evaluate best model on test data for horizon 9, Test MAE: 15.0088, Test RMSE: 51.2817, Test MAPE: 16.8768, Test WMAPE: 0.0873
Evaluate best model on test data for horizon 10, Test MAE: 14.8935, Test RMSE: 45.0453, Test MAPE: 16.9861, Test WMAPE: 0.0866
Evaluate best model on test data for horizon 11, Test MAE: 15.8586, Test RMSE: 51.7071, Test MAPE: 17.2845, Test WMAPE: 0.0923
Evaluate best model on test data for horizon 12, Test MAE: 16.0963, Test RMSE: 52.2229, Test MAPE: 17.3933, Test WMAPE: 0.0936
On average over 12 horizons, Test MAE: 13.0958, Test RMSE: 50.8256, Test MAPE: 14.9832, Test WMAPE: 0.0761
No update
Iter: 000, Train Loss: 5.8403, Train RMSE: 12.4337, Train MAPE: 0.5596, Train WMAPE: 0.0324
Iter: 050, Train Loss: 5.5110, Train RMSE: 11.4682, Train MAPE: 0.4869, Train WMAPE: 0.0302
Epoch: 261, Training Time: 15.9017 secs
Epoch: 261, Inference Time: 2.1587 secs
Epoch: 261, Train Loss: 5.6298, Train RMSE: 12.1450, Train MAPE: 0.8207, Train WMAPE: 0.0315, 
Epoch: 261, Valid Loss: 10.3485, Valid RMSE: 39.6345, Valid MAPE: 2.5555, Valid WMAPE: 0.0594
No update
Iter: 000, Train Loss: 5.7822, Train RMSE: 12.4512, Train MAPE: 0.6942, Train WMAPE: 0.0321
Iter: 050, Train Loss: 5.6944, Train RMSE: 11.7311, Train MAPE: 0.6820, Train WMAPE: 0.0312
Epoch: 262, Training Time: 16.0901 secs
Epoch: 262, Inference Time: 2.1858 secs
Epoch: 262, Train Loss: 5.6201, Train RMSE: 12.1002, Train MAPE: 0.7946, Train WMAPE: 0.0314, 
Epoch: 262, Valid Loss: 10.6572, Valid RMSE: 39.7906, Valid MAPE: 2.3445, Valid WMAPE: 0.0612
No update
Iter: 000, Train Loss: 6.1100, Train RMSE: 12.6536, Train MAPE: 0.6237, Train WMAPE: 0.0339
Iter: 050, Train Loss: 5.5612, Train RMSE: 11.4613, Train MAPE: 0.4823, Train WMAPE: 0.0305
Epoch: 263, Training Time: 15.6954 secs
Epoch: 263, Inference Time: 2.1855 secs
Epoch: 263, Train Loss: 5.6358, Train RMSE: 12.0975, Train MAPE: 0.8194, Train WMAPE: 0.0315, 
Epoch: 263, Valid Loss: 10.4107, Valid RMSE: 39.8454, Valid MAPE: 2.5361, Valid WMAPE: 0.0598
No update
Iter: 000, Train Loss: 5.7109, Train RMSE: 12.3128, Train MAPE: 0.7139, Train WMAPE: 0.0317
Iter: 050, Train Loss: 5.6018, Train RMSE: 11.4949, Train MAPE: 0.6269, Train WMAPE: 0.0307
Epoch: 264, Training Time: 15.6235 secs
Epoch: 264, Inference Time: 1.9641 secs
Epoch: 264, Train Loss: 5.6329, Train RMSE: 12.1502, Train MAPE: 0.8442, Train WMAPE: 0.0315, 
Epoch: 264, Valid Loss: 10.3935, Valid RMSE: 39.5793, Valid MAPE: 2.3554, Valid WMAPE: 0.0597
No update
Iter: 000, Train Loss: 5.6665, Train RMSE: 11.9831, Train MAPE: 0.7090, Train WMAPE: 0.0315
Iter: 050, Train Loss: 5.8779, Train RMSE: 12.0954, Train MAPE: 0.6449, Train WMAPE: 0.0322
Epoch: 265, Training Time: 15.4711 secs
Epoch: 265, Inference Time: 1.9874 secs
Epoch: 265, Train Loss: 5.7423, Train RMSE: 12.4604, Train MAPE: 0.8223, Train WMAPE: 0.0321, 
Epoch: 265, Valid Loss: 10.5298, Valid RMSE: 39.6054, Valid MAPE: 2.3516, Valid WMAPE: 0.0605
No update
Iter: 000, Train Loss: 6.4770, Train RMSE: 13.6191, Train MAPE: 0.6868, Train WMAPE: 0.0360
Iter: 050, Train Loss: 5.8595, Train RMSE: 12.3749, Train MAPE: 0.7158, Train WMAPE: 0.0321
Epoch: 266, Training Time: 15.0941 secs
Epoch: 266, Inference Time: 1.8142 secs
Epoch: 266, Train Loss: 5.7200, Train RMSE: 12.2565, Train MAPE: 0.9725, Train WMAPE: 0.0320, 
Epoch: 266, Valid Loss: 10.3130, Valid RMSE: 39.7132, Valid MAPE: 3.0188, Valid WMAPE: 0.0592
No update
Iter: 000, Train Loss: 5.6904, Train RMSE: 12.1085, Train MAPE: 0.9905, Train WMAPE: 0.0316
Iter: 050, Train Loss: 5.7240, Train RMSE: 11.6523, Train MAPE: 0.8780, Train WMAPE: 0.0314
Epoch: 267, Training Time: 15.5053 secs
Epoch: 267, Inference Time: 1.9960 secs
Epoch: 267, Train Loss: 5.6107, Train RMSE: 12.0004, Train MAPE: 1.0106, Train WMAPE: 0.0314, 
Epoch: 267, Valid Loss: 10.4788, Valid RMSE: 39.4612, Valid MAPE: 3.8672, Valid WMAPE: 0.0602
No update
Iter: 000, Train Loss: 5.8058, Train RMSE: 12.1010, Train MAPE: 1.3900, Train WMAPE: 0.0322
Iter: 050, Train Loss: 5.5854, Train RMSE: 11.4362, Train MAPE: 0.7004, Train WMAPE: 0.0306
Epoch: 268, Training Time: 15.8142 secs
Epoch: 268, Inference Time: 2.0631 secs
Epoch: 268, Train Loss: 5.6153, Train RMSE: 11.9726, Train MAPE: 1.0674, Train WMAPE: 0.0314, 
Epoch: 268, Valid Loss: 10.2674, Valid RMSE: 39.6623, Valid MAPE: 2.3058, Valid WMAPE: 0.0590
###Update tasks appear###
Evaluate best model on test data for horizon 1, Test MAE: 8.9218, Test RMSE: 59.8401, Test MAPE: 6.6498, Test WMAPE: 0.0518
Evaluate best model on test data for horizon 2, Test MAE: 10.0130, Test RMSE: 55.7464, Test MAPE: 10.5469, Test WMAPE: 0.0581
Evaluate best model on test data for horizon 3, Test MAE: 9.9096, Test RMSE: 40.9284, Test MAPE: 12.9714, Test WMAPE: 0.0576
Evaluate best model on test data for horizon 4, Test MAE: 11.3066, Test RMSE: 47.2208, Test MAPE: 14.7628, Test WMAPE: 0.0657
Evaluate best model on test data for horizon 5, Test MAE: 12.9677, Test RMSE: 57.4731, Test MAPE: 15.9803, Test WMAPE: 0.0754
Evaluate best model on test data for horizon 6, Test MAE: 12.8703, Test RMSE: 47.7674, Test MAPE: 16.4123, Test WMAPE: 0.0748
Evaluate best model on test data for horizon 7, Test MAE: 13.6989, Test RMSE: 49.9922, Test MAPE: 16.4818, Test WMAPE: 0.0796
Evaluate best model on test data for horizon 8, Test MAE: 14.2754, Test RMSE: 50.4766, Test MAPE: 16.4956, Test WMAPE: 0.0830
Evaluate best model on test data for horizon 9, Test MAE: 14.6604, Test RMSE: 50.9681, Test MAPE: 16.7072, Test WMAPE: 0.0853
Evaluate best model on test data for horizon 10, Test MAE: 14.3625, Test RMSE: 44.6688, Test MAPE: 16.8194, Test WMAPE: 0.0835
Evaluate best model on test data for horizon 11, Test MAE: 15.2439, Test RMSE: 51.8390, Test MAPE: 16.9778, Test WMAPE: 0.0887
Evaluate best model on test data for horizon 12, Test MAE: 15.3717, Test RMSE: 51.9065, Test MAPE: 17.0468, Test WMAPE: 0.0894
On average over 12 horizons, Test MAE: 12.8002, Test RMSE: 50.7356, Test MAPE: 14.8210, Test WMAPE: 0.0744
Test low! Updating! Test Loss: 12.800158262252808, Test low! Updating! Valid Loss: 10.267395394189018, epoch:  268
Iter: 000, Train Loss: 5.6627, Train RMSE: 12.1264, Train MAPE: 0.6012, Train WMAPE: 0.0314
Iter: 050, Train Loss: 5.6891, Train RMSE: 11.6032, Train MAPE: 1.0463, Train WMAPE: 0.0312
Epoch: 269, Training Time: 15.2358 secs
Epoch: 269, Inference Time: 1.8851 secs
Epoch: 269, Train Loss: 5.5919, Train RMSE: 11.9573, Train MAPE: 1.0149, Train WMAPE: 0.0313, 
Epoch: 269, Valid Loss: 10.2640, Valid RMSE: 39.5738, Valid MAPE: 2.2966, Valid WMAPE: 0.0589
###Update tasks appear###
Evaluate best model on test data for horizon 1, Test MAE: 8.9401, Test RMSE: 59.9230, Test MAPE: 7.2460, Test WMAPE: 0.0519
Evaluate best model on test data for horizon 2, Test MAE: 10.0138, Test RMSE: 55.8172, Test MAPE: 10.8159, Test WMAPE: 0.0581
Evaluate best model on test data for horizon 3, Test MAE: 9.8983, Test RMSE: 40.8611, Test MAPE: 13.2525, Test WMAPE: 0.0575
Evaluate best model on test data for horizon 4, Test MAE: 11.2822, Test RMSE: 46.9935, Test MAPE: 15.0523, Test WMAPE: 0.0655
Evaluate best model on test data for horizon 5, Test MAE: 12.9168, Test RMSE: 57.3762, Test MAPE: 16.1663, Test WMAPE: 0.0751
Evaluate best model on test data for horizon 6, Test MAE: 12.8097, Test RMSE: 47.6661, Test MAPE: 16.7105, Test WMAPE: 0.0745
Evaluate best model on test data for horizon 7, Test MAE: 13.6391, Test RMSE: 49.9798, Test MAPE: 16.7614, Test WMAPE: 0.0793
Evaluate best model on test data for horizon 8, Test MAE: 14.1632, Test RMSE: 50.2768, Test MAPE: 16.8791, Test WMAPE: 0.0824
Evaluate best model on test data for horizon 9, Test MAE: 14.5006, Test RMSE: 50.6045, Test MAPE: 17.1957, Test WMAPE: 0.0843
Evaluate best model on test data for horizon 10, Test MAE: 14.1528, Test RMSE: 44.1456, Test MAPE: 17.0876, Test WMAPE: 0.0823
Evaluate best model on test data for horizon 11, Test MAE: 15.0742, Test RMSE: 51.3705, Test MAPE: 17.4274, Test WMAPE: 0.0877
Evaluate best model on test data for horizon 12, Test MAE: 15.2340, Test RMSE: 51.5124, Test MAPE: 17.4073, Test WMAPE: 0.0886
On average over 12 horizons, Test MAE: 12.7187, Test RMSE: 50.5439, Test MAPE: 15.1668, Test WMAPE: 0.0739
Test low! Updating! Test Loss: 12.718739827473959, Test low! Updating! Valid Loss: 10.263985293252128, epoch:  269
Iter: 000, Train Loss: 5.6312, Train RMSE: 12.0068, Train MAPE: 0.7221, Train WMAPE: 0.0313
Iter: 050, Train Loss: 5.5883, Train RMSE: 11.6227, Train MAPE: 0.4484, Train WMAPE: 0.0306
Epoch: 270, Training Time: 15.3977 secs
Epoch: 270, Inference Time: 1.8750 secs
Epoch: 270, Train Loss: 5.5979, Train RMSE: 11.9681, Train MAPE: 1.0463, Train WMAPE: 0.0313, 
Epoch: 270, Valid Loss: 10.2958, Valid RMSE: 39.6337, Valid MAPE: 2.4129, Valid WMAPE: 0.0591
No update
Iter: 000, Train Loss: 5.7172, Train RMSE: 12.1324, Train MAPE: 0.6609, Train WMAPE: 0.0317
Iter: 050, Train Loss: 5.7628, Train RMSE: 11.7581, Train MAPE: 0.6664, Train WMAPE: 0.0316
Epoch: 271, Training Time: 16.1062 secs
Epoch: 271, Inference Time: 1.9891 secs
Epoch: 271, Train Loss: 5.6878, Train RMSE: 12.0496, Train MAPE: 1.0161, Train WMAPE: 0.0318, 
Epoch: 271, Valid Loss: 10.2293, Valid RMSE: 39.5944, Valid MAPE: 2.2299, Valid WMAPE: 0.0587
###Update tasks appear###
Evaluate best model on test data for horizon 1, Test MAE: 8.8795, Test RMSE: 59.9289, Test MAPE: 6.7188, Test WMAPE: 0.0515
Evaluate best model on test data for horizon 2, Test MAE: 9.9922, Test RMSE: 55.8555, Test MAPE: 10.4894, Test WMAPE: 0.0580
Evaluate best model on test data for horizon 3, Test MAE: 9.8204, Test RMSE: 40.5186, Test MAPE: 12.9888, Test WMAPE: 0.0570
Evaluate best model on test data for horizon 4, Test MAE: 11.3007, Test RMSE: 47.3054, Test MAPE: 14.8921, Test WMAPE: 0.0657
Evaluate best model on test data for horizon 5, Test MAE: 12.9603, Test RMSE: 57.8378, Test MAPE: 16.0382, Test WMAPE: 0.0753
Evaluate best model on test data for horizon 6, Test MAE: 12.8275, Test RMSE: 47.7132, Test MAPE: 16.4200, Test WMAPE: 0.0746
Evaluate best model on test data for horizon 7, Test MAE: 13.6598, Test RMSE: 50.0847, Test MAPE: 16.4417, Test WMAPE: 0.0794
Evaluate best model on test data for horizon 8, Test MAE: 14.2110, Test RMSE: 50.6407, Test MAPE: 16.4896, Test WMAPE: 0.0826
Evaluate best model on test data for horizon 9, Test MAE: 14.5452, Test RMSE: 50.7889, Test MAPE: 16.6537, Test WMAPE: 0.0846
Evaluate best model on test data for horizon 10, Test MAE: 14.2621, Test RMSE: 44.3121, Test MAPE: 16.8185, Test WMAPE: 0.0830
Evaluate best model on test data for horizon 11, Test MAE: 15.1467, Test RMSE: 51.5233, Test MAPE: 17.0282, Test WMAPE: 0.0881
Evaluate best model on test data for horizon 12, Test MAE: 15.2877, Test RMSE: 51.5830, Test MAPE: 17.1567, Test WMAPE: 0.0889
On average over 12 horizons, Test MAE: 12.7411, Test RMSE: 50.6743, Test MAPE: 14.8446, Test WMAPE: 0.0741
No update
Iter: 000, Train Loss: 5.6771, Train RMSE: 12.0686, Train MAPE: 0.7011, Train WMAPE: 0.0315
Iter: 050, Train Loss: 5.6396, Train RMSE: 11.6050, Train MAPE: 0.6078, Train WMAPE: 0.0309
Epoch: 272, Training Time: 15.4626 secs
Epoch: 272, Inference Time: 1.9816 secs
Epoch: 272, Train Loss: 5.5843, Train RMSE: 11.9528, Train MAPE: 1.0532, Train WMAPE: 0.0312, 
Epoch: 272, Valid Loss: 10.3850, Valid RMSE: 39.6044, Valid MAPE: 4.1101, Valid WMAPE: 0.0596
No update
Iter: 000, Train Loss: 5.7444, Train RMSE: 12.0541, Train MAPE: 1.4228, Train WMAPE: 0.0319
Iter: 050, Train Loss: 5.5425, Train RMSE: 11.3685, Train MAPE: 0.6809, Train WMAPE: 0.0304
Epoch: 273, Training Time: 15.3968 secs
Epoch: 273, Inference Time: 1.9770 secs
Epoch: 273, Train Loss: 5.6040, Train RMSE: 11.9918, Train MAPE: 1.0151, Train WMAPE: 0.0313, 
Epoch: 273, Valid Loss: 10.4165, Valid RMSE: 39.6545, Valid MAPE: 4.6371, Valid WMAPE: 0.0598
No update
Iter: 000, Train Loss: 5.8733, Train RMSE: 12.3443, Train MAPE: 1.6108, Train WMAPE: 0.0326
Iter: 050, Train Loss: 5.7034, Train RMSE: 11.5605, Train MAPE: 0.9146, Train WMAPE: 0.0313
Epoch: 274, Training Time: 15.6234 secs
Epoch: 274, Inference Time: 2.0887 secs
Epoch: 274, Train Loss: 5.6081, Train RMSE: 11.9777, Train MAPE: 1.0261, Train WMAPE: 0.0314, 
Epoch: 274, Valid Loss: 10.3814, Valid RMSE: 39.6099, Valid MAPE: 3.8227, Valid WMAPE: 0.0596
No update
Iter: 000, Train Loss: 5.8967, Train RMSE: 12.4725, Train MAPE: 1.3636, Train WMAPE: 0.0327
Iter: 050, Train Loss: 5.5922, Train RMSE: 11.6449, Train MAPE: 0.8825, Train WMAPE: 0.0307
Epoch: 275, Training Time: 15.6641 secs
Epoch: 275, Inference Time: 2.0908 secs
Epoch: 275, Train Loss: 5.6265, Train RMSE: 11.9778, Train MAPE: 1.0425, Train WMAPE: 0.0315, 
Epoch: 275, Valid Loss: 10.3922, Valid RMSE: 39.5009, Valid MAPE: 3.0473, Valid WMAPE: 0.0597
No update
Iter: 000, Train Loss: 5.7033, Train RMSE: 12.1346, Train MAPE: 0.9114, Train WMAPE: 0.0317
Iter: 050, Train Loss: 5.5955, Train RMSE: 11.4577, Train MAPE: 0.8720, Train WMAPE: 0.0307
Epoch: 276, Training Time: 15.5141 secs
Epoch: 276, Inference Time: 1.9660 secs
Epoch: 276, Train Loss: 5.5979, Train RMSE: 12.0226, Train MAPE: 1.0035, Train WMAPE: 0.0313, 
Epoch: 276, Valid Loss: 10.3734, Valid RMSE: 39.3278, Valid MAPE: 3.4528, Valid WMAPE: 0.0596
No update
Iter: 000, Train Loss: 5.7912, Train RMSE: 12.1244, Train MAPE: 1.2346, Train WMAPE: 0.0322
Iter: 050, Train Loss: 5.5830, Train RMSE: 11.4880, Train MAPE: 0.7276, Train WMAPE: 0.0306
Epoch: 277, Training Time: 15.8077 secs
Epoch: 277, Inference Time: 1.9556 secs
Epoch: 277, Train Loss: 5.6098, Train RMSE: 11.9763, Train MAPE: 1.0132, Train WMAPE: 0.0314, 
Epoch: 277, Valid Loss: 10.3634, Valid RMSE: 39.3452, Valid MAPE: 2.8653, Valid WMAPE: 0.0595
No update
Iter: 000, Train Loss: 5.7264, Train RMSE: 12.1758, Train MAPE: 0.8073, Train WMAPE: 0.0318
Iter: 050, Train Loss: 5.6176, Train RMSE: 11.6736, Train MAPE: 0.4216, Train WMAPE: 0.0308
Epoch: 278, Training Time: 15.5266 secs
Epoch: 278, Inference Time: 1.8712 secs
Epoch: 278, Train Loss: 5.6195, Train RMSE: 12.0201, Train MAPE: 0.8824, Train WMAPE: 0.0314, 
Epoch: 278, Valid Loss: 10.4862, Valid RMSE: 39.5425, Valid MAPE: 2.3470, Valid WMAPE: 0.0602
No update
Iter: 000, Train Loss: 6.0255, Train RMSE: 12.2919, Train MAPE: 0.6345, Train WMAPE: 0.0335
Iter: 050, Train Loss: 5.5345, Train RMSE: 11.5447, Train MAPE: 0.5500, Train WMAPE: 0.0303
Epoch: 279, Training Time: 14.8377 secs
Epoch: 279, Inference Time: 1.8313 secs
Epoch: 279, Train Loss: 5.6450, Train RMSE: 12.0500, Train MAPE: 0.9146, Train WMAPE: 0.0316, 
Epoch: 279, Valid Loss: 10.4468, Valid RMSE: 39.4485, Valid MAPE: 2.0360, Valid WMAPE: 0.0600
No update
Iter: 000, Train Loss: 5.8391, Train RMSE: 12.4359, Train MAPE: 0.6077, Train WMAPE: 0.0324
Iter: 050, Train Loss: 5.7173, Train RMSE: 11.6953, Train MAPE: 0.6952, Train WMAPE: 0.0314
Epoch: 280, Training Time: 14.8843 secs
Epoch: 280, Inference Time: 2.1015 secs
Epoch: 280, Train Loss: 5.6055, Train RMSE: 11.9871, Train MAPE: 0.9454, Train WMAPE: 0.0313, 
Epoch: 280, Valid Loss: 10.3374, Valid RMSE: 39.6289, Valid MAPE: 2.7826, Valid WMAPE: 0.0594
No update
Iter: 000, Train Loss: 5.7348, Train RMSE: 12.1228, Train MAPE: 0.8679, Train WMAPE: 0.0318
Iter: 050, Train Loss: 5.7297, Train RMSE: 11.7705, Train MAPE: 0.4521, Train WMAPE: 0.0314
Epoch: 281, Training Time: 15.0995 secs
Epoch: 281, Inference Time: 1.9615 secs
Epoch: 281, Train Loss: 5.6453, Train RMSE: 12.0518, Train MAPE: 0.9425, Train WMAPE: 0.0316, 
Epoch: 281, Valid Loss: 10.3548, Valid RMSE: 39.5257, Valid MAPE: 2.0315, Valid WMAPE: 0.0595
No update
Iter: 000, Train Loss: 5.6325, Train RMSE: 12.0907, Train MAPE: 0.5708, Train WMAPE: 0.0313
Iter: 050, Train Loss: 5.6559, Train RMSE: 11.5284, Train MAPE: 0.6208, Train WMAPE: 0.0310
Epoch: 282, Training Time: 14.8911 secs
Epoch: 282, Inference Time: 1.8842 secs
Epoch: 282, Train Loss: 5.6205, Train RMSE: 12.0369, Train MAPE: 0.8827, Train WMAPE: 0.0314, 
Epoch: 282, Valid Loss: 10.3052, Valid RMSE: 39.5237, Valid MAPE: 2.4858, Valid WMAPE: 0.0592
No update
Iter: 000, Train Loss: 5.7090, Train RMSE: 12.2058, Train MAPE: 0.7495, Train WMAPE: 0.0317
Iter: 050, Train Loss: 5.5383, Train RMSE: 11.4519, Train MAPE: 0.4718, Train WMAPE: 0.0304
Epoch: 283, Training Time: 14.9957 secs
Epoch: 283, Inference Time: 1.9001 secs
Epoch: 283, Train Loss: 5.5848, Train RMSE: 12.0027, Train MAPE: 0.8711, Train WMAPE: 0.0312, 
Epoch: 283, Valid Loss: 10.4263, Valid RMSE: 39.5812, Valid MAPE: 2.3437, Valid WMAPE: 0.0599
No update
Iter: 000, Train Loss: 5.7230, Train RMSE: 12.4250, Train MAPE: 0.6838, Train WMAPE: 0.0318
Iter: 050, Train Loss: 5.5235, Train RMSE: 11.2374, Train MAPE: 0.5399, Train WMAPE: 0.0303
Epoch: 284, Training Time: 14.9745 secs
Epoch: 284, Inference Time: 1.9877 secs
Epoch: 284, Train Loss: 5.5625, Train RMSE: 11.9714, Train MAPE: 0.8249, Train WMAPE: 0.0311, 
Epoch: 284, Valid Loss: 10.4380, Valid RMSE: 39.5278, Valid MAPE: 2.4115, Valid WMAPE: 0.0599
No update
Iter: 000, Train Loss: 5.7075, Train RMSE: 12.2607, Train MAPE: 0.6966, Train WMAPE: 0.0317
Iter: 050, Train Loss: 5.5689, Train RMSE: 11.6547, Train MAPE: 0.4420, Train WMAPE: 0.0305
Epoch: 285, Training Time: 14.6819 secs
Epoch: 285, Inference Time: 1.9157 secs
Epoch: 285, Train Loss: 5.5882, Train RMSE: 12.0297, Train MAPE: 0.8538, Train WMAPE: 0.0312, 
Epoch: 285, Valid Loss: 10.2620, Valid RMSE: 39.3655, Valid MAPE: 2.3381, Valid WMAPE: 0.0589
###Update tasks appear###
Evaluate best model on test data for horizon 1, Test MAE: 8.9179, Test RMSE: 59.6131, Test MAPE: 6.9973, Test WMAPE: 0.0518
Evaluate best model on test data for horizon 2, Test MAE: 10.0161, Test RMSE: 55.6092, Test MAPE: 10.5562, Test WMAPE: 0.0582
Evaluate best model on test data for horizon 3, Test MAE: 9.9202, Test RMSE: 40.3161, Test MAPE: 12.9447, Test WMAPE: 0.0576
Evaluate best model on test data for horizon 4, Test MAE: 11.3060, Test RMSE: 46.6202, Test MAPE: 14.7024, Test WMAPE: 0.0657
Evaluate best model on test data for horizon 5, Test MAE: 12.9994, Test RMSE: 57.5449, Test MAPE: 15.6308, Test WMAPE: 0.0755
Evaluate best model on test data for horizon 6, Test MAE: 12.8882, Test RMSE: 47.6512, Test MAPE: 16.1927, Test WMAPE: 0.0749
Evaluate best model on test data for horizon 7, Test MAE: 13.7675, Test RMSE: 50.1577, Test MAPE: 16.2335, Test WMAPE: 0.0800
Evaluate best model on test data for horizon 8, Test MAE: 14.3306, Test RMSE: 50.3683, Test MAPE: 16.2003, Test WMAPE: 0.0833
Evaluate best model on test data for horizon 9, Test MAE: 14.6924, Test RMSE: 50.4463, Test MAPE: 16.3935, Test WMAPE: 0.0855
Evaluate best model on test data for horizon 10, Test MAE: 14.4747, Test RMSE: 44.2949, Test MAPE: 16.6166, Test WMAPE: 0.0842
Evaluate best model on test data for horizon 11, Test MAE: 15.4172, Test RMSE: 51.4004, Test MAPE: 16.8445, Test WMAPE: 0.0897
Evaluate best model on test data for horizon 12, Test MAE: 15.6084, Test RMSE: 51.6770, Test MAPE: 16.9911, Test WMAPE: 0.0908
On average over 12 horizons, Test MAE: 12.8615, Test RMSE: 50.4749, Test MAPE: 14.6920, Test WMAPE: 0.0748
No update
Iter: 000, Train Loss: 5.7571, Train RMSE: 12.2253, Train MAPE: 0.6905, Train WMAPE: 0.0320
Iter: 050, Train Loss: 5.6490, Train RMSE: 11.6574, Train MAPE: 0.5356, Train WMAPE: 0.0310
Epoch: 286, Training Time: 15.1683 secs
Epoch: 286, Inference Time: 1.9966 secs
Epoch: 286, Train Loss: 5.5524, Train RMSE: 11.9677, Train MAPE: 0.7801, Train WMAPE: 0.0310, 
Epoch: 286, Valid Loss: 10.2767, Valid RMSE: 39.3187, Valid MAPE: 2.4109, Valid WMAPE: 0.0590
No update
Iter: 000, Train Loss: 5.7606, Train RMSE: 12.3882, Train MAPE: 0.6680, Train WMAPE: 0.0320
Iter: 050, Train Loss: 5.6109, Train RMSE: 11.6232, Train MAPE: 0.7453, Train WMAPE: 0.0308
Epoch: 287, Training Time: 15.6821 secs
Epoch: 287, Inference Time: 1.9870 secs
Epoch: 287, Train Loss: 5.5583, Train RMSE: 11.9705, Train MAPE: 0.8162, Train WMAPE: 0.0311, 
Epoch: 287, Valid Loss: 10.4343, Valid RMSE: 38.9888, Valid MAPE: 3.2380, Valid WMAPE: 0.0599
No update
Iter: 000, Train Loss: 5.7223, Train RMSE: 12.1524, Train MAPE: 1.0781, Train WMAPE: 0.0318
Iter: 050, Train Loss: 5.7548, Train RMSE: 11.8548, Train MAPE: 0.8037, Train WMAPE: 0.0316
Epoch: 288, Training Time: 15.3845 secs
Epoch: 288, Inference Time: 1.9018 secs
Epoch: 288, Train Loss: 5.6390, Train RMSE: 12.1622, Train MAPE: 0.8409, Train WMAPE: 0.0315, 
Epoch: 288, Valid Loss: 10.3514, Valid RMSE: 39.0772, Valid MAPE: 2.0702, Valid WMAPE: 0.0594
No update
Iter: 000, Train Loss: 5.6543, Train RMSE: 12.2126, Train MAPE: 0.6647, Train WMAPE: 0.0314
Iter: 050, Train Loss: 5.7494, Train RMSE: 11.5821, Train MAPE: 1.1815, Train WMAPE: 0.0315
Epoch: 289, Training Time: 14.8643 secs
Epoch: 289, Inference Time: 1.8170 secs
Epoch: 289, Train Loss: 5.6000, Train RMSE: 11.9629, Train MAPE: 0.9864, Train WMAPE: 0.0313, 
Epoch: 289, Valid Loss: 10.4139, Valid RMSE: 39.0782, Valid MAPE: 3.8160, Valid WMAPE: 0.0598
No update
Iter: 000, Train Loss: 5.7085, Train RMSE: 11.9524, Train MAPE: 1.3057, Train WMAPE: 0.0317
Iter: 050, Train Loss: 5.5374, Train RMSE: 11.4007, Train MAPE: 0.7159, Train WMAPE: 0.0304
Epoch: 290, Training Time: 14.9744 secs
Epoch: 290, Inference Time: 1.8952 secs
Epoch: 290, Train Loss: 5.5348, Train RMSE: 11.8362, Train MAPE: 1.0059, Train WMAPE: 0.0309, 
Epoch: 290, Valid Loss: 10.2689, Valid RMSE: 39.2690, Valid MAPE: 2.8379, Valid WMAPE: 0.0590
No update
Iter: 000, Train Loss: 5.6581, Train RMSE: 12.0485, Train MAPE: 0.8218, Train WMAPE: 0.0314
Iter: 050, Train Loss: 5.5369, Train RMSE: 11.2988, Train MAPE: 0.9179, Train WMAPE: 0.0304
Epoch: 291, Training Time: 14.6997 secs
Epoch: 291, Inference Time: 1.8843 secs
Epoch: 291, Train Loss: 5.5534, Train RMSE: 11.8499, Train MAPE: 1.0267, Train WMAPE: 0.0311, 
Epoch: 291, Valid Loss: 10.3592, Valid RMSE: 39.1218, Valid MAPE: 3.6606, Valid WMAPE: 0.0595
No update
Iter: 000, Train Loss: 5.7745, Train RMSE: 12.0216, Train MAPE: 1.1130, Train WMAPE: 0.0321
Iter: 050, Train Loss: 5.5257, Train RMSE: 11.4744, Train MAPE: 0.6044, Train WMAPE: 0.0303
Epoch: 292, Training Time: 15.5016 secs
Epoch: 292, Inference Time: 1.9145 secs
Epoch: 292, Train Loss: 5.5382, Train RMSE: 11.8114, Train MAPE: 1.0317, Train WMAPE: 0.0310, 
Epoch: 292, Valid Loss: 10.2025, Valid RMSE: 39.2639, Valid MAPE: 1.9361, Valid WMAPE: 0.0586
###Update tasks appear###
Evaluate best model on test data for horizon 1, Test MAE: 8.8325, Test RMSE: 59.5060, Test MAPE: 6.9218, Test WMAPE: 0.0513
Evaluate best model on test data for horizon 2, Test MAE: 9.9429, Test RMSE: 55.2248, Test MAPE: 10.7637, Test WMAPE: 0.0577
Evaluate best model on test data for horizon 3, Test MAE: 9.7930, Test RMSE: 40.3424, Test MAPE: 13.1802, Test WMAPE: 0.0569
Evaluate best model on test data for horizon 4, Test MAE: 11.1683, Test RMSE: 46.2994, Test MAPE: 14.9277, Test WMAPE: 0.0649
Evaluate best model on test data for horizon 5, Test MAE: 12.8608, Test RMSE: 57.1947, Test MAPE: 16.0483, Test WMAPE: 0.0747
Evaluate best model on test data for horizon 6, Test MAE: 12.7110, Test RMSE: 47.3346, Test MAPE: 16.4536, Test WMAPE: 0.0739
Evaluate best model on test data for horizon 7, Test MAE: 13.5529, Test RMSE: 49.4344, Test MAPE: 16.4396, Test WMAPE: 0.0788
Evaluate best model on test data for horizon 8, Test MAE: 14.1233, Test RMSE: 50.0543, Test MAPE: 16.5232, Test WMAPE: 0.0821
Evaluate best model on test data for horizon 9, Test MAE: 14.4834, Test RMSE: 50.1565, Test MAPE: 17.0495, Test WMAPE: 0.0842
Evaluate best model on test data for horizon 10, Test MAE: 14.1856, Test RMSE: 44.0233, Test MAPE: 16.9248, Test WMAPE: 0.0825
Evaluate best model on test data for horizon 11, Test MAE: 15.1076, Test RMSE: 50.9029, Test MAPE: 17.1448, Test WMAPE: 0.0879
Evaluate best model on test data for horizon 12, Test MAE: 15.3698, Test RMSE: 51.5292, Test MAPE: 17.2168, Test WMAPE: 0.0894
On average over 12 horizons, Test MAE: 12.6776, Test RMSE: 50.1669, Test MAPE: 14.9662, Test WMAPE: 0.0737
Test low! Updating! Test Loss: 12.677582740783691, Test low! Updating! Valid Loss: 10.20248566355024, epoch:  292
Iter: 000, Train Loss: 5.6816, Train RMSE: 12.1205, Train MAPE: 0.4978, Train WMAPE: 0.0315
Iter: 050, Train Loss: 5.5941, Train RMSE: 11.3914, Train MAPE: 0.6049, Train WMAPE: 0.0307
Epoch: 293, Training Time: 15.4641 secs
Epoch: 293, Inference Time: 2.0771 secs
Epoch: 293, Train Loss: 5.5424, Train RMSE: 11.8619, Train MAPE: 0.8602, Train WMAPE: 0.0310, 
Epoch: 293, Valid Loss: 10.4726, Valid RMSE: 39.3622, Valid MAPE: 3.1365, Valid WMAPE: 0.0601
No update
Iter: 000, Train Loss: 5.6890, Train RMSE: 11.9737, Train MAPE: 0.9796, Train WMAPE: 0.0316
Iter: 050, Train Loss: 5.7120, Train RMSE: 11.4891, Train MAPE: 0.8882, Train WMAPE: 0.0313
Epoch: 294, Training Time: 15.9295 secs
Epoch: 294, Inference Time: 2.0611 secs
Epoch: 294, Train Loss: 5.5662, Train RMSE: 11.8468, Train MAPE: 1.0489, Train WMAPE: 0.0311, 
Epoch: 294, Valid Loss: 10.3528, Valid RMSE: 39.3092, Valid MAPE: 3.1382, Valid WMAPE: 0.0594
No update
Iter: 000, Train Loss: 5.5964, Train RMSE: 11.7704, Train MAPE: 1.0010, Train WMAPE: 0.0311
Iter: 050, Train Loss: 5.5523, Train RMSE: 11.5923, Train MAPE: 0.4502, Train WMAPE: 0.0304
Epoch: 295, Training Time: 16.0130 secs
Epoch: 295, Inference Time: 2.0814 secs
Epoch: 295, Train Loss: 5.5398, Train RMSE: 11.8026, Train MAPE: 1.0573, Train WMAPE: 0.0310, 
Epoch: 295, Valid Loss: 10.3469, Valid RMSE: 39.4414, Valid MAPE: 2.4047, Valid WMAPE: 0.0594
No update
Iter: 000, Train Loss: 5.6346, Train RMSE: 12.0490, Train MAPE: 0.6650, Train WMAPE: 0.0313
Iter: 050, Train Loss: 5.4885, Train RMSE: 11.2318, Train MAPE: 0.5720, Train WMAPE: 0.0301
Epoch: 296, Training Time: 15.5666 secs
Epoch: 296, Inference Time: 2.0929 secs
Epoch: 296, Train Loss: 5.5336, Train RMSE: 11.8255, Train MAPE: 0.9774, Train WMAPE: 0.0309, 
Epoch: 296, Valid Loss: 10.2161, Valid RMSE: 39.0746, Valid MAPE: 2.1979, Valid WMAPE: 0.0587
No update
Iter: 000, Train Loss: 5.5423, Train RMSE: 11.8095, Train MAPE: 0.6425, Train WMAPE: 0.0308
Iter: 050, Train Loss: 5.5024, Train RMSE: 11.5243, Train MAPE: 0.7659, Train WMAPE: 0.0302
Epoch: 297, Training Time: 15.5316 secs
Epoch: 297, Inference Time: 1.9446 secs
Epoch: 297, Train Loss: 5.5318, Train RMSE: 11.8044, Train MAPE: 0.9999, Train WMAPE: 0.0309, 
Epoch: 297, Valid Loss: 10.2327, Valid RMSE: 39.2323, Valid MAPE: 2.5593, Valid WMAPE: 0.0588
No update
Iter: 000, Train Loss: 5.6824, Train RMSE: 12.0365, Train MAPE: 0.7509, Train WMAPE: 0.0315
Iter: 050, Train Loss: 5.7490, Train RMSE: 11.8660, Train MAPE: 0.6943, Train WMAPE: 0.0315
Epoch: 298, Training Time: 15.0707 secs
Epoch: 298, Inference Time: 1.9015 secs
Epoch: 298, Train Loss: 5.5939, Train RMSE: 11.9833, Train MAPE: 0.8582, Train WMAPE: 0.0313, 
Epoch: 298, Valid Loss: 10.3884, Valid RMSE: 39.2877, Valid MAPE: 2.4405, Valid WMAPE: 0.0596
No update
Iter: 000, Train Loss: 5.6444, Train RMSE: 12.0345, Train MAPE: 0.7575, Train WMAPE: 0.0313
Iter: 050, Train Loss: 5.5141, Train RMSE: 11.4012, Train MAPE: 0.4636, Train WMAPE: 0.0302
Epoch: 299, Training Time: 14.9761 secs
Epoch: 299, Inference Time: 1.9109 secs
Epoch: 299, Train Loss: 5.5461, Train RMSE: 11.9184, Train MAPE: 0.8013, Train WMAPE: 0.0310, 
Epoch: 299, Valid Loss: 10.2834, Valid RMSE: 38.8080, Valid MAPE: 2.1463, Valid WMAPE: 0.0590
No update
Iter: 000, Train Loss: 5.6603, Train RMSE: 12.1589, Train MAPE: 0.6874, Train WMAPE: 0.0314
Iter: 050, Train Loss: 5.6644, Train RMSE: 11.7309, Train MAPE: 0.4667, Train WMAPE: 0.0311
Epoch: 300, Training Time: 15.5720 secs
Epoch: 300, Inference Time: 1.9890 secs
Epoch: 300, Train Loss: 5.6950, Train RMSE: 12.3566, Train MAPE: 0.8064, Train WMAPE: 0.0318, 
Epoch: 300, Valid Loss: 10.3519, Valid RMSE: 39.1094, Valid MAPE: 2.2203, Valid WMAPE: 0.0594
No update
Average Training Time: 15.3521 secs/epoch
Average Inference Time: 1.9460 secs
Training ends
The epoch of the best result： 292
The valid loss of the best model 10.2025
Evaluate best model on test data for horizon 1, Test MAE: 8.8325, Test RMSE: 59.5060, Test MAPE: 6.9218, Test WMAPE: 0.0513
Evaluate best model on test data for horizon 2, Test MAE: 9.9429, Test RMSE: 55.2248, Test MAPE: 10.7637, Test WMAPE: 0.0577
Evaluate best model on test data for horizon 3, Test MAE: 9.7930, Test RMSE: 40.3424, Test MAPE: 13.1802, Test WMAPE: 0.0569
Evaluate best model on test data for horizon 4, Test MAE: 11.1683, Test RMSE: 46.2994, Test MAPE: 14.9277, Test WMAPE: 0.0649
Evaluate best model on test data for horizon 5, Test MAE: 12.8608, Test RMSE: 57.1947, Test MAPE: 16.0483, Test WMAPE: 0.0747
Evaluate best model on test data for horizon 6, Test MAE: 12.7110, Test RMSE: 47.3346, Test MAPE: 16.4536, Test WMAPE: 0.0739
Evaluate best model on test data for horizon 7, Test MAE: 13.5529, Test RMSE: 49.4344, Test MAPE: 16.4396, Test WMAPE: 0.0788
Evaluate best model on test data for horizon 8, Test MAE: 14.1233, Test RMSE: 50.0543, Test MAPE: 16.5232, Test WMAPE: 0.0821
Evaluate best model on test data for horizon 9, Test MAE: 14.4834, Test RMSE: 50.1565, Test MAPE: 17.0495, Test WMAPE: 0.0842
Evaluate best model on test data for horizon 10, Test MAE: 14.1856, Test RMSE: 44.0233, Test MAPE: 16.9248, Test WMAPE: 0.0825
Evaluate best model on test data for horizon 11, Test MAE: 15.1076, Test RMSE: 50.9029, Test MAPE: 17.1448, Test WMAPE: 0.0879
Evaluate best model on test data for horizon 12, Test MAE: 15.3698, Test RMSE: 51.5292, Test MAPE: 17.2168, Test WMAPE: 0.0894
On average over 12 horizons, Test MAE: 12.6776, Test RMSE: 50.1669, Test MAPE: 14.9662, Test WMAPE: 0.0737
Total time spent: 5265.8969
