nohup: ignoring input
Perform shuffle on the dataset
Namespace(batch_size=64, data='data//electricityLondon', device='cuda:0', dropout=0.1, epochs=300, es_patience=100, expid=1, input_dim=3, learning_rate=0.001, print_every=50, save='./logs/MeanAgg-MLPFb-PostAgg', weight_decay=0.0001)
Ranger optimizer loaded. 
Gradient Centralization usage = True
GC applied to both conv and fc layers
The number of parameters: 511925
STIDGCN(
  (Temb): TemporalEmbedding()
  (start_conv): Conv2d(3, 32, kernel_size=(1, 1), stride=(1, 1))
  (tree): IDGCN_Tree(
    (IDGCN1): IDGCN(
      (split): Splitting()
      (conv1): Sequential(
        (0): ReplicationPad2d((3, 3, 0, 0))
        (1): Conv2d(64, 64, kernel_size=(1, 5), stride=(1, 1))
        (2): LeakyReLU(negative_slope=0.01, inplace=True)
        (3): Dropout(p=0.1, inplace=False)
        (4): Conv2d(64, 64, kernel_size=(1, 3), stride=(1, 1))
        (5): Tanh()
      )
      (conv2): Sequential(
        (0): ReplicationPad2d((3, 3, 0, 0))
        (1): Conv2d(64, 64, kernel_size=(1, 5), stride=(1, 1))
        (2): LeakyReLU(negative_slope=0.01, inplace=True)
        (3): Dropout(p=0.1, inplace=False)
        (4): Conv2d(64, 64, kernel_size=(1, 3), stride=(1, 1))
        (5): Tanh()
      )
      (conv3): Sequential(
        (0): ReplicationPad2d((3, 3, 0, 0))
        (1): Conv2d(64, 64, kernel_size=(1, 5), stride=(1, 1))
        (2): LeakyReLU(negative_slope=0.01, inplace=True)
        (3): Dropout(p=0.1, inplace=False)
        (4): Conv2d(64, 64, kernel_size=(1, 3), stride=(1, 1))
        (5): Tanh()
      )
      (conv4): Sequential(
        (0): ReplicationPad2d((3, 3, 0, 0))
        (1): Conv2d(64, 64, kernel_size=(1, 5), stride=(1, 1))
        (2): LeakyReLU(negative_slope=0.01, inplace=True)
        (3): Dropout(p=0.1, inplace=False)
        (4): Conv2d(64, 64, kernel_size=(1, 3), stride=(1, 1))
        (5): Tanh()
      )
      (dgcn): DGCN(
        (conv): Conv2d(64, 64, kernel_size=(1, 1), stride=(1, 1))
        (generator): Graph_Generator(
          (fc): Linear(in_features=2, out_features=1, bias=True)
        )
        (gcn): Diffusion_GCN(
          (conv): Conv2d(64, 64, kernel_size=(1, 1), stride=(1, 1))
          (dropout): Dropout(p=0.1, inplace=False)
        )
      )
    )
    (IDGCN2): IDGCN(
      (split): Splitting()
      (conv1): Sequential(
        (0): ReplicationPad2d((3, 3, 0, 0))
        (1): Conv2d(64, 64, kernel_size=(1, 5), stride=(1, 1))
        (2): LeakyReLU(negative_slope=0.01, inplace=True)
        (3): Dropout(p=0.1, inplace=False)
        (4): Conv2d(64, 64, kernel_size=(1, 3), stride=(1, 1))
        (5): Tanh()
      )
      (conv2): Sequential(
        (0): ReplicationPad2d((3, 3, 0, 0))
        (1): Conv2d(64, 64, kernel_size=(1, 5), stride=(1, 1))
        (2): LeakyReLU(negative_slope=0.01, inplace=True)
        (3): Dropout(p=0.1, inplace=False)
        (4): Conv2d(64, 64, kernel_size=(1, 3), stride=(1, 1))
        (5): Tanh()
      )
      (conv3): Sequential(
        (0): ReplicationPad2d((3, 3, 0, 0))
        (1): Conv2d(64, 64, kernel_size=(1, 5), stride=(1, 1))
        (2): LeakyReLU(negative_slope=0.01, inplace=True)
        (3): Dropout(p=0.1, inplace=False)
        (4): Conv2d(64, 64, kernel_size=(1, 3), stride=(1, 1))
        (5): Tanh()
      )
      (conv4): Sequential(
        (0): ReplicationPad2d((3, 3, 0, 0))
        (1): Conv2d(64, 64, kernel_size=(1, 5), stride=(1, 1))
        (2): LeakyReLU(negative_slope=0.01, inplace=True)
        (3): Dropout(p=0.1, inplace=False)
        (4): Conv2d(64, 64, kernel_size=(1, 3), stride=(1, 1))
        (5): Tanh()
      )
      (dgcn): DGCN(
        (conv): Conv2d(64, 64, kernel_size=(1, 1), stride=(1, 1))
        (generator): Graph_Generator(
          (fc): Linear(in_features=2, out_features=1, bias=True)
        )
        (gcn): Diffusion_GCN(
          (conv): Conv2d(64, 64, kernel_size=(1, 1), stride=(1, 1))
          (dropout): Dropout(p=0.1, inplace=False)
        )
      )
    )
    (IDGCN3): IDGCN(
      (split): Splitting()
      (conv1): Sequential(
        (0): ReplicationPad2d((3, 3, 0, 0))
        (1): Conv2d(64, 64, kernel_size=(1, 5), stride=(1, 1))
        (2): LeakyReLU(negative_slope=0.01, inplace=True)
        (3): Dropout(p=0.1, inplace=False)
        (4): Conv2d(64, 64, kernel_size=(1, 3), stride=(1, 1))
        (5): Tanh()
      )
      (conv2): Sequential(
        (0): ReplicationPad2d((3, 3, 0, 0))
        (1): Conv2d(64, 64, kernel_size=(1, 5), stride=(1, 1))
        (2): LeakyReLU(negative_slope=0.01, inplace=True)
        (3): Dropout(p=0.1, inplace=False)
        (4): Conv2d(64, 64, kernel_size=(1, 3), stride=(1, 1))
        (5): Tanh()
      )
      (conv3): Sequential(
        (0): ReplicationPad2d((3, 3, 0, 0))
        (1): Conv2d(64, 64, kernel_size=(1, 5), stride=(1, 1))
        (2): LeakyReLU(negative_slope=0.01, inplace=True)
        (3): Dropout(p=0.1, inplace=False)
        (4): Conv2d(64, 64, kernel_size=(1, 3), stride=(1, 1))
        (5): Tanh()
      )
      (conv4): Sequential(
        (0): ReplicationPad2d((3, 3, 0, 0))
        (1): Conv2d(64, 64, kernel_size=(1, 5), stride=(1, 1))
        (2): LeakyReLU(negative_slope=0.01, inplace=True)
        (3): Dropout(p=0.1, inplace=False)
        (4): Conv2d(64, 64, kernel_size=(1, 3), stride=(1, 1))
        (5): Tanh()
      )
      (dgcn): DGCN(
        (conv): Conv2d(64, 64, kernel_size=(1, 1), stride=(1, 1))
        (generator): Graph_Generator(
          (fc): Linear(in_features=2, out_features=1, bias=True)
        )
        (gcn): Diffusion_GCN(
          (conv): Conv2d(64, 64, kernel_size=(1, 1), stride=(1, 1))
          (dropout): Dropout(p=0.1, inplace=False)
        )
      )
    )
  )
  (glu): GLU(
    (conv1): Conv2d(64, 64, kernel_size=(1, 1), stride=(1, 1))
    (conv2): Conv2d(64, 64, kernel_size=(1, 1), stride=(1, 1))
    (conv3): Conv2d(64, 64, kernel_size=(1, 1), stride=(1, 1))
    (dropout): Dropout(p=0.1, inplace=False)
  )
  (regression_layer): Conv2d(64, 12, kernel_size=(1, 12), stride=(1, 1))
  (cluster_agg): ClusterMeanAggregation()
  (cluster_feedback): ClusterMLPFeedback(
    (activation): ReLU()
  )
)
start training...
/dfs/data/Cluster-aware-STIDGCN/ranger21.py:131: UserWarning: This overload of addcmul_ is deprecated:
	addcmul_(Number value, Tensor tensor1, Tensor tensor2)
Consider using one of the following signatures instead:
	addcmul_(Tensor tensor1, Tensor tensor2, *, Number value) (Triggered internally at /opt/pytorch/pytorch/torch/csrc/utils/python_arg_parser.cpp:1488.)
  exp_avg_sq.mul_(beta2).addcmul_(1 - beta2, grad, grad)
Iter: 000, Train Loss: 154.1413, Train RMSE: 208.8701, Train MAPE: 160.8688, Train WMAPE: 0.8557
Iter: 050, Train Loss: 121.4095, Train RMSE: 179.4755, Train MAPE: 87.5047, Train WMAPE: 0.6658
Epoch: 001, Training Time: 16.1897 secs
Epoch: 001, Inference Time: 2.1953 secs
Epoch: 001, Train Loss: 122.7195, Train RMSE: 176.2008, Train MAPE: 111.6010, Train WMAPE: 0.6863, 
Epoch: 001, Valid Loss: 64.0189, Valid RMSE: 111.5470, Valid MAPE: 74.7662, Valid WMAPE: 0.3674
###Update tasks appear###
Updating! Valid Loss: 64.01894337790353, epoch:  1
Iter: 000, Train Loss: 63.8791, Train RMSE: 104.6409, Train MAPE: 32.2115, Train WMAPE: 0.3546
Iter: 050, Train Loss: 30.2799, Train RMSE: 53.5344, Train MAPE: 9.1445, Train WMAPE: 0.1660
Epoch: 002, Training Time: 15.7026 secs
Epoch: 002, Inference Time: 2.0532 secs
Epoch: 002, Train Loss: 35.3844, Train RMSE: 59.7493, Train MAPE: 13.7084, Train WMAPE: 0.1979, 
Epoch: 002, Valid Loss: 28.0592, Valid RMSE: 61.8761, Valid MAPE: 19.5606, Valid WMAPE: 0.1610
###Update tasks appear###
Updating! Valid Loss: 28.059190613882883, epoch:  2
Iter: 000, Train Loss: 26.1870, Train RMSE: 46.6687, Train MAPE: 8.5997, Train WMAPE: 0.1454
Iter: 050, Train Loss: 22.0187, Train RMSE: 38.0223, Train MAPE: 4.1274, Train WMAPE: 0.1207
Epoch: 003, Training Time: 15.3596 secs
Epoch: 003, Inference Time: 1.9131 secs
Epoch: 003, Train Loss: 21.9290, Train RMSE: 37.4945, Train MAPE: 5.9171, Train WMAPE: 0.1226, 
Epoch: 003, Valid Loss: 21.6080, Valid RMSE: 53.1071, Valid MAPE: 9.6311, Valid WMAPE: 0.1241
###Update tasks appear###
Updating! Valid Loss: 21.607984474727086, epoch:  3
Iter: 000, Train Loss: 19.3359, Train RMSE: 33.3071, Train MAPE: 4.1347, Train WMAPE: 0.1073
Iter: 050, Train Loss: 18.1828, Train RMSE: 32.6730, Train MAPE: 2.9127, Train WMAPE: 0.0997
Epoch: 004, Training Time: 15.2527 secs
Epoch: 004, Inference Time: 1.9016 secs
Epoch: 004, Train Loss: 17.6558, Train RMSE: 30.7039, Train MAPE: 4.2281, Train WMAPE: 0.0987, 
Epoch: 004, Valid Loss: 19.4649, Valid RMSE: 52.3544, Valid MAPE: 7.2335, Valid WMAPE: 0.1119
###Update tasks appear###
Updating! Valid Loss: 19.464877332959855, epoch:  4
Iter: 000, Train Loss: 16.5833, Train RMSE: 30.3788, Train MAPE: 3.5080, Train WMAPE: 0.0921
Iter: 050, Train Loss: 16.8178, Train RMSE: 31.7407, Train MAPE: 2.6223, Train WMAPE: 0.0922
Epoch: 005, Training Time: 15.5596 secs
Epoch: 005, Inference Time: 2.0048 secs
Epoch: 005, Train Loss: 15.5699, Train RMSE: 28.4133, Train MAPE: 3.7450, Train WMAPE: 0.0871, 
Epoch: 005, Valid Loss: 17.9036, Valid RMSE: 51.6497, Valid MAPE: 7.6541, Valid WMAPE: 0.1029
###Update tasks appear###
Updating! Valid Loss: 17.903584684644425, epoch:  5
Iter: 000, Train Loss: 15.2640, Train RMSE: 29.2065, Train MAPE: 3.5009, Train WMAPE: 0.0847
Iter: 050, Train Loss: 15.9776, Train RMSE: 30.9868, Train MAPE: 2.3296, Train WMAPE: 0.0876
Epoch: 006, Training Time: 15.4061 secs
Epoch: 006, Inference Time: 1.9482 secs
Epoch: 006, Train Loss: 14.5418, Train RMSE: 27.2556, Train MAPE: 3.4535, Train WMAPE: 0.0813, 
Epoch: 006, Valid Loss: 17.3522, Valid RMSE: 50.8485, Valid MAPE: 7.9541, Valid WMAPE: 0.0998
###Update tasks appear###
Updating! Valid Loss: 17.35220149585179, epoch:  6
Iter: 000, Train Loss: 14.2522, Train RMSE: 27.8075, Train MAPE: 4.1765, Train WMAPE: 0.0791
Iter: 050, Train Loss: 15.2644, Train RMSE: 30.2150, Train MAPE: 2.1473, Train WMAPE: 0.0837
Epoch: 007, Training Time: 15.2888 secs
Epoch: 007, Inference Time: 1.8984 secs
Epoch: 007, Train Loss: 13.7430, Train RMSE: 26.4357, Train MAPE: 3.1427, Train WMAPE: 0.0769, 
Epoch: 007, Valid Loss: 17.3316, Valid RMSE: 51.0870, Valid MAPE: 4.9885, Valid WMAPE: 0.0996
###Update tasks appear###
Updating! Valid Loss: 17.331603288650513, epoch:  7
Iter: 000, Train Loss: 14.3745, Train RMSE: 28.2050, Train MAPE: 2.7977, Train WMAPE: 0.0798
Iter: 050, Train Loss: 14.7625, Train RMSE: 29.5292, Train MAPE: 1.8824, Train WMAPE: 0.0810
Epoch: 008, Training Time: 15.5693 secs
Epoch: 008, Inference Time: 1.9167 secs
Epoch: 008, Train Loss: 13.1838, Train RMSE: 25.8672, Train MAPE: 2.8327, Train WMAPE: 0.0737, 
Epoch: 008, Valid Loss: 16.6869, Valid RMSE: 50.1231, Valid MAPE: 5.4909, Valid WMAPE: 0.0960
###Update tasks appear###
Updating! Valid Loss: 16.68693389211382, epoch:  8
Iter: 000, Train Loss: 13.0995, Train RMSE: 26.5214, Train MAPE: 2.8256, Train WMAPE: 0.0727
Iter: 050, Train Loss: 14.3043, Train RMSE: 28.9612, Train MAPE: 1.8589, Train WMAPE: 0.0784
Epoch: 009, Training Time: 15.5031 secs
Epoch: 009, Inference Time: 2.0831 secs
Epoch: 009, Train Loss: 12.7509, Train RMSE: 25.3614, Train MAPE: 2.6616, Train WMAPE: 0.0713, 
Epoch: 009, Valid Loss: 16.6193, Valid RMSE: 50.1734, Valid MAPE: 8.1955, Valid WMAPE: 0.0956
###Update tasks appear###
Updating! Valid Loss: 16.619347844805038, epoch:  9
Iter: 000, Train Loss: 13.2759, Train RMSE: 26.8775, Train MAPE: 3.7258, Train WMAPE: 0.0737
Iter: 050, Train Loss: 14.2186, Train RMSE: 28.6522, Train MAPE: 1.9163, Train WMAPE: 0.0780
Epoch: 010, Training Time: 15.3851 secs
Epoch: 010, Inference Time: 2.0944 secs
Epoch: 010, Train Loss: 12.4111, Train RMSE: 24.9125, Train MAPE: 2.6675, Train WMAPE: 0.0694, 
Epoch: 010, Valid Loss: 16.0909, Valid RMSE: 49.4994, Valid MAPE: 7.2507, Valid WMAPE: 0.0925
###Update tasks appear###
Updating! Valid Loss: 16.090931619916642, epoch:  10
Iter: 000, Train Loss: 12.4054, Train RMSE: 25.5593, Train MAPE: 3.1213, Train WMAPE: 0.0689
Iter: 050, Train Loss: 13.8396, Train RMSE: 28.6183, Train MAPE: 1.6517, Train WMAPE: 0.0759
Epoch: 011, Training Time: 15.3807 secs
Epoch: 011, Inference Time: 2.0065 secs
Epoch: 011, Train Loss: 12.0908, Train RMSE: 24.4897, Train MAPE: 2.5143, Train WMAPE: 0.0676, 
Epoch: 011, Valid Loss: 15.6323, Valid RMSE: 49.0554, Valid MAPE: 5.6147, Valid WMAPE: 0.0899
###Update tasks appear###
Updating! Valid Loss: 15.632253987448555, epoch:  11
Iter: 000, Train Loss: 11.9405, Train RMSE: 24.9391, Train MAPE: 2.2142, Train WMAPE: 0.0663
Iter: 050, Train Loss: 13.4765, Train RMSE: 27.9309, Train MAPE: 1.5845, Train WMAPE: 0.0739
Epoch: 012, Training Time: 15.3632 secs
Epoch: 012, Inference Time: 1.9788 secs
Epoch: 012, Train Loss: 11.8101, Train RMSE: 24.0776, Train MAPE: 2.4280, Train WMAPE: 0.0660, 
Epoch: 012, Valid Loss: 15.5375, Valid RMSE: 48.8273, Valid MAPE: 7.0941, Valid WMAPE: 0.0894
###Update tasks appear###
Updating! Valid Loss: 15.537471226283483, epoch:  12
Iter: 000, Train Loss: 11.8420, Train RMSE: 24.7976, Train MAPE: 3.2796, Train WMAPE: 0.0657
Iter: 050, Train Loss: 13.7146, Train RMSE: 28.0815, Train MAPE: 1.9465, Train WMAPE: 0.0752
Epoch: 013, Training Time: 14.7945 secs
Epoch: 013, Inference Time: 2.0769 secs
Epoch: 013, Train Loss: 11.6053, Train RMSE: 23.7490, Train MAPE: 2.4419, Train WMAPE: 0.0649, 
Epoch: 013, Valid Loss: 15.5090, Valid RMSE: 48.6715, Valid MAPE: 8.8353, Valid WMAPE: 0.0892
###Update tasks appear###
Updating! Valid Loss: 15.508955580847603, epoch:  13
Iter: 000, Train Loss: 12.0135, Train RMSE: 24.9820, Train MAPE: 3.7577, Train WMAPE: 0.0667
Iter: 050, Train Loss: 13.0633, Train RMSE: 27.2009, Train MAPE: 1.4121, Train WMAPE: 0.0716
Epoch: 014, Training Time: 14.3932 secs
Epoch: 014, Inference Time: 1.9911 secs
Epoch: 014, Train Loss: 11.3865, Train RMSE: 23.4483, Train MAPE: 2.3428, Train WMAPE: 0.0637, 
Epoch: 014, Valid Loss: 15.0821, Valid RMSE: 48.3687, Valid MAPE: 5.5013, Valid WMAPE: 0.0867
###Update tasks appear###
Updating! Valid Loss: 15.082077366965157, epoch:  14
Iter: 000, Train Loss: 11.5156, Train RMSE: 24.4857, Train MAPE: 2.6790, Train WMAPE: 0.0639
Iter: 050, Train Loss: 12.9930, Train RMSE: 27.2428, Train MAPE: 1.3182, Train WMAPE: 0.0712
Epoch: 015, Training Time: 14.6268 secs
Epoch: 015, Inference Time: 1.9682 secs
Epoch: 015, Train Loss: 11.2834, Train RMSE: 23.2984, Train MAPE: 2.3777, Train WMAPE: 0.0631, 
Epoch: 015, Valid Loss: 14.7475, Valid RMSE: 48.1962, Valid MAPE: 4.3544, Valid WMAPE: 0.0848
###Update tasks appear###
Updating! Valid Loss: 14.74745958192008, epoch:  15
Iter: 000, Train Loss: 11.2351, Train RMSE: 24.2800, Train MAPE: 2.2339, Train WMAPE: 0.0624
Iter: 050, Train Loss: 12.9641, Train RMSE: 27.1668, Train MAPE: 1.5345, Train WMAPE: 0.0711
Epoch: 016, Training Time: 15.0007 secs
Epoch: 016, Inference Time: 2.0850 secs
Epoch: 016, Train Loss: 11.0732, Train RMSE: 23.0437, Train MAPE: 2.2321, Train WMAPE: 0.0619, 
Epoch: 016, Valid Loss: 14.6661, Valid RMSE: 48.1361, Valid MAPE: 4.4055, Valid WMAPE: 0.0843
###Update tasks appear###
Updating! Valid Loss: 14.666068111147199, epoch:  16
Iter: 000, Train Loss: 11.2640, Train RMSE: 24.3803, Train MAPE: 2.3183, Train WMAPE: 0.0625
Iter: 050, Train Loss: 12.8424, Train RMSE: 27.0511, Train MAPE: 2.1530, Train WMAPE: 0.0704
Epoch: 017, Training Time: 15.1871 secs
Epoch: 017, Inference Time: 1.9863 secs
Epoch: 017, Train Loss: 10.8911, Train RMSE: 22.7887, Train MAPE: 2.1261, Train WMAPE: 0.0609, 
Epoch: 017, Valid Loss: 14.6224, Valid RMSE: 47.6995, Valid MAPE: 6.5332, Valid WMAPE: 0.0840
###Update tasks appear###
Updating! Valid Loss: 14.622404098510742, epoch:  17
Iter: 000, Train Loss: 11.1672, Train RMSE: 23.9336, Train MAPE: 3.0740, Train WMAPE: 0.0620
Iter: 050, Train Loss: 12.4863, Train RMSE: 26.6323, Train MAPE: 1.7878, Train WMAPE: 0.0685
Epoch: 018, Training Time: 15.3172 secs
Epoch: 018, Inference Time: 2.0737 secs
Epoch: 018, Train Loss: 10.7620, Train RMSE: 22.5952, Train MAPE: 2.0738, Train WMAPE: 0.0602, 
Epoch: 018, Valid Loss: 14.2115, Valid RMSE: 47.3353, Valid MAPE: 3.7744, Valid WMAPE: 0.0817
###Update tasks appear###
Updating! Valid Loss: 14.211468866893224, epoch:  18
Iter: 000, Train Loss: 10.7637, Train RMSE: 23.5155, Train MAPE: 1.9238, Train WMAPE: 0.0598
Iter: 050, Train Loss: 12.4528, Train RMSE: 26.4227, Train MAPE: 1.3751, Train WMAPE: 0.0683
Epoch: 019, Training Time: 15.3625 secs
Epoch: 019, Inference Time: 1.9900 secs
Epoch: 019, Train Loss: 10.6252, Train RMSE: 22.3749, Train MAPE: 2.0656, Train WMAPE: 0.0594, 
Epoch: 019, Valid Loss: 14.5895, Valid RMSE: 47.2614, Valid MAPE: 8.3742, Valid WMAPE: 0.0838
No update
Iter: 000, Train Loss: 11.2802, Train RMSE: 24.0392, Train MAPE: 3.5145, Train WMAPE: 0.0626
Iter: 050, Train Loss: 12.4483, Train RMSE: 26.3234, Train MAPE: 1.3982, Train WMAPE: 0.0683
Epoch: 020, Training Time: 15.4991 secs
Epoch: 020, Inference Time: 2.1090 secs
Epoch: 020, Train Loss: 10.5454, Train RMSE: 22.2610, Train MAPE: 2.0296, Train WMAPE: 0.0590, 
Epoch: 020, Valid Loss: 13.9411, Valid RMSE: 46.8549, Valid MAPE: 3.8530, Valid WMAPE: 0.0801
###Update tasks appear###
Updating! Valid Loss: 13.941140481403895, epoch:  20
Iter: 000, Train Loss: 10.7087, Train RMSE: 23.5157, Train MAPE: 1.7003, Train WMAPE: 0.0595
Iter: 050, Train Loss: 12.2343, Train RMSE: 26.0996, Train MAPE: 1.4185, Train WMAPE: 0.0671
Epoch: 021, Training Time: 15.6204 secs
Epoch: 021, Inference Time: 2.0371 secs
Epoch: 021, Train Loss: 10.4553, Train RMSE: 22.0842, Train MAPE: 2.1515, Train WMAPE: 0.0585, 
Epoch: 021, Valid Loss: 13.8894, Valid RMSE: 46.6720, Valid MAPE: 3.6800, Valid WMAPE: 0.0798
###Update tasks appear###
Updating! Valid Loss: 13.889423608779907, epoch:  21
Iter: 000, Train Loss: 10.5548, Train RMSE: 23.1407, Train MAPE: 1.9128, Train WMAPE: 0.0586
Iter: 050, Train Loss: 12.3185, Train RMSE: 26.4653, Train MAPE: 1.7169, Train WMAPE: 0.0675
Epoch: 022, Training Time: 15.5114 secs
Epoch: 022, Inference Time: 2.0603 secs
Epoch: 022, Train Loss: 10.3330, Train RMSE: 21.9571, Train MAPE: 1.8824, Train WMAPE: 0.0578, 
Epoch: 022, Valid Loss: 14.4856, Valid RMSE: 46.9033, Valid MAPE: 5.7492, Valid WMAPE: 0.0832
No update
Iter: 000, Train Loss: 11.3553, Train RMSE: 24.0271, Train MAPE: 1.8793, Train WMAPE: 0.0630
Iter: 050, Train Loss: 12.1700, Train RMSE: 26.0231, Train MAPE: 1.7637, Train WMAPE: 0.0667
Epoch: 023, Training Time: 15.3405 secs
Epoch: 023, Inference Time: 2.0482 secs
Epoch: 023, Train Loss: 10.2363, Train RMSE: 21.7080, Train MAPE: 2.0697, Train WMAPE: 0.0572, 
Epoch: 023, Valid Loss: 13.9393, Valid RMSE: 46.3034, Valid MAPE: 3.8505, Valid WMAPE: 0.0801
No update
Iter: 000, Train Loss: 10.8654, Train RMSE: 23.5691, Train MAPE: 1.6523, Train WMAPE: 0.0603
Iter: 050, Train Loss: 12.1818, Train RMSE: 25.9127, Train MAPE: 1.3757, Train WMAPE: 0.0668
Epoch: 024, Training Time: 15.2965 secs
Epoch: 024, Inference Time: 2.0119 secs
Epoch: 024, Train Loss: 10.1760, Train RMSE: 21.6093, Train MAPE: 1.9264, Train WMAPE: 0.0569, 
Epoch: 024, Valid Loss: 13.7046, Valid RMSE: 46.0957, Valid MAPE: 3.7886, Valid WMAPE: 0.0787
###Update tasks appear###
Updating! Valid Loss: 13.704568079539708, epoch:  24
Iter: 000, Train Loss: 10.5881, Train RMSE: 23.2778, Train MAPE: 1.4501, Train WMAPE: 0.0588
Iter: 050, Train Loss: 11.8645, Train RMSE: 25.4439, Train MAPE: 1.4357, Train WMAPE: 0.0651
Epoch: 025, Training Time: 15.4932 secs
Epoch: 025, Inference Time: 2.0636 secs
Epoch: 025, Train Loss: 10.0039, Train RMSE: 21.3557, Train MAPE: 1.8572, Train WMAPE: 0.0559, 
Epoch: 025, Valid Loss: 14.1275, Valid RMSE: 45.8556, Valid MAPE: 8.6329, Valid WMAPE: 0.0811
No update
Iter: 000, Train Loss: 11.0165, Train RMSE: 23.5450, Train MAPE: 3.6074, Train WMAPE: 0.0612
Iter: 050, Train Loss: 12.2699, Train RMSE: 25.7219, Train MAPE: 1.5713, Train WMAPE: 0.0673
Epoch: 026, Training Time: 15.5925 secs
Epoch: 026, Inference Time: 2.0132 secs
Epoch: 026, Train Loss: 10.0148, Train RMSE: 21.3481, Train MAPE: 1.8617, Train WMAPE: 0.0560, 
Epoch: 026, Valid Loss: 13.4096, Valid RMSE: 45.4917, Valid MAPE: 4.4728, Valid WMAPE: 0.0770
###Update tasks appear###
Updating! Valid Loss: 13.409617594310216, epoch:  26
Iter: 000, Train Loss: 10.4624, Train RMSE: 23.0560, Train MAPE: 1.5417, Train WMAPE: 0.0581
Iter: 050, Train Loss: 11.7686, Train RMSE: 25.2225, Train MAPE: 1.6748, Train WMAPE: 0.0645
Epoch: 027, Training Time: 15.4607 secs
Epoch: 027, Inference Time: 2.0100 secs
Epoch: 027, Train Loss: 9.9175, Train RMSE: 21.2040, Train MAPE: 1.8617, Train WMAPE: 0.0555, 
Epoch: 027, Valid Loss: 13.4349, Valid RMSE: 45.2214, Valid MAPE: 5.7208, Valid WMAPE: 0.0772
No update
Iter: 000, Train Loss: 10.4236, Train RMSE: 22.5860, Train MAPE: 2.0900, Train WMAPE: 0.0579
Iter: 050, Train Loss: 11.9782, Train RMSE: 25.3880, Train MAPE: 1.3905, Train WMAPE: 0.0657
Epoch: 028, Training Time: 15.5829 secs
Epoch: 028, Inference Time: 2.1139 secs
Epoch: 028, Train Loss: 9.8055, Train RMSE: 20.9446, Train MAPE: 1.9321, Train WMAPE: 0.0548, 
Epoch: 028, Valid Loss: 13.9709, Valid RMSE: 45.5228, Valid MAPE: 5.9676, Valid WMAPE: 0.0802
No update
Iter: 000, Train Loss: 10.9347, Train RMSE: 23.0978, Train MAPE: 2.1662, Train WMAPE: 0.0607
Iter: 050, Train Loss: 11.4483, Train RMSE: 24.5760, Train MAPE: 1.2555, Train WMAPE: 0.0628
Epoch: 029, Training Time: 15.5773 secs
Epoch: 029, Inference Time: 1.9808 secs
Epoch: 029, Train Loss: 9.7844, Train RMSE: 20.8519, Train MAPE: 1.8691, Train WMAPE: 0.0547, 
Epoch: 029, Valid Loss: 13.3600, Valid RMSE: 45.1633, Valid MAPE: 3.0040, Valid WMAPE: 0.0767
###Update tasks appear###
Updating! Valid Loss: 13.359978471483503, epoch:  29
Iter: 000, Train Loss: 10.2761, Train RMSE: 22.5932, Train MAPE: 1.5290, Train WMAPE: 0.0570
Iter: 050, Train Loss: 11.5297, Train RMSE: 24.7753, Train MAPE: 1.5932, Train WMAPE: 0.0632
Epoch: 030, Training Time: 15.3921 secs
Epoch: 030, Inference Time: 2.0798 secs
Epoch: 030, Train Loss: 9.6291, Train RMSE: 20.6586, Train MAPE: 1.8113, Train WMAPE: 0.0539, 
Epoch: 030, Valid Loss: 13.2070, Valid RMSE: 44.6417, Valid MAPE: 6.5692, Valid WMAPE: 0.0758
###Update tasks appear###
Updating! Valid Loss: 13.20695059640067, epoch:  30
Iter: 000, Train Loss: 10.0914, Train RMSE: 22.2147, Train MAPE: 2.6963, Train WMAPE: 0.0560
Iter: 050, Train Loss: 11.3615, Train RMSE: 24.5755, Train MAPE: 1.1005, Train WMAPE: 0.0623
Epoch: 031, Training Time: 15.2857 secs
Epoch: 031, Inference Time: 2.0937 secs
Epoch: 031, Train Loss: 9.5828, Train RMSE: 20.5262, Train MAPE: 1.8322, Train WMAPE: 0.0536, 
Epoch: 031, Valid Loss: 13.4161, Valid RMSE: 44.6479, Valid MAPE: 7.7369, Valid WMAPE: 0.0770
No update
Iter: 000, Train Loss: 10.4099, Train RMSE: 22.4130, Train MAPE: 3.3263, Train WMAPE: 0.0578
Iter: 050, Train Loss: 11.0480, Train RMSE: 23.9051, Train MAPE: 1.1091, Train WMAPE: 0.0606
Epoch: 032, Training Time: 15.4958 secs
Epoch: 032, Inference Time: 2.0023 secs
Epoch: 032, Train Loss: 9.5060, Train RMSE: 20.4452, Train MAPE: 1.6743, Train WMAPE: 0.0532, 
Epoch: 032, Valid Loss: 13.0043, Valid RMSE: 44.4447, Valid MAPE: 4.7580, Valid WMAPE: 0.0747
###Update tasks appear###
Updating! Valid Loss: 13.00432184764317, epoch:  32
Iter: 000, Train Loss: 10.0511, Train RMSE: 21.9331, Train MAPE: 1.8987, Train WMAPE: 0.0558
Iter: 050, Train Loss: 11.0114, Train RMSE: 23.7926, Train MAPE: 1.0903, Train WMAPE: 0.0604
Epoch: 033, Training Time: 15.4664 secs
Epoch: 033, Inference Time: 2.0845 secs
Epoch: 033, Train Loss: 9.4349, Train RMSE: 20.2409, Train MAPE: 1.7075, Train WMAPE: 0.0528, 
Epoch: 033, Valid Loss: 13.2138, Valid RMSE: 44.4389, Valid MAPE: 6.2159, Valid WMAPE: 0.0759
No update
Iter: 000, Train Loss: 10.0784, Train RMSE: 21.8259, Train MAPE: 2.4903, Train WMAPE: 0.0560
Iter: 050, Train Loss: 10.9688, Train RMSE: 23.1900, Train MAPE: 1.0419, Train WMAPE: 0.0601
Epoch: 034, Training Time: 15.5011 secs
Epoch: 034, Inference Time: 1.9946 secs
Epoch: 034, Train Loss: 9.3833, Train RMSE: 20.0941, Train MAPE: 1.7926, Train WMAPE: 0.0525, 
Epoch: 034, Valid Loss: 13.1771, Valid RMSE: 44.2789, Valid MAPE: 7.9909, Valid WMAPE: 0.0757
No update
Iter: 000, Train Loss: 10.1635, Train RMSE: 21.9686, Train MAPE: 3.4627, Train WMAPE: 0.0564
Iter: 050, Train Loss: 10.8675, Train RMSE: 23.2539, Train MAPE: 1.2116, Train WMAPE: 0.0596
Epoch: 035, Training Time: 15.3194 secs
Epoch: 035, Inference Time: 2.0699 secs
Epoch: 035, Train Loss: 9.3139, Train RMSE: 19.9785, Train MAPE: 1.7505, Train WMAPE: 0.0521, 
Epoch: 035, Valid Loss: 12.8157, Valid RMSE: 44.1662, Valid MAPE: 3.8512, Valid WMAPE: 0.0736
###Update tasks appear###
Updating! Valid Loss: 12.815659216472081, epoch:  35
Iter: 000, Train Loss: 9.6720, Train RMSE: 21.4114, Train MAPE: 1.4497, Train WMAPE: 0.0537
Iter: 050, Train Loss: 11.1329, Train RMSE: 23.7174, Train MAPE: 1.1893, Train WMAPE: 0.0610
Epoch: 036, Training Time: 15.4751 secs
Epoch: 036, Inference Time: 1.9977 secs
Epoch: 036, Train Loss: 9.2799, Train RMSE: 19.8893, Train MAPE: 1.6904, Train WMAPE: 0.0519, 
Epoch: 036, Valid Loss: 12.7774, Valid RMSE: 43.8947, Valid MAPE: 5.9491, Valid WMAPE: 0.0734
###Update tasks appear###
Updating! Valid Loss: 12.777397632598877, epoch:  36
Iter: 000, Train Loss: 9.7326, Train RMSE: 21.5783, Train MAPE: 2.6156, Train WMAPE: 0.0540
Iter: 050, Train Loss: 10.6871, Train RMSE: 22.6451, Train MAPE: 1.1110, Train WMAPE: 0.0586
Epoch: 037, Training Time: 15.5190 secs
Epoch: 037, Inference Time: 2.1399 secs
Epoch: 037, Train Loss: 9.1287, Train RMSE: 19.6232, Train MAPE: 1.6867, Train WMAPE: 0.0511, 
Epoch: 037, Valid Loss: 12.6633, Valid RMSE: 43.9696, Valid MAPE: 3.0637, Valid WMAPE: 0.0727
###Update tasks appear###
Updating! Valid Loss: 12.663253273282733, epoch:  37
Iter: 000, Train Loss: 9.7374, Train RMSE: 21.6741, Train MAPE: 1.3181, Train WMAPE: 0.0541
Iter: 050, Train Loss: 10.7254, Train RMSE: 22.7587, Train MAPE: 1.0431, Train WMAPE: 0.0588
Epoch: 038, Training Time: 15.4780 secs
Epoch: 038, Inference Time: 2.0162 secs
Epoch: 038, Train Loss: 9.1011, Train RMSE: 19.6238, Train MAPE: 1.4783, Train WMAPE: 0.0509, 
Epoch: 038, Valid Loss: 12.6520, Valid RMSE: 44.1337, Valid MAPE: 2.9890, Valid WMAPE: 0.0726
###Update tasks appear###
Updating! Valid Loss: 12.652011735098702, epoch:  38
Iter: 000, Train Loss: 9.7557, Train RMSE: 21.7941, Train MAPE: 1.1886, Train WMAPE: 0.0542
Iter: 050, Train Loss: 10.6189, Train RMSE: 22.6108, Train MAPE: 0.9765, Train WMAPE: 0.0582
Epoch: 039, Training Time: 15.2573 secs
Epoch: 039, Inference Time: 2.1025 secs
Epoch: 039, Train Loss: 9.0479, Train RMSE: 19.4142, Train MAPE: 1.6325, Train WMAPE: 0.0506, 
Epoch: 039, Valid Loss: 12.8006, Valid RMSE: 43.8771, Valid MAPE: 5.5217, Valid WMAPE: 0.0735
No update
Iter: 000, Train Loss: 9.8655, Train RMSE: 21.4711, Train MAPE: 2.2778, Train WMAPE: 0.0548
Iter: 050, Train Loss: 10.2451, Train RMSE: 21.9215, Train MAPE: 0.9952, Train WMAPE: 0.0562
Epoch: 040, Training Time: 15.5828 secs
Epoch: 040, Inference Time: 2.2275 secs
Epoch: 040, Train Loss: 8.9779, Train RMSE: 19.1879, Train MAPE: 1.8151, Train WMAPE: 0.0502, 
Epoch: 040, Valid Loss: 12.6065, Valid RMSE: 43.9881, Valid MAPE: 3.5935, Valid WMAPE: 0.0724
###Update tasks appear###
Updating! Valid Loss: 12.606456654412407, epoch:  40
Iter: 000, Train Loss: 9.3257, Train RMSE: 20.5743, Train MAPE: 1.2172, Train WMAPE: 0.0518
Iter: 050, Train Loss: 10.5504, Train RMSE: 22.5961, Train MAPE: 1.2033, Train WMAPE: 0.0579
Epoch: 041, Training Time: 15.9073 secs
Epoch: 041, Inference Time: 2.1931 secs
Epoch: 041, Train Loss: 8.9239, Train RMSE: 19.1788, Train MAPE: 1.5717, Train WMAPE: 0.0499, 
Epoch: 041, Valid Loss: 12.4463, Valid RMSE: 43.6444, Valid MAPE: 2.8968, Valid WMAPE: 0.0715
###Update tasks appear###
Updating! Valid Loss: 12.446348224367414, epoch:  41
Iter: 000, Train Loss: 9.3829, Train RMSE: 20.9917, Train MAPE: 1.4129, Train WMAPE: 0.0521
Iter: 050, Train Loss: 10.2786, Train RMSE: 21.9624, Train MAPE: 0.8634, Train WMAPE: 0.0564
Epoch: 042, Training Time: 15.4807 secs
Epoch: 042, Inference Time: 2.0050 secs
Epoch: 042, Train Loss: 8.8230, Train RMSE: 18.9110, Train MAPE: 1.6535, Train WMAPE: 0.0493, 
Epoch: 042, Valid Loss: 12.4672, Valid RMSE: 43.5162, Valid MAPE: 5.6053, Valid WMAPE: 0.0716
No update
Iter: 000, Train Loss: 9.2380, Train RMSE: 20.2831, Train MAPE: 2.2470, Train WMAPE: 0.0513
Iter: 050, Train Loss: 10.0837, Train RMSE: 21.3788, Train MAPE: 0.8595, Train WMAPE: 0.0553
Epoch: 043, Training Time: 15.1797 secs
Epoch: 043, Inference Time: 1.9972 secs
Epoch: 043, Train Loss: 8.7813, Train RMSE: 18.8099, Train MAPE: 1.7320, Train WMAPE: 0.0491, 
Epoch: 043, Valid Loss: 12.3098, Valid RMSE: 43.4297, Valid MAPE: 3.2228, Valid WMAPE: 0.0707
###Update tasks appear###
Updating! Valid Loss: 12.309770345687866, epoch:  43
Iter: 000, Train Loss: 9.1822, Train RMSE: 20.0813, Train MAPE: 1.5313, Train WMAPE: 0.0510
Iter: 050, Train Loss: 9.9899, Train RMSE: 21.3709, Train MAPE: 1.1375, Train WMAPE: 0.0548
Epoch: 044, Training Time: 15.3662 secs
Epoch: 044, Inference Time: 2.0037 secs
Epoch: 044, Train Loss: 8.7745, Train RMSE: 18.7940, Train MAPE: 1.5924, Train WMAPE: 0.0491, 
Epoch: 044, Valid Loss: 12.3347, Valid RMSE: 43.4268, Valid MAPE: 3.6708, Valid WMAPE: 0.0708
No update
Iter: 000, Train Loss: 9.0378, Train RMSE: 19.7124, Train MAPE: 1.6086, Train WMAPE: 0.0502
Iter: 050, Train Loss: 10.0267, Train RMSE: 21.2073, Train MAPE: 1.1737, Train WMAPE: 0.0550
Epoch: 045, Training Time: 15.5804 secs
Epoch: 045, Inference Time: 2.0217 secs
Epoch: 045, Train Loss: 8.6859, Train RMSE: 18.6208, Train MAPE: 1.6381, Train WMAPE: 0.0486, 
Epoch: 045, Valid Loss: 12.5933, Valid RMSE: 43.4716, Valid MAPE: 6.2392, Valid WMAPE: 0.0723
No update
Iter: 000, Train Loss: 9.3475, Train RMSE: 19.9958, Train MAPE: 2.2649, Train WMAPE: 0.0519
Iter: 050, Train Loss: 10.1777, Train RMSE: 21.3847, Train MAPE: 1.3955, Train WMAPE: 0.0558
Epoch: 046, Training Time: 15.5108 secs
Epoch: 046, Inference Time: 2.0899 secs
Epoch: 046, Train Loss: 8.7227, Train RMSE: 18.6104, Train MAPE: 1.6385, Train WMAPE: 0.0488, 
Epoch: 046, Valid Loss: 12.5058, Valid RMSE: 43.8103, Valid MAPE: 3.3162, Valid WMAPE: 0.0718
No update
Iter: 000, Train Loss: 9.1007, Train RMSE: 20.2040, Train MAPE: 1.2755, Train WMAPE: 0.0505
Iter: 050, Train Loss: 9.7286, Train RMSE: 20.3522, Train MAPE: 1.7404, Train WMAPE: 0.0533
Epoch: 047, Training Time: 15.4532 secs
Epoch: 047, Inference Time: 1.9590 secs
Epoch: 047, Train Loss: 8.6399, Train RMSE: 18.4783, Train MAPE: 1.6193, Train WMAPE: 0.0483, 
Epoch: 047, Valid Loss: 12.1707, Valid RMSE: 43.3602, Valid MAPE: 3.3328, Valid WMAPE: 0.0699
###Update tasks appear###
Updating! Valid Loss: 12.170685700007848, epoch:  47
Iter: 000, Train Loss: 9.0836, Train RMSE: 19.9082, Train MAPE: 1.3899, Train WMAPE: 0.0504
Iter: 050, Train Loss: 10.0043, Train RMSE: 21.1926, Train MAPE: 1.1924, Train WMAPE: 0.0549
Epoch: 048, Training Time: 15.5766 secs
Epoch: 048, Inference Time: 2.0736 secs
Epoch: 048, Train Loss: 8.5489, Train RMSE: 18.3115, Train MAPE: 1.4529, Train WMAPE: 0.0478, 
Epoch: 048, Valid Loss: 12.1007, Valid RMSE: 43.2695, Valid MAPE: 3.4879, Valid WMAPE: 0.0695
###Update tasks appear###
Updating! Valid Loss: 12.10073287146432, epoch:  48
Iter: 000, Train Loss: 8.8213, Train RMSE: 19.4694, Train MAPE: 1.6323, Train WMAPE: 0.0490
Iter: 050, Train Loss: 9.3255, Train RMSE: 19.7338, Train MAPE: 1.2113, Train WMAPE: 0.0511
Epoch: 049, Training Time: 15.4810 secs
Epoch: 049, Inference Time: 2.0210 secs
Epoch: 049, Train Loss: 8.4918, Train RMSE: 18.1475, Train MAPE: 1.6377, Train WMAPE: 0.0475, 
Epoch: 049, Valid Loss: 12.2198, Valid RMSE: 43.0477, Valid MAPE: 3.9713, Valid WMAPE: 0.0702
No update
Iter: 000, Train Loss: 8.9711, Train RMSE: 19.4353, Train MAPE: 1.9119, Train WMAPE: 0.0498
Iter: 050, Train Loss: 9.5696, Train RMSE: 20.0537, Train MAPE: 0.8071, Train WMAPE: 0.0525
Epoch: 050, Training Time: 15.2451 secs
Epoch: 050, Inference Time: 1.9852 secs
Epoch: 050, Train Loss: 8.5137, Train RMSE: 18.1097, Train MAPE: 1.5666, Train WMAPE: 0.0476, 
Epoch: 050, Valid Loss: 12.3766, Valid RMSE: 43.6572, Valid MAPE: 3.3070, Valid WMAPE: 0.0711
No update
Iter: 000, Train Loss: 9.0062, Train RMSE: 19.5151, Train MAPE: 1.2285, Train WMAPE: 0.0500
Iter: 050, Train Loss: 9.6204, Train RMSE: 20.3559, Train MAPE: 0.8355, Train WMAPE: 0.0528
Epoch: 051, Training Time: 15.6788 secs
Epoch: 051, Inference Time: 2.0990 secs
Epoch: 051, Train Loss: 8.5306, Train RMSE: 18.1673, Train MAPE: 1.5403, Train WMAPE: 0.0477, 
Epoch: 051, Valid Loss: 12.5232, Valid RMSE: 43.4653, Valid MAPE: 6.1486, Valid WMAPE: 0.0719
No update
Iter: 000, Train Loss: 9.0784, Train RMSE: 18.8863, Train MAPE: 2.5600, Train WMAPE: 0.0504
Iter: 050, Train Loss: 9.8977, Train RMSE: 20.8053, Train MAPE: 1.4437, Train WMAPE: 0.0543
Epoch: 052, Training Time: 15.4900 secs
Epoch: 052, Inference Time: 1.9946 secs
Epoch: 052, Train Loss: 8.4178, Train RMSE: 17.9662, Train MAPE: 1.5882, Train WMAPE: 0.0471, 
Epoch: 052, Valid Loss: 12.3487, Valid RMSE: 43.2884, Valid MAPE: 5.8814, Valid WMAPE: 0.0709
No update
Iter: 000, Train Loss: 8.8986, Train RMSE: 18.7370, Train MAPE: 2.2354, Train WMAPE: 0.0494
Iter: 050, Train Loss: 9.4542, Train RMSE: 19.9358, Train MAPE: 1.1532, Train WMAPE: 0.0518
Epoch: 053, Training Time: 14.9925 secs
Epoch: 053, Inference Time: 1.9135 secs
Epoch: 053, Train Loss: 8.3663, Train RMSE: 17.8131, Train MAPE: 1.6261, Train WMAPE: 0.0468, 
Epoch: 053, Valid Loss: 11.9247, Valid RMSE: 43.2454, Valid MAPE: 2.8255, Valid WMAPE: 0.0685
###Update tasks appear###
Updating! Valid Loss: 11.924724306379046, epoch:  53
Iter: 000, Train Loss: 8.5668, Train RMSE: 18.5301, Train MAPE: 1.1951, Train WMAPE: 0.0476
Iter: 050, Train Loss: 9.5419, Train RMSE: 19.7859, Train MAPE: 1.0670, Train WMAPE: 0.0523
Epoch: 054, Training Time: 14.1451 secs
Epoch: 054, Inference Time: 1.9072 secs
Epoch: 054, Train Loss: 8.3190, Train RMSE: 17.7770, Train MAPE: 1.3850, Train WMAPE: 0.0465, 
Epoch: 054, Valid Loss: 11.7972, Valid RMSE: 42.9576, Valid MAPE: 3.3395, Valid WMAPE: 0.0677
###Update tasks appear###
Updating! Valid Loss: 11.797208275113787, epoch:  54
Iter: 000, Train Loss: 8.4285, Train RMSE: 18.6894, Train MAPE: 1.0627, Train WMAPE: 0.0468
Iter: 050, Train Loss: 8.9704, Train RMSE: 18.6434, Train MAPE: 1.0479, Train WMAPE: 0.0492
Epoch: 055, Training Time: 14.3623 secs
Epoch: 055, Inference Time: 1.8902 secs
Epoch: 055, Train Loss: 8.2495, Train RMSE: 17.5947, Train MAPE: 1.4659, Train WMAPE: 0.0461, 
Epoch: 055, Valid Loss: 12.2807, Valid RMSE: 42.9887, Valid MAPE: 6.1722, Valid WMAPE: 0.0705
No update
Iter: 000, Train Loss: 8.9308, Train RMSE: 18.5304, Train MAPE: 2.1908, Train WMAPE: 0.0496
Iter: 050, Train Loss: 9.0108, Train RMSE: 19.0526, Train MAPE: 1.0295, Train WMAPE: 0.0494
Epoch: 056, Training Time: 14.3041 secs
Epoch: 056, Inference Time: 2.0051 secs
Epoch: 056, Train Loss: 8.1561, Train RMSE: 17.3645, Train MAPE: 1.5429, Train WMAPE: 0.0456, 
Epoch: 056, Valid Loss: 12.2474, Valid RMSE: 43.4540, Valid MAPE: 3.0807, Valid WMAPE: 0.0703
No update
Iter: 000, Train Loss: 9.0566, Train RMSE: 18.7619, Train MAPE: 1.3402, Train WMAPE: 0.0503
Iter: 050, Train Loss: 8.8052, Train RMSE: 18.4512, Train MAPE: 1.2787, Train WMAPE: 0.0483
Epoch: 057, Training Time: 14.9778 secs
Epoch: 057, Inference Time: 1.9868 secs
Epoch: 057, Train Loss: 8.2054, Train RMSE: 17.4517, Train MAPE: 1.5041, Train WMAPE: 0.0459, 
Epoch: 057, Valid Loss: 11.8790, Valid RMSE: 42.8427, Valid MAPE: 3.5003, Valid WMAPE: 0.0682
No update
Iter: 000, Train Loss: 8.5039, Train RMSE: 18.2041, Train MAPE: 1.1567, Train WMAPE: 0.0472
Iter: 050, Train Loss: 9.3768, Train RMSE: 19.9310, Train MAPE: 1.0624, Train WMAPE: 0.0514
Epoch: 058, Training Time: 15.4327 secs
Epoch: 058, Inference Time: 2.0604 secs
Epoch: 058, Train Loss: 8.1259, Train RMSE: 17.3439, Train MAPE: 1.3945, Train WMAPE: 0.0454, 
Epoch: 058, Valid Loss: 11.9571, Valid RMSE: 43.0002, Valid MAPE: 5.3820, Valid WMAPE: 0.0686
No update
Iter: 000, Train Loss: 8.4296, Train RMSE: 17.6541, Train MAPE: 1.8508, Train WMAPE: 0.0468
Iter: 050, Train Loss: 9.2667, Train RMSE: 19.2854, Train MAPE: 1.1293, Train WMAPE: 0.0508
Epoch: 059, Training Time: 15.2520 secs
Epoch: 059, Inference Time: 2.0319 secs
Epoch: 059, Train Loss: 8.0507, Train RMSE: 17.1374, Train MAPE: 1.5183, Train WMAPE: 0.0450, 
Epoch: 059, Valid Loss: 11.7140, Valid RMSE: 42.8404, Valid MAPE: 3.5313, Valid WMAPE: 0.0673
###Update tasks appear###
Updating! Valid Loss: 11.713952200753349, epoch:  59
Iter: 000, Train Loss: 8.2421, Train RMSE: 17.4343, Train MAPE: 1.1176, Train WMAPE: 0.0458
Iter: 050, Train Loss: 9.1616, Train RMSE: 19.0060, Train MAPE: 1.1167, Train WMAPE: 0.0502
Epoch: 060, Training Time: 14.8714 secs
Epoch: 060, Inference Time: 2.0076 secs
Epoch: 060, Train Loss: 7.9905, Train RMSE: 17.0454, Train MAPE: 1.3648, Train WMAPE: 0.0447, 
Epoch: 060, Valid Loss: 11.6380, Valid RMSE: 42.8342, Valid MAPE: 3.4643, Valid WMAPE: 0.0668
###Update tasks appear###
Updating! Valid Loss: 11.63802981376648, epoch:  60
Iter: 000, Train Loss: 8.0420, Train RMSE: 17.5960, Train MAPE: 1.4381, Train WMAPE: 0.0446
Iter: 050, Train Loss: 8.8402, Train RMSE: 18.2260, Train MAPE: 0.9308, Train WMAPE: 0.0485
Epoch: 061, Training Time: 14.9014 secs
Epoch: 061, Inference Time: 1.9618 secs
Epoch: 061, Train Loss: 7.9852, Train RMSE: 16.9533, Train MAPE: 1.4528, Train WMAPE: 0.0447, 
Epoch: 061, Valid Loss: 11.7745, Valid RMSE: 42.9641, Valid MAPE: 3.1334, Valid WMAPE: 0.0676
No update
Iter: 000, Train Loss: 8.1328, Train RMSE: 17.3461, Train MAPE: 1.1764, Train WMAPE: 0.0452
Iter: 050, Train Loss: 8.6238, Train RMSE: 18.0364, Train MAPE: 0.8392, Train WMAPE: 0.0473
Epoch: 062, Training Time: 15.0943 secs
Epoch: 062, Inference Time: 1.9825 secs
Epoch: 062, Train Loss: 7.9017, Train RMSE: 16.8948, Train MAPE: 1.2483, Train WMAPE: 0.0442, 
Epoch: 062, Valid Loss: 12.0707, Valid RMSE: 43.0372, Valid MAPE: 5.5565, Valid WMAPE: 0.0693
No update
Iter: 000, Train Loss: 8.8736, Train RMSE: 18.1909, Train MAPE: 2.0115, Train WMAPE: 0.0493
Iter: 050, Train Loss: 8.3119, Train RMSE: 17.0468, Train MAPE: 1.2163, Train WMAPE: 0.0456
Epoch: 063, Training Time: 15.1949 secs
Epoch: 063, Inference Time: 2.0107 secs
Epoch: 063, Train Loss: 7.9688, Train RMSE: 16.7910, Train MAPE: 1.5654, Train WMAPE: 0.0446, 
Epoch: 063, Valid Loss: 12.3544, Valid RMSE: 43.3402, Valid MAPE: 7.8142, Valid WMAPE: 0.0709
No update
Iter: 000, Train Loss: 8.6645, Train RMSE: 17.4154, Train MAPE: 3.0758, Train WMAPE: 0.0481
Iter: 050, Train Loss: 8.5247, Train RMSE: 18.0155, Train MAPE: 0.8601, Train WMAPE: 0.0467
Epoch: 064, Training Time: 15.4770 secs
Epoch: 064, Inference Time: 2.0133 secs
Epoch: 064, Train Loss: 7.8795, Train RMSE: 16.6608, Train MAPE: 1.5698, Train WMAPE: 0.0441, 
Epoch: 064, Valid Loss: 11.7018, Valid RMSE: 42.9756, Valid MAPE: 3.3208, Valid WMAPE: 0.0672
No update
Iter: 000, Train Loss: 8.0728, Train RMSE: 16.9392, Train MAPE: 1.2467, Train WMAPE: 0.0448
Iter: 050, Train Loss: 8.8105, Train RMSE: 18.2663, Train MAPE: 0.9201, Train WMAPE: 0.0483
Epoch: 065, Training Time: 15.1767 secs
Epoch: 065, Inference Time: 2.0051 secs
Epoch: 065, Train Loss: 7.8128, Train RMSE: 16.6290, Train MAPE: 1.3547, Train WMAPE: 0.0437, 
Epoch: 065, Valid Loss: 11.7643, Valid RMSE: 43.0443, Valid MAPE: 3.7485, Valid WMAPE: 0.0675
No update
Iter: 000, Train Loss: 8.0799, Train RMSE: 16.8104, Train MAPE: 1.4441, Train WMAPE: 0.0449
Iter: 050, Train Loss: 8.1847, Train RMSE: 16.9884, Train MAPE: 0.8246, Train WMAPE: 0.0449
Epoch: 066, Training Time: 15.5104 secs
Epoch: 066, Inference Time: 1.9772 secs
Epoch: 066, Train Loss: 7.7617, Train RMSE: 16.4431, Train MAPE: 1.4288, Train WMAPE: 0.0434, 
Epoch: 066, Valid Loss: 11.8076, Valid RMSE: 42.9419, Valid MAPE: 5.8780, Valid WMAPE: 0.0678
No update
Iter: 000, Train Loss: 8.0149, Train RMSE: 17.1463, Train MAPE: 1.9255, Train WMAPE: 0.0445
Iter: 050, Train Loss: 8.4528, Train RMSE: 17.8403, Train MAPE: 0.7827, Train WMAPE: 0.0464
Epoch: 067, Training Time: 15.1762 secs
Epoch: 067, Inference Time: 1.9994 secs
Epoch: 067, Train Loss: 7.6582, Train RMSE: 16.2398, Train MAPE: 1.4825, Train WMAPE: 0.0428, 
Epoch: 067, Valid Loss: 11.7012, Valid RMSE: 43.0001, Valid MAPE: 3.7451, Valid WMAPE: 0.0672
No update
Iter: 000, Train Loss: 8.0191, Train RMSE: 16.8824, Train MAPE: 1.3596, Train WMAPE: 0.0445
Iter: 050, Train Loss: 8.6291, Train RMSE: 17.7446, Train MAPE: 1.0975, Train WMAPE: 0.0473
Epoch: 068, Training Time: 14.8923 secs
Epoch: 068, Inference Time: 2.0084 secs
Epoch: 068, Train Loss: 7.6915, Train RMSE: 16.2942, Train MAPE: 1.4374, Train WMAPE: 0.0430, 
Epoch: 068, Valid Loss: 11.5845, Valid RMSE: 43.0010, Valid MAPE: 3.5261, Valid WMAPE: 0.0665
###Update tasks appear###
Updating! Valid Loss: 11.584518364497594, epoch:  68
Iter: 000, Train Loss: 7.6867, Train RMSE: 16.0722, Train MAPE: 1.1878, Train WMAPE: 0.0427
Iter: 050, Train Loss: 8.1412, Train RMSE: 17.1300, Train MAPE: 0.8366, Train WMAPE: 0.0446
Epoch: 069, Training Time: 14.8854 secs
Epoch: 069, Inference Time: 2.0554 secs
Epoch: 069, Train Loss: 7.6612, Train RMSE: 16.2753, Train MAPE: 1.3990, Train WMAPE: 0.0429, 
Epoch: 069, Valid Loss: 12.5400, Valid RMSE: 43.4613, Valid MAPE: 4.7944, Valid WMAPE: 0.0720
No update
Iter: 000, Train Loss: 8.9381, Train RMSE: 18.5907, Train MAPE: 1.7681, Train WMAPE: 0.0496
Iter: 050, Train Loss: 8.1362, Train RMSE: 16.6440, Train MAPE: 1.0465, Train WMAPE: 0.0446
Epoch: 070, Training Time: 15.4016 secs
Epoch: 070, Inference Time: 2.1085 secs
Epoch: 070, Train Loss: 7.6882, Train RMSE: 16.2856, Train MAPE: 1.4091, Train WMAPE: 0.0430, 
Epoch: 070, Valid Loss: 11.7703, Valid RMSE: 42.7834, Valid MAPE: 6.0976, Valid WMAPE: 0.0676
No update
Iter: 000, Train Loss: 7.9117, Train RMSE: 16.2592, Train MAPE: 2.1020, Train WMAPE: 0.0439
Iter: 050, Train Loss: 8.5712, Train RMSE: 17.8816, Train MAPE: 0.9139, Train WMAPE: 0.0470
Epoch: 071, Training Time: 15.2788 secs
Epoch: 071, Inference Time: 2.0995 secs
Epoch: 071, Train Loss: 7.5174, Train RMSE: 16.0008, Train MAPE: 1.3207, Train WMAPE: 0.0420, 
Epoch: 071, Valid Loss: 11.5910, Valid RMSE: 42.8959, Valid MAPE: 3.2035, Valid WMAPE: 0.0665
No update
Iter: 000, Train Loss: 8.0515, Train RMSE: 16.7055, Train MAPE: 1.1462, Train WMAPE: 0.0447
Iter: 050, Train Loss: 8.0805, Train RMSE: 16.8611, Train MAPE: 0.7591, Train WMAPE: 0.0443
Epoch: 072, Training Time: 15.3908 secs
Epoch: 072, Inference Time: 1.9897 secs
Epoch: 072, Train Loss: 7.5315, Train RMSE: 16.0037, Train MAPE: 1.2714, Train WMAPE: 0.0421, 
Epoch: 072, Valid Loss: 11.2825, Valid RMSE: 42.5244, Valid MAPE: 3.7714, Valid WMAPE: 0.0648
###Update tasks appear###
Updating! Valid Loss: 11.282494987760272, epoch:  72
Iter: 000, Train Loss: 7.4383, Train RMSE: 15.7360, Train MAPE: 1.3759, Train WMAPE: 0.0413
Iter: 050, Train Loss: 7.9045, Train RMSE: 16.2650, Train MAPE: 1.1545, Train WMAPE: 0.0433
Epoch: 073, Training Time: 15.1782 secs
Epoch: 073, Inference Time: 2.0017 secs
Epoch: 073, Train Loss: 7.4354, Train RMSE: 15.7705, Train MAPE: 1.4102, Train WMAPE: 0.0416, 
Epoch: 073, Valid Loss: 11.4513, Valid RMSE: 42.7321, Valid MAPE: 4.4833, Valid WMAPE: 0.0657
No update
Iter: 000, Train Loss: 7.8842, Train RMSE: 16.4709, Train MAPE: 1.6997, Train WMAPE: 0.0438
Iter: 050, Train Loss: 7.9661, Train RMSE: 16.1104, Train MAPE: 1.4758, Train WMAPE: 0.0437
Epoch: 074, Training Time: 15.4809 secs
Epoch: 074, Inference Time: 2.0153 secs
Epoch: 074, Train Loss: 7.4587, Train RMSE: 15.8207, Train MAPE: 1.4157, Train WMAPE: 0.0417, 
Epoch: 074, Valid Loss: 11.6154, Valid RMSE: 42.8834, Valid MAPE: 3.9856, Valid WMAPE: 0.0667
No update
Iter: 000, Train Loss: 8.0367, Train RMSE: 16.3919, Train MAPE: 1.3596, Train WMAPE: 0.0446
Iter: 050, Train Loss: 7.5065, Train RMSE: 15.3544, Train MAPE: 0.8023, Train WMAPE: 0.0412
Epoch: 075, Training Time: 15.0678 secs
Epoch: 075, Inference Time: 2.0009 secs
Epoch: 075, Train Loss: 7.4233, Train RMSE: 15.7127, Train MAPE: 1.4750, Train WMAPE: 0.0415, 
Epoch: 075, Valid Loss: 11.4562, Valid RMSE: 42.5725, Valid MAPE: 3.7328, Valid WMAPE: 0.0658
No update
Iter: 000, Train Loss: 7.5353, Train RMSE: 16.4042, Train MAPE: 1.2392, Train WMAPE: 0.0418
Iter: 050, Train Loss: 8.5648, Train RMSE: 17.3859, Train MAPE: 0.7833, Train WMAPE: 0.0470
Epoch: 076, Training Time: 15.2297 secs
Epoch: 076, Inference Time: 2.0377 secs
Epoch: 076, Train Loss: 7.3748, Train RMSE: 15.6318, Train MAPE: 1.3502, Train WMAPE: 0.0412, 
Epoch: 076, Valid Loss: 11.9422, Valid RMSE: 43.0625, Valid MAPE: 3.6072, Valid WMAPE: 0.0686
No update
Iter: 000, Train Loss: 7.8476, Train RMSE: 15.7601, Train MAPE: 1.3072, Train WMAPE: 0.0436
Iter: 050, Train Loss: 8.2465, Train RMSE: 17.4516, Train MAPE: 1.1158, Train WMAPE: 0.0452
Epoch: 077, Training Time: 15.2986 secs
Epoch: 077, Inference Time: 2.0018 secs
Epoch: 077, Train Loss: 7.5240, Train RMSE: 15.9975, Train MAPE: 1.2939, Train WMAPE: 0.0421, 
Epoch: 077, Valid Loss: 11.3614, Valid RMSE: 42.4083, Valid MAPE: 2.5713, Valid WMAPE: 0.0652
No update
Iter: 000, Train Loss: 7.3571, Train RMSE: 15.4983, Train MAPE: 0.9635, Train WMAPE: 0.0408
Iter: 050, Train Loss: 8.3446, Train RMSE: 17.5082, Train MAPE: 0.7885, Train WMAPE: 0.0458
Epoch: 078, Training Time: 15.4886 secs
Epoch: 078, Inference Time: 2.0111 secs
Epoch: 078, Train Loss: 7.3561, Train RMSE: 15.6926, Train MAPE: 1.2131, Train WMAPE: 0.0411, 
Epoch: 078, Valid Loss: 11.2170, Valid RMSE: 42.4493, Valid MAPE: 3.0913, Valid WMAPE: 0.0644
###Update tasks appear###
Updating! Valid Loss: 11.217029401234218, epoch:  78
Iter: 000, Train Loss: 7.3195, Train RMSE: 15.4379, Train MAPE: 1.1050, Train WMAPE: 0.0406
Iter: 050, Train Loss: 7.5820, Train RMSE: 15.5691, Train MAPE: 0.9417, Train WMAPE: 0.0416
Epoch: 079, Training Time: 15.4568 secs
Epoch: 079, Inference Time: 2.0073 secs
Epoch: 079, Train Loss: 7.2717, Train RMSE: 15.4456, Train MAPE: 1.3057, Train WMAPE: 0.0407, 
Epoch: 079, Valid Loss: 11.3757, Valid RMSE: 42.2996, Valid MAPE: 4.6852, Valid WMAPE: 0.0653
No update
Iter: 000, Train Loss: 7.7480, Train RMSE: 16.0640, Train MAPE: 1.7738, Train WMAPE: 0.0430
Iter: 050, Train Loss: 7.7176, Train RMSE: 16.0285, Train MAPE: 0.8855, Train WMAPE: 0.0423
Epoch: 080, Training Time: 15.0704 secs
Epoch: 080, Inference Time: 1.9904 secs
Epoch: 080, Train Loss: 7.2933, Train RMSE: 15.4736, Train MAPE: 1.3624, Train WMAPE: 0.0408, 
Epoch: 080, Valid Loss: 11.3765, Valid RMSE: 42.4946, Valid MAPE: 3.9143, Valid WMAPE: 0.0653
No update
Iter: 000, Train Loss: 7.4023, Train RMSE: 15.4272, Train MAPE: 1.3518, Train WMAPE: 0.0411
Iter: 050, Train Loss: 7.4519, Train RMSE: 15.2756, Train MAPE: 0.9458, Train WMAPE: 0.0409
Epoch: 081, Training Time: 15.1972 secs
Epoch: 081, Inference Time: 2.0979 secs
Epoch: 081, Train Loss: 7.1961, Train RMSE: 15.2553, Train MAPE: 1.3990, Train WMAPE: 0.0402, 
Epoch: 081, Valid Loss: 11.3686, Valid RMSE: 42.3226, Valid MAPE: 4.1787, Valid WMAPE: 0.0653
No update
Iter: 000, Train Loss: 7.4187, Train RMSE: 15.4150, Train MAPE: 1.2872, Train WMAPE: 0.0412
Iter: 050, Train Loss: 8.3536, Train RMSE: 17.3985, Train MAPE: 1.0336, Train WMAPE: 0.0458
Epoch: 082, Training Time: 15.2081 secs
Epoch: 082, Inference Time: 1.9716 secs
Epoch: 082, Train Loss: 7.2441, Train RMSE: 15.4286, Train MAPE: 1.3109, Train WMAPE: 0.0405, 
Epoch: 082, Valid Loss: 11.3774, Valid RMSE: 42.2796, Valid MAPE: 4.9774, Valid WMAPE: 0.0653
No update
Iter: 000, Train Loss: 7.5258, Train RMSE: 15.5166, Train MAPE: 1.6965, Train WMAPE: 0.0418
Iter: 050, Train Loss: 7.3846, Train RMSE: 15.1283, Train MAPE: 1.0983, Train WMAPE: 0.0405
Epoch: 083, Training Time: 15.3885 secs
Epoch: 083, Inference Time: 2.0007 secs
Epoch: 083, Train Loss: 7.1564, Train RMSE: 15.1440, Train MAPE: 1.4655, Train WMAPE: 0.0400, 
Epoch: 083, Valid Loss: 11.2150, Valid RMSE: 42.5182, Valid MAPE: 2.7248, Valid WMAPE: 0.0644
###Update tasks appear###
Updating! Valid Loss: 11.214987891060966, epoch:  83
Iter: 000, Train Loss: 7.2496, Train RMSE: 15.1316, Train MAPE: 0.9410, Train WMAPE: 0.0402
Iter: 050, Train Loss: 7.3585, Train RMSE: 14.9029, Train MAPE: 0.6709, Train WMAPE: 0.0404
Epoch: 084, Training Time: 15.1631 secs
Epoch: 084, Inference Time: 2.0034 secs
Epoch: 084, Train Loss: 7.1155, Train RMSE: 15.0671, Train MAPE: 1.3614, Train WMAPE: 0.0398, 
Epoch: 084, Valid Loss: 11.1319, Valid RMSE: 42.1402, Valid MAPE: 4.5107, Valid WMAPE: 0.0639
###Update tasks appear###
Updating! Valid Loss: 11.131882122584752, epoch:  84
Iter: 000, Train Loss: 7.0584, Train RMSE: 14.6215, Train MAPE: 1.7738, Train WMAPE: 0.0392
Iter: 050, Train Loss: 7.3251, Train RMSE: 14.8004, Train MAPE: 0.8878, Train WMAPE: 0.0402
Epoch: 085, Training Time: 15.3587 secs
Epoch: 085, Inference Time: 1.9024 secs
Epoch: 085, Train Loss: 7.1506, Train RMSE: 15.2556, Train MAPE: 1.2562, Train WMAPE: 0.0400, 
Epoch: 085, Valid Loss: 11.3310, Valid RMSE: 42.3431, Valid MAPE: 3.0389, Valid WMAPE: 0.0651
No update
Iter: 000, Train Loss: 7.7907, Train RMSE: 15.9908, Train MAPE: 0.9624, Train WMAPE: 0.0433
Iter: 050, Train Loss: 7.2055, Train RMSE: 15.0504, Train MAPE: 0.6952, Train WMAPE: 0.0395
Epoch: 086, Training Time: 15.5923 secs
Epoch: 086, Inference Time: 1.8976 secs
Epoch: 086, Train Loss: 7.0885, Train RMSE: 15.0864, Train MAPE: 1.1854, Train WMAPE: 0.0396, 
Epoch: 086, Valid Loss: 11.1724, Valid RMSE: 42.0583, Valid MAPE: 2.7068, Valid WMAPE: 0.0641
No update
Iter: 000, Train Loss: 7.1022, Train RMSE: 14.8716, Train MAPE: 1.0022, Train WMAPE: 0.0394
Iter: 050, Train Loss: 7.3399, Train RMSE: 14.8519, Train MAPE: 1.0656, Train WMAPE: 0.0402
Epoch: 087, Training Time: 15.1521 secs
Epoch: 087, Inference Time: 2.0348 secs
Epoch: 087, Train Loss: 7.1610, Train RMSE: 15.1591, Train MAPE: 1.3504, Train WMAPE: 0.0401, 
Epoch: 087, Valid Loss: 11.2056, Valid RMSE: 42.1358, Valid MAPE: 3.1822, Valid WMAPE: 0.0643
No update
Iter: 000, Train Loss: 7.1656, Train RMSE: 14.8946, Train MAPE: 1.1193, Train WMAPE: 0.0398
Iter: 050, Train Loss: 7.2155, Train RMSE: 14.6062, Train MAPE: 0.8186, Train WMAPE: 0.0396
Epoch: 088, Training Time: 15.2887 secs
Epoch: 088, Inference Time: 2.0218 secs
Epoch: 088, Train Loss: 7.0263, Train RMSE: 14.8660, Train MAPE: 1.3655, Train WMAPE: 0.0393, 
Epoch: 088, Valid Loss: 11.3479, Valid RMSE: 42.2847, Valid MAPE: 4.3207, Valid WMAPE: 0.0651
No update
Iter: 000, Train Loss: 7.0241, Train RMSE: 14.5052, Train MAPE: 1.4347, Train WMAPE: 0.0390
Iter: 050, Train Loss: 7.1338, Train RMSE: 14.4964, Train MAPE: 0.8312, Train WMAPE: 0.0391
Epoch: 089, Training Time: 14.9899 secs
Epoch: 089, Inference Time: 2.0593 secs
Epoch: 089, Train Loss: 7.0191, Train RMSE: 14.8816, Train MAPE: 1.3770, Train WMAPE: 0.0393, 
Epoch: 089, Valid Loss: 11.2643, Valid RMSE: 42.1211, Valid MAPE: 3.2801, Valid WMAPE: 0.0647
No update
Iter: 000, Train Loss: 7.0735, Train RMSE: 14.6863, Train MAPE: 1.2302, Train WMAPE: 0.0393
Iter: 050, Train Loss: 7.3005, Train RMSE: 15.2363, Train MAPE: 0.6831, Train WMAPE: 0.0400
Epoch: 090, Training Time: 14.8098 secs
Epoch: 090, Inference Time: 1.9721 secs
Epoch: 090, Train Loss: 7.0997, Train RMSE: 15.0700, Train MAPE: 1.1730, Train WMAPE: 0.0397, 
Epoch: 090, Valid Loss: 11.0377, Valid RMSE: 41.9818, Valid MAPE: 3.5816, Valid WMAPE: 0.0634
###Update tasks appear###
Updating! Valid Loss: 11.037736415863037, epoch:  90
Iter: 000, Train Loss: 6.9945, Train RMSE: 14.5843, Train MAPE: 1.1319, Train WMAPE: 0.0388
Iter: 050, Train Loss: 7.3275, Train RMSE: 15.2103, Train MAPE: 1.3078, Train WMAPE: 0.0402
Epoch: 091, Training Time: 15.3808 secs
Epoch: 091, Inference Time: 1.7967 secs
Epoch: 091, Train Loss: 7.0525, Train RMSE: 14.9793, Train MAPE: 1.3070, Train WMAPE: 0.0394, 
Epoch: 091, Valid Loss: 11.3999, Valid RMSE: 41.9013, Valid MAPE: 5.9564, Valid WMAPE: 0.0655
No update
Iter: 000, Train Loss: 7.6926, Train RMSE: 15.4703, Train MAPE: 2.1542, Train WMAPE: 0.0427
Iter: 050, Train Loss: 7.2385, Train RMSE: 15.0573, Train MAPE: 1.2664, Train WMAPE: 0.0397
Epoch: 092, Training Time: 15.2952 secs
Epoch: 092, Inference Time: 1.9923 secs
Epoch: 092, Train Loss: 6.9508, Train RMSE: 14.7413, Train MAPE: 1.4219, Train WMAPE: 0.0389, 
Epoch: 092, Valid Loss: 10.9966, Valid RMSE: 41.9488, Valid MAPE: 2.5696, Valid WMAPE: 0.0631
###Update tasks appear###
Updating! Valid Loss: 10.996594394956317, epoch:  92
Iter: 000, Train Loss: 7.4603, Train RMSE: 15.8349, Train MAPE: 0.8268, Train WMAPE: 0.0414
Iter: 050, Train Loss: 7.0208, Train RMSE: 14.4284, Train MAPE: 0.6764, Train WMAPE: 0.0385
Epoch: 093, Training Time: 15.2226 secs
Epoch: 093, Inference Time: 1.9341 secs
Epoch: 093, Train Loss: 6.9501, Train RMSE: 14.7488, Train MAPE: 1.3208, Train WMAPE: 0.0389, 
Epoch: 093, Valid Loss: 10.9829, Valid RMSE: 41.8067, Valid MAPE: 3.2345, Valid WMAPE: 0.0631
###Update tasks appear###
Updating! Valid Loss: 10.982938970838275, epoch:  93
Iter: 000, Train Loss: 7.1176, Train RMSE: 14.9333, Train MAPE: 1.1794, Train WMAPE: 0.0395
Iter: 050, Train Loss: 7.3751, Train RMSE: 15.2931, Train MAPE: 0.8781, Train WMAPE: 0.0404
Epoch: 094, Training Time: 15.0387 secs
Epoch: 094, Inference Time: 1.9347 secs
Epoch: 094, Train Loss: 6.9454, Train RMSE: 14.7543, Train MAPE: 1.2525, Train WMAPE: 0.0388, 
Epoch: 094, Valid Loss: 11.0543, Valid RMSE: 41.9462, Valid MAPE: 2.9620, Valid WMAPE: 0.0635
No update
Iter: 000, Train Loss: 6.9956, Train RMSE: 14.6943, Train MAPE: 1.0378, Train WMAPE: 0.0388
Iter: 050, Train Loss: 7.9191, Train RMSE: 16.6556, Train MAPE: 0.7997, Train WMAPE: 0.0434
Epoch: 095, Training Time: 14.7323 secs
Epoch: 095, Inference Time: 1.9538 secs
Epoch: 095, Train Loss: 6.9983, Train RMSE: 14.9120, Train MAPE: 1.2405, Train WMAPE: 0.0391, 
Epoch: 095, Valid Loss: 11.0301, Valid RMSE: 41.7443, Valid MAPE: 3.6588, Valid WMAPE: 0.0633
No update
Iter: 000, Train Loss: 7.0116, Train RMSE: 14.6942, Train MAPE: 1.2021, Train WMAPE: 0.0389
Iter: 050, Train Loss: 7.2474, Train RMSE: 14.3390, Train MAPE: 0.8554, Train WMAPE: 0.0397
Epoch: 096, Training Time: 14.5939 secs
Epoch: 096, Inference Time: 1.8979 secs
Epoch: 096, Train Loss: 6.9534, Train RMSE: 14.8031, Train MAPE: 1.1752, Train WMAPE: 0.0389, 
Epoch: 096, Valid Loss: 10.9026, Valid RMSE: 41.7565, Valid MAPE: 2.8586, Valid WMAPE: 0.0626
###Update tasks appear###
Updating! Valid Loss: 10.902587924684797, epoch:  96
Iter: 000, Train Loss: 6.8696, Train RMSE: 14.5943, Train MAPE: 1.0589, Train WMAPE: 0.0381
Iter: 050, Train Loss: 7.0325, Train RMSE: 14.4212, Train MAPE: 0.7093, Train WMAPE: 0.0386
Epoch: 097, Training Time: 14.5714 secs
Epoch: 097, Inference Time: 2.0137 secs
Epoch: 097, Train Loss: 6.9373, Train RMSE: 14.7569, Train MAPE: 1.1801, Train WMAPE: 0.0388, 
Epoch: 097, Valid Loss: 11.1820, Valid RMSE: 42.0402, Valid MAPE: 3.2264, Valid WMAPE: 0.0642
No update
Iter: 000, Train Loss: 7.1817, Train RMSE: 15.0516, Train MAPE: 1.1769, Train WMAPE: 0.0399
Iter: 050, Train Loss: 6.9346, Train RMSE: 14.1437, Train MAPE: 0.7947, Train WMAPE: 0.0380
Epoch: 098, Training Time: 14.8704 secs
Epoch: 098, Inference Time: 2.0142 secs
Epoch: 098, Train Loss: 6.8476, Train RMSE: 14.6410, Train MAPE: 1.0983, Train WMAPE: 0.0383, 
Epoch: 098, Valid Loss: 11.1471, Valid RMSE: 42.1081, Valid MAPE: 3.0097, Valid WMAPE: 0.0640
No update
Iter: 000, Train Loss: 7.4930, Train RMSE: 15.7093, Train MAPE: 1.0172, Train WMAPE: 0.0416
Iter: 050, Train Loss: 6.9415, Train RMSE: 14.3093, Train MAPE: 0.6743, Train WMAPE: 0.0381
Epoch: 099, Training Time: 15.4000 secs
Epoch: 099, Inference Time: 2.0745 secs
Epoch: 099, Train Loss: 6.8837, Train RMSE: 14.6484, Train MAPE: 1.1638, Train WMAPE: 0.0385, 
Epoch: 099, Valid Loss: 10.9904, Valid RMSE: 41.8891, Valid MAPE: 3.1242, Valid WMAPE: 0.0631
No update
Iter: 000, Train Loss: 6.9054, Train RMSE: 14.5566, Train MAPE: 0.9989, Train WMAPE: 0.0383
Iter: 050, Train Loss: 7.1143, Train RMSE: 14.2827, Train MAPE: 0.7441, Train WMAPE: 0.0390
Epoch: 100, Training Time: 15.3140 secs
Epoch: 100, Inference Time: 1.9887 secs
Epoch: 100, Train Loss: 6.8450, Train RMSE: 14.5564, Train MAPE: 1.2159, Train WMAPE: 0.0383, 
Epoch: 100, Valid Loss: 11.3838, Valid RMSE: 42.1192, Valid MAPE: 6.0623, Valid WMAPE: 0.0654
No update
Iter: 000, Train Loss: 7.3657, Train RMSE: 14.9766, Train MAPE: 2.1129, Train WMAPE: 0.0409
Iter: 050, Train Loss: 7.0529, Train RMSE: 14.1291, Train MAPE: 1.1512, Train WMAPE: 0.0387
Epoch: 101, Training Time: 15.2228 secs
Epoch: 101, Inference Time: 1.9096 secs
Epoch: 101, Train Loss: 6.7997, Train RMSE: 14.4033, Train MAPE: 1.3836, Train WMAPE: 0.0380, 
Epoch: 101, Valid Loss: 10.8852, Valid RMSE: 41.7600, Valid MAPE: 2.7533, Valid WMAPE: 0.0625
###Update tasks appear###
Evaluate best model on test data for horizon 1, Test MAE: 9.3431, Test RMSE: 60.0751, Test MAPE: 8.4179, Test WMAPE: 0.0542
Evaluate best model on test data for horizon 2, Test MAE: 10.3129, Test RMSE: 54.2657, Test MAPE: 12.5195, Test WMAPE: 0.0599
Evaluate best model on test data for horizon 3, Test MAE: 10.5717, Test RMSE: 43.0381, Test MAPE: 17.4382, Test WMAPE: 0.0614
Evaluate best model on test data for horizon 4, Test MAE: 11.8997, Test RMSE: 49.2948, Test MAPE: 19.6455, Test WMAPE: 0.0691
Evaluate best model on test data for horizon 5, Test MAE: 13.0335, Test RMSE: 53.4392, Test MAPE: 19.9758, Test WMAPE: 0.0757
Evaluate best model on test data for horizon 6, Test MAE: 13.3547, Test RMSE: 49.8147, Test MAPE: 21.5953, Test WMAPE: 0.0776
Evaluate best model on test data for horizon 7, Test MAE: 14.0976, Test RMSE: 51.3624, Test MAPE: 21.8607, Test WMAPE: 0.0820
Evaluate best model on test data for horizon 8, Test MAE: 14.8423, Test RMSE: 54.6425, Test MAPE: 21.2181, Test WMAPE: 0.0863
Evaluate best model on test data for horizon 9, Test MAE: 15.1999, Test RMSE: 54.8290, Test MAPE: 21.2443, Test WMAPE: 0.0884
Evaluate best model on test data for horizon 10, Test MAE: 15.3803, Test RMSE: 52.9867, Test MAPE: 22.7719, Test WMAPE: 0.0895
Evaluate best model on test data for horizon 11, Test MAE: 16.1428, Test RMSE: 59.2531, Test MAPE: 21.1204, Test WMAPE: 0.0939
Evaluate best model on test data for horizon 12, Test MAE: 16.3792, Test RMSE: 58.4260, Test MAPE: 21.3313, Test WMAPE: 0.0953
On average over 12 horizons, Test MAE: 13.3798, Test RMSE: 53.4523, Test MAPE: 19.0949, Test WMAPE: 0.0778
Test low! Updating! Test Loss: 13.379810492197672, Test low! Updating! Valid Loss: 10.885219063077654, epoch:  101
Iter: 000, Train Loss: 6.8392, Train RMSE: 14.4594, Train MAPE: 0.9723, Train WMAPE: 0.0380
Iter: 050, Train Loss: 7.0688, Train RMSE: 14.6821, Train MAPE: 1.0333, Train WMAPE: 0.0388
Epoch: 102, Training Time: 15.1939 secs
Epoch: 102, Inference Time: 1.9423 secs
Epoch: 102, Train Loss: 6.7390, Train RMSE: 14.3550, Train MAPE: 1.1347, Train WMAPE: 0.0377, 
Epoch: 102, Valid Loss: 10.8457, Valid RMSE: 41.7145, Valid MAPE: 2.8203, Valid WMAPE: 0.0623
###Update tasks appear###
Evaluate best model on test data for horizon 1, Test MAE: 9.2516, Test RMSE: 60.0383, Test MAPE: 8.3006, Test WMAPE: 0.0537
Evaluate best model on test data for horizon 2, Test MAE: 10.3026, Test RMSE: 54.2520, Test MAPE: 12.5399, Test WMAPE: 0.0598
Evaluate best model on test data for horizon 3, Test MAE: 10.6245, Test RMSE: 43.0102, Test MAPE: 17.5050, Test WMAPE: 0.0617
Evaluate best model on test data for horizon 4, Test MAE: 11.9481, Test RMSE: 49.2472, Test MAPE: 19.7770, Test WMAPE: 0.0694
Evaluate best model on test data for horizon 5, Test MAE: 13.0705, Test RMSE: 53.5719, Test MAPE: 20.0063, Test WMAPE: 0.0760
Evaluate best model on test data for horizon 6, Test MAE: 13.4642, Test RMSE: 49.9760, Test MAPE: 21.6784, Test WMAPE: 0.0783
Evaluate best model on test data for horizon 7, Test MAE: 14.2102, Test RMSE: 51.4112, Test MAPE: 22.0134, Test WMAPE: 0.0826
Evaluate best model on test data for horizon 8, Test MAE: 14.9651, Test RMSE: 54.9158, Test MAPE: 21.5833, Test WMAPE: 0.0870
Evaluate best model on test data for horizon 9, Test MAE: 15.4161, Test RMSE: 55.2268, Test MAPE: 21.3645, Test WMAPE: 0.0897
Evaluate best model on test data for horizon 10, Test MAE: 15.6250, Test RMSE: 53.1771, Test MAPE: 22.9071, Test WMAPE: 0.0909
Evaluate best model on test data for horizon 11, Test MAE: 16.3315, Test RMSE: 59.5127, Test MAPE: 21.2547, Test WMAPE: 0.0950
Evaluate best model on test data for horizon 12, Test MAE: 16.5342, Test RMSE: 58.9938, Test MAPE: 21.4807, Test WMAPE: 0.0962
On average over 12 horizons, Test MAE: 13.4786, Test RMSE: 53.6111, Test MAPE: 19.2009, Test WMAPE: 0.0784
No update
Iter: 000, Train Loss: 6.6367, Train RMSE: 13.9856, Train MAPE: 1.0314, Train WMAPE: 0.0368
Iter: 050, Train Loss: 7.0034, Train RMSE: 14.2645, Train MAPE: 0.7672, Train WMAPE: 0.0384
Epoch: 103, Training Time: 15.0947 secs
Epoch: 103, Inference Time: 2.0591 secs
Epoch: 103, Train Loss: 6.7384, Train RMSE: 14.3534, Train MAPE: 1.1789, Train WMAPE: 0.0377, 
Epoch: 103, Valid Loss: 11.0860, Valid RMSE: 41.5465, Valid MAPE: 4.6487, Valid WMAPE: 0.0637
No update
Iter: 000, Train Loss: 7.3767, Train RMSE: 14.8981, Train MAPE: 1.5804, Train WMAPE: 0.0410
Iter: 050, Train Loss: 6.9193, Train RMSE: 14.3156, Train MAPE: 1.1135, Train WMAPE: 0.0379
Epoch: 104, Training Time: 15.4994 secs
Epoch: 104, Inference Time: 2.0219 secs
Epoch: 104, Train Loss: 6.6988, Train RMSE: 14.2362, Train MAPE: 1.3128, Train WMAPE: 0.0375, 
Epoch: 104, Valid Loss: 10.9711, Valid RMSE: 41.6839, Valid MAPE: 3.3377, Valid WMAPE: 0.0630
No update
Iter: 000, Train Loss: 7.1396, Train RMSE: 15.0192, Train MAPE: 1.0419, Train WMAPE: 0.0396
Iter: 050, Train Loss: 6.8906, Train RMSE: 13.9862, Train MAPE: 0.8836, Train WMAPE: 0.0378
Epoch: 105, Training Time: 15.1637 secs
Epoch: 105, Inference Time: 1.9943 secs
Epoch: 105, Train Loss: 6.7495, Train RMSE: 14.3227, Train MAPE: 1.2524, Train WMAPE: 0.0377, 
Epoch: 105, Valid Loss: 11.1951, Valid RMSE: 42.0425, Valid MAPE: 5.9149, Valid WMAPE: 0.0643
No update
Iter: 000, Train Loss: 7.0560, Train RMSE: 14.5193, Train MAPE: 2.1385, Train WMAPE: 0.0392
Iter: 050, Train Loss: 7.1482, Train RMSE: 14.5604, Train MAPE: 0.7333, Train WMAPE: 0.0392
Epoch: 106, Training Time: 14.9944 secs
Epoch: 106, Inference Time: 2.0785 secs
Epoch: 106, Train Loss: 6.6835, Train RMSE: 14.2118, Train MAPE: 1.2426, Train WMAPE: 0.0374, 
Epoch: 106, Valid Loss: 10.9995, Valid RMSE: 41.6624, Valid MAPE: 4.3852, Valid WMAPE: 0.0632
No update
Iter: 000, Train Loss: 6.8643, Train RMSE: 14.1090, Train MAPE: 1.7642, Train WMAPE: 0.0381
Iter: 050, Train Loss: 7.3133, Train RMSE: 15.2624, Train MAPE: 0.7662, Train WMAPE: 0.0401
Epoch: 107, Training Time: 15.3934 secs
Epoch: 107, Inference Time: 2.0054 secs
Epoch: 107, Train Loss: 6.7121, Train RMSE: 14.2746, Train MAPE: 1.1388, Train WMAPE: 0.0375, 
Epoch: 107, Valid Loss: 10.8882, Valid RMSE: 42.0108, Valid MAPE: 3.0526, Valid WMAPE: 0.0625
No update
Iter: 000, Train Loss: 6.7838, Train RMSE: 14.2406, Train MAPE: 1.1307, Train WMAPE: 0.0377
Iter: 050, Train Loss: 6.8817, Train RMSE: 13.9021, Train MAPE: 0.7456, Train WMAPE: 0.0377
Epoch: 108, Training Time: 15.3277 secs
Epoch: 108, Inference Time: 2.0368 secs
Epoch: 108, Train Loss: 6.6918, Train RMSE: 14.2592, Train MAPE: 1.1660, Train WMAPE: 0.0374, 
Epoch: 108, Valid Loss: 10.7788, Valid RMSE: 41.4528, Valid MAPE: 3.1843, Valid WMAPE: 0.0619
###Update tasks appear###
Evaluate best model on test data for horizon 1, Test MAE: 9.2345, Test RMSE: 60.1292, Test MAPE: 8.1001, Test WMAPE: 0.0536
Evaluate best model on test data for horizon 2, Test MAE: 10.1762, Test RMSE: 53.9290, Test MAPE: 12.3799, Test WMAPE: 0.0591
Evaluate best model on test data for horizon 3, Test MAE: 10.4864, Test RMSE: 42.8183, Test MAPE: 17.2355, Test WMAPE: 0.0609
Evaluate best model on test data for horizon 4, Test MAE: 11.8508, Test RMSE: 49.0898, Test MAPE: 19.3238, Test WMAPE: 0.0689
Evaluate best model on test data for horizon 5, Test MAE: 12.9738, Test RMSE: 53.3302, Test MAPE: 19.6312, Test WMAPE: 0.0754
Evaluate best model on test data for horizon 6, Test MAE: 13.3420, Test RMSE: 49.5925, Test MAPE: 21.3130, Test WMAPE: 0.0775
Evaluate best model on test data for horizon 7, Test MAE: 14.1854, Test RMSE: 51.1099, Test MAPE: 21.7064, Test WMAPE: 0.0825
Evaluate best model on test data for horizon 8, Test MAE: 14.9184, Test RMSE: 54.4043, Test MAPE: 21.0872, Test WMAPE: 0.0868
Evaluate best model on test data for horizon 9, Test MAE: 15.2781, Test RMSE: 54.6272, Test MAPE: 21.0043, Test WMAPE: 0.0889
Evaluate best model on test data for horizon 10, Test MAE: 15.4263, Test RMSE: 52.6092, Test MAPE: 22.4807, Test WMAPE: 0.0897
Evaluate best model on test data for horizon 11, Test MAE: 16.1894, Test RMSE: 59.1327, Test MAPE: 21.0532, Test WMAPE: 0.0942
Evaluate best model on test data for horizon 12, Test MAE: 16.4449, Test RMSE: 58.7981, Test MAPE: 21.4013, Test WMAPE: 0.0957
On average over 12 horizons, Test MAE: 13.3755, Test RMSE: 53.2975, Test MAPE: 18.8931, Test WMAPE: 0.0778
Test low! Updating! Test Loss: 13.375510136286417, Test low! Updating! Valid Loss: 10.778759615761894, epoch:  108
Iter: 000, Train Loss: 6.5834, Train RMSE: 14.0974, Train MAPE: 1.0672, Train WMAPE: 0.0365
Iter: 050, Train Loss: 6.8236, Train RMSE: 14.0076, Train MAPE: 0.6670, Train WMAPE: 0.0374
Epoch: 109, Training Time: 15.1801 secs
Epoch: 109, Inference Time: 2.0891 secs
Epoch: 109, Train Loss: 6.6556, Train RMSE: 14.1545, Train MAPE: 1.1948, Train WMAPE: 0.0372, 
Epoch: 109, Valid Loss: 11.0558, Valid RMSE: 41.8981, Valid MAPE: 3.2106, Valid WMAPE: 0.0635
No update
Iter: 000, Train Loss: 7.3704, Train RMSE: 15.7240, Train MAPE: 1.2189, Train WMAPE: 0.0409
Iter: 050, Train Loss: 6.7505, Train RMSE: 13.9177, Train MAPE: 0.6482, Train WMAPE: 0.0370
Epoch: 110, Training Time: 15.2883 secs
Epoch: 110, Inference Time: 2.0008 secs
Epoch: 110, Train Loss: 6.6765, Train RMSE: 14.2023, Train MAPE: 1.1957, Train WMAPE: 0.0373, 
Epoch: 110, Valid Loss: 11.2160, Valid RMSE: 41.7052, Valid MAPE: 2.5928, Valid WMAPE: 0.0644
No update
Iter: 000, Train Loss: 7.2411, Train RMSE: 15.2507, Train MAPE: 0.8987, Train WMAPE: 0.0402
Iter: 050, Train Loss: 6.8430, Train RMSE: 13.9997, Train MAPE: 0.7431, Train WMAPE: 0.0375
Epoch: 111, Training Time: 15.4870 secs
Epoch: 111, Inference Time: 2.0046 secs
Epoch: 111, Train Loss: 6.6732, Train RMSE: 14.2057, Train MAPE: 1.1653, Train WMAPE: 0.0373, 
Epoch: 111, Valid Loss: 10.9064, Valid RMSE: 41.6603, Valid MAPE: 3.4728, Valid WMAPE: 0.0626
No update
Iter: 000, Train Loss: 6.7066, Train RMSE: 14.0662, Train MAPE: 1.2101, Train WMAPE: 0.0372
Iter: 050, Train Loss: 6.7101, Train RMSE: 13.6935, Train MAPE: 0.6701, Train WMAPE: 0.0368
Epoch: 112, Training Time: 14.9372 secs
Epoch: 112, Inference Time: 2.1335 secs
Epoch: 112, Train Loss: 6.6337, Train RMSE: 14.0789, Train MAPE: 1.2398, Train WMAPE: 0.0371, 
Epoch: 112, Valid Loss: 10.9261, Valid RMSE: 41.8242, Valid MAPE: 3.1606, Valid WMAPE: 0.0627
No update
Iter: 000, Train Loss: 6.9787, Train RMSE: 14.7113, Train MAPE: 1.1084, Train WMAPE: 0.0387
Iter: 050, Train Loss: 6.7503, Train RMSE: 13.6363, Train MAPE: 0.8159, Train WMAPE: 0.0370
Epoch: 113, Training Time: 15.1122 secs
Epoch: 113, Inference Time: 1.9802 secs
Epoch: 113, Train Loss: 6.5664, Train RMSE: 13.9385, Train MAPE: 1.2217, Train WMAPE: 0.0367, 
Epoch: 113, Valid Loss: 10.7531, Valid RMSE: 41.9823, Valid MAPE: 2.7775, Valid WMAPE: 0.0617
###Update tasks appear###
Evaluate best model on test data for horizon 1, Test MAE: 9.1758, Test RMSE: 60.4170, Test MAPE: 8.4278, Test WMAPE: 0.0533
Evaluate best model on test data for horizon 2, Test MAE: 10.1283, Test RMSE: 54.3520, Test MAPE: 12.5034, Test WMAPE: 0.0588
Evaluate best model on test data for horizon 3, Test MAE: 10.3500, Test RMSE: 42.9507, Test MAPE: 17.0945, Test WMAPE: 0.0601
Evaluate best model on test data for horizon 4, Test MAE: 11.7206, Test RMSE: 49.6321, Test MAPE: 19.1477, Test WMAPE: 0.0681
Evaluate best model on test data for horizon 5, Test MAE: 12.7830, Test RMSE: 53.7558, Test MAPE: 19.3586, Test WMAPE: 0.0743
Evaluate best model on test data for horizon 6, Test MAE: 13.1356, Test RMSE: 49.6761, Test MAPE: 20.9655, Test WMAPE: 0.0763
Evaluate best model on test data for horizon 7, Test MAE: 13.9138, Test RMSE: 51.1756, Test MAPE: 21.4506, Test WMAPE: 0.0809
Evaluate best model on test data for horizon 8, Test MAE: 14.6759, Test RMSE: 54.5341, Test MAPE: 20.8605, Test WMAPE: 0.0853
Evaluate best model on test data for horizon 9, Test MAE: 15.1033, Test RMSE: 54.8024, Test MAPE: 20.9961, Test WMAPE: 0.0878
Evaluate best model on test data for horizon 10, Test MAE: 15.2528, Test RMSE: 52.6337, Test MAPE: 22.5106, Test WMAPE: 0.0887
Evaluate best model on test data for horizon 11, Test MAE: 16.0114, Test RMSE: 59.2623, Test MAPE: 21.0850, Test WMAPE: 0.0931
Evaluate best model on test data for horizon 12, Test MAE: 16.2438, Test RMSE: 58.8513, Test MAPE: 21.1159, Test WMAPE: 0.0945
On average over 12 horizons, Test MAE: 13.2079, Test RMSE: 53.5036, Test MAPE: 18.7930, Test WMAPE: 0.0768
Test low! Updating! Test Loss: 13.207867622375488, Test low! Updating! Valid Loss: 10.753060102462769, epoch:  113
Iter: 000, Train Loss: 6.5266, Train RMSE: 13.8782, Train MAPE: 1.0075, Train WMAPE: 0.0362
Iter: 050, Train Loss: 6.5887, Train RMSE: 13.5690, Train MAPE: 0.9407, Train WMAPE: 0.0361
Epoch: 114, Training Time: 15.0040 secs
Epoch: 114, Inference Time: 1.9653 secs
Epoch: 114, Train Loss: 6.5462, Train RMSE: 13.9143, Train MAPE: 1.2628, Train WMAPE: 0.0366, 
Epoch: 114, Valid Loss: 10.7467, Valid RMSE: 41.4568, Valid MAPE: 2.7177, Valid WMAPE: 0.0617
###Update tasks appear###
Evaluate best model on test data for horizon 1, Test MAE: 9.2074, Test RMSE: 60.0706, Test MAPE: 8.1053, Test WMAPE: 0.0535
Evaluate best model on test data for horizon 2, Test MAE: 10.1704, Test RMSE: 54.0390, Test MAPE: 12.2874, Test WMAPE: 0.0591
Evaluate best model on test data for horizon 3, Test MAE: 10.4718, Test RMSE: 42.7624, Test MAPE: 17.2836, Test WMAPE: 0.0608
Evaluate best model on test data for horizon 4, Test MAE: 11.8199, Test RMSE: 48.8822, Test MAPE: 19.4054, Test WMAPE: 0.0687
Evaluate best model on test data for horizon 5, Test MAE: 12.9356, Test RMSE: 53.0263, Test MAPE: 19.6495, Test WMAPE: 0.0752
Evaluate best model on test data for horizon 6, Test MAE: 13.2986, Test RMSE: 49.1743, Test MAPE: 21.2320, Test WMAPE: 0.0773
Evaluate best model on test data for horizon 7, Test MAE: 14.0533, Test RMSE: 50.7221, Test MAPE: 21.5861, Test WMAPE: 0.0817
Evaluate best model on test data for horizon 8, Test MAE: 14.7747, Test RMSE: 53.8832, Test MAPE: 21.1219, Test WMAPE: 0.0859
Evaluate best model on test data for horizon 9, Test MAE: 15.1984, Test RMSE: 54.3831, Test MAPE: 21.1405, Test WMAPE: 0.0884
Evaluate best model on test data for horizon 10, Test MAE: 15.3594, Test RMSE: 52.4129, Test MAPE: 22.5810, Test WMAPE: 0.0893
Evaluate best model on test data for horizon 11, Test MAE: 16.1031, Test RMSE: 58.9689, Test MAPE: 21.3212, Test WMAPE: 0.0937
Evaluate best model on test data for horizon 12, Test MAE: 16.3365, Test RMSE: 58.5694, Test MAPE: 21.5711, Test WMAPE: 0.0950
On average over 12 horizons, Test MAE: 13.3108, Test RMSE: 53.0745, Test MAPE: 18.9404, Test WMAPE: 0.0774
No update
Iter: 000, Train Loss: 6.5602, Train RMSE: 13.9892, Train MAPE: 0.9948, Train WMAPE: 0.0364
Iter: 050, Train Loss: 6.6849, Train RMSE: 13.7174, Train MAPE: 0.6918, Train WMAPE: 0.0367
Epoch: 115, Training Time: 15.0639 secs
Epoch: 115, Inference Time: 1.9867 secs
Epoch: 115, Train Loss: 6.6384, Train RMSE: 14.1374, Train MAPE: 1.1516, Train WMAPE: 0.0371, 
Epoch: 115, Valid Loss: 10.7973, Valid RMSE: 41.5275, Valid MAPE: 3.5050, Valid WMAPE: 0.0620
No update
Iter: 000, Train Loss: 6.7345, Train RMSE: 13.8961, Train MAPE: 1.1613, Train WMAPE: 0.0374
Iter: 050, Train Loss: 6.5785, Train RMSE: 13.4524, Train MAPE: 0.7699, Train WMAPE: 0.0361
Epoch: 116, Training Time: 15.1299 secs
Epoch: 116, Inference Time: 2.0551 secs
Epoch: 116, Train Loss: 6.5782, Train RMSE: 13.9368, Train MAPE: 1.3075, Train WMAPE: 0.0368, 
Epoch: 116, Valid Loss: 10.9878, Valid RMSE: 41.7422, Valid MAPE: 2.7628, Valid WMAPE: 0.0631
No update
Iter: 000, Train Loss: 6.7737, Train RMSE: 13.9306, Train MAPE: 0.8686, Train WMAPE: 0.0376
Iter: 050, Train Loss: 6.5885, Train RMSE: 13.4044, Train MAPE: 0.5663, Train WMAPE: 0.0361
Epoch: 117, Training Time: 15.1974 secs
Epoch: 117, Inference Time: 2.0073 secs
Epoch: 117, Train Loss: 6.5524, Train RMSE: 13.9497, Train MAPE: 1.0747, Train WMAPE: 0.0366, 
Epoch: 117, Valid Loss: 10.8239, Valid RMSE: 41.6015, Valid MAPE: 3.9329, Valid WMAPE: 0.0621
No update
Iter: 000, Train Loss: 6.6402, Train RMSE: 13.9852, Train MAPE: 1.2160, Train WMAPE: 0.0369
Iter: 050, Train Loss: 6.5976, Train RMSE: 13.3560, Train MAPE: 0.8208, Train WMAPE: 0.0362
Epoch: 118, Training Time: 15.3774 secs
Epoch: 118, Inference Time: 1.9003 secs
Epoch: 118, Train Loss: 6.5223, Train RMSE: 13.8716, Train MAPE: 1.1746, Train WMAPE: 0.0365, 
Epoch: 118, Valid Loss: 10.9977, Valid RMSE: 41.8961, Valid MAPE: 3.0661, Valid WMAPE: 0.0631
No update
Iter: 000, Train Loss: 6.9897, Train RMSE: 14.3798, Train MAPE: 1.0739, Train WMAPE: 0.0388
Iter: 050, Train Loss: 6.6945, Train RMSE: 13.8412, Train MAPE: 0.5862, Train WMAPE: 0.0367
Epoch: 119, Training Time: 15.2880 secs
Epoch: 119, Inference Time: 1.9912 secs
Epoch: 119, Train Loss: 6.4993, Train RMSE: 13.8177, Train MAPE: 1.2008, Train WMAPE: 0.0363, 
Epoch: 119, Valid Loss: 10.6932, Valid RMSE: 41.5168, Valid MAPE: 2.6559, Valid WMAPE: 0.0614
###Update tasks appear###
Evaluate best model on test data for horizon 1, Test MAE: 9.1958, Test RMSE: 60.1923, Test MAPE: 8.4249, Test WMAPE: 0.0534
Evaluate best model on test data for horizon 2, Test MAE: 10.1470, Test RMSE: 54.0196, Test MAPE: 12.6348, Test WMAPE: 0.0589
Evaluate best model on test data for horizon 3, Test MAE: 10.3855, Test RMSE: 42.6136, Test MAPE: 17.5061, Test WMAPE: 0.0603
Evaluate best model on test data for horizon 4, Test MAE: 11.7320, Test RMSE: 49.1194, Test MAPE: 19.5940, Test WMAPE: 0.0682
Evaluate best model on test data for horizon 5, Test MAE: 12.7835, Test RMSE: 53.1085, Test MAPE: 19.6634, Test WMAPE: 0.0743
Evaluate best model on test data for horizon 6, Test MAE: 13.1596, Test RMSE: 49.3201, Test MAPE: 21.2154, Test WMAPE: 0.0765
Evaluate best model on test data for horizon 7, Test MAE: 13.9035, Test RMSE: 50.8491, Test MAPE: 21.5620, Test WMAPE: 0.0808
Evaluate best model on test data for horizon 8, Test MAE: 14.6493, Test RMSE: 53.7937, Test MAPE: 21.0869, Test WMAPE: 0.0852
Evaluate best model on test data for horizon 9, Test MAE: 15.1228, Test RMSE: 54.4555, Test MAPE: 21.0208, Test WMAPE: 0.0880
Evaluate best model on test data for horizon 10, Test MAE: 15.2516, Test RMSE: 52.3300, Test MAPE: 22.2159, Test WMAPE: 0.0887
Evaluate best model on test data for horizon 11, Test MAE: 16.0447, Test RMSE: 58.9995, Test MAPE: 21.1791, Test WMAPE: 0.0933
Evaluate best model on test data for horizon 12, Test MAE: 16.2255, Test RMSE: 58.5481, Test MAPE: 21.2450, Test WMAPE: 0.0944
On average over 12 horizons, Test MAE: 13.2167, Test RMSE: 53.1125, Test MAPE: 18.9457, Test WMAPE: 0.0768
No update
Iter: 000, Train Loss: 6.3999, Train RMSE: 13.5942, Train MAPE: 0.9056, Train WMAPE: 0.0355
Iter: 050, Train Loss: 6.5935, Train RMSE: 13.4259, Train MAPE: 1.0531, Train WMAPE: 0.0362
Epoch: 120, Training Time: 15.0874 secs
Epoch: 120, Inference Time: 2.0067 secs
Epoch: 120, Train Loss: 6.4553, Train RMSE: 13.7404, Train MAPE: 1.2040, Train WMAPE: 0.0361, 
Epoch: 120, Valid Loss: 10.7349, Valid RMSE: 41.4106, Valid MAPE: 2.3010, Valid WMAPE: 0.0616
###Update tasks appear###
Evaluate best model on test data for horizon 1, Test MAE: 9.1740, Test RMSE: 60.1105, Test MAPE: 8.3116, Test WMAPE: 0.0533
Evaluate best model on test data for horizon 2, Test MAE: 10.1548, Test RMSE: 53.9077, Test MAPE: 12.5612, Test WMAPE: 0.0590
Evaluate best model on test data for horizon 3, Test MAE: 10.4539, Test RMSE: 42.5890, Test MAPE: 17.5260, Test WMAPE: 0.0607
Evaluate best model on test data for horizon 4, Test MAE: 11.8261, Test RMSE: 48.8855, Test MAPE: 19.6402, Test WMAPE: 0.0687
Evaluate best model on test data for horizon 5, Test MAE: 12.9133, Test RMSE: 53.0542, Test MAPE: 19.7739, Test WMAPE: 0.0750
Evaluate best model on test data for horizon 6, Test MAE: 13.2691, Test RMSE: 49.2654, Test MAPE: 21.3144, Test WMAPE: 0.0771
Evaluate best model on test data for horizon 7, Test MAE: 14.0365, Test RMSE: 50.8619, Test MAPE: 21.5164, Test WMAPE: 0.0816
Evaluate best model on test data for horizon 8, Test MAE: 14.7740, Test RMSE: 53.9410, Test MAPE: 21.1034, Test WMAPE: 0.0859
Evaluate best model on test data for horizon 9, Test MAE: 15.2496, Test RMSE: 54.5682, Test MAPE: 21.2184, Test WMAPE: 0.0887
Evaluate best model on test data for horizon 10, Test MAE: 15.3587, Test RMSE: 52.4168, Test MAPE: 22.4583, Test WMAPE: 0.0893
Evaluate best model on test data for horizon 11, Test MAE: 16.0615, Test RMSE: 59.0497, Test MAPE: 21.1645, Test WMAPE: 0.0934
Evaluate best model on test data for horizon 12, Test MAE: 16.2515, Test RMSE: 58.6589, Test MAPE: 21.3518, Test WMAPE: 0.0945
On average over 12 horizons, Test MAE: 13.2936, Test RMSE: 53.1091, Test MAPE: 18.9950, Test WMAPE: 0.0773
No update
Iter: 000, Train Loss: 6.3923, Train RMSE: 13.5939, Train MAPE: 0.7320, Train WMAPE: 0.0355
Iter: 050, Train Loss: 6.6563, Train RMSE: 13.4248, Train MAPE: 0.6804, Train WMAPE: 0.0365
Epoch: 121, Training Time: 15.1812 secs
Epoch: 121, Inference Time: 1.9930 secs
Epoch: 121, Train Loss: 6.5084, Train RMSE: 13.8700, Train MAPE: 1.0335, Train WMAPE: 0.0364, 
Epoch: 121, Valid Loss: 10.7938, Valid RMSE: 41.2981, Valid MAPE: 3.6328, Valid WMAPE: 0.0620
No update
Iter: 000, Train Loss: 6.6852, Train RMSE: 13.9580, Train MAPE: 1.2704, Train WMAPE: 0.0371
Iter: 050, Train Loss: 6.6138, Train RMSE: 13.5623, Train MAPE: 0.6503, Train WMAPE: 0.0363
Epoch: 122, Training Time: 15.1920 secs
Epoch: 122, Inference Time: 2.0147 secs
Epoch: 122, Train Loss: 6.4588, Train RMSE: 13.8226, Train MAPE: 1.0751, Train WMAPE: 0.0361, 
Epoch: 122, Valid Loss: 10.7348, Valid RMSE: 41.0300, Valid MAPE: 2.6277, Valid WMAPE: 0.0616
###Update tasks appear###
Evaluate best model on test data for horizon 1, Test MAE: 9.3138, Test RMSE: 59.8389, Test MAPE: 8.6023, Test WMAPE: 0.0541
Evaluate best model on test data for horizon 2, Test MAE: 10.2982, Test RMSE: 53.2746, Test MAPE: 12.9323, Test WMAPE: 0.0598
Evaluate best model on test data for horizon 3, Test MAE: 10.5437, Test RMSE: 42.3522, Test MAPE: 18.0100, Test WMAPE: 0.0612
Evaluate best model on test data for horizon 4, Test MAE: 11.8782, Test RMSE: 48.6140, Test MAPE: 19.9713, Test WMAPE: 0.0690
Evaluate best model on test data for horizon 5, Test MAE: 12.9900, Test RMSE: 52.6721, Test MAPE: 19.9311, Test WMAPE: 0.0755
Evaluate best model on test data for horizon 6, Test MAE: 13.3648, Test RMSE: 48.8125, Test MAPE: 21.5360, Test WMAPE: 0.0777
Evaluate best model on test data for horizon 7, Test MAE: 14.2115, Test RMSE: 50.6265, Test MAPE: 21.9288, Test WMAPE: 0.0826
Evaluate best model on test data for horizon 8, Test MAE: 14.9220, Test RMSE: 53.5064, Test MAPE: 21.4529, Test WMAPE: 0.0868
Evaluate best model on test data for horizon 9, Test MAE: 15.3783, Test RMSE: 54.1670, Test MAPE: 21.4707, Test WMAPE: 0.0894
Evaluate best model on test data for horizon 10, Test MAE: 15.5279, Test RMSE: 52.2513, Test MAPE: 22.7715, Test WMAPE: 0.0903
Evaluate best model on test data for horizon 11, Test MAE: 16.2914, Test RMSE: 58.6999, Test MAPE: 21.8691, Test WMAPE: 0.0948
Evaluate best model on test data for horizon 12, Test MAE: 16.4103, Test RMSE: 58.2088, Test MAPE: 21.8658, Test WMAPE: 0.0955
On average over 12 horizons, Test MAE: 13.4275, Test RMSE: 52.7520, Test MAPE: 19.3618, Test WMAPE: 0.0781
No update
Iter: 000, Train Loss: 6.4811, Train RMSE: 13.6163, Train MAPE: 0.8262, Train WMAPE: 0.0360
Iter: 050, Train Loss: 6.7609, Train RMSE: 14.2316, Train MAPE: 0.8062, Train WMAPE: 0.0371
Epoch: 123, Training Time: 15.2840 secs
Epoch: 123, Inference Time: 1.8915 secs
Epoch: 123, Train Loss: 6.4652, Train RMSE: 13.8698, Train MAPE: 1.0125, Train WMAPE: 0.0362, 
Epoch: 123, Valid Loss: 11.0091, Valid RMSE: 41.3341, Valid MAPE: 3.0318, Valid WMAPE: 0.0632
No update
Iter: 000, Train Loss: 6.6389, Train RMSE: 13.6868, Train MAPE: 0.9793, Train WMAPE: 0.0369
Iter: 050, Train Loss: 6.5829, Train RMSE: 13.2495, Train MAPE: 0.9539, Train WMAPE: 0.0361
Epoch: 124, Training Time: 15.2933 secs
Epoch: 124, Inference Time: 1.9869 secs
Epoch: 124, Train Loss: 6.4598, Train RMSE: 13.7482, Train MAPE: 1.1115, Train WMAPE: 0.0361, 
Epoch: 124, Valid Loss: 10.8866, Valid RMSE: 41.5965, Valid MAPE: 4.1536, Valid WMAPE: 0.0625
No update
Iter: 000, Train Loss: 6.5964, Train RMSE: 13.7642, Train MAPE: 1.3562, Train WMAPE: 0.0366
Iter: 050, Train Loss: 6.5241, Train RMSE: 13.2297, Train MAPE: 0.6968, Train WMAPE: 0.0358
Epoch: 125, Training Time: 15.1028 secs
Epoch: 125, Inference Time: 1.9870 secs
Epoch: 125, Train Loss: 6.4376, Train RMSE: 13.7132, Train MAPE: 1.1751, Train WMAPE: 0.0360, 
Epoch: 125, Valid Loss: 10.7833, Valid RMSE: 41.7528, Valid MAPE: 3.0376, Valid WMAPE: 0.0619
No update
Iter: 000, Train Loss: 6.4780, Train RMSE: 13.7667, Train MAPE: 0.9654, Train WMAPE: 0.0360
Iter: 050, Train Loss: 6.6903, Train RMSE: 13.8082, Train MAPE: 0.6738, Train WMAPE: 0.0367
Epoch: 126, Training Time: 15.4951 secs
Epoch: 126, Inference Time: 1.9799 secs
Epoch: 126, Train Loss: 6.4314, Train RMSE: 13.7284, Train MAPE: 1.0636, Train WMAPE: 0.0360, 
Epoch: 126, Valid Loss: 10.7589, Valid RMSE: 41.5653, Valid MAPE: 3.1220, Valid WMAPE: 0.0618
No update
Iter: 000, Train Loss: 6.4047, Train RMSE: 13.3762, Train MAPE: 1.0091, Train WMAPE: 0.0356
Iter: 050, Train Loss: 6.5076, Train RMSE: 13.3024, Train MAPE: 0.8443, Train WMAPE: 0.0357
Epoch: 127, Training Time: 15.2019 secs
Epoch: 127, Inference Time: 1.9899 secs
Epoch: 127, Train Loss: 6.3875, Train RMSE: 13.6550, Train MAPE: 1.0348, Train WMAPE: 0.0357, 
Epoch: 127, Valid Loss: 10.8335, Valid RMSE: 41.3749, Valid MAPE: 2.2957, Valid WMAPE: 0.0622
No update
Iter: 000, Train Loss: 6.5222, Train RMSE: 13.6728, Train MAPE: 0.7569, Train WMAPE: 0.0362
Iter: 050, Train Loss: 6.4096, Train RMSE: 13.0435, Train MAPE: 0.7976, Train WMAPE: 0.0351
Epoch: 128, Training Time: 15.0939 secs
Epoch: 128, Inference Time: 2.0133 secs
Epoch: 128, Train Loss: 6.3925, Train RMSE: 13.6690, Train MAPE: 0.9880, Train WMAPE: 0.0357, 
Epoch: 128, Valid Loss: 10.7511, Valid RMSE: 41.2926, Valid MAPE: 3.9168, Valid WMAPE: 0.0617
###Update tasks appear###
Evaluate best model on test data for horizon 1, Test MAE: 9.1981, Test RMSE: 59.6787, Test MAPE: 8.4110, Test WMAPE: 0.0534
Evaluate best model on test data for horizon 2, Test MAE: 10.1474, Test RMSE: 53.4442, Test MAPE: 12.5706, Test WMAPE: 0.0589
Evaluate best model on test data for horizon 3, Test MAE: 10.5266, Test RMSE: 42.5972, Test MAPE: 17.6492, Test WMAPE: 0.0611
Evaluate best model on test data for horizon 4, Test MAE: 11.7552, Test RMSE: 48.7233, Test MAPE: 19.5266, Test WMAPE: 0.0683
Evaluate best model on test data for horizon 5, Test MAE: 12.9815, Test RMSE: 52.9815, Test MAPE: 19.5829, Test WMAPE: 0.0754
Evaluate best model on test data for horizon 6, Test MAE: 13.2265, Test RMSE: 48.9767, Test MAPE: 21.1263, Test WMAPE: 0.0769
Evaluate best model on test data for horizon 7, Test MAE: 14.0646, Test RMSE: 50.7331, Test MAPE: 21.4037, Test WMAPE: 0.0818
Evaluate best model on test data for horizon 8, Test MAE: 14.7044, Test RMSE: 53.6003, Test MAPE: 20.9056, Test WMAPE: 0.0855
Evaluate best model on test data for horizon 9, Test MAE: 15.1135, Test RMSE: 54.1822, Test MAPE: 20.7956, Test WMAPE: 0.0879
Evaluate best model on test data for horizon 10, Test MAE: 15.3148, Test RMSE: 52.2115, Test MAPE: 22.0520, Test WMAPE: 0.0891
Evaluate best model on test data for horizon 11, Test MAE: 16.0446, Test RMSE: 58.8477, Test MAPE: 20.9871, Test WMAPE: 0.0933
Evaluate best model on test data for horizon 12, Test MAE: 16.1481, Test RMSE: 58.4078, Test MAPE: 21.0002, Test WMAPE: 0.0939
On average over 12 horizons, Test MAE: 13.2688, Test RMSE: 52.8653, Test MAPE: 18.8342, Test WMAPE: 0.0771
No update
Iter: 000, Train Loss: 6.5636, Train RMSE: 13.8377, Train MAPE: 1.2019, Train WMAPE: 0.0364
Iter: 050, Train Loss: 6.3473, Train RMSE: 12.9777, Train MAPE: 0.8188, Train WMAPE: 0.0348
Epoch: 129, Training Time: 15.3731 secs
Epoch: 129, Inference Time: 2.0961 secs
Epoch: 129, Train Loss: 6.3301, Train RMSE: 13.5552, Train MAPE: 1.0378, Train WMAPE: 0.0354, 
Epoch: 129, Valid Loss: 10.6453, Valid RMSE: 41.1710, Valid MAPE: 3.3665, Valid WMAPE: 0.0611
###Update tasks appear###
Evaluate best model on test data for horizon 1, Test MAE: 9.1193, Test RMSE: 59.9672, Test MAPE: 8.7594, Test WMAPE: 0.0529
Evaluate best model on test data for horizon 2, Test MAE: 10.0681, Test RMSE: 53.3483, Test MAPE: 12.5585, Test WMAPE: 0.0585
Evaluate best model on test data for horizon 3, Test MAE: 10.4149, Test RMSE: 42.6046, Test MAPE: 17.6344, Test WMAPE: 0.0605
Evaluate best model on test data for horizon 4, Test MAE: 11.6346, Test RMSE: 48.5696, Test MAPE: 19.5118, Test WMAPE: 0.0676
Evaluate best model on test data for horizon 5, Test MAE: 12.7819, Test RMSE: 52.8298, Test MAPE: 19.6272, Test WMAPE: 0.0743
Evaluate best model on test data for horizon 6, Test MAE: 13.0660, Test RMSE: 48.8799, Test MAPE: 20.9345, Test WMAPE: 0.0759
Evaluate best model on test data for horizon 7, Test MAE: 13.8156, Test RMSE: 50.5393, Test MAPE: 21.2480, Test WMAPE: 0.0803
Evaluate best model on test data for horizon 8, Test MAE: 14.5987, Test RMSE: 53.3342, Test MAPE: 21.2521, Test WMAPE: 0.0849
Evaluate best model on test data for horizon 9, Test MAE: 15.0876, Test RMSE: 53.9914, Test MAPE: 21.6160, Test WMAPE: 0.0877
Evaluate best model on test data for horizon 10, Test MAE: 15.2162, Test RMSE: 51.9474, Test MAPE: 22.8755, Test WMAPE: 0.0885
Evaluate best model on test data for horizon 11, Test MAE: 15.9271, Test RMSE: 58.3970, Test MAPE: 21.9169, Test WMAPE: 0.0927
Evaluate best model on test data for horizon 12, Test MAE: 16.0418, Test RMSE: 58.0388, Test MAPE: 21.7675, Test WMAPE: 0.0933
On average over 12 horizons, Test MAE: 13.1476, Test RMSE: 52.7040, Test MAPE: 19.1418, Test WMAPE: 0.0764
Test low! Updating! Test Loss: 13.147637128829956, Test low! Updating! Valid Loss: 10.645281859806605, epoch:  129
Iter: 000, Train Loss: 6.3883, Train RMSE: 13.4984, Train MAPE: 1.1633, Train WMAPE: 0.0355
Iter: 050, Train Loss: 6.5281, Train RMSE: 13.1553, Train MAPE: 0.8077, Train WMAPE: 0.0358
Epoch: 130, Training Time: 15.1277 secs
Epoch: 130, Inference Time: 1.9555 secs
Epoch: 130, Train Loss: 6.3494, Train RMSE: 13.5836, Train MAPE: 1.0176, Train WMAPE: 0.0355, 
Epoch: 130, Valid Loss: 10.7955, Valid RMSE: 41.2994, Valid MAPE: 4.0231, Valid WMAPE: 0.0620
No update
Iter: 000, Train Loss: 6.5884, Train RMSE: 13.9118, Train MAPE: 1.3892, Train WMAPE: 0.0366
Iter: 050, Train Loss: 6.4139, Train RMSE: 12.8720, Train MAPE: 0.8277, Train WMAPE: 0.0352
Epoch: 131, Training Time: 14.8691 secs
Epoch: 131, Inference Time: 1.8103 secs
Epoch: 131, Train Loss: 6.3118, Train RMSE: 13.4581, Train MAPE: 1.1007, Train WMAPE: 0.0353, 
Epoch: 131, Valid Loss: 10.6589, Valid RMSE: 41.3022, Valid MAPE: 2.3520, Valid WMAPE: 0.0612
No update
Iter: 000, Train Loss: 6.2857, Train RMSE: 13.4032, Train MAPE: 0.8863, Train WMAPE: 0.0349
Iter: 050, Train Loss: 6.3572, Train RMSE: 12.8583, Train MAPE: 0.5789, Train WMAPE: 0.0349
Epoch: 132, Training Time: 15.2832 secs
Epoch: 132, Inference Time: 1.9836 secs
Epoch: 132, Train Loss: 6.3135, Train RMSE: 13.5160, Train MAPE: 1.0126, Train WMAPE: 0.0353, 
Epoch: 132, Valid Loss: 10.8177, Valid RMSE: 41.7666, Valid MAPE: 2.6899, Valid WMAPE: 0.0621
No update
Iter: 000, Train Loss: 6.2782, Train RMSE: 13.5017, Train MAPE: 0.8783, Train WMAPE: 0.0349
Iter: 050, Train Loss: 6.3936, Train RMSE: 13.0051, Train MAPE: 0.7045, Train WMAPE: 0.0351
Epoch: 133, Training Time: 15.0212 secs
Epoch: 133, Inference Time: 2.0861 secs
Epoch: 133, Train Loss: 6.3226, Train RMSE: 13.5064, Train MAPE: 1.0411, Train WMAPE: 0.0354, 
Epoch: 133, Valid Loss: 10.8913, Valid RMSE: 41.3093, Valid MAPE: 4.5324, Valid WMAPE: 0.0625
No update
Iter: 000, Train Loss: 6.6015, Train RMSE: 13.6486, Train MAPE: 1.4968, Train WMAPE: 0.0366
Iter: 050, Train Loss: 6.3055, Train RMSE: 12.8376, Train MAPE: 0.9409, Train WMAPE: 0.0346
Epoch: 134, Training Time: 14.9699 secs
Epoch: 134, Inference Time: 2.0909 secs
Epoch: 134, Train Loss: 6.3145, Train RMSE: 13.4774, Train MAPE: 1.2183, Train WMAPE: 0.0353, 
Epoch: 134, Valid Loss: 10.6681, Valid RMSE: 41.1462, Valid MAPE: 2.9263, Valid WMAPE: 0.0613
No update
Iter: 000, Train Loss: 6.3798, Train RMSE: 13.5155, Train MAPE: 0.9610, Train WMAPE: 0.0354
Iter: 050, Train Loss: 6.2881, Train RMSE: 12.8374, Train MAPE: 0.8037, Train WMAPE: 0.0345
Epoch: 135, Training Time: 15.3927 secs
Epoch: 135, Inference Time: 1.9023 secs
Epoch: 135, Train Loss: 6.2939, Train RMSE: 13.4203, Train MAPE: 1.1348, Train WMAPE: 0.0352, 
Epoch: 135, Valid Loss: 10.7113, Valid RMSE: 41.3365, Valid MAPE: 2.3770, Valid WMAPE: 0.0615
No update
Iter: 000, Train Loss: 6.3678, Train RMSE: 13.4034, Train MAPE: 0.7736, Train WMAPE: 0.0354
Iter: 050, Train Loss: 7.0219, Train RMSE: 14.8862, Train MAPE: 0.7237, Train WMAPE: 0.0385
Epoch: 136, Training Time: 15.0846 secs
Epoch: 136, Inference Time: 2.0876 secs
Epoch: 136, Train Loss: 6.3536, Train RMSE: 13.5518, Train MAPE: 1.1367, Train WMAPE: 0.0355, 
Epoch: 136, Valid Loss: 10.7240, Valid RMSE: 41.2712, Valid MAPE: 2.2426, Valid WMAPE: 0.0616
No update
Iter: 000, Train Loss: 6.2612, Train RMSE: 13.3837, Train MAPE: 0.6712, Train WMAPE: 0.0348
Iter: 050, Train Loss: 6.5629, Train RMSE: 13.5349, Train MAPE: 0.6725, Train WMAPE: 0.0360
Epoch: 137, Training Time: 15.1932 secs
Epoch: 137, Inference Time: 1.9802 secs
Epoch: 137, Train Loss: 6.2602, Train RMSE: 13.3799, Train MAPE: 1.1143, Train WMAPE: 0.0350, 
Epoch: 137, Valid Loss: 10.7062, Valid RMSE: 41.4931, Valid MAPE: 2.9394, Valid WMAPE: 0.0615
No update
Iter: 000, Train Loss: 6.2515, Train RMSE: 13.1390, Train MAPE: 1.0694, Train WMAPE: 0.0347
Iter: 050, Train Loss: 6.3839, Train RMSE: 13.0874, Train MAPE: 1.0231, Train WMAPE: 0.0350
Epoch: 138, Training Time: 15.0978 secs
Epoch: 138, Inference Time: 2.0889 secs
Epoch: 138, Train Loss: 6.2645, Train RMSE: 13.3582, Train MAPE: 1.1365, Train WMAPE: 0.0350, 
Epoch: 138, Valid Loss: 10.6871, Valid RMSE: 41.4695, Valid MAPE: 2.0787, Valid WMAPE: 0.0614
No update
Iter: 000, Train Loss: 6.1963, Train RMSE: 13.1295, Train MAPE: 0.7941, Train WMAPE: 0.0344
Iter: 050, Train Loss: 6.4677, Train RMSE: 13.0221, Train MAPE: 0.7247, Train WMAPE: 0.0355
Epoch: 139, Training Time: 15.1240 secs
Epoch: 139, Inference Time: 2.0593 secs
Epoch: 139, Train Loss: 6.2994, Train RMSE: 13.4900, Train MAPE: 0.9432, Train WMAPE: 0.0352, 
Epoch: 139, Valid Loss: 11.0632, Valid RMSE: 41.7900, Valid MAPE: 2.8919, Valid WMAPE: 0.0635
No update
Iter: 000, Train Loss: 7.1015, Train RMSE: 15.6999, Train MAPE: 0.9106, Train WMAPE: 0.0394
Iter: 050, Train Loss: 6.2111, Train RMSE: 12.7612, Train MAPE: 0.5769, Train WMAPE: 0.0341
Epoch: 140, Training Time: 15.2945 secs
Epoch: 140, Inference Time: 2.0113 secs
Epoch: 140, Train Loss: 6.3951, Train RMSE: 13.7458, Train MAPE: 1.0289, Train WMAPE: 0.0358, 
Epoch: 140, Valid Loss: 10.6043, Valid RMSE: 41.2468, Valid MAPE: 2.8158, Valid WMAPE: 0.0609
###Update tasks appear###
Evaluate best model on test data for horizon 1, Test MAE: 9.1977, Test RMSE: 59.9874, Test MAPE: 8.4168, Test WMAPE: 0.0534
Evaluate best model on test data for horizon 2, Test MAE: 10.1356, Test RMSE: 53.5612, Test MAPE: 12.4524, Test WMAPE: 0.0589
Evaluate best model on test data for horizon 3, Test MAE: 10.4930, Test RMSE: 43.1396, Test MAPE: 17.4362, Test WMAPE: 0.0609
Evaluate best model on test data for horizon 4, Test MAE: 11.7551, Test RMSE: 48.8576, Test MAPE: 19.3507, Test WMAPE: 0.0683
Evaluate best model on test data for horizon 5, Test MAE: 12.8991, Test RMSE: 52.9882, Test MAPE: 19.5080, Test WMAPE: 0.0750
Evaluate best model on test data for horizon 6, Test MAE: 13.2036, Test RMSE: 49.4693, Test MAPE: 21.0347, Test WMAPE: 0.0767
Evaluate best model on test data for horizon 7, Test MAE: 13.8345, Test RMSE: 50.6424, Test MAPE: 21.4132, Test WMAPE: 0.0804
Evaluate best model on test data for horizon 8, Test MAE: 14.4653, Test RMSE: 53.1173, Test MAPE: 21.1665, Test WMAPE: 0.0841
Evaluate best model on test data for horizon 9, Test MAE: 14.8644, Test RMSE: 53.7985, Test MAPE: 21.3335, Test WMAPE: 0.0865
Evaluate best model on test data for horizon 10, Test MAE: 14.9546, Test RMSE: 51.7820, Test MAPE: 22.4989, Test WMAPE: 0.0870
Evaluate best model on test data for horizon 11, Test MAE: 15.5902, Test RMSE: 57.8730, Test MAPE: 21.4552, Test WMAPE: 0.0907
Evaluate best model on test data for horizon 12, Test MAE: 15.7974, Test RMSE: 57.3852, Test MAPE: 21.6384, Test WMAPE: 0.0919
On average over 12 horizons, Test MAE: 13.0992, Test RMSE: 52.7168, Test MAPE: 18.9754, Test WMAPE: 0.0761
Test low! Updating! Test Loss: 13.099196195602417, Test low! Updating! Valid Loss: 10.604283094406128, epoch:  140
Iter: 000, Train Loss: 6.3293, Train RMSE: 13.3839, Train MAPE: 0.8498, Train WMAPE: 0.0351
Iter: 050, Train Loss: 6.3220, Train RMSE: 13.0962, Train MAPE: 0.5284, Train WMAPE: 0.0347
Epoch: 141, Training Time: 15.0643 secs
Epoch: 141, Inference Time: 1.9847 secs
Epoch: 141, Train Loss: 6.2762, Train RMSE: 13.4389, Train MAPE: 0.9437, Train WMAPE: 0.0351, 
Epoch: 141, Valid Loss: 10.8471, Valid RMSE: 41.9141, Valid MAPE: 2.5318, Valid WMAPE: 0.0623
No update
Iter: 000, Train Loss: 6.9155, Train RMSE: 15.5067, Train MAPE: 0.7736, Train WMAPE: 0.0384
Iter: 050, Train Loss: 6.5674, Train RMSE: 13.5476, Train MAPE: 0.6144, Train WMAPE: 0.0360
Epoch: 142, Training Time: 15.4272 secs
Epoch: 142, Inference Time: 2.0679 secs
Epoch: 142, Train Loss: 6.2474, Train RMSE: 13.4262, Train MAPE: 0.9046, Train WMAPE: 0.0349, 
Epoch: 142, Valid Loss: 10.8380, Valid RMSE: 41.5657, Valid MAPE: 3.7303, Valid WMAPE: 0.0622
No update
Iter: 000, Train Loss: 6.4254, Train RMSE: 13.5013, Train MAPE: 1.2821, Train WMAPE: 0.0357
Iter: 050, Train Loss: 6.2505, Train RMSE: 12.8151, Train MAPE: 0.8294, Train WMAPE: 0.0343
Epoch: 143, Training Time: 14.9914 secs
Epoch: 143, Inference Time: 1.9957 secs
Epoch: 143, Train Loss: 6.1985, Train RMSE: 13.2697, Train MAPE: 0.9888, Train WMAPE: 0.0347, 
Epoch: 143, Valid Loss: 10.8463, Valid RMSE: 41.7026, Valid MAPE: 3.3395, Valid WMAPE: 0.0623
No update
Iter: 000, Train Loss: 6.4034, Train RMSE: 13.5555, Train MAPE: 1.1099, Train WMAPE: 0.0355
Iter: 050, Train Loss: 6.2201, Train RMSE: 12.7718, Train MAPE: 0.7967, Train WMAPE: 0.0341
Epoch: 144, Training Time: 14.8876 secs
Epoch: 144, Inference Time: 1.9821 secs
Epoch: 144, Train Loss: 6.1879, Train RMSE: 13.2857, Train MAPE: 0.9973, Train WMAPE: 0.0346, 
Epoch: 144, Valid Loss: 10.6312, Valid RMSE: 41.8318, Valid MAPE: 2.0763, Valid WMAPE: 0.0610
No update
Iter: 000, Train Loss: 6.1918, Train RMSE: 13.3288, Train MAPE: 0.6919, Train WMAPE: 0.0344
Iter: 050, Train Loss: 6.3303, Train RMSE: 12.7949, Train MAPE: 0.9512, Train WMAPE: 0.0347
Epoch: 145, Training Time: 15.1192 secs
Epoch: 145, Inference Time: 2.0627 secs
Epoch: 145, Train Loss: 6.1953, Train RMSE: 13.2531, Train MAPE: 1.0831, Train WMAPE: 0.0346, 
Epoch: 145, Valid Loss: 10.7802, Valid RMSE: 41.7949, Valid MAPE: 3.8222, Valid WMAPE: 0.0619
No update
Iter: 000, Train Loss: 6.2891, Train RMSE: 13.2006, Train MAPE: 1.4734, Train WMAPE: 0.0349
Iter: 050, Train Loss: 6.1886, Train RMSE: 12.5937, Train MAPE: 0.7999, Train WMAPE: 0.0339
Epoch: 146, Training Time: 15.2913 secs
Epoch: 146, Inference Time: 1.9879 secs
Epoch: 146, Train Loss: 6.1441, Train RMSE: 13.1077, Train MAPE: 1.1540, Train WMAPE: 0.0344, 
Epoch: 146, Valid Loss: 10.5667, Valid RMSE: 41.4289, Valid MAPE: 2.3706, Valid WMAPE: 0.0607
###Update tasks appear###
Evaluate best model on test data for horizon 1, Test MAE: 9.1272, Test RMSE: 59.7213, Test MAPE: 8.7366, Test WMAPE: 0.0530
Evaluate best model on test data for horizon 2, Test MAE: 10.0833, Test RMSE: 53.6050, Test MAPE: 12.6868, Test WMAPE: 0.0586
Evaluate best model on test data for horizon 3, Test MAE: 10.3812, Test RMSE: 43.1012, Test MAPE: 17.5970, Test WMAPE: 0.0603
Evaluate best model on test data for horizon 4, Test MAE: 11.6484, Test RMSE: 48.9762, Test MAPE: 19.5270, Test WMAPE: 0.0677
Evaluate best model on test data for horizon 5, Test MAE: 12.7584, Test RMSE: 53.5050, Test MAPE: 19.5623, Test WMAPE: 0.0741
Evaluate best model on test data for horizon 6, Test MAE: 13.1288, Test RMSE: 49.9106, Test MAPE: 20.9780, Test WMAPE: 0.0763
Evaluate best model on test data for horizon 7, Test MAE: 13.8051, Test RMSE: 50.8189, Test MAPE: 21.3299, Test WMAPE: 0.0803
Evaluate best model on test data for horizon 8, Test MAE: 14.4750, Test RMSE: 53.4557, Test MAPE: 20.9775, Test WMAPE: 0.0842
Evaluate best model on test data for horizon 9, Test MAE: 14.8902, Test RMSE: 53.9717, Test MAPE: 21.1871, Test WMAPE: 0.0866
Evaluate best model on test data for horizon 10, Test MAE: 14.9286, Test RMSE: 51.8730, Test MAPE: 22.1760, Test WMAPE: 0.0868
Evaluate best model on test data for horizon 11, Test MAE: 15.5915, Test RMSE: 57.9379, Test MAPE: 21.4137, Test WMAPE: 0.0907
Evaluate best model on test data for horizon 12, Test MAE: 15.7614, Test RMSE: 57.6146, Test MAPE: 21.5515, Test WMAPE: 0.0917
On average over 12 horizons, Test MAE: 13.0483, Test RMSE: 52.8743, Test MAPE: 18.9770, Test WMAPE: 0.0759
Test low! Updating! Test Loss: 13.048266569773356, Test low! Updating! Valid Loss: 10.566685301916939, epoch:  146
Iter: 000, Train Loss: 6.2161, Train RMSE: 13.1844, Train MAPE: 0.7672, Train WMAPE: 0.0345
Iter: 050, Train Loss: 6.1569, Train RMSE: 12.8669, Train MAPE: 0.6865, Train WMAPE: 0.0338
Epoch: 147, Training Time: 15.3087 secs
Epoch: 147, Inference Time: 1.9615 secs
Epoch: 147, Train Loss: 6.1562, Train RMSE: 13.1851, Train MAPE: 1.1042, Train WMAPE: 0.0344, 
Epoch: 147, Valid Loss: 10.6306, Valid RMSE: 41.5753, Valid MAPE: 2.1669, Valid WMAPE: 0.0610
No update
Iter: 000, Train Loss: 6.1910, Train RMSE: 13.1815, Train MAPE: 0.6073, Train WMAPE: 0.0344
Iter: 050, Train Loss: 6.3071, Train RMSE: 12.8176, Train MAPE: 0.6426, Train WMAPE: 0.0346
Epoch: 148, Training Time: 15.2757 secs
Epoch: 148, Inference Time: 1.9901 secs
Epoch: 148, Train Loss: 6.1706, Train RMSE: 13.2406, Train MAPE: 0.9093, Train WMAPE: 0.0345, 
Epoch: 148, Valid Loss: 10.7907, Valid RMSE: 41.4427, Valid MAPE: 2.7109, Valid WMAPE: 0.0620
No update
Iter: 000, Train Loss: 6.3539, Train RMSE: 13.3241, Train MAPE: 0.8842, Train WMAPE: 0.0353
Iter: 050, Train Loss: 6.1855, Train RMSE: 12.6430, Train MAPE: 0.7092, Train WMAPE: 0.0339
Epoch: 149, Training Time: 15.2284 secs
Epoch: 149, Inference Time: 2.0533 secs
Epoch: 149, Train Loss: 6.1239, Train RMSE: 13.1593, Train MAPE: 0.9552, Train WMAPE: 0.0342, 
Epoch: 149, Valid Loss: 10.6345, Valid RMSE: 41.7852, Valid MAPE: 2.3554, Valid WMAPE: 0.0611
No update
Iter: 000, Train Loss: 6.1858, Train RMSE: 13.0738, Train MAPE: 0.7456, Train WMAPE: 0.0343
Iter: 050, Train Loss: 6.2015, Train RMSE: 12.6741, Train MAPE: 0.7411, Train WMAPE: 0.0340
Epoch: 150, Training Time: 15.1977 secs
Epoch: 150, Inference Time: 1.8890 secs
Epoch: 150, Train Loss: 6.1443, Train RMSE: 13.1979, Train MAPE: 0.9325, Train WMAPE: 0.0344, 
Epoch: 150, Valid Loss: 10.7809, Valid RMSE: 41.5334, Valid MAPE: 2.7144, Valid WMAPE: 0.0619
No update
Iter: 000, Train Loss: 6.1809, Train RMSE: 13.1619, Train MAPE: 0.7878, Train WMAPE: 0.0343
Iter: 050, Train Loss: 6.1667, Train RMSE: 12.5847, Train MAPE: 0.6331, Train WMAPE: 0.0338
Epoch: 151, Training Time: 14.9948 secs
Epoch: 151, Inference Time: 1.9894 secs
Epoch: 151, Train Loss: 6.1179, Train RMSE: 13.1183, Train MAPE: 0.9106, Train WMAPE: 0.0342, 
Epoch: 151, Valid Loss: 10.8703, Valid RMSE: 41.4862, Valid MAPE: 3.5847, Valid WMAPE: 0.0624
No update
Iter: 000, Train Loss: 6.3875, Train RMSE: 13.2813, Train MAPE: 1.1834, Train WMAPE: 0.0355
Iter: 050, Train Loss: 6.3763, Train RMSE: 12.7889, Train MAPE: 1.0904, Train WMAPE: 0.0350
Epoch: 152, Training Time: 15.1546 secs
Epoch: 152, Inference Time: 2.0261 secs
Epoch: 152, Train Loss: 6.3447, Train RMSE: 13.5855, Train MAPE: 1.1208, Train WMAPE: 0.0355, 
Epoch: 152, Valid Loss: 10.6398, Valid RMSE: 41.4454, Valid MAPE: 2.4028, Valid WMAPE: 0.0611
No update
Iter: 000, Train Loss: 6.2135, Train RMSE: 13.2326, Train MAPE: 0.7677, Train WMAPE: 0.0345
Iter: 050, Train Loss: 6.1138, Train RMSE: 12.5547, Train MAPE: 0.6272, Train WMAPE: 0.0335
Epoch: 153, Training Time: 15.0965 secs
Epoch: 153, Inference Time: 1.9967 secs
Epoch: 153, Train Loss: 6.1204, Train RMSE: 13.0958, Train MAPE: 1.1327, Train WMAPE: 0.0342, 
Epoch: 153, Valid Loss: 10.7829, Valid RMSE: 41.7483, Valid MAPE: 2.6565, Valid WMAPE: 0.0619
No update
Iter: 000, Train Loss: 6.2323, Train RMSE: 12.9801, Train MAPE: 0.8538, Train WMAPE: 0.0346
Iter: 050, Train Loss: 6.3287, Train RMSE: 12.7542, Train MAPE: 1.1762, Train WMAPE: 0.0347
Epoch: 154, Training Time: 15.0857 secs
Epoch: 154, Inference Time: 1.8943 secs
Epoch: 154, Train Loss: 6.0971, Train RMSE: 13.0235, Train MAPE: 1.0472, Train WMAPE: 0.0341, 
Epoch: 154, Valid Loss: 10.6838, Valid RMSE: 41.2471, Valid MAPE: 3.1636, Valid WMAPE: 0.0613
No update
Iter: 000, Train Loss: 6.1542, Train RMSE: 12.9940, Train MAPE: 1.2251, Train WMAPE: 0.0342
Iter: 050, Train Loss: 6.2440, Train RMSE: 12.5321, Train MAPE: 0.8459, Train WMAPE: 0.0342
Epoch: 155, Training Time: 15.1879 secs
Epoch: 155, Inference Time: 1.9953 secs
Epoch: 155, Train Loss: 6.1017, Train RMSE: 13.0458, Train MAPE: 1.0057, Train WMAPE: 0.0341, 
Epoch: 155, Valid Loss: 10.7511, Valid RMSE: 41.2662, Valid MAPE: 2.7823, Valid WMAPE: 0.0617
No update
Iter: 000, Train Loss: 6.3334, Train RMSE: 13.3248, Train MAPE: 0.9435, Train WMAPE: 0.0352
Iter: 050, Train Loss: 6.3645, Train RMSE: 13.0625, Train MAPE: 0.7583, Train WMAPE: 0.0349
Epoch: 156, Training Time: 15.2899 secs
Epoch: 156, Inference Time: 1.8891 secs
Epoch: 156, Train Loss: 6.0914, Train RMSE: 13.0734, Train MAPE: 0.9655, Train WMAPE: 0.0341, 
Epoch: 156, Valid Loss: 10.6523, Valid RMSE: 41.4487, Valid MAPE: 2.6524, Valid WMAPE: 0.0612
No update
Iter: 000, Train Loss: 6.1671, Train RMSE: 13.0812, Train MAPE: 0.9015, Train WMAPE: 0.0342
Iter: 050, Train Loss: 6.1409, Train RMSE: 12.7105, Train MAPE: 0.6208, Train WMAPE: 0.0337
Epoch: 157, Training Time: 15.4198 secs
Epoch: 157, Inference Time: 1.9864 secs
Epoch: 157, Train Loss: 6.0718, Train RMSE: 13.0356, Train MAPE: 1.0002, Train WMAPE: 0.0340, 
Epoch: 157, Valid Loss: 10.7743, Valid RMSE: 41.6836, Valid MAPE: 2.6837, Valid WMAPE: 0.0619
No update
Iter: 000, Train Loss: 6.1670, Train RMSE: 13.2195, Train MAPE: 0.8778, Train WMAPE: 0.0342
Iter: 050, Train Loss: 6.1541, Train RMSE: 12.4488, Train MAPE: 0.8045, Train WMAPE: 0.0337
Epoch: 158, Training Time: 15.2138 secs
Epoch: 158, Inference Time: 2.0904 secs
Epoch: 158, Train Loss: 6.0791, Train RMSE: 13.0415, Train MAPE: 0.9302, Train WMAPE: 0.0340, 
Epoch: 158, Valid Loss: 10.6186, Valid RMSE: 41.2605, Valid MAPE: 2.6876, Valid WMAPE: 0.0610
No update
Iter: 000, Train Loss: 6.2505, Train RMSE: 13.1284, Train MAPE: 0.7558, Train WMAPE: 0.0347
Iter: 050, Train Loss: 6.1022, Train RMSE: 12.7550, Train MAPE: 0.5182, Train WMAPE: 0.0335
Epoch: 159, Training Time: 15.2288 secs
Epoch: 159, Inference Time: 1.9629 secs
Epoch: 159, Train Loss: 6.0425, Train RMSE: 12.9961, Train MAPE: 0.8920, Train WMAPE: 0.0338, 
Epoch: 159, Valid Loss: 10.6872, Valid RMSE: 41.7691, Valid MAPE: 2.4486, Valid WMAPE: 0.0614
No update
Iter: 000, Train Loss: 6.1953, Train RMSE: 13.0137, Train MAPE: 0.7643, Train WMAPE: 0.0344
Iter: 050, Train Loss: 6.1139, Train RMSE: 12.4524, Train MAPE: 0.6399, Train WMAPE: 0.0335
Epoch: 160, Training Time: 15.1895 secs
Epoch: 160, Inference Time: 1.9896 secs
Epoch: 160, Train Loss: 6.1041, Train RMSE: 13.1269, Train MAPE: 0.9221, Train WMAPE: 0.0341, 
Epoch: 160, Valid Loss: 10.8630, Valid RMSE: 41.8296, Valid MAPE: 4.0467, Valid WMAPE: 0.0624
No update
Iter: 000, Train Loss: 6.3269, Train RMSE: 13.0576, Train MAPE: 1.3077, Train WMAPE: 0.0351
Iter: 050, Train Loss: 6.1536, Train RMSE: 12.6068, Train MAPE: 0.5889, Train WMAPE: 0.0337
Epoch: 161, Training Time: 15.3194 secs
Epoch: 161, Inference Time: 2.1697 secs
Epoch: 161, Train Loss: 6.1187, Train RMSE: 13.1427, Train MAPE: 0.9439, Train WMAPE: 0.0342, 
Epoch: 161, Valid Loss: 10.9306, Valid RMSE: 42.2549, Valid MAPE: 2.4583, Valid WMAPE: 0.0628
No update
Iter: 000, Train Loss: 6.3071, Train RMSE: 13.3085, Train MAPE: 0.7784, Train WMAPE: 0.0350
Iter: 050, Train Loss: 6.1512, Train RMSE: 12.4539, Train MAPE: 0.6857, Train WMAPE: 0.0337
Epoch: 162, Training Time: 15.1994 secs
Epoch: 162, Inference Time: 1.9789 secs
Epoch: 162, Train Loss: 6.1746, Train RMSE: 13.2813, Train MAPE: 0.9295, Train WMAPE: 0.0345, 
Epoch: 162, Valid Loss: 10.7005, Valid RMSE: 41.7483, Valid MAPE: 2.9376, Valid WMAPE: 0.0614
No update
Iter: 000, Train Loss: 6.1681, Train RMSE: 13.1343, Train MAPE: 0.8954, Train WMAPE: 0.0342
Iter: 050, Train Loss: 6.0798, Train RMSE: 12.5436, Train MAPE: 0.5407, Train WMAPE: 0.0333
Epoch: 163, Training Time: 15.0528 secs
Epoch: 163, Inference Time: 2.0373 secs
Epoch: 163, Train Loss: 6.1011, Train RMSE: 13.0943, Train MAPE: 0.9031, Train WMAPE: 0.0341, 
Epoch: 163, Valid Loss: 10.7052, Valid RMSE: 40.7327, Valid MAPE: 3.2323, Valid WMAPE: 0.0615
No update
Iter: 000, Train Loss: 6.2376, Train RMSE: 13.0652, Train MAPE: 1.0699, Train WMAPE: 0.0346
Iter: 050, Train Loss: 6.1039, Train RMSE: 12.7103, Train MAPE: 0.6284, Train WMAPE: 0.0335
Epoch: 164, Training Time: 15.0819 secs
Epoch: 164, Inference Time: 1.9954 secs
Epoch: 164, Train Loss: 6.0021, Train RMSE: 12.9118, Train MAPE: 0.9021, Train WMAPE: 0.0336, 
Epoch: 164, Valid Loss: 10.9334, Valid RMSE: 41.9471, Valid MAPE: 2.5678, Valid WMAPE: 0.0628
No update
Iter: 000, Train Loss: 6.4266, Train RMSE: 13.3747, Train MAPE: 0.7149, Train WMAPE: 0.0357
Iter: 050, Train Loss: 6.0065, Train RMSE: 12.4766, Train MAPE: 0.5619, Train WMAPE: 0.0329
Epoch: 165, Training Time: 15.0877 secs
Epoch: 165, Inference Time: 1.9108 secs
Epoch: 165, Train Loss: 6.0012, Train RMSE: 12.8911, Train MAPE: 0.8641, Train WMAPE: 0.0336, 
Epoch: 165, Valid Loss: 10.6133, Valid RMSE: 41.6163, Valid MAPE: 2.5994, Valid WMAPE: 0.0609
No update
Iter: 000, Train Loss: 6.3417, Train RMSE: 13.2721, Train MAPE: 0.7319, Train WMAPE: 0.0352
Iter: 050, Train Loss: 6.1873, Train RMSE: 12.8318, Train MAPE: 0.5398, Train WMAPE: 0.0339
Epoch: 166, Training Time: 15.1769 secs
Epoch: 166, Inference Time: 1.8964 secs
Epoch: 166, Train Loss: 6.0243, Train RMSE: 12.9392, Train MAPE: 0.9598, Train WMAPE: 0.0337, 
Epoch: 166, Valid Loss: 10.7937, Valid RMSE: 41.2969, Valid MAPE: 4.7584, Valid WMAPE: 0.0620
No update
Iter: 000, Train Loss: 6.3396, Train RMSE: 12.9801, Train MAPE: 1.6056, Train WMAPE: 0.0352
Iter: 050, Train Loss: 6.0232, Train RMSE: 12.2609, Train MAPE: 0.7581, Train WMAPE: 0.0330
Epoch: 167, Training Time: 15.2833 secs
Epoch: 167, Inference Time: 1.9087 secs
Epoch: 167, Train Loss: 5.9728, Train RMSE: 12.7955, Train MAPE: 0.9253, Train WMAPE: 0.0334, 
Epoch: 167, Valid Loss: 10.5948, Valid RMSE: 41.5775, Valid MAPE: 2.1723, Valid WMAPE: 0.0608
No update
Iter: 000, Train Loss: 5.9722, Train RMSE: 12.6862, Train MAPE: 0.5830, Train WMAPE: 0.0332
Iter: 050, Train Loss: 6.0106, Train RMSE: 12.2685, Train MAPE: 0.5877, Train WMAPE: 0.0330
Epoch: 168, Training Time: 15.1105 secs
Epoch: 168, Inference Time: 2.0567 secs
Epoch: 168, Train Loss: 6.0050, Train RMSE: 12.9371, Train MAPE: 0.8310, Train WMAPE: 0.0336, 
Epoch: 168, Valid Loss: 10.6778, Valid RMSE: 41.7513, Valid MAPE: 2.7605, Valid WMAPE: 0.0613
No update
Iter: 000, Train Loss: 6.0248, Train RMSE: 12.8538, Train MAPE: 0.8754, Train WMAPE: 0.0334
Iter: 050, Train Loss: 6.0800, Train RMSE: 12.4274, Train MAPE: 0.7279, Train WMAPE: 0.0333
Epoch: 169, Training Time: 15.1952 secs
Epoch: 169, Inference Time: 1.9835 secs
Epoch: 169, Train Loss: 5.9425, Train RMSE: 12.8172, Train MAPE: 0.8492, Train WMAPE: 0.0332, 
Epoch: 169, Valid Loss: 10.7069, Valid RMSE: 41.5236, Valid MAPE: 2.6314, Valid WMAPE: 0.0615
No update
Iter: 000, Train Loss: 6.1271, Train RMSE: 12.8728, Train MAPE: 0.8224, Train WMAPE: 0.0340
Iter: 050, Train Loss: 5.9498, Train RMSE: 12.2580, Train MAPE: 0.4845, Train WMAPE: 0.0326
Epoch: 170, Training Time: 15.0907 secs
Epoch: 170, Inference Time: 1.8914 secs
Epoch: 170, Train Loss: 5.9782, Train RMSE: 12.9068, Train MAPE: 0.8653, Train WMAPE: 0.0334, 
Epoch: 170, Valid Loss: 11.0517, Valid RMSE: 41.8353, Valid MAPE: 2.8854, Valid WMAPE: 0.0635
No update
Iter: 000, Train Loss: 6.3391, Train RMSE: 13.2314, Train MAPE: 0.8841, Train WMAPE: 0.0352
Iter: 050, Train Loss: 6.0067, Train RMSE: 12.4480, Train MAPE: 0.5342, Train WMAPE: 0.0329
Epoch: 171, Training Time: 14.9968 secs
Epoch: 171, Inference Time: 1.9083 secs
Epoch: 171, Train Loss: 5.9962, Train RMSE: 12.8521, Train MAPE: 0.8513, Train WMAPE: 0.0335, 
Epoch: 171, Valid Loss: 10.6638, Valid RMSE: 41.6738, Valid MAPE: 2.8641, Valid WMAPE: 0.0612
No update
Iter: 000, Train Loss: 6.0533, Train RMSE: 12.6964, Train MAPE: 0.8449, Train WMAPE: 0.0336
Iter: 050, Train Loss: 6.1653, Train RMSE: 12.6189, Train MAPE: 0.5987, Train WMAPE: 0.0338
Epoch: 172, Training Time: 15.2120 secs
Epoch: 172, Inference Time: 1.9602 secs
Epoch: 172, Train Loss: 5.9745, Train RMSE: 12.8702, Train MAPE: 0.8707, Train WMAPE: 0.0334, 
Epoch: 172, Valid Loss: 10.6953, Valid RMSE: 41.6719, Valid MAPE: 2.9738, Valid WMAPE: 0.0614
No update
Iter: 000, Train Loss: 6.0704, Train RMSE: 12.7261, Train MAPE: 0.9318, Train WMAPE: 0.0337
Iter: 050, Train Loss: 6.0526, Train RMSE: 12.3490, Train MAPE: 0.7333, Train WMAPE: 0.0332
Epoch: 173, Training Time: 14.9158 secs
Epoch: 173, Inference Time: 1.9646 secs
Epoch: 173, Train Loss: 5.9477, Train RMSE: 12.7495, Train MAPE: 0.9055, Train WMAPE: 0.0333, 
Epoch: 173, Valid Loss: 10.6257, Valid RMSE: 41.5406, Valid MAPE: 1.8994, Valid WMAPE: 0.0610
No update
Iter: 000, Train Loss: 5.8869, Train RMSE: 12.5094, Train MAPE: 0.6004, Train WMAPE: 0.0327
Iter: 050, Train Loss: 6.0078, Train RMSE: 12.2408, Train MAPE: 0.6167, Train WMAPE: 0.0329
Epoch: 174, Training Time: 14.4934 secs
Epoch: 174, Inference Time: 1.8924 secs
Epoch: 174, Train Loss: 5.9524, Train RMSE: 12.8152, Train MAPE: 0.8738, Train WMAPE: 0.0333, 
Epoch: 174, Valid Loss: 10.5848, Valid RMSE: 41.2024, Valid MAPE: 2.6972, Valid WMAPE: 0.0608
No update
Iter: 000, Train Loss: 6.0963, Train RMSE: 13.1911, Train MAPE: 0.8263, Train WMAPE: 0.0338
Iter: 050, Train Loss: 5.9567, Train RMSE: 12.2730, Train MAPE: 0.5822, Train WMAPE: 0.0327
Epoch: 175, Training Time: 14.4912 secs
Epoch: 175, Inference Time: 1.9856 secs
Epoch: 175, Train Loss: 5.9518, Train RMSE: 12.8235, Train MAPE: 0.8618, Train WMAPE: 0.0333, 
Epoch: 175, Valid Loss: 10.6894, Valid RMSE: 41.8026, Valid MAPE: 2.1882, Valid WMAPE: 0.0614
No update
Iter: 000, Train Loss: 6.0769, Train RMSE: 13.0675, Train MAPE: 0.6584, Train WMAPE: 0.0337
Iter: 050, Train Loss: 5.9117, Train RMSE: 12.2075, Train MAPE: 0.5200, Train WMAPE: 0.0324
Epoch: 176, Training Time: 14.5941 secs
Epoch: 176, Inference Time: 2.0809 secs
Epoch: 176, Train Loss: 5.8996, Train RMSE: 12.7195, Train MAPE: 0.8599, Train WMAPE: 0.0330, 
Epoch: 176, Valid Loss: 10.7178, Valid RMSE: 41.4851, Valid MAPE: 2.2365, Valid WMAPE: 0.0615
No update
Iter: 000, Train Loss: 6.1678, Train RMSE: 12.9061, Train MAPE: 0.7073, Train WMAPE: 0.0342
Iter: 050, Train Loss: 5.9624, Train RMSE: 12.3647, Train MAPE: 0.5406, Train WMAPE: 0.0327
Epoch: 177, Training Time: 14.5009 secs
Epoch: 177, Inference Time: 1.9038 secs
Epoch: 177, Train Loss: 5.9216, Train RMSE: 12.7518, Train MAPE: 0.8539, Train WMAPE: 0.0331, 
Epoch: 177, Valid Loss: 10.6187, Valid RMSE: 41.6073, Valid MAPE: 2.9130, Valid WMAPE: 0.0610
No update
Iter: 000, Train Loss: 6.0534, Train RMSE: 12.7454, Train MAPE: 0.9569, Train WMAPE: 0.0336
Iter: 050, Train Loss: 5.9626, Train RMSE: 12.1132, Train MAPE: 0.7562, Train WMAPE: 0.0327
Epoch: 178, Training Time: 15.1718 secs
Epoch: 178, Inference Time: 2.0966 secs
Epoch: 178, Train Loss: 5.8770, Train RMSE: 12.6732, Train MAPE: 0.8305, Train WMAPE: 0.0329, 
Epoch: 178, Valid Loss: 10.5359, Valid RMSE: 41.3579, Valid MAPE: 2.3953, Valid WMAPE: 0.0605
###Update tasks appear###
Evaluate best model on test data for horizon 1, Test MAE: 9.1615, Test RMSE: 60.3772, Test MAPE: 8.6112, Test WMAPE: 0.0532
Evaluate best model on test data for horizon 2, Test MAE: 10.1079, Test RMSE: 54.4209, Test MAPE: 12.8620, Test WMAPE: 0.0587
Evaluate best model on test data for horizon 3, Test MAE: 10.3520, Test RMSE: 42.4911, Test MAPE: 17.6822, Test WMAPE: 0.0601
Evaluate best model on test data for horizon 4, Test MAE: 11.7125, Test RMSE: 48.9978, Test MAPE: 19.4934, Test WMAPE: 0.0680
Evaluate best model on test data for horizon 5, Test MAE: 12.8153, Test RMSE: 53.5882, Test MAPE: 19.7481, Test WMAPE: 0.0745
Evaluate best model on test data for horizon 6, Test MAE: 13.1856, Test RMSE: 50.2235, Test MAPE: 21.1357, Test WMAPE: 0.0766
Evaluate best model on test data for horizon 7, Test MAE: 13.8099, Test RMSE: 50.4654, Test MAPE: 21.5336, Test WMAPE: 0.0803
Evaluate best model on test data for horizon 8, Test MAE: 14.5308, Test RMSE: 52.9262, Test MAPE: 21.4835, Test WMAPE: 0.0845
Evaluate best model on test data for horizon 9, Test MAE: 14.9825, Test RMSE: 53.5441, Test MAPE: 21.9365, Test WMAPE: 0.0871
Evaluate best model on test data for horizon 10, Test MAE: 15.1287, Test RMSE: 51.5331, Test MAPE: 23.2779, Test WMAPE: 0.0880
Evaluate best model on test data for horizon 11, Test MAE: 15.6968, Test RMSE: 57.0256, Test MAPE: 22.1713, Test WMAPE: 0.0913
Evaluate best model on test data for horizon 12, Test MAE: 15.7743, Test RMSE: 57.0504, Test MAPE: 22.3773, Test WMAPE: 0.0918
On average over 12 horizons, Test MAE: 13.1048, Test RMSE: 52.7203, Test MAPE: 19.3594, Test WMAPE: 0.0762
No update
Iter: 000, Train Loss: 5.9673, Train RMSE: 12.5148, Train MAPE: 0.6689, Train WMAPE: 0.0331
Iter: 050, Train Loss: 6.0285, Train RMSE: 12.3721, Train MAPE: 0.5268, Train WMAPE: 0.0331
Epoch: 179, Training Time: 15.3101 secs
Epoch: 179, Inference Time: 2.0656 secs
Epoch: 179, Train Loss: 5.8759, Train RMSE: 12.6667, Train MAPE: 0.8187, Train WMAPE: 0.0329, 
Epoch: 179, Valid Loss: 10.5981, Valid RMSE: 41.6385, Valid MAPE: 2.0883, Valid WMAPE: 0.0609
No update
Iter: 000, Train Loss: 5.8911, Train RMSE: 12.5276, Train MAPE: 0.6290, Train WMAPE: 0.0327
Iter: 050, Train Loss: 5.8654, Train RMSE: 12.1991, Train MAPE: 0.5231, Train WMAPE: 0.0322
Epoch: 180, Training Time: 15.0904 secs
Epoch: 180, Inference Time: 1.9895 secs
Epoch: 180, Train Loss: 5.8543, Train RMSE: 12.6213, Train MAPE: 0.8402, Train WMAPE: 0.0327, 
Epoch: 180, Valid Loss: 10.6121, Valid RMSE: 41.4420, Valid MAPE: 2.3404, Valid WMAPE: 0.0609
No update
Iter: 000, Train Loss: 5.8714, Train RMSE: 12.5022, Train MAPE: 0.7103, Train WMAPE: 0.0326
Iter: 050, Train Loss: 5.9082, Train RMSE: 12.1917, Train MAPE: 0.5453, Train WMAPE: 0.0324
Epoch: 181, Training Time: 15.0904 secs
Epoch: 181, Inference Time: 2.0848 secs
Epoch: 181, Train Loss: 5.8728, Train RMSE: 12.6573, Train MAPE: 0.8256, Train WMAPE: 0.0328, 
Epoch: 181, Valid Loss: 10.7909, Valid RMSE: 41.6030, Valid MAPE: 2.4751, Valid WMAPE: 0.0620
No update
Iter: 000, Train Loss: 6.0967, Train RMSE: 12.7614, Train MAPE: 0.7418, Train WMAPE: 0.0338
Iter: 050, Train Loss: 5.9256, Train RMSE: 12.1249, Train MAPE: 0.6681, Train WMAPE: 0.0325
Epoch: 182, Training Time: 14.5922 secs
Epoch: 182, Inference Time: 2.0935 secs
Epoch: 182, Train Loss: 5.8612, Train RMSE: 12.6349, Train MAPE: 0.8304, Train WMAPE: 0.0328, 
Epoch: 182, Valid Loss: 10.7008, Valid RMSE: 41.6973, Valid MAPE: 2.8109, Valid WMAPE: 0.0614
No update
Iter: 000, Train Loss: 5.9919, Train RMSE: 12.6530, Train MAPE: 0.8727, Train WMAPE: 0.0333
Iter: 050, Train Loss: 5.8370, Train RMSE: 12.2253, Train MAPE: 0.4978, Train WMAPE: 0.0320
Epoch: 183, Training Time: 15.0613 secs
Epoch: 183, Inference Time: 2.2058 secs
Epoch: 183, Train Loss: 5.8441, Train RMSE: 12.5908, Train MAPE: 0.8327, Train WMAPE: 0.0327, 
Epoch: 183, Valid Loss: 10.5899, Valid RMSE: 41.6638, Valid MAPE: 3.0268, Valid WMAPE: 0.0608
No update
Iter: 000, Train Loss: 5.9674, Train RMSE: 12.6379, Train MAPE: 0.8978, Train WMAPE: 0.0331
Iter: 050, Train Loss: 5.9279, Train RMSE: 12.1621, Train MAPE: 0.6303, Train WMAPE: 0.0325
Epoch: 184, Training Time: 14.6149 secs
Epoch: 184, Inference Time: 2.1748 secs
Epoch: 184, Train Loss: 5.8587, Train RMSE: 12.6373, Train MAPE: 0.8078, Train WMAPE: 0.0328, 
Epoch: 184, Valid Loss: 10.6258, Valid RMSE: 41.7734, Valid MAPE: 2.5336, Valid WMAPE: 0.0610
No update
Iter: 000, Train Loss: 5.9911, Train RMSE: 12.7031, Train MAPE: 0.7565, Train WMAPE: 0.0333
Iter: 050, Train Loss: 5.9501, Train RMSE: 12.0899, Train MAPE: 0.5714, Train WMAPE: 0.0326
Epoch: 185, Training Time: 15.3762 secs
Epoch: 185, Inference Time: 2.1022 secs
Epoch: 185, Train Loss: 5.8408, Train RMSE: 12.6047, Train MAPE: 0.8391, Train WMAPE: 0.0327, 
Epoch: 185, Valid Loss: 10.6238, Valid RMSE: 41.8181, Valid MAPE: 1.8488, Valid WMAPE: 0.0610
No update
Iter: 000, Train Loss: 5.8121, Train RMSE: 12.4045, Train MAPE: 0.5881, Train WMAPE: 0.0323
Iter: 050, Train Loss: 5.9478, Train RMSE: 12.1091, Train MAPE: 0.7183, Train WMAPE: 0.0326
Epoch: 186, Training Time: 15.0078 secs
Epoch: 186, Inference Time: 2.0687 secs
Epoch: 186, Train Loss: 5.8731, Train RMSE: 12.6249, Train MAPE: 0.8243, Train WMAPE: 0.0328, 
Epoch: 186, Valid Loss: 10.5788, Valid RMSE: 41.4349, Valid MAPE: 2.7216, Valid WMAPE: 0.0607
No update
Iter: 000, Train Loss: 5.8842, Train RMSE: 12.5730, Train MAPE: 0.8666, Train WMAPE: 0.0327
Iter: 050, Train Loss: 5.8894, Train RMSE: 12.0104, Train MAPE: 0.7338, Train WMAPE: 0.0323
Epoch: 187, Training Time: 15.3366 secs
Epoch: 187, Inference Time: 2.0413 secs
Epoch: 187, Train Loss: 5.8278, Train RMSE: 12.5737, Train MAPE: 0.8712, Train WMAPE: 0.0326, 
Epoch: 187, Valid Loss: 10.7170, Valid RMSE: 41.4538, Valid MAPE: 2.9902, Valid WMAPE: 0.0615
No update
Iter: 000, Train Loss: 6.0404, Train RMSE: 12.6178, Train MAPE: 1.0010, Train WMAPE: 0.0335
Iter: 050, Train Loss: 5.8806, Train RMSE: 12.1341, Train MAPE: 0.5634, Train WMAPE: 0.0322
Epoch: 188, Training Time: 15.1800 secs
Epoch: 188, Inference Time: 2.1059 secs
Epoch: 188, Train Loss: 5.8350, Train RMSE: 12.5916, Train MAPE: 0.8317, Train WMAPE: 0.0326, 
Epoch: 188, Valid Loss: 10.7381, Valid RMSE: 41.9539, Valid MAPE: 2.3175, Valid WMAPE: 0.0617
No update
Iter: 000, Train Loss: 5.9268, Train RMSE: 12.5251, Train MAPE: 0.7305, Train WMAPE: 0.0329
Iter: 050, Train Loss: 5.8986, Train RMSE: 12.0685, Train MAPE: 0.5762, Train WMAPE: 0.0323
Epoch: 189, Training Time: 14.7628 secs
Epoch: 189, Inference Time: 2.1866 secs
Epoch: 189, Train Loss: 5.8334, Train RMSE: 12.5825, Train MAPE: 0.8169, Train WMAPE: 0.0326, 
Epoch: 189, Valid Loss: 10.7115, Valid RMSE: 41.6644, Valid MAPE: 2.7993, Valid WMAPE: 0.0615
No update
Iter: 000, Train Loss: 6.0187, Train RMSE: 12.7092, Train MAPE: 0.8996, Train WMAPE: 0.0334
Iter: 050, Train Loss: 5.8393, Train RMSE: 12.0362, Train MAPE: 0.5134, Train WMAPE: 0.0320
Epoch: 190, Training Time: 14.7827 secs
Epoch: 190, Inference Time: 2.1037 secs
Epoch: 190, Train Loss: 5.8437, Train RMSE: 12.5929, Train MAPE: 0.8021, Train WMAPE: 0.0327, 
Epoch: 190, Valid Loss: 10.6615, Valid RMSE: 41.6215, Valid MAPE: 2.7922, Valid WMAPE: 0.0612
No update
Iter: 000, Train Loss: 5.9708, Train RMSE: 12.6335, Train MAPE: 0.8484, Train WMAPE: 0.0331
Iter: 050, Train Loss: 5.8944, Train RMSE: 12.0324, Train MAPE: 0.5437, Train WMAPE: 0.0323
Epoch: 191, Training Time: 14.8766 secs
Epoch: 191, Inference Time: 2.0884 secs
Epoch: 191, Train Loss: 5.8114, Train RMSE: 12.5206, Train MAPE: 0.8524, Train WMAPE: 0.0325, 
Epoch: 191, Valid Loss: 10.6075, Valid RMSE: 41.5755, Valid MAPE: 2.3545, Valid WMAPE: 0.0609
No update
Iter: 000, Train Loss: 5.9552, Train RMSE: 12.7292, Train MAPE: 0.6688, Train WMAPE: 0.0331
Iter: 050, Train Loss: 5.8913, Train RMSE: 12.1722, Train MAPE: 0.6206, Train WMAPE: 0.0323
Epoch: 192, Training Time: 14.8096 secs
Epoch: 192, Inference Time: 2.1729 secs
Epoch: 192, Train Loss: 5.8207, Train RMSE: 12.5741, Train MAPE: 0.8448, Train WMAPE: 0.0325, 
Epoch: 192, Valid Loss: 10.6129, Valid RMSE: 41.3540, Valid MAPE: 2.3869, Valid WMAPE: 0.0609
No update
Iter: 000, Train Loss: 5.7882, Train RMSE: 12.3580, Train MAPE: 0.6998, Train WMAPE: 0.0321
Iter: 050, Train Loss: 5.8721, Train RMSE: 12.1368, Train MAPE: 0.6347, Train WMAPE: 0.0322
Epoch: 193, Training Time: 14.6345 secs
Epoch: 193, Inference Time: 2.1323 secs
Epoch: 193, Train Loss: 5.7888, Train RMSE: 12.4797, Train MAPE: 0.8536, Train WMAPE: 0.0324, 
Epoch: 193, Valid Loss: 10.7292, Valid RMSE: 41.3093, Valid MAPE: 2.5523, Valid WMAPE: 0.0616
No update
Iter: 000, Train Loss: 5.9834, Train RMSE: 12.5797, Train MAPE: 0.7936, Train WMAPE: 0.0332
Iter: 050, Train Loss: 5.7534, Train RMSE: 11.8505, Train MAPE: 0.4517, Train WMAPE: 0.0315
Epoch: 194, Training Time: 14.9603 secs
Epoch: 194, Inference Time: 2.1926 secs
Epoch: 194, Train Loss: 5.7687, Train RMSE: 12.4468, Train MAPE: 0.8197, Train WMAPE: 0.0323, 
Epoch: 194, Valid Loss: 10.5686, Valid RMSE: 41.3440, Valid MAPE: 2.4724, Valid WMAPE: 0.0607
No update
Iter: 000, Train Loss: 5.9767, Train RMSE: 12.4911, Train MAPE: 0.7042, Train WMAPE: 0.0332
Iter: 050, Train Loss: 5.8464, Train RMSE: 12.0560, Train MAPE: 0.6170, Train WMAPE: 0.0321
Epoch: 195, Training Time: 14.8873 secs
Epoch: 195, Inference Time: 2.0882 secs
Epoch: 195, Train Loss: 5.8310, Train RMSE: 12.5602, Train MAPE: 0.8920, Train WMAPE: 0.0326, 
Epoch: 195, Valid Loss: 10.6405, Valid RMSE: 41.4510, Valid MAPE: 2.6085, Valid WMAPE: 0.0611
No update
Iter: 000, Train Loss: 5.8359, Train RMSE: 12.3922, Train MAPE: 0.7804, Train WMAPE: 0.0324
Iter: 050, Train Loss: 5.8658, Train RMSE: 11.8575, Train MAPE: 0.7455, Train WMAPE: 0.0322
Epoch: 196, Training Time: 14.6877 secs
Epoch: 196, Inference Time: 2.1106 secs
Epoch: 196, Train Loss: 5.7832, Train RMSE: 12.3731, Train MAPE: 1.0349, Train WMAPE: 0.0323, 
Epoch: 196, Valid Loss: 10.8670, Valid RMSE: 41.4300, Valid MAPE: 4.3756, Valid WMAPE: 0.0624
No update
Iter: 000, Train Loss: 6.0336, Train RMSE: 12.3456, Train MAPE: 1.3941, Train WMAPE: 0.0335
Iter: 050, Train Loss: 6.2664, Train RMSE: 13.3728, Train MAPE: 0.6668, Train WMAPE: 0.0344
Epoch: 197, Training Time: 14.7636 secs
Epoch: 197, Inference Time: 1.9807 secs
Epoch: 197, Train Loss: 5.8937, Train RMSE: 12.6096, Train MAPE: 0.9723, Train WMAPE: 0.0330, 
Epoch: 197, Valid Loss: 10.5427, Valid RMSE: 41.0389, Valid MAPE: 1.8931, Valid WMAPE: 0.0605
###Update tasks appear###
Evaluate best model on test data for horizon 1, Test MAE: 9.1152, Test RMSE: 59.9709, Test MAPE: 8.2973, Test WMAPE: 0.0529
Evaluate best model on test data for horizon 2, Test MAE: 10.0922, Test RMSE: 54.1587, Test MAPE: 12.6278, Test WMAPE: 0.0586
Evaluate best model on test data for horizon 3, Test MAE: 10.3000, Test RMSE: 42.0054, Test MAPE: 17.3666, Test WMAPE: 0.0598
Evaluate best model on test data for horizon 4, Test MAE: 11.6974, Test RMSE: 48.7332, Test MAPE: 19.2521, Test WMAPE: 0.0680
Evaluate best model on test data for horizon 5, Test MAE: 12.7718, Test RMSE: 53.2171, Test MAPE: 19.6034, Test WMAPE: 0.0742
Evaluate best model on test data for horizon 6, Test MAE: 13.1194, Test RMSE: 49.5911, Test MAPE: 20.8474, Test WMAPE: 0.0763
Evaluate best model on test data for horizon 7, Test MAE: 13.7376, Test RMSE: 49.5442, Test MAPE: 21.3191, Test WMAPE: 0.0799
Evaluate best model on test data for horizon 8, Test MAE: 14.3811, Test RMSE: 51.8545, Test MAPE: 21.2322, Test WMAPE: 0.0836
Evaluate best model on test data for horizon 9, Test MAE: 14.8285, Test RMSE: 52.5014, Test MAPE: 21.5875, Test WMAPE: 0.0862
Evaluate best model on test data for horizon 10, Test MAE: 14.9438, Test RMSE: 50.7887, Test MAPE: 22.4452, Test WMAPE: 0.0869
Evaluate best model on test data for horizon 11, Test MAE: 15.5873, Test RMSE: 56.2951, Test MAPE: 21.6550, Test WMAPE: 0.0907
Evaluate best model on test data for horizon 12, Test MAE: 15.7669, Test RMSE: 56.7139, Test MAPE: 22.0231, Test WMAPE: 0.0917
On average over 12 horizons, Test MAE: 13.0284, Test RMSE: 52.1145, Test MAPE: 19.0214, Test WMAPE: 0.0757
Test low! Updating! Test Loss: 13.028441667556763, Test low! Updating! Valid Loss: 10.542672804423741, epoch:  197
Iter: 000, Train Loss: 5.9182, Train RMSE: 12.4615, Train MAPE: 0.5961, Train WMAPE: 0.0329
Iter: 050, Train Loss: 5.8717, Train RMSE: 11.7185, Train MAPE: 1.0302, Train WMAPE: 0.0322
Epoch: 198, Training Time: 14.4327 secs
Epoch: 198, Inference Time: 2.0043 secs
Epoch: 198, Train Loss: 5.7977, Train RMSE: 12.3816, Train MAPE: 1.0534, Train WMAPE: 0.0324, 
Epoch: 198, Valid Loss: 10.4948, Valid RMSE: 40.9024, Valid MAPE: 2.2507, Valid WMAPE: 0.0603
###Update tasks appear###
Evaluate best model on test data for horizon 1, Test MAE: 9.1045, Test RMSE: 59.7975, Test MAPE: 8.8202, Test WMAPE: 0.0529
Evaluate best model on test data for horizon 2, Test MAE: 10.0441, Test RMSE: 53.8960, Test MAPE: 13.3182, Test WMAPE: 0.0583
Evaluate best model on test data for horizon 3, Test MAE: 10.2492, Test RMSE: 41.9921, Test MAPE: 17.9720, Test WMAPE: 0.0595
Evaluate best model on test data for horizon 4, Test MAE: 11.6406, Test RMSE: 48.7012, Test MAPE: 20.0012, Test WMAPE: 0.0676
Evaluate best model on test data for horizon 5, Test MAE: 12.6867, Test RMSE: 52.9996, Test MAPE: 20.1439, Test WMAPE: 0.0737
Evaluate best model on test data for horizon 6, Test MAE: 13.1102, Test RMSE: 49.6417, Test MAPE: 21.5022, Test WMAPE: 0.0762
Evaluate best model on test data for horizon 7, Test MAE: 13.7561, Test RMSE: 49.6829, Test MAPE: 21.9816, Test WMAPE: 0.0800
Evaluate best model on test data for horizon 8, Test MAE: 14.4422, Test RMSE: 52.1358, Test MAPE: 21.8633, Test WMAPE: 0.0840
Evaluate best model on test data for horizon 9, Test MAE: 14.8674, Test RMSE: 52.7140, Test MAPE: 22.3333, Test WMAPE: 0.0865
Evaluate best model on test data for horizon 10, Test MAE: 14.9408, Test RMSE: 51.0031, Test MAPE: 23.3859, Test WMAPE: 0.0869
Evaluate best model on test data for horizon 11, Test MAE: 15.5381, Test RMSE: 56.3241, Test MAPE: 22.5865, Test WMAPE: 0.0904
Evaluate best model on test data for horizon 12, Test MAE: 15.6795, Test RMSE: 56.8754, Test MAPE: 22.8535, Test WMAPE: 0.0912
On average over 12 horizons, Test MAE: 13.0049, Test RMSE: 52.1470, Test MAPE: 19.7302, Test WMAPE: 0.0756
Test low! Updating! Test Loss: 13.004931370417276, Test low! Updating! Valid Loss: 10.494753156389509, epoch:  198
Iter: 000, Train Loss: 5.7412, Train RMSE: 12.1915, Train MAPE: 0.6665, Train WMAPE: 0.0319
Iter: 050, Train Loss: 6.1918, Train RMSE: 12.0201, Train MAPE: 1.5306, Train WMAPE: 0.0340
Epoch: 199, Training Time: 14.5580 secs
Epoch: 199, Inference Time: 1.9992 secs
Epoch: 199, Train Loss: 5.8191, Train RMSE: 12.4087, Train MAPE: 1.0211, Train WMAPE: 0.0325, 
Epoch: 199, Valid Loss: 10.5542, Valid RMSE: 41.2748, Valid MAPE: 2.2037, Valid WMAPE: 0.0606
No update
Iter: 000, Train Loss: 5.8711, Train RMSE: 12.4249, Train MAPE: 0.6497, Train WMAPE: 0.0326
Iter: 050, Train Loss: 5.8915, Train RMSE: 12.2153, Train MAPE: 0.5658, Train WMAPE: 0.0323
Epoch: 200, Training Time: 14.1211 secs
Epoch: 200, Inference Time: 2.0899 secs
Epoch: 200, Train Loss: 5.7677, Train RMSE: 12.4055, Train MAPE: 0.8155, Train WMAPE: 0.0322, 
Epoch: 200, Valid Loss: 10.6212, Valid RMSE: 41.3130, Valid MAPE: 2.7601, Valid WMAPE: 0.0610
No update
Iter: 000, Train Loss: 6.0239, Train RMSE: 12.4899, Train MAPE: 0.8108, Train WMAPE: 0.0334
Iter: 050, Train Loss: 5.6847, Train RMSE: 11.7050, Train MAPE: 0.5232, Train WMAPE: 0.0312
Epoch: 201, Training Time: 14.4956 secs
Epoch: 201, Inference Time: 1.9903 secs
Epoch: 201, Train Loss: 5.7577, Train RMSE: 12.3415, Train MAPE: 0.9994, Train WMAPE: 0.0322, 
Epoch: 201, Valid Loss: 10.5861, Valid RMSE: 41.1911, Valid MAPE: 2.9644, Valid WMAPE: 0.0608
No update
Iter: 000, Train Loss: 5.9014, Train RMSE: 12.4085, Train MAPE: 0.8355, Train WMAPE: 0.0328
Iter: 050, Train Loss: 5.8493, Train RMSE: 11.8129, Train MAPE: 0.9674, Train WMAPE: 0.0321
Epoch: 202, Training Time: 14.3133 secs
Epoch: 202, Inference Time: 2.0665 secs
Epoch: 202, Train Loss: 5.7739, Train RMSE: 12.3686, Train MAPE: 0.9969, Train WMAPE: 0.0323, 
Epoch: 202, Valid Loss: 10.8198, Valid RMSE: 41.5882, Valid MAPE: 3.9936, Valid WMAPE: 0.0621
No update
Iter: 000, Train Loss: 6.0251, Train RMSE: 12.4557, Train MAPE: 1.2902, Train WMAPE: 0.0334
Iter: 050, Train Loss: 5.7663, Train RMSE: 11.7247, Train MAPE: 0.4963, Train WMAPE: 0.0316
Epoch: 203, Training Time: 14.6286 secs
Epoch: 203, Inference Time: 2.1196 secs
Epoch: 203, Train Loss: 5.7764, Train RMSE: 12.3563, Train MAPE: 0.9841, Train WMAPE: 0.0323, 
Epoch: 203, Valid Loss: 10.5617, Valid RMSE: 41.2357, Valid MAPE: 1.9869, Valid WMAPE: 0.0606
No update
Iter: 000, Train Loss: 5.8560, Train RMSE: 12.3246, Train MAPE: 0.5426, Train WMAPE: 0.0325
Iter: 050, Train Loss: 5.7744, Train RMSE: 11.8559, Train MAPE: 0.4625, Train WMAPE: 0.0317
Epoch: 204, Training Time: 14.2847 secs
Epoch: 204, Inference Time: 2.1963 secs
Epoch: 204, Train Loss: 5.8022, Train RMSE: 12.4591, Train MAPE: 0.8081, Train WMAPE: 0.0324, 
Epoch: 204, Valid Loss: 10.5587, Valid RMSE: 41.2181, Valid MAPE: 2.0440, Valid WMAPE: 0.0606
No update
Iter: 000, Train Loss: 5.6702, Train RMSE: 12.0699, Train MAPE: 0.6224, Train WMAPE: 0.0315
Iter: 050, Train Loss: 5.9651, Train RMSE: 12.0051, Train MAPE: 0.6207, Train WMAPE: 0.0327
Epoch: 205, Training Time: 14.3738 secs
Epoch: 205, Inference Time: 2.1222 secs
Epoch: 205, Train Loss: 5.7570, Train RMSE: 12.3894, Train MAPE: 0.7938, Train WMAPE: 0.0322, 
Epoch: 205, Valid Loss: 10.7079, Valid RMSE: 41.3813, Valid MAPE: 2.4989, Valid WMAPE: 0.0615
No update
Iter: 000, Train Loss: 5.8680, Train RMSE: 12.3704, Train MAPE: 0.7932, Train WMAPE: 0.0326
Iter: 050, Train Loss: 5.6846, Train RMSE: 11.7337, Train MAPE: 0.4819, Train WMAPE: 0.0312
Epoch: 206, Training Time: 14.4380 secs
Epoch: 206, Inference Time: 2.1044 secs
Epoch: 206, Train Loss: 5.7261, Train RMSE: 12.3349, Train MAPE: 0.8122, Train WMAPE: 0.0320, 
Epoch: 206, Valid Loss: 10.4496, Valid RMSE: 40.6582, Valid MAPE: 2.1535, Valid WMAPE: 0.0600
###Update tasks appear###
Evaluate best model on test data for horizon 1, Test MAE: 9.1310, Test RMSE: 59.7556, Test MAPE: 8.8142, Test WMAPE: 0.0530
Evaluate best model on test data for horizon 2, Test MAE: 10.0729, Test RMSE: 54.2475, Test MAPE: 13.1519, Test WMAPE: 0.0585
Evaluate best model on test data for horizon 3, Test MAE: 10.2485, Test RMSE: 41.9706, Test MAPE: 17.8700, Test WMAPE: 0.0595
Evaluate best model on test data for horizon 4, Test MAE: 11.6437, Test RMSE: 48.5270, Test MAPE: 19.8486, Test WMAPE: 0.0676
Evaluate best model on test data for horizon 5, Test MAE: 12.7065, Test RMSE: 52.6516, Test MAPE: 20.2439, Test WMAPE: 0.0738
Evaluate best model on test data for horizon 6, Test MAE: 13.1418, Test RMSE: 49.6501, Test MAPE: 21.1509, Test WMAPE: 0.0764
Evaluate best model on test data for horizon 7, Test MAE: 13.7994, Test RMSE: 49.6978, Test MAPE: 21.5623, Test WMAPE: 0.0802
Evaluate best model on test data for horizon 8, Test MAE: 14.4475, Test RMSE: 51.5547, Test MAPE: 21.6562, Test WMAPE: 0.0840
Evaluate best model on test data for horizon 9, Test MAE: 14.9419, Test RMSE: 52.1744, Test MAPE: 22.2435, Test WMAPE: 0.0869
Evaluate best model on test data for horizon 10, Test MAE: 15.1419, Test RMSE: 50.7389, Test MAPE: 23.2587, Test WMAPE: 0.0881
Evaluate best model on test data for horizon 11, Test MAE: 15.7567, Test RMSE: 55.6669, Test MAPE: 22.5120, Test WMAPE: 0.0917
Evaluate best model on test data for horizon 12, Test MAE: 15.9032, Test RMSE: 56.1958, Test MAPE: 22.7244, Test WMAPE: 0.0925
On average over 12 horizons, Test MAE: 13.0779, Test RMSE: 51.9026, Test MAPE: 19.5864, Test WMAPE: 0.0760
No update
Iter: 000, Train Loss: 5.7821, Train RMSE: 12.3656, Train MAPE: 0.6794, Train WMAPE: 0.0321
Iter: 050, Train Loss: 5.7412, Train RMSE: 11.8714, Train MAPE: 0.4432, Train WMAPE: 0.0315
Epoch: 207, Training Time: 14.5392 secs
Epoch: 207, Inference Time: 2.1058 secs
Epoch: 207, Train Loss: 5.7437, Train RMSE: 12.4045, Train MAPE: 0.7654, Train WMAPE: 0.0321, 
Epoch: 207, Valid Loss: 10.5416, Valid RMSE: 41.0850, Valid MAPE: 2.2972, Valid WMAPE: 0.0605
No update
Iter: 000, Train Loss: 5.9123, Train RMSE: 12.3837, Train MAPE: 0.6240, Train WMAPE: 0.0328
Iter: 050, Train Loss: 5.8316, Train RMSE: 11.9741, Train MAPE: 0.6687, Train WMAPE: 0.0320
Epoch: 208, Training Time: 14.5845 secs
Epoch: 208, Inference Time: 2.1038 secs
Epoch: 208, Train Loss: 5.7564, Train RMSE: 12.4021, Train MAPE: 0.8482, Train WMAPE: 0.0322, 
Epoch: 208, Valid Loss: 10.5852, Valid RMSE: 40.8803, Valid MAPE: 2.3602, Valid WMAPE: 0.0608
No update
Iter: 000, Train Loss: 5.8011, Train RMSE: 12.4841, Train MAPE: 0.7301, Train WMAPE: 0.0322
Iter: 050, Train Loss: 5.7675, Train RMSE: 11.7310, Train MAPE: 0.5120, Train WMAPE: 0.0316
Epoch: 209, Training Time: 14.7149 secs
Epoch: 209, Inference Time: 2.0659 secs
Epoch: 209, Train Loss: 5.7241, Train RMSE: 12.3132, Train MAPE: 0.8830, Train WMAPE: 0.0320, 
Epoch: 209, Valid Loss: 10.5497, Valid RMSE: 41.0569, Valid MAPE: 2.6733, Valid WMAPE: 0.0606
No update
Iter: 000, Train Loss: 5.7574, Train RMSE: 12.1326, Train MAPE: 0.8275, Train WMAPE: 0.0320
Iter: 050, Train Loss: 5.8859, Train RMSE: 11.6715, Train MAPE: 0.9135, Train WMAPE: 0.0323
Epoch: 210, Training Time: 14.7050 secs
Epoch: 210, Inference Time: 2.1835 secs
Epoch: 210, Train Loss: 5.7349, Train RMSE: 12.2568, Train MAPE: 1.0105, Train WMAPE: 0.0321, 
Epoch: 210, Valid Loss: 10.5020, Valid RMSE: 40.9887, Valid MAPE: 2.3801, Valid WMAPE: 0.0603
No update
Iter: 000, Train Loss: 5.6807, Train RMSE: 12.1711, Train MAPE: 0.7392, Train WMAPE: 0.0315
Iter: 050, Train Loss: 5.9682, Train RMSE: 11.8981, Train MAPE: 1.0660, Train WMAPE: 0.0327
Epoch: 211, Training Time: 14.6374 secs
Epoch: 211, Inference Time: 2.0420 secs
Epoch: 211, Train Loss: 5.7507, Train RMSE: 12.2973, Train MAPE: 0.9371, Train WMAPE: 0.0322, 
Epoch: 211, Valid Loss: 10.5940, Valid RMSE: 40.9252, Valid MAPE: 2.9617, Valid WMAPE: 0.0608
No update
Iter: 000, Train Loss: 5.9202, Train RMSE: 12.4170, Train MAPE: 0.9194, Train WMAPE: 0.0329
Iter: 050, Train Loss: 5.7972, Train RMSE: 12.0482, Train MAPE: 0.4693, Train WMAPE: 0.0318
Epoch: 212, Training Time: 14.5780 secs
Epoch: 212, Inference Time: 2.0732 secs
Epoch: 212, Train Loss: 5.7467, Train RMSE: 12.2869, Train MAPE: 0.9905, Train WMAPE: 0.0321, 
Epoch: 212, Valid Loss: 10.5274, Valid RMSE: 40.9134, Valid MAPE: 1.9884, Valid WMAPE: 0.0604
No update
Iter: 000, Train Loss: 5.6950, Train RMSE: 12.1311, Train MAPE: 0.5552, Train WMAPE: 0.0316
Iter: 050, Train Loss: 5.8114, Train RMSE: 11.6422, Train MAPE: 1.1632, Train WMAPE: 0.0319
Epoch: 213, Training Time: 14.7492 secs
Epoch: 213, Inference Time: 2.0458 secs
Epoch: 213, Train Loss: 5.7112, Train RMSE: 12.1966, Train MAPE: 1.0072, Train WMAPE: 0.0319, 
Epoch: 213, Valid Loss: 10.5705, Valid RMSE: 40.6543, Valid MAPE: 2.6386, Valid WMAPE: 0.0607
No update
Iter: 000, Train Loss: 5.7482, Train RMSE: 12.2523, Train MAPE: 0.8118, Train WMAPE: 0.0319
Iter: 050, Train Loss: 6.0181, Train RMSE: 12.3420, Train MAPE: 0.7788, Train WMAPE: 0.0330
Epoch: 214, Training Time: 14.5877 secs
Epoch: 214, Inference Time: 2.1657 secs
Epoch: 214, Train Loss: 5.7287, Train RMSE: 12.2885, Train MAPE: 0.8635, Train WMAPE: 0.0320, 
Epoch: 214, Valid Loss: 10.6393, Valid RMSE: 41.1564, Valid MAPE: 1.9895, Valid WMAPE: 0.0611
No update
Iter: 000, Train Loss: 5.7825, Train RMSE: 12.0900, Train MAPE: 0.5974, Train WMAPE: 0.0321
Iter: 050, Train Loss: 6.0464, Train RMSE: 12.3452, Train MAPE: 0.5855, Train WMAPE: 0.0332
Epoch: 215, Training Time: 14.6776 secs
Epoch: 215, Inference Time: 2.2046 secs
Epoch: 215, Train Loss: 5.8505, Train RMSE: 12.6183, Train MAPE: 0.8151, Train WMAPE: 0.0327, 
Epoch: 215, Valid Loss: 10.6530, Valid RMSE: 41.1942, Valid MAPE: 2.0302, Valid WMAPE: 0.0612
No update
Iter: 000, Train Loss: 6.0369, Train RMSE: 12.7175, Train MAPE: 0.6896, Train WMAPE: 0.0335
Iter: 050, Train Loss: 5.7285, Train RMSE: 11.6215, Train MAPE: 0.5945, Train WMAPE: 0.0314
Epoch: 216, Training Time: 14.5628 secs
Epoch: 216, Inference Time: 2.0016 secs
Epoch: 216, Train Loss: 5.7832, Train RMSE: 12.4291, Train MAPE: 0.8629, Train WMAPE: 0.0323, 
Epoch: 216, Valid Loss: 10.5771, Valid RMSE: 41.2438, Valid MAPE: 2.1373, Valid WMAPE: 0.0607
No update
Iter: 000, Train Loss: 5.6820, Train RMSE: 12.1465, Train MAPE: 0.5970, Train WMAPE: 0.0315
Iter: 050, Train Loss: 5.6913, Train RMSE: 11.7342, Train MAPE: 0.5348, Train WMAPE: 0.0312
Epoch: 217, Training Time: 14.3958 secs
Epoch: 217, Inference Time: 2.1309 secs
Epoch: 217, Train Loss: 5.6982, Train RMSE: 12.2754, Train MAPE: 0.7984, Train WMAPE: 0.0319, 
Epoch: 217, Valid Loss: 10.6397, Valid RMSE: 40.6888, Valid MAPE: 2.4402, Valid WMAPE: 0.0611
No update
Iter: 000, Train Loss: 5.8019, Train RMSE: 12.3304, Train MAPE: 0.6985, Train WMAPE: 0.0322
Iter: 050, Train Loss: 5.6758, Train RMSE: 11.6079, Train MAPE: 0.4363, Train WMAPE: 0.0311
Epoch: 218, Training Time: 14.6518 secs
Epoch: 218, Inference Time: 2.1547 secs
Epoch: 218, Train Loss: 5.6763, Train RMSE: 12.2435, Train MAPE: 0.7796, Train WMAPE: 0.0317, 
Epoch: 218, Valid Loss: 10.5792, Valid RMSE: 41.1291, Valid MAPE: 2.1866, Valid WMAPE: 0.0607
No update
Iter: 000, Train Loss: 5.7473, Train RMSE: 12.2909, Train MAPE: 0.6776, Train WMAPE: 0.0319
Iter: 050, Train Loss: 5.6476, Train RMSE: 11.7672, Train MAPE: 0.5202, Train WMAPE: 0.0310
Epoch: 219, Training Time: 14.8500 secs
Epoch: 219, Inference Time: 2.1126 secs
Epoch: 219, Train Loss: 5.6632, Train RMSE: 12.2173, Train MAPE: 0.7888, Train WMAPE: 0.0317, 
Epoch: 219, Valid Loss: 10.5646, Valid RMSE: 40.9473, Valid MAPE: 2.3917, Valid WMAPE: 0.0607
No update
Iter: 000, Train Loss: 5.7837, Train RMSE: 12.2172, Train MAPE: 0.7032, Train WMAPE: 0.0321
Iter: 050, Train Loss: 5.8531, Train RMSE: 12.1550, Train MAPE: 0.5189, Train WMAPE: 0.0321
Epoch: 220, Training Time: 15.0493 secs
Epoch: 220, Inference Time: 2.2931 secs
Epoch: 220, Train Loss: 5.7061, Train RMSE: 12.2703, Train MAPE: 0.8259, Train WMAPE: 0.0319, 
Epoch: 220, Valid Loss: 10.8236, Valid RMSE: 41.0830, Valid MAPE: 4.4466, Valid WMAPE: 0.0621
No update
Iter: 000, Train Loss: 6.0230, Train RMSE: 12.3652, Train MAPE: 1.4563, Train WMAPE: 0.0334
Iter: 050, Train Loss: 5.8463, Train RMSE: 11.8634, Train MAPE: 0.9735, Train WMAPE: 0.0321
Epoch: 221, Training Time: 14.7205 secs
Epoch: 221, Inference Time: 2.0792 secs
Epoch: 221, Train Loss: 5.6862, Train RMSE: 12.1927, Train MAPE: 0.8732, Train WMAPE: 0.0318, 
Epoch: 221, Valid Loss: 10.5717, Valid RMSE: 40.9587, Valid MAPE: 2.0783, Valid WMAPE: 0.0607
No update
Iter: 000, Train Loss: 5.8427, Train RMSE: 12.4143, Train MAPE: 0.5952, Train WMAPE: 0.0324
Iter: 050, Train Loss: 5.7834, Train RMSE: 11.7855, Train MAPE: 0.7029, Train WMAPE: 0.0317
Epoch: 222, Training Time: 15.0142 secs
Epoch: 222, Inference Time: 2.2836 secs
Epoch: 222, Train Loss: 5.6767, Train RMSE: 12.2009, Train MAPE: 0.8377, Train WMAPE: 0.0317, 
Epoch: 222, Valid Loss: 10.5365, Valid RMSE: 41.2751, Valid MAPE: 2.1608, Valid WMAPE: 0.0605
No update
Iter: 000, Train Loss: 5.6413, Train RMSE: 12.0396, Train MAPE: 0.6667, Train WMAPE: 0.0313
Iter: 050, Train Loss: 5.6931, Train RMSE: 11.7262, Train MAPE: 0.5183, Train WMAPE: 0.0312
Epoch: 223, Training Time: 14.6167 secs
Epoch: 223, Inference Time: 2.1512 secs
Epoch: 223, Train Loss: 5.6479, Train RMSE: 12.1702, Train MAPE: 0.8072, Train WMAPE: 0.0316, 
Epoch: 223, Valid Loss: 10.6544, Valid RMSE: 41.0895, Valid MAPE: 2.5365, Valid WMAPE: 0.0612
No update
Iter: 000, Train Loss: 5.7456, Train RMSE: 12.2698, Train MAPE: 0.7831, Train WMAPE: 0.0319
Iter: 050, Train Loss: 5.6615, Train RMSE: 11.6730, Train MAPE: 0.4950, Train WMAPE: 0.0310
Epoch: 224, Training Time: 15.2924 secs
Epoch: 224, Inference Time: 2.1050 secs
Epoch: 224, Train Loss: 5.6509, Train RMSE: 12.1583, Train MAPE: 0.8316, Train WMAPE: 0.0316, 
Epoch: 224, Valid Loss: 10.5407, Valid RMSE: 40.7249, Valid MAPE: 2.7110, Valid WMAPE: 0.0605
No update
Iter: 000, Train Loss: 5.7101, Train RMSE: 12.1045, Train MAPE: 0.8061, Train WMAPE: 0.0317
Iter: 050, Train Loss: 5.6905, Train RMSE: 11.8153, Train MAPE: 0.4378, Train WMAPE: 0.0312
Epoch: 225, Training Time: 15.1443 secs
Epoch: 225, Inference Time: 2.1114 secs
Epoch: 225, Train Loss: 5.6699, Train RMSE: 12.1144, Train MAPE: 0.9740, Train WMAPE: 0.0317, 
Epoch: 225, Valid Loss: 10.6782, Valid RMSE: 41.1333, Valid MAPE: 3.4624, Valid WMAPE: 0.0613
No update
Iter: 000, Train Loss: 5.8496, Train RMSE: 12.2479, Train MAPE: 1.1778, Train WMAPE: 0.0325
Iter: 050, Train Loss: 5.7179, Train RMSE: 11.6853, Train MAPE: 0.7962, Train WMAPE: 0.0314
Epoch: 226, Training Time: 14.8666 secs
Epoch: 226, Inference Time: 2.0933 secs
Epoch: 226, Train Loss: 5.6438, Train RMSE: 12.0772, Train MAPE: 0.9725, Train WMAPE: 0.0316, 
Epoch: 226, Valid Loss: 10.5901, Valid RMSE: 41.1217, Valid MAPE: 2.8521, Valid WMAPE: 0.0608
No update
Iter: 000, Train Loss: 5.6878, Train RMSE: 12.0565, Train MAPE: 0.9303, Train WMAPE: 0.0316
Iter: 050, Train Loss: 5.7808, Train RMSE: 11.7036, Train MAPE: 0.3951, Train WMAPE: 0.0317
Epoch: 227, Training Time: 15.2825 secs
Epoch: 227, Inference Time: 2.2821 secs
Epoch: 227, Train Loss: 5.6402, Train RMSE: 12.0796, Train MAPE: 0.8990, Train WMAPE: 0.0315, 
Epoch: 227, Valid Loss: 10.5807, Valid RMSE: 40.9807, Valid MAPE: 2.3089, Valid WMAPE: 0.0607
No update
Iter: 000, Train Loss: 5.7407, Train RMSE: 12.1644, Train MAPE: 0.6269, Train WMAPE: 0.0319
Iter: 050, Train Loss: 5.6781, Train RMSE: 11.5935, Train MAPE: 0.6485, Train WMAPE: 0.0311
Epoch: 228, Training Time: 15.3878 secs
Epoch: 228, Inference Time: 2.1177 secs
Epoch: 228, Train Loss: 5.6672, Train RMSE: 12.1591, Train MAPE: 0.8818, Train WMAPE: 0.0317, 
Epoch: 228, Valid Loss: 10.6022, Valid RMSE: 41.3543, Valid MAPE: 2.1940, Valid WMAPE: 0.0609
No update
Iter: 000, Train Loss: 5.6619, Train RMSE: 12.1315, Train MAPE: 0.6278, Train WMAPE: 0.0314
Iter: 050, Train Loss: 5.7253, Train RMSE: 11.7170, Train MAPE: 0.5098, Train WMAPE: 0.0314
Epoch: 229, Training Time: 15.5400 secs
Epoch: 229, Inference Time: 2.1100 secs
Epoch: 229, Train Loss: 5.6546, Train RMSE: 12.1363, Train MAPE: 0.8106, Train WMAPE: 0.0316, 
Epoch: 229, Valid Loss: 10.6749, Valid RMSE: 40.9132, Valid MAPE: 3.3463, Valid WMAPE: 0.0613
No update
Iter: 000, Train Loss: 5.7547, Train RMSE: 12.1217, Train MAPE: 1.0854, Train WMAPE: 0.0319
Iter: 050, Train Loss: 5.6888, Train RMSE: 11.3217, Train MAPE: 0.7492, Train WMAPE: 0.0312
Epoch: 230, Training Time: 15.1650 secs
Epoch: 230, Inference Time: 2.1041 secs
Epoch: 230, Train Loss: 5.6442, Train RMSE: 12.0986, Train MAPE: 0.9199, Train WMAPE: 0.0316, 
Epoch: 230, Valid Loss: 10.4859, Valid RMSE: 40.8911, Valid MAPE: 1.8267, Valid WMAPE: 0.0602
###Update tasks appear###
Evaluate best model on test data for horizon 1, Test MAE: 9.0890, Test RMSE: 59.9181, Test MAPE: 8.4616, Test WMAPE: 0.0528
Evaluate best model on test data for horizon 2, Test MAE: 10.1344, Test RMSE: 54.6508, Test MAPE: 13.1316, Test WMAPE: 0.0588
Evaluate best model on test data for horizon 3, Test MAE: 10.3638, Test RMSE: 42.4636, Test MAPE: 17.6084, Test WMAPE: 0.0602
Evaluate best model on test data for horizon 4, Test MAE: 11.7358, Test RMSE: 48.3269, Test MAPE: 19.6892, Test WMAPE: 0.0682
Evaluate best model on test data for horizon 5, Test MAE: 12.8365, Test RMSE: 52.6895, Test MAPE: 20.2071, Test WMAPE: 0.0746
Evaluate best model on test data for horizon 6, Test MAE: 13.3260, Test RMSE: 50.0133, Test MAPE: 21.2729, Test WMAPE: 0.0775
Evaluate best model on test data for horizon 7, Test MAE: 13.9552, Test RMSE: 49.7125, Test MAPE: 21.7648, Test WMAPE: 0.0811
Evaluate best model on test data for horizon 8, Test MAE: 14.6323, Test RMSE: 51.7795, Test MAPE: 21.7574, Test WMAPE: 0.0851
Evaluate best model on test data for horizon 9, Test MAE: 15.1246, Test RMSE: 52.3131, Test MAPE: 22.4440, Test WMAPE: 0.0880
Evaluate best model on test data for horizon 10, Test MAE: 15.3442, Test RMSE: 51.4741, Test MAPE: 23.3585, Test WMAPE: 0.0893
Evaluate best model on test data for horizon 11, Test MAE: 15.9559, Test RMSE: 56.0625, Test MAPE: 22.6771, Test WMAPE: 0.0928
Evaluate best model on test data for horizon 12, Test MAE: 16.2097, Test RMSE: 57.0430, Test MAPE: 22.9620, Test WMAPE: 0.0943
On average over 12 horizons, Test MAE: 13.2256, Test RMSE: 52.2039, Test MAPE: 19.6112, Test WMAPE: 0.0769
No update
Iter: 000, Train Loss: 5.6482, Train RMSE: 12.1536, Train MAPE: 0.4899, Train WMAPE: 0.0314
Iter: 050, Train Loss: 5.6213, Train RMSE: 11.5209, Train MAPE: 0.3736, Train WMAPE: 0.0308
Epoch: 231, Training Time: 15.2089 secs
Epoch: 231, Inference Time: 2.2375 secs
Epoch: 231, Train Loss: 5.6282, Train RMSE: 12.0997, Train MAPE: 0.7591, Train WMAPE: 0.0315, 
Epoch: 231, Valid Loss: 10.9326, Valid RMSE: 41.4857, Valid MAPE: 2.0645, Valid WMAPE: 0.0628
No update
Iter: 000, Train Loss: 6.5405, Train RMSE: 15.2983, Train MAPE: 0.6190, Train WMAPE: 0.0363
Iter: 050, Train Loss: 5.6901, Train RMSE: 11.6218, Train MAPE: 0.4982, Train WMAPE: 0.0312
Epoch: 232, Training Time: 15.2208 secs
Epoch: 232, Inference Time: 2.1420 secs
Epoch: 232, Train Loss: 5.7163, Train RMSE: 12.2673, Train MAPE: 0.8285, Train WMAPE: 0.0320, 
Epoch: 232, Valid Loss: 10.5110, Valid RMSE: 40.8155, Valid MAPE: 1.9153, Valid WMAPE: 0.0603
No update
Iter: 000, Train Loss: 5.7059, Train RMSE: 12.1988, Train MAPE: 0.6028, Train WMAPE: 0.0317
Iter: 050, Train Loss: 5.6469, Train RMSE: 11.6482, Train MAPE: 0.5731, Train WMAPE: 0.0310
Epoch: 233, Training Time: 15.0853 secs
Epoch: 233, Inference Time: 2.1838 secs
Epoch: 233, Train Loss: 5.6303, Train RMSE: 12.1300, Train MAPE: 0.7909, Train WMAPE: 0.0315, 
Epoch: 233, Valid Loss: 10.6086, Valid RMSE: 40.8057, Valid MAPE: 2.6387, Valid WMAPE: 0.0609
No update
Iter: 000, Train Loss: 5.6672, Train RMSE: 11.9472, Train MAPE: 0.8438, Train WMAPE: 0.0315
Iter: 050, Train Loss: 5.6607, Train RMSE: 11.5855, Train MAPE: 0.5717, Train WMAPE: 0.0310
Epoch: 234, Training Time: 14.9146 secs
Epoch: 234, Inference Time: 2.1539 secs
Epoch: 234, Train Loss: 5.6512, Train RMSE: 12.1272, Train MAPE: 0.8154, Train WMAPE: 0.0316, 
Epoch: 234, Valid Loss: 10.5235, Valid RMSE: 40.8201, Valid MAPE: 2.0646, Valid WMAPE: 0.0604
No update
Iter: 000, Train Loss: 5.6178, Train RMSE: 11.9805, Train MAPE: 0.5990, Train WMAPE: 0.0312
Iter: 050, Train Loss: 5.7438, Train RMSE: 11.9146, Train MAPE: 0.4918, Train WMAPE: 0.0315
Epoch: 235, Training Time: 14.8018 secs
Epoch: 235, Inference Time: 2.0958 secs
Epoch: 235, Train Loss: 5.6433, Train RMSE: 12.1536, Train MAPE: 0.7870, Train WMAPE: 0.0316, 
Epoch: 235, Valid Loss: 10.6015, Valid RMSE: 40.7757, Valid MAPE: 2.1873, Valid WMAPE: 0.0609
No update
Iter: 000, Train Loss: 5.8071, Train RMSE: 12.2454, Train MAPE: 0.6462, Train WMAPE: 0.0322
Iter: 050, Train Loss: 5.6229, Train RMSE: 11.6017, Train MAPE: 0.5582, Train WMAPE: 0.0308
Epoch: 236, Training Time: 15.3731 secs
Epoch: 236, Inference Time: 2.1154 secs
Epoch: 236, Train Loss: 5.6126, Train RMSE: 12.0737, Train MAPE: 0.7871, Train WMAPE: 0.0314, 
Epoch: 236, Valid Loss: 10.5032, Valid RMSE: 40.7620, Valid MAPE: 2.0633, Valid WMAPE: 0.0603
No update
Iter: 000, Train Loss: 5.6996, Train RMSE: 12.1007, Train MAPE: 0.5941, Train WMAPE: 0.0316
Iter: 050, Train Loss: 5.5909, Train RMSE: 11.5443, Train MAPE: 0.5291, Train WMAPE: 0.0307
Epoch: 237, Training Time: 14.6886 secs
Epoch: 237, Inference Time: 1.9677 secs
Epoch: 237, Train Loss: 5.6330, Train RMSE: 12.0931, Train MAPE: 0.7644, Train WMAPE: 0.0315, 
Epoch: 237, Valid Loss: 10.5226, Valid RMSE: 40.7050, Valid MAPE: 2.1435, Valid WMAPE: 0.0604
No update
Iter: 000, Train Loss: 5.5810, Train RMSE: 11.9407, Train MAPE: 0.5897, Train WMAPE: 0.0310
Iter: 050, Train Loss: 5.6316, Train RMSE: 11.5043, Train MAPE: 0.3845, Train WMAPE: 0.0309
Epoch: 238, Training Time: 14.7648 secs
Epoch: 238, Inference Time: 2.0916 secs
Epoch: 238, Train Loss: 5.6015, Train RMSE: 12.0492, Train MAPE: 0.7495, Train WMAPE: 0.0313, 
Epoch: 238, Valid Loss: 10.6746, Valid RMSE: 40.8516, Valid MAPE: 1.9123, Valid WMAPE: 0.0613
No update
Iter: 000, Train Loss: 5.7634, Train RMSE: 12.0404, Train MAPE: 0.5212, Train WMAPE: 0.0320
Iter: 050, Train Loss: 5.6093, Train RMSE: 11.6585, Train MAPE: 0.6600, Train WMAPE: 0.0308
Epoch: 239, Training Time: 14.5840 secs
Epoch: 239, Inference Time: 1.9803 secs
Epoch: 239, Train Loss: 5.6266, Train RMSE: 12.0169, Train MAPE: 0.8496, Train WMAPE: 0.0315, 
Epoch: 239, Valid Loss: 10.5829, Valid RMSE: 40.6814, Valid MAPE: 2.8770, Valid WMAPE: 0.0608
No update
Iter: 000, Train Loss: 5.6856, Train RMSE: 12.0408, Train MAPE: 0.9271, Train WMAPE: 0.0316
Iter: 050, Train Loss: 5.6062, Train RMSE: 11.5377, Train MAPE: 0.4360, Train WMAPE: 0.0307
Epoch: 240, Training Time: 15.0635 secs
Epoch: 240, Inference Time: 2.0125 secs
Epoch: 240, Train Loss: 5.6242, Train RMSE: 12.0414, Train MAPE: 0.9351, Train WMAPE: 0.0314, 
Epoch: 240, Valid Loss: 10.4659, Valid RMSE: 40.8220, Valid MAPE: 1.7615, Valid WMAPE: 0.0601
###Update tasks appear###
Evaluate best model on test data for horizon 1, Test MAE: 9.1162, Test RMSE: 60.0897, Test MAPE: 8.5327, Test WMAPE: 0.0529
Evaluate best model on test data for horizon 2, Test MAE: 10.1379, Test RMSE: 55.0425, Test MAPE: 13.2840, Test WMAPE: 0.0589
Evaluate best model on test data for horizon 3, Test MAE: 10.3313, Test RMSE: 42.4271, Test MAPE: 17.8666, Test WMAPE: 0.0600
Evaluate best model on test data for horizon 4, Test MAE: 11.7555, Test RMSE: 48.8204, Test MAPE: 19.9171, Test WMAPE: 0.0683
Evaluate best model on test data for horizon 5, Test MAE: 12.8538, Test RMSE: 53.1004, Test MAPE: 20.7744, Test WMAPE: 0.0747
Evaluate best model on test data for horizon 6, Test MAE: 13.3133, Test RMSE: 50.1088, Test MAPE: 21.8617, Test WMAPE: 0.0774
Evaluate best model on test data for horizon 7, Test MAE: 13.9265, Test RMSE: 49.6831, Test MAPE: 22.4969, Test WMAPE: 0.0810
Evaluate best model on test data for horizon 8, Test MAE: 14.5749, Test RMSE: 51.8678, Test MAPE: 22.4522, Test WMAPE: 0.0848
Evaluate best model on test data for horizon 9, Test MAE: 15.0274, Test RMSE: 52.1780, Test MAPE: 23.1482, Test WMAPE: 0.0874
Evaluate best model on test data for horizon 10, Test MAE: 15.2393, Test RMSE: 51.3126, Test MAPE: 24.0420, Test WMAPE: 0.0886
Evaluate best model on test data for horizon 11, Test MAE: 15.8370, Test RMSE: 55.7955, Test MAPE: 23.3761, Test WMAPE: 0.0921
Evaluate best model on test data for horizon 12, Test MAE: 16.0372, Test RMSE: 56.5806, Test MAPE: 23.5066, Test WMAPE: 0.0933
On average over 12 horizons, Test MAE: 13.1792, Test RMSE: 52.2505, Test MAPE: 20.1049, Test WMAPE: 0.0766
No update
Iter: 000, Train Loss: 5.5797, Train RMSE: 11.8360, Train MAPE: 0.5338, Train WMAPE: 0.0310
Iter: 050, Train Loss: 5.5569, Train RMSE: 11.4360, Train MAPE: 0.4217, Train WMAPE: 0.0305
Epoch: 241, Training Time: 14.8876 secs
Epoch: 241, Inference Time: 2.0861 secs
Epoch: 241, Train Loss: 5.5736, Train RMSE: 12.0216, Train MAPE: 0.7200, Train WMAPE: 0.0312, 
Epoch: 241, Valid Loss: 10.6277, Valid RMSE: 40.9146, Valid MAPE: 2.1185, Valid WMAPE: 0.0610
No update
Iter: 000, Train Loss: 5.6661, Train RMSE: 12.0713, Train MAPE: 0.6420, Train WMAPE: 0.0315
Iter: 050, Train Loss: 5.5178, Train RMSE: 11.3001, Train MAPE: 0.6204, Train WMAPE: 0.0303
Epoch: 242, Training Time: 15.0929 secs
Epoch: 242, Inference Time: 2.1043 secs
Epoch: 242, Train Loss: 5.5669, Train RMSE: 11.9931, Train MAPE: 0.7619, Train WMAPE: 0.0311, 
Epoch: 242, Valid Loss: 10.6120, Valid RMSE: 40.9953, Valid MAPE: 2.2571, Valid WMAPE: 0.0609
No update
Iter: 000, Train Loss: 5.8372, Train RMSE: 12.2329, Train MAPE: 0.6680, Train WMAPE: 0.0324
Iter: 050, Train Loss: 5.5289, Train RMSE: 11.3632, Train MAPE: 0.4218, Train WMAPE: 0.0303
Epoch: 243, Training Time: 15.0905 secs
Epoch: 243, Inference Time: 2.0769 secs
Epoch: 243, Train Loss: 5.5809, Train RMSE: 11.9716, Train MAPE: 0.7355, Train WMAPE: 0.0312, 
Epoch: 243, Valid Loss: 10.5836, Valid RMSE: 41.0470, Valid MAPE: 2.5515, Valid WMAPE: 0.0608
No update
Iter: 000, Train Loss: 5.6500, Train RMSE: 12.0478, Train MAPE: 0.7392, Train WMAPE: 0.0314
Iter: 050, Train Loss: 5.6078, Train RMSE: 11.4980, Train MAPE: 0.3959, Train WMAPE: 0.0308
Epoch: 244, Training Time: 15.0593 secs
Epoch: 244, Inference Time: 2.0819 secs
Epoch: 244, Train Loss: 5.5749, Train RMSE: 11.9930, Train MAPE: 0.7527, Train WMAPE: 0.0312, 
Epoch: 244, Valid Loss: 10.7329, Valid RMSE: 41.0340, Valid MAPE: 2.5327, Valid WMAPE: 0.0616
No update
Iter: 000, Train Loss: 5.7756, Train RMSE: 12.1508, Train MAPE: 0.8179, Train WMAPE: 0.0321
Iter: 050, Train Loss: 5.4784, Train RMSE: 11.2288, Train MAPE: 0.4944, Train WMAPE: 0.0300
Epoch: 245, Training Time: 15.2945 secs
Epoch: 245, Inference Time: 2.1854 secs
Epoch: 245, Train Loss: 5.5814, Train RMSE: 12.0063, Train MAPE: 0.7314, Train WMAPE: 0.0312, 
Epoch: 245, Valid Loss: 10.4982, Valid RMSE: 40.8050, Valid MAPE: 1.8929, Valid WMAPE: 0.0603
No update
Iter: 000, Train Loss: 5.6059, Train RMSE: 12.1739, Train MAPE: 0.5400, Train WMAPE: 0.0311
Iter: 050, Train Loss: 5.6327, Train RMSE: 11.4613, Train MAPE: 0.5573, Train WMAPE: 0.0309
Epoch: 246, Training Time: 14.9599 secs
Epoch: 246, Inference Time: 1.9899 secs
Epoch: 246, Train Loss: 5.5876, Train RMSE: 12.0168, Train MAPE: 0.7571, Train WMAPE: 0.0312, 
Epoch: 246, Valid Loss: 10.5631, Valid RMSE: 40.5186, Valid MAPE: 1.9541, Valid WMAPE: 0.0606
No update
Iter: 000, Train Loss: 5.5328, Train RMSE: 11.9158, Train MAPE: 0.5445, Train WMAPE: 0.0307
Iter: 050, Train Loss: 5.6592, Train RMSE: 11.5354, Train MAPE: 0.4719, Train WMAPE: 0.0310
Epoch: 247, Training Time: 14.7912 secs
Epoch: 247, Inference Time: 1.9019 secs
Epoch: 247, Train Loss: 5.6488, Train RMSE: 12.1488, Train MAPE: 0.7812, Train WMAPE: 0.0316, 
Epoch: 247, Valid Loss: 10.6619, Valid RMSE: 40.5811, Valid MAPE: 2.4397, Valid WMAPE: 0.0612
No update
Iter: 000, Train Loss: 5.7041, Train RMSE: 12.1408, Train MAPE: 0.7109, Train WMAPE: 0.0317
Iter: 050, Train Loss: 5.6127, Train RMSE: 11.4575, Train MAPE: 0.3869, Train WMAPE: 0.0308
Epoch: 248, Training Time: 14.8834 secs
Epoch: 248, Inference Time: 2.1963 secs
Epoch: 248, Train Loss: 5.6256, Train RMSE: 12.1058, Train MAPE: 0.7648, Train WMAPE: 0.0315, 
Epoch: 248, Valid Loss: 10.6500, Valid RMSE: 41.0637, Valid MAPE: 2.3967, Valid WMAPE: 0.0611
No update
Iter: 000, Train Loss: 5.8023, Train RMSE: 12.1381, Train MAPE: 0.7383, Train WMAPE: 0.0322
Iter: 050, Train Loss: 5.5691, Train RMSE: 11.4745, Train MAPE: 0.5168, Train WMAPE: 0.0305
Epoch: 249, Training Time: 15.2636 secs
Epoch: 249, Inference Time: 2.2029 secs
Epoch: 249, Train Loss: 5.6363, Train RMSE: 12.1152, Train MAPE: 0.7955, Train WMAPE: 0.0315, 
Epoch: 249, Valid Loss: 10.6525, Valid RMSE: 41.1506, Valid MAPE: 1.9863, Valid WMAPE: 0.0612
No update
Iter: 000, Train Loss: 5.6353, Train RMSE: 11.8712, Train MAPE: 0.5240, Train WMAPE: 0.0313
Iter: 050, Train Loss: 5.7126, Train RMSE: 11.5029, Train MAPE: 0.6614, Train WMAPE: 0.0313
Epoch: 250, Training Time: 15.4479 secs
Epoch: 250, Inference Time: 2.1985 secs
Epoch: 250, Train Loss: 5.5785, Train RMSE: 11.9456, Train MAPE: 0.8324, Train WMAPE: 0.0312, 
Epoch: 250, Valid Loss: 10.6339, Valid RMSE: 40.8729, Valid MAPE: 2.2948, Valid WMAPE: 0.0611
No update
Iter: 000, Train Loss: 5.6657, Train RMSE: 11.9931, Train MAPE: 0.6926, Train WMAPE: 0.0315
Iter: 050, Train Loss: 5.6169, Train RMSE: 11.4759, Train MAPE: 0.5777, Train WMAPE: 0.0308
Epoch: 251, Training Time: 15.3026 secs
Epoch: 251, Inference Time: 2.0661 secs
Epoch: 251, Train Loss: 5.5444, Train RMSE: 11.9353, Train MAPE: 0.7507, Train WMAPE: 0.0310, 
Epoch: 251, Valid Loss: 10.5859, Valid RMSE: 40.5946, Valid MAPE: 2.5297, Valid WMAPE: 0.0608
No update
Iter: 000, Train Loss: 5.7186, Train RMSE: 12.1101, Train MAPE: 0.7779, Train WMAPE: 0.0317
Iter: 050, Train Loss: 5.5521, Train RMSE: 11.3648, Train MAPE: 0.6054, Train WMAPE: 0.0304
Epoch: 252, Training Time: 15.2742 secs
Epoch: 252, Inference Time: 1.9948 secs
Epoch: 252, Train Loss: 5.5606, Train RMSE: 11.9544, Train MAPE: 0.7758, Train WMAPE: 0.0311, 
Epoch: 252, Valid Loss: 10.4996, Valid RMSE: 40.6816, Valid MAPE: 2.0374, Valid WMAPE: 0.0603
No update
Iter: 000, Train Loss: 5.5131, Train RMSE: 11.9504, Train MAPE: 0.5787, Train WMAPE: 0.0306
Iter: 050, Train Loss: 5.5446, Train RMSE: 11.4462, Train MAPE: 0.4703, Train WMAPE: 0.0304
Epoch: 253, Training Time: 15.0739 secs
Epoch: 253, Inference Time: 2.1911 secs
Epoch: 253, Train Loss: 5.5166, Train RMSE: 11.8797, Train MAPE: 0.7322, Train WMAPE: 0.0308, 
Epoch: 253, Valid Loss: 10.5776, Valid RMSE: 40.7814, Valid MAPE: 2.1388, Valid WMAPE: 0.0607
No update
Iter: 000, Train Loss: 5.6501, Train RMSE: 11.9786, Train MAPE: 0.6388, Train WMAPE: 0.0314
Iter: 050, Train Loss: 5.4971, Train RMSE: 11.3048, Train MAPE: 0.4467, Train WMAPE: 0.0301
Epoch: 254, Training Time: 15.0741 secs
Epoch: 254, Inference Time: 2.0040 secs
Epoch: 254, Train Loss: 5.5012, Train RMSE: 11.8553, Train MAPE: 0.7236, Train WMAPE: 0.0308, 
Epoch: 254, Valid Loss: 10.7325, Valid RMSE: 40.9477, Valid MAPE: 2.6544, Valid WMAPE: 0.0616
No update
Iter: 000, Train Loss: 5.6598, Train RMSE: 12.0322, Train MAPE: 0.7512, Train WMAPE: 0.0314
Iter: 050, Train Loss: 5.5256, Train RMSE: 11.4249, Train MAPE: 0.4931, Train WMAPE: 0.0303
Epoch: 255, Training Time: 14.8889 secs
Epoch: 255, Inference Time: 1.9885 secs
Epoch: 255, Train Loss: 5.5156, Train RMSE: 11.8968, Train MAPE: 0.7309, Train WMAPE: 0.0308, 
Epoch: 255, Valid Loss: 10.5440, Valid RMSE: 40.5018, Valid MAPE: 2.2901, Valid WMAPE: 0.0605
No update
Iter: 000, Train Loss: 5.8076, Train RMSE: 12.2695, Train MAPE: 0.6462, Train WMAPE: 0.0322
Iter: 050, Train Loss: 5.7268, Train RMSE: 11.4266, Train MAPE: 0.5866, Train WMAPE: 0.0314
Epoch: 256, Training Time: 15.0737 secs
Epoch: 256, Inference Time: 1.9976 secs
Epoch: 256, Train Loss: 5.5289, Train RMSE: 11.9035, Train MAPE: 0.7334, Train WMAPE: 0.0309, 
Epoch: 256, Valid Loss: 10.6731, Valid RMSE: 40.6020, Valid MAPE: 2.8251, Valid WMAPE: 0.0613
No update
Iter: 000, Train Loss: 5.6478, Train RMSE: 11.7650, Train MAPE: 0.8300, Train WMAPE: 0.0314
Iter: 050, Train Loss: 5.5573, Train RMSE: 11.3880, Train MAPE: 0.4721, Train WMAPE: 0.0305
Epoch: 257, Training Time: 14.6914 secs
Epoch: 257, Inference Time: 2.1835 secs
Epoch: 257, Train Loss: 5.5172, Train RMSE: 11.8827, Train MAPE: 0.7101, Train WMAPE: 0.0308, 
Epoch: 257, Valid Loss: 10.5037, Valid RMSE: 40.6217, Valid MAPE: 2.0451, Valid WMAPE: 0.0603
No update
Iter: 000, Train Loss: 5.6327, Train RMSE: 12.0924, Train MAPE: 0.5742, Train WMAPE: 0.0313
Iter: 050, Train Loss: 5.6637, Train RMSE: 11.4829, Train MAPE: 0.6548, Train WMAPE: 0.0311
Epoch: 258, Training Time: 14.8760 secs
Epoch: 258, Inference Time: 2.0947 secs
Epoch: 258, Train Loss: 5.5144, Train RMSE: 11.8702, Train MAPE: 0.7443, Train WMAPE: 0.0308, 
Epoch: 258, Valid Loss: 10.5153, Valid RMSE: 40.7247, Valid MAPE: 2.2637, Valid WMAPE: 0.0604
No update
Iter: 000, Train Loss: 5.5106, Train RMSE: 11.8908, Train MAPE: 0.6702, Train WMAPE: 0.0306
Iter: 050, Train Loss: 5.4667, Train RMSE: 11.1270, Train MAPE: 0.5669, Train WMAPE: 0.0300
Epoch: 259, Training Time: 14.7788 secs
Epoch: 259, Inference Time: 2.0032 secs
Epoch: 259, Train Loss: 5.4926, Train RMSE: 11.8433, Train MAPE: 0.7586, Train WMAPE: 0.0307, 
Epoch: 259, Valid Loss: 10.5753, Valid RMSE: 40.5765, Valid MAPE: 2.7954, Valid WMAPE: 0.0607
No update
Iter: 000, Train Loss: 5.6185, Train RMSE: 11.7922, Train MAPE: 0.8656, Train WMAPE: 0.0312
Iter: 050, Train Loss: 5.4717, Train RMSE: 11.1503, Train MAPE: 0.3598, Train WMAPE: 0.0300
Epoch: 260, Training Time: 14.8743 secs
Epoch: 260, Inference Time: 2.0889 secs
Epoch: 260, Train Loss: 5.5449, Train RMSE: 11.9250, Train MAPE: 0.7481, Train WMAPE: 0.0310, 
Epoch: 260, Valid Loss: 10.5528, Valid RMSE: 40.4288, Valid MAPE: 2.8517, Valid WMAPE: 0.0606
No update
Iter: 000, Train Loss: 5.7077, Train RMSE: 12.0025, Train MAPE: 0.9469, Train WMAPE: 0.0317
Iter: 050, Train Loss: 5.4399, Train RMSE: 11.3378, Train MAPE: 0.3775, Train WMAPE: 0.0298
Epoch: 261, Training Time: 14.6855 secs
Epoch: 261, Inference Time: 1.9189 secs
Epoch: 261, Train Loss: 5.5595, Train RMSE: 11.8705, Train MAPE: 0.8317, Train WMAPE: 0.0311, 
Epoch: 261, Valid Loss: 10.4701, Valid RMSE: 40.3687, Valid MAPE: 1.7633, Valid WMAPE: 0.0601
###Update tasks appear###
Evaluate best model on test data for horizon 1, Test MAE: 9.0863, Test RMSE: 59.9645, Test MAPE: 8.6358, Test WMAPE: 0.0527
Evaluate best model on test data for horizon 2, Test MAE: 10.1047, Test RMSE: 54.5407, Test MAPE: 13.3623, Test WMAPE: 0.0587
Evaluate best model on test data for horizon 3, Test MAE: 10.3142, Test RMSE: 42.3694, Test MAPE: 17.7289, Test WMAPE: 0.0599
Evaluate best model on test data for horizon 4, Test MAE: 11.6785, Test RMSE: 48.0033, Test MAPE: 20.0942, Test WMAPE: 0.0679
Evaluate best model on test data for horizon 5, Test MAE: 12.7449, Test RMSE: 52.0218, Test MAPE: 20.6264, Test WMAPE: 0.0741
Evaluate best model on test data for horizon 6, Test MAE: 13.2222, Test RMSE: 49.1895, Test MAPE: 21.7329, Test WMAPE: 0.0769
Evaluate best model on test data for horizon 7, Test MAE: 13.8209, Test RMSE: 49.0088, Test MAPE: 22.3852, Test WMAPE: 0.0804
Evaluate best model on test data for horizon 8, Test MAE: 14.4579, Test RMSE: 50.8816, Test MAPE: 22.3816, Test WMAPE: 0.0841
Evaluate best model on test data for horizon 9, Test MAE: 14.8718, Test RMSE: 51.1545, Test MAPE: 23.0128, Test WMAPE: 0.0865
Evaluate best model on test data for horizon 10, Test MAE: 15.1149, Test RMSE: 50.9094, Test MAPE: 23.9019, Test WMAPE: 0.0879
Evaluate best model on test data for horizon 11, Test MAE: 15.6465, Test RMSE: 54.9781, Test MAPE: 23.0479, Test WMAPE: 0.0910
Evaluate best model on test data for horizon 12, Test MAE: 15.8451, Test RMSE: 55.9350, Test MAPE: 23.2014, Test WMAPE: 0.0922
On average over 12 horizons, Test MAE: 13.0757, Test RMSE: 51.5797, Test MAPE: 20.0093, Test WMAPE: 0.0760
No update
Iter: 000, Train Loss: 5.5588, Train RMSE: 11.9223, Train MAPE: 0.4893, Train WMAPE: 0.0309
Iter: 050, Train Loss: 5.5564, Train RMSE: 11.2293, Train MAPE: 0.7379, Train WMAPE: 0.0305
Epoch: 262, Training Time: 14.7375 secs
Epoch: 262, Inference Time: 1.9222 secs
Epoch: 262, Train Loss: 5.5130, Train RMSE: 11.7890, Train MAPE: 0.8568, Train WMAPE: 0.0308, 
Epoch: 262, Valid Loss: 10.5491, Valid RMSE: 40.5905, Valid MAPE: 2.2234, Valid WMAPE: 0.0606
No update
Iter: 000, Train Loss: 5.6451, Train RMSE: 11.9899, Train MAPE: 0.7041, Train WMAPE: 0.0313
Iter: 050, Train Loss: 5.4754, Train RMSE: 11.2286, Train MAPE: 0.5121, Train WMAPE: 0.0300
Epoch: 263, Training Time: 14.0665 secs
Epoch: 263, Inference Time: 1.9020 secs
Epoch: 263, Train Loss: 5.4927, Train RMSE: 11.8044, Train MAPE: 0.7737, Train WMAPE: 0.0307, 
Epoch: 263, Valid Loss: 10.4567, Valid RMSE: 40.4917, Valid MAPE: 2.0989, Valid WMAPE: 0.0600
###Update tasks appear###
Evaluate best model on test data for horizon 1, Test MAE: 9.0711, Test RMSE: 60.0788, Test MAPE: 8.3352, Test WMAPE: 0.0527
Evaluate best model on test data for horizon 2, Test MAE: 10.1515, Test RMSE: 55.0843, Test MAPE: 13.2025, Test WMAPE: 0.0589
Evaluate best model on test data for horizon 3, Test MAE: 10.3301, Test RMSE: 42.5029, Test MAPE: 17.4715, Test WMAPE: 0.0600
Evaluate best model on test data for horizon 4, Test MAE: 11.6950, Test RMSE: 48.1947, Test MAPE: 19.4550, Test WMAPE: 0.0679
Evaluate best model on test data for horizon 5, Test MAE: 12.7478, Test RMSE: 52.0950, Test MAPE: 20.3774, Test WMAPE: 0.0741
Evaluate best model on test data for horizon 6, Test MAE: 13.1866, Test RMSE: 49.2690, Test MAPE: 21.3949, Test WMAPE: 0.0766
Evaluate best model on test data for horizon 7, Test MAE: 13.7991, Test RMSE: 48.9432, Test MAPE: 22.2004, Test WMAPE: 0.0802
Evaluate best model on test data for horizon 8, Test MAE: 14.4427, Test RMSE: 50.9667, Test MAPE: 22.0256, Test WMAPE: 0.0840
Evaluate best model on test data for horizon 9, Test MAE: 14.8443, Test RMSE: 51.2334, Test MAPE: 22.5647, Test WMAPE: 0.0863
Evaluate best model on test data for horizon 10, Test MAE: 15.1303, Test RMSE: 51.0365, Test MAPE: 23.6777, Test WMAPE: 0.0880
Evaluate best model on test data for horizon 11, Test MAE: 15.6715, Test RMSE: 54.9197, Test MAPE: 22.9008, Test WMAPE: 0.0912
Evaluate best model on test data for horizon 12, Test MAE: 15.8652, Test RMSE: 56.0212, Test MAPE: 22.7589, Test WMAPE: 0.0923
On average over 12 horizons, Test MAE: 13.0779, Test RMSE: 51.6954, Test MAPE: 19.6971, Test WMAPE: 0.0760
No update
Iter: 000, Train Loss: 5.6608, Train RMSE: 11.9286, Train MAPE: 0.5992, Train WMAPE: 0.0314
Iter: 050, Train Loss: 5.5609, Train RMSE: 11.5902, Train MAPE: 0.5331, Train WMAPE: 0.0305
Epoch: 264, Training Time: 14.6655 secs
Epoch: 264, Inference Time: 1.9928 secs
Epoch: 264, Train Loss: 5.5014, Train RMSE: 11.8189, Train MAPE: 0.7382, Train WMAPE: 0.0308, 
Epoch: 264, Valid Loss: 10.5015, Valid RMSE: 40.6127, Valid MAPE: 2.2007, Valid WMAPE: 0.0603
No update
Iter: 000, Train Loss: 5.5140, Train RMSE: 11.8572, Train MAPE: 0.5931, Train WMAPE: 0.0306
Iter: 050, Train Loss: 5.5137, Train RMSE: 11.2764, Train MAPE: 0.6175, Train WMAPE: 0.0302
Epoch: 265, Training Time: 14.4678 secs
Epoch: 265, Inference Time: 2.0043 secs
Epoch: 265, Train Loss: 5.4844, Train RMSE: 11.8065, Train MAPE: 0.7582, Train WMAPE: 0.0307, 
Epoch: 265, Valid Loss: 10.6303, Valid RMSE: 40.4867, Valid MAPE: 2.7580, Valid WMAPE: 0.0610
No update
Iter: 000, Train Loss: 5.7430, Train RMSE: 12.0433, Train MAPE: 0.8554, Train WMAPE: 0.0319
Iter: 050, Train Loss: 5.4531, Train RMSE: 11.1265, Train MAPE: 0.3649, Train WMAPE: 0.0299
Epoch: 266, Training Time: 14.4770 secs
Epoch: 266, Inference Time: 2.0026 secs
Epoch: 266, Train Loss: 5.4940, Train RMSE: 11.8213, Train MAPE: 0.7539, Train WMAPE: 0.0307, 
Epoch: 266, Valid Loss: 10.4979, Valid RMSE: 40.5517, Valid MAPE: 1.9235, Valid WMAPE: 0.0603
No update
Iter: 000, Train Loss: 5.5427, Train RMSE: 11.9276, Train MAPE: 0.4973, Train WMAPE: 0.0308
Iter: 050, Train Loss: 5.5304, Train RMSE: 11.4187, Train MAPE: 0.4625, Train WMAPE: 0.0303
Epoch: 267, Training Time: 14.4746 secs
Epoch: 267, Inference Time: 2.0904 secs
Epoch: 267, Train Loss: 5.5133, Train RMSE: 11.8328, Train MAPE: 0.6889, Train WMAPE: 0.0308, 
Epoch: 267, Valid Loss: 10.6527, Valid RMSE: 40.7637, Valid MAPE: 1.6941, Valid WMAPE: 0.0612
No update
Iter: 000, Train Loss: 5.7668, Train RMSE: 12.1093, Train MAPE: 0.4508, Train WMAPE: 0.0320
Iter: 050, Train Loss: 5.5087, Train RMSE: 11.2705, Train MAPE: 0.5212, Train WMAPE: 0.0302
Epoch: 268, Training Time: 14.4543 secs
Epoch: 268, Inference Time: 2.1070 secs
Epoch: 268, Train Loss: 5.4840, Train RMSE: 11.7980, Train MAPE: 0.7165, Train WMAPE: 0.0307, 
Epoch: 268, Valid Loss: 10.7097, Valid RMSE: 40.5671, Valid MAPE: 2.4297, Valid WMAPE: 0.0615
No update
Iter: 000, Train Loss: 5.6725, Train RMSE: 11.8288, Train MAPE: 0.6947, Train WMAPE: 0.0315
Iter: 050, Train Loss: 5.5154, Train RMSE: 11.1820, Train MAPE: 0.5733, Train WMAPE: 0.0302
Epoch: 269, Training Time: 14.6086 secs
Epoch: 269, Inference Time: 2.2465 secs
Epoch: 269, Train Loss: 5.4880, Train RMSE: 11.7883, Train MAPE: 0.7220, Train WMAPE: 0.0307, 
Epoch: 269, Valid Loss: 10.4646, Valid RMSE: 40.3680, Valid MAPE: 2.0913, Valid WMAPE: 0.0601
###Update tasks appear###
Evaluate best model on test data for horizon 1, Test MAE: 9.1503, Test RMSE: 60.2746, Test MAPE: 8.7398, Test WMAPE: 0.0531
Evaluate best model on test data for horizon 2, Test MAE: 10.2159, Test RMSE: 55.1855, Test MAPE: 13.7658, Test WMAPE: 0.0593
Evaluate best model on test data for horizon 3, Test MAE: 10.4179, Test RMSE: 42.7959, Test MAPE: 18.2214, Test WMAPE: 0.0605
Evaluate best model on test data for horizon 4, Test MAE: 11.7822, Test RMSE: 48.5122, Test MAPE: 20.4795, Test WMAPE: 0.0685
Evaluate best model on test data for horizon 5, Test MAE: 12.7714, Test RMSE: 52.2203, Test MAPE: 21.0503, Test WMAPE: 0.0742
Evaluate best model on test data for horizon 6, Test MAE: 13.2905, Test RMSE: 49.3292, Test MAPE: 22.2429, Test WMAPE: 0.0772
Evaluate best model on test data for horizon 7, Test MAE: 13.8835, Test RMSE: 49.2037, Test MAPE: 22.7957, Test WMAPE: 0.0807
Evaluate best model on test data for horizon 8, Test MAE: 14.4791, Test RMSE: 51.0774, Test MAPE: 22.4992, Test WMAPE: 0.0842
Evaluate best model on test data for horizon 9, Test MAE: 14.8770, Test RMSE: 51.0618, Test MAPE: 23.1275, Test WMAPE: 0.0865
Evaluate best model on test data for horizon 10, Test MAE: 15.1006, Test RMSE: 51.0574, Test MAPE: 23.7219, Test WMAPE: 0.0878
Evaluate best model on test data for horizon 11, Test MAE: 15.6582, Test RMSE: 54.9519, Test MAPE: 22.8219, Test WMAPE: 0.0911
Evaluate best model on test data for horizon 12, Test MAE: 15.8968, Test RMSE: 55.8469, Test MAPE: 23.3140, Test WMAPE: 0.0925
On average over 12 horizons, Test MAE: 13.1269, Test RMSE: 51.7931, Test MAPE: 20.2317, Test WMAPE: 0.0763
No update
Iter: 000, Train Loss: 5.6431, Train RMSE: 11.9349, Train MAPE: 0.6463, Train WMAPE: 0.0313
Iter: 050, Train Loss: 5.5477, Train RMSE: 11.3533, Train MAPE: 0.4648, Train WMAPE: 0.0304
Epoch: 270, Training Time: 14.8144 secs
Epoch: 270, Inference Time: 2.0781 secs
Epoch: 270, Train Loss: 5.5144, Train RMSE: 11.8286, Train MAPE: 0.7406, Train WMAPE: 0.0308, 
Epoch: 270, Valid Loss: 10.5506, Valid RMSE: 40.7242, Valid MAPE: 1.7681, Valid WMAPE: 0.0606
No update
Iter: 000, Train Loss: 5.5193, Train RMSE: 11.9376, Train MAPE: 0.4755, Train WMAPE: 0.0306
Iter: 050, Train Loss: 5.6746, Train RMSE: 11.3943, Train MAPE: 0.9665, Train WMAPE: 0.0311
Epoch: 271, Training Time: 14.4073 secs
Epoch: 271, Inference Time: 2.0387 secs
Epoch: 271, Train Loss: 5.4980, Train RMSE: 11.7880, Train MAPE: 0.8612, Train WMAPE: 0.0307, 
Epoch: 271, Valid Loss: 10.5847, Valid RMSE: 40.3309, Valid MAPE: 3.7599, Valid WMAPE: 0.0608
No update
Iter: 000, Train Loss: 5.6683, Train RMSE: 11.6888, Train MAPE: 1.2195, Train WMAPE: 0.0315
Iter: 050, Train Loss: 5.4402, Train RMSE: 11.1548, Train MAPE: 0.5248, Train WMAPE: 0.0298
Epoch: 272, Training Time: 14.3891 secs
Epoch: 272, Inference Time: 2.0983 secs
Epoch: 272, Train Loss: 5.4878, Train RMSE: 11.6931, Train MAPE: 0.9809, Train WMAPE: 0.0307, 
Epoch: 272, Valid Loss: 10.6701, Valid RMSE: 40.6980, Valid MAPE: 3.0271, Valid WMAPE: 0.0613
No update
Iter: 000, Train Loss: 5.6343, Train RMSE: 11.6867, Train MAPE: 0.9943, Train WMAPE: 0.0313
Iter: 050, Train Loss: 5.4246, Train RMSE: 11.2029, Train MAPE: 0.5589, Train WMAPE: 0.0297
Epoch: 273, Training Time: 15.0724 secs
Epoch: 273, Inference Time: 2.1021 secs
Epoch: 273, Train Loss: 5.4497, Train RMSE: 11.6317, Train MAPE: 0.9517, Train WMAPE: 0.0305, 
Epoch: 273, Valid Loss: 10.5646, Valid RMSE: 40.7171, Valid MAPE: 2.6876, Valid WMAPE: 0.0607
No update
Iter: 000, Train Loss: 5.4721, Train RMSE: 11.5959, Train MAPE: 0.8609, Train WMAPE: 0.0304
Iter: 050, Train Loss: 5.5474, Train RMSE: 11.3773, Train MAPE: 0.6041, Train WMAPE: 0.0304
Epoch: 274, Training Time: 15.1594 secs
Epoch: 274, Inference Time: 2.0958 secs
Epoch: 274, Train Loss: 5.4580, Train RMSE: 11.6612, Train MAPE: 0.9287, Train WMAPE: 0.0305, 
Epoch: 274, Valid Loss: 10.7593, Valid RMSE: 40.8920, Valid MAPE: 2.4700, Valid WMAPE: 0.0618
No update
Iter: 000, Train Loss: 5.5993, Train RMSE: 11.7947, Train MAPE: 0.6917, Train WMAPE: 0.0311
Iter: 050, Train Loss: 5.4611, Train RMSE: 11.3342, Train MAPE: 0.7006, Train WMAPE: 0.0299
Epoch: 275, Training Time: 15.3744 secs
Epoch: 275, Inference Time: 1.9972 secs
Epoch: 275, Train Loss: 5.4737, Train RMSE: 11.6905, Train MAPE: 0.9141, Train WMAPE: 0.0306, 
Epoch: 275, Valid Loss: 10.5801, Valid RMSE: 40.8081, Valid MAPE: 2.1203, Valid WMAPE: 0.0607
No update
Iter: 000, Train Loss: 5.5195, Train RMSE: 11.6829, Train MAPE: 0.5644, Train WMAPE: 0.0306
Iter: 050, Train Loss: 5.6285, Train RMSE: 11.3368, Train MAPE: 0.9723, Train WMAPE: 0.0309
Epoch: 276, Training Time: 15.0911 secs
Epoch: 276, Inference Time: 2.0840 secs
Epoch: 276, Train Loss: 5.4654, Train RMSE: 11.6653, Train MAPE: 0.8588, Train WMAPE: 0.0306, 
Epoch: 276, Valid Loss: 10.5683, Valid RMSE: 40.6605, Valid MAPE: 1.6479, Valid WMAPE: 0.0607
No update
Iter: 000, Train Loss: 5.4119, Train RMSE: 11.6600, Train MAPE: 0.4211, Train WMAPE: 0.0300
Iter: 050, Train Loss: 5.4578, Train RMSE: 11.1180, Train MAPE: 0.4028, Train WMAPE: 0.0299
Epoch: 277, Training Time: 15.1875 secs
Epoch: 277, Inference Time: 2.0744 secs
Epoch: 277, Train Loss: 5.4838, Train RMSE: 11.7042, Train MAPE: 0.7876, Train WMAPE: 0.0307, 
Epoch: 277, Valid Loss: 10.4514, Valid RMSE: 40.2096, Valid MAPE: 2.2221, Valid WMAPE: 0.0600
###Update tasks appear###
Evaluate best model on test data for horizon 1, Test MAE: 9.0623, Test RMSE: 59.6155, Test MAPE: 9.0753, Test WMAPE: 0.0526
Evaluate best model on test data for horizon 2, Test MAE: 10.1558, Test RMSE: 54.7503, Test MAPE: 13.8025, Test WMAPE: 0.0590
Evaluate best model on test data for horizon 3, Test MAE: 10.4199, Test RMSE: 42.8994, Test MAPE: 18.3518, Test WMAPE: 0.0605
Evaluate best model on test data for horizon 4, Test MAE: 11.7525, Test RMSE: 48.1109, Test MAPE: 20.5250, Test WMAPE: 0.0683
Evaluate best model on test data for horizon 5, Test MAE: 12.8470, Test RMSE: 52.3007, Test MAPE: 20.9028, Test WMAPE: 0.0747
Evaluate best model on test data for horizon 6, Test MAE: 13.3013, Test RMSE: 49.5198, Test MAPE: 21.5356, Test WMAPE: 0.0773
Evaluate best model on test data for horizon 7, Test MAE: 13.9184, Test RMSE: 49.1508, Test MAPE: 22.3833, Test WMAPE: 0.0809
Evaluate best model on test data for horizon 8, Test MAE: 14.5703, Test RMSE: 51.0349, Test MAPE: 22.3942, Test WMAPE: 0.0847
Evaluate best model on test data for horizon 9, Test MAE: 15.0135, Test RMSE: 51.2767, Test MAPE: 23.1631, Test WMAPE: 0.0873
Evaluate best model on test data for horizon 10, Test MAE: 15.3314, Test RMSE: 51.0930, Test MAPE: 24.0516, Test WMAPE: 0.0892
Evaluate best model on test data for horizon 11, Test MAE: 15.9206, Test RMSE: 54.7711, Test MAPE: 23.3957, Test WMAPE: 0.0926
Evaluate best model on test data for horizon 12, Test MAE: 16.2090, Test RMSE: 55.8874, Test MAPE: 23.6524, Test WMAPE: 0.0943
On average over 12 horizons, Test MAE: 13.2085, Test RMSE: 51.7009, Test MAPE: 20.2694, Test WMAPE: 0.0768
No update
Iter: 000, Train Loss: 5.4768, Train RMSE: 11.7046, Train MAPE: 0.5181, Train WMAPE: 0.0304
Iter: 050, Train Loss: 5.4609, Train RMSE: 11.1861, Train MAPE: 0.3849, Train WMAPE: 0.0299
Epoch: 278, Training Time: 15.1960 secs
Epoch: 278, Inference Time: 2.1625 secs
Epoch: 278, Train Loss: 5.4475, Train RMSE: 11.6455, Train MAPE: 0.9177, Train WMAPE: 0.0305, 
Epoch: 278, Valid Loss: 10.5344, Valid RMSE: 40.4621, Valid MAPE: 2.0142, Valid WMAPE: 0.0605
No update
Iter: 000, Train Loss: 5.5166, Train RMSE: 11.7338, Train MAPE: 0.4856, Train WMAPE: 0.0306
Iter: 050, Train Loss: 5.5020, Train RMSE: 11.3432, Train MAPE: 0.4231, Train WMAPE: 0.0302
Epoch: 279, Training Time: 14.8775 secs
Epoch: 279, Inference Time: 2.0900 secs
Epoch: 279, Train Loss: 5.4864, Train RMSE: 11.7015, Train MAPE: 0.9133, Train WMAPE: 0.0307, 
Epoch: 279, Valid Loss: 10.5338, Valid RMSE: 40.4533, Valid MAPE: 2.5175, Valid WMAPE: 0.0605
No update
Iter: 000, Train Loss: 5.5644, Train RMSE: 11.7590, Train MAPE: 0.7881, Train WMAPE: 0.0309
Iter: 050, Train Loss: 5.5211, Train RMSE: 11.2058, Train MAPE: 0.6516, Train WMAPE: 0.0303
Epoch: 280, Training Time: 14.7842 secs
Epoch: 280, Inference Time: 1.9863 secs
Epoch: 280, Train Loss: 5.4675, Train RMSE: 11.6458, Train MAPE: 0.8942, Train WMAPE: 0.0306, 
Epoch: 280, Valid Loss: 10.6915, Valid RMSE: 40.2837, Valid MAPE: 3.1369, Valid WMAPE: 0.0614
No update
Iter: 000, Train Loss: 5.5456, Train RMSE: 11.5341, Train MAPE: 1.0387, Train WMAPE: 0.0308
Iter: 050, Train Loss: 5.5946, Train RMSE: 11.2450, Train MAPE: 0.4788, Train WMAPE: 0.0307
Epoch: 281, Training Time: 14.4836 secs
Epoch: 281, Inference Time: 2.1059 secs
Epoch: 281, Train Loss: 5.5807, Train RMSE: 11.9426, Train MAPE: 0.8319, Train WMAPE: 0.0312, 
Epoch: 281, Valid Loss: 10.6127, Valid RMSE: 40.5997, Valid MAPE: 2.5933, Valid WMAPE: 0.0609
No update
Iter: 000, Train Loss: 5.5807, Train RMSE: 11.8259, Train MAPE: 0.7787, Train WMAPE: 0.0310
Iter: 050, Train Loss: 5.6925, Train RMSE: 11.4583, Train MAPE: 0.4324, Train WMAPE: 0.0312
Epoch: 282, Training Time: 14.3565 secs
Epoch: 282, Inference Time: 2.0108 secs
Epoch: 282, Train Loss: 5.5065, Train RMSE: 11.7433, Train MAPE: 0.8097, Train WMAPE: 0.0308, 
Epoch: 282, Valid Loss: 10.5035, Valid RMSE: 40.5220, Valid MAPE: 1.8376, Valid WMAPE: 0.0603
No update
Iter: 000, Train Loss: 5.6110, Train RMSE: 11.7899, Train MAPE: 0.5062, Train WMAPE: 0.0312
Iter: 050, Train Loss: 5.6169, Train RMSE: 11.4153, Train MAPE: 0.7843, Train WMAPE: 0.0308
Epoch: 283, Training Time: 14.4709 secs
Epoch: 283, Inference Time: 2.1013 secs
Epoch: 283, Train Loss: 5.4865, Train RMSE: 11.7358, Train MAPE: 0.7765, Train WMAPE: 0.0307, 
Epoch: 283, Valid Loss: 10.9463, Valid RMSE: 40.4516, Valid MAPE: 4.3871, Valid WMAPE: 0.0628
No update
Iter: 000, Train Loss: 5.8633, Train RMSE: 12.0296, Train MAPE: 1.4808, Train WMAPE: 0.0326
Iter: 050, Train Loss: 5.4901, Train RMSE: 11.1512, Train MAPE: 0.8010, Train WMAPE: 0.0301
Epoch: 284, Training Time: 14.4800 secs
Epoch: 284, Inference Time: 2.0883 secs
Epoch: 284, Train Loss: 5.4684, Train RMSE: 11.6843, Train MAPE: 0.7708, Train WMAPE: 0.0306, 
Epoch: 284, Valid Loss: 10.5067, Valid RMSE: 40.3921, Valid MAPE: 1.9917, Valid WMAPE: 0.0603
No update
Iter: 000, Train Loss: 5.5012, Train RMSE: 11.6916, Train MAPE: 0.4933, Train WMAPE: 0.0305
Iter: 050, Train Loss: 5.4990, Train RMSE: 11.2632, Train MAPE: 0.5506, Train WMAPE: 0.0302
Epoch: 285, Training Time: 14.2898 secs
Epoch: 285, Inference Time: 2.0909 secs
Epoch: 285, Train Loss: 5.4475, Train RMSE: 11.6611, Train MAPE: 0.7503, Train WMAPE: 0.0305, 
Epoch: 285, Valid Loss: 10.5791, Valid RMSE: 40.3887, Valid MAPE: 2.6827, Valid WMAPE: 0.0607
No update
Iter: 000, Train Loss: 5.5356, Train RMSE: 11.7218, Train MAPE: 0.8435, Train WMAPE: 0.0307
Iter: 050, Train Loss: 6.3251, Train RMSE: 13.4934, Train MAPE: 0.8401, Train WMAPE: 0.0347
Epoch: 286, Training Time: 14.4857 secs
Epoch: 286, Inference Time: 2.0041 secs
Epoch: 286, Train Loss: 5.4552, Train RMSE: 11.6680, Train MAPE: 0.8559, Train WMAPE: 0.0305, 
Epoch: 286, Valid Loss: 10.6171, Valid RMSE: 40.5893, Valid MAPE: 2.1545, Valid WMAPE: 0.0610
No update
Iter: 000, Train Loss: 5.4843, Train RMSE: 11.6576, Train MAPE: 0.6121, Train WMAPE: 0.0304
Iter: 050, Train Loss: 5.4264, Train RMSE: 11.3069, Train MAPE: 0.5055, Train WMAPE: 0.0298
Epoch: 287, Training Time: 14.6707 secs
Epoch: 287, Inference Time: 2.0104 secs
Epoch: 287, Train Loss: 5.4392, Train RMSE: 11.6369, Train MAPE: 0.8187, Train WMAPE: 0.0304, 
Epoch: 287, Valid Loss: 10.5155, Valid RMSE: 40.8262, Valid MAPE: 1.7339, Valid WMAPE: 0.0604
No update
Iter: 000, Train Loss: 5.4205, Train RMSE: 11.6684, Train MAPE: 0.5080, Train WMAPE: 0.0301
Iter: 050, Train Loss: 5.4447, Train RMSE: 11.1511, Train MAPE: 0.6060, Train WMAPE: 0.0299
Epoch: 288, Training Time: 14.3817 secs
Epoch: 288, Inference Time: 1.9841 secs
Epoch: 288, Train Loss: 5.4476, Train RMSE: 11.6974, Train MAPE: 0.7225, Train WMAPE: 0.0305, 
Epoch: 288, Valid Loss: 10.5220, Valid RMSE: 40.7152, Valid MAPE: 2.0452, Valid WMAPE: 0.0604
No update
Iter: 000, Train Loss: 5.4608, Train RMSE: 11.6670, Train MAPE: 0.6252, Train WMAPE: 0.0303
Iter: 050, Train Loss: 5.4939, Train RMSE: 11.1650, Train MAPE: 0.5596, Train WMAPE: 0.0301
Epoch: 289, Training Time: 14.2899 secs
Epoch: 289, Inference Time: 2.0523 secs
Epoch: 289, Train Loss: 5.4070, Train RMSE: 11.6164, Train MAPE: 0.6945, Train WMAPE: 0.0302, 
Epoch: 289, Valid Loss: 10.6568, Valid RMSE: 40.5309, Valid MAPE: 2.6752, Valid WMAPE: 0.0612
No update
Iter: 000, Train Loss: 5.6049, Train RMSE: 11.8602, Train MAPE: 0.7419, Train WMAPE: 0.0311
Iter: 050, Train Loss: 5.3864, Train RMSE: 11.2410, Train MAPE: 0.4084, Train WMAPE: 0.0295
Epoch: 290, Training Time: 14.5924 secs
Epoch: 290, Inference Time: 2.0932 secs
Epoch: 290, Train Loss: 5.4211, Train RMSE: 11.6702, Train MAPE: 0.6649, Train WMAPE: 0.0303, 
Epoch: 290, Valid Loss: 10.5125, Valid RMSE: 40.9397, Valid MAPE: 2.0518, Valid WMAPE: 0.0604
No update
Iter: 000, Train Loss: 5.6112, Train RMSE: 11.8286, Train MAPE: 0.5500, Train WMAPE: 0.0312
Iter: 050, Train Loss: 5.3436, Train RMSE: 10.8951, Train MAPE: 0.4970, Train WMAPE: 0.0293
Epoch: 291, Training Time: 14.4812 secs
Epoch: 291, Inference Time: 2.2894 secs
Epoch: 291, Train Loss: 5.4182, Train RMSE: 11.6128, Train MAPE: 0.7402, Train WMAPE: 0.0303, 
Epoch: 291, Valid Loss: 10.5877, Valid RMSE: 40.4595, Valid MAPE: 2.4876, Valid WMAPE: 0.0608
No update
Iter: 000, Train Loss: 5.6049, Train RMSE: 11.8852, Train MAPE: 0.7030, Train WMAPE: 0.0311
Iter: 050, Train Loss: 5.4454, Train RMSE: 10.9867, Train MAPE: 0.4758, Train WMAPE: 0.0299
Epoch: 292, Training Time: 14.4963 secs
Epoch: 292, Inference Time: 2.4549 secs
Epoch: 292, Train Loss: 5.4428, Train RMSE: 11.5829, Train MAPE: 0.9344, Train WMAPE: 0.0304, 
Epoch: 292, Valid Loss: 10.5665, Valid RMSE: 40.6407, Valid MAPE: 2.1540, Valid WMAPE: 0.0607
No update
Iter: 000, Train Loss: 5.5013, Train RMSE: 11.7219, Train MAPE: 0.6478, Train WMAPE: 0.0305
Iter: 050, Train Loss: 5.3659, Train RMSE: 11.0261, Train MAPE: 0.3975, Train WMAPE: 0.0294
Epoch: 293, Training Time: 15.0232 secs
Epoch: 293, Inference Time: 2.1518 secs
Epoch: 293, Train Loss: 5.3956, Train RMSE: 11.5410, Train MAPE: 0.8927, Train WMAPE: 0.0302, 
Epoch: 293, Valid Loss: 10.5383, Valid RMSE: 40.8016, Valid MAPE: 2.0131, Valid WMAPE: 0.0605
No update
Iter: 000, Train Loss: 5.4330, Train RMSE: 11.5452, Train MAPE: 0.5520, Train WMAPE: 0.0302
Iter: 050, Train Loss: 5.4735, Train RMSE: 11.1197, Train MAPE: 0.5280, Train WMAPE: 0.0300
Epoch: 294, Training Time: 14.1953 secs
Epoch: 294, Inference Time: 2.0773 secs
Epoch: 294, Train Loss: 5.4295, Train RMSE: 11.6337, Train MAPE: 0.7249, Train WMAPE: 0.0304, 
Epoch: 294, Valid Loss: 10.5758, Valid RMSE: 40.9728, Valid MAPE: 1.9907, Valid WMAPE: 0.0607
No update
Iter: 000, Train Loss: 5.4220, Train RMSE: 11.6525, Train MAPE: 0.5493, Train WMAPE: 0.0301
Iter: 050, Train Loss: 5.4619, Train RMSE: 11.3926, Train MAPE: 0.4868, Train WMAPE: 0.0300
Epoch: 295, Training Time: 14.2881 secs
Epoch: 295, Inference Time: 2.1766 secs
Epoch: 295, Train Loss: 5.4401, Train RMSE: 11.6584, Train MAPE: 0.7839, Train WMAPE: 0.0304, 
Epoch: 295, Valid Loss: 10.6634, Valid RMSE: 40.5547, Valid MAPE: 3.1436, Valid WMAPE: 0.0612
No update
Iter: 000, Train Loss: 5.7213, Train RMSE: 12.0037, Train MAPE: 0.9803, Train WMAPE: 0.0318
Iter: 050, Train Loss: 5.5469, Train RMSE: 11.2766, Train MAPE: 0.5759, Train WMAPE: 0.0304
Epoch: 296, Training Time: 14.4157 secs
Epoch: 296, Inference Time: 2.1963 secs
Epoch: 296, Train Loss: 5.4812, Train RMSE: 11.7032, Train MAPE: 0.8411, Train WMAPE: 0.0306, 
Epoch: 296, Valid Loss: 10.4661, Valid RMSE: 40.5580, Valid MAPE: 1.9104, Valid WMAPE: 0.0601
###Update tasks appear###
Evaluate best model on test data for horizon 1, Test MAE: 9.1220, Test RMSE: 60.0760, Test MAPE: 8.5470, Test WMAPE: 0.0530
Evaluate best model on test data for horizon 2, Test MAE: 10.1738, Test RMSE: 54.9227, Test MAPE: 13.4399, Test WMAPE: 0.0591
Evaluate best model on test data for horizon 3, Test MAE: 10.4416, Test RMSE: 43.2536, Test MAPE: 17.8272, Test WMAPE: 0.0606
Evaluate best model on test data for horizon 4, Test MAE: 11.8065, Test RMSE: 49.0127, Test MAPE: 19.7861, Test WMAPE: 0.0686
Evaluate best model on test data for horizon 5, Test MAE: 12.8719, Test RMSE: 53.0244, Test MAPE: 20.6579, Test WMAPE: 0.0748
Evaluate best model on test data for horizon 6, Test MAE: 13.2830, Test RMSE: 49.8495, Test MAPE: 21.3625, Test WMAPE: 0.0772
Evaluate best model on test data for horizon 7, Test MAE: 13.8507, Test RMSE: 49.2398, Test MAPE: 22.4395, Test WMAPE: 0.0805
Evaluate best model on test data for horizon 8, Test MAE: 14.4886, Test RMSE: 51.6308, Test MAPE: 22.2878, Test WMAPE: 0.0843
Evaluate best model on test data for horizon 9, Test MAE: 14.8973, Test RMSE: 51.7460, Test MAPE: 22.9215, Test WMAPE: 0.0866
Evaluate best model on test data for horizon 10, Test MAE: 15.0646, Test RMSE: 50.7121, Test MAPE: 23.5618, Test WMAPE: 0.0876
Evaluate best model on test data for horizon 11, Test MAE: 15.6401, Test RMSE: 54.6637, Test MAPE: 22.9879, Test WMAPE: 0.0910
Evaluate best model on test data for horizon 12, Test MAE: 15.8464, Test RMSE: 55.5832, Test MAPE: 23.2433, Test WMAPE: 0.0922
On average over 12 horizons, Test MAE: 13.1239, Test RMSE: 51.9762, Test MAPE: 19.9219, Test WMAPE: 0.0763
No update
Iter: 000, Train Loss: 5.5173, Train RMSE: 11.6847, Train MAPE: 0.4360, Train WMAPE: 0.0306
Iter: 050, Train Loss: 5.4644, Train RMSE: 11.2366, Train MAPE: 0.3377, Train WMAPE: 0.0300
Epoch: 297, Training Time: 14.8564 secs
Epoch: 297, Inference Time: 2.2040 secs
Epoch: 297, Train Loss: 5.5116, Train RMSE: 11.8286, Train MAPE: 0.8147, Train WMAPE: 0.0308, 
Epoch: 297, Valid Loss: 10.5301, Valid RMSE: 40.7474, Valid MAPE: 1.7080, Valid WMAPE: 0.0605
No update
Iter: 000, Train Loss: 5.6546, Train RMSE: 11.9474, Train MAPE: 0.5293, Train WMAPE: 0.0314
Iter: 050, Train Loss: 5.4101, Train RMSE: 11.0039, Train MAPE: 0.4191, Train WMAPE: 0.0297
Epoch: 298, Training Time: 14.2570 secs
Epoch: 298, Inference Time: 2.0883 secs
Epoch: 298, Train Loss: 5.4870, Train RMSE: 11.6804, Train MAPE: 0.8538, Train WMAPE: 0.0307, 
Epoch: 298, Valid Loss: 10.6163, Valid RMSE: 40.8872, Valid MAPE: 2.9435, Valid WMAPE: 0.0610
No update
Iter: 000, Train Loss: 5.4948, Train RMSE: 11.6607, Train MAPE: 0.8654, Train WMAPE: 0.0305
Iter: 050, Train Loss: 5.4387, Train RMSE: 11.1449, Train MAPE: 0.5025, Train WMAPE: 0.0298
Epoch: 299, Training Time: 14.4347 secs
Epoch: 299, Inference Time: 2.1563 secs
Epoch: 299, Train Loss: 5.4103, Train RMSE: 11.5669, Train MAPE: 0.7909, Train WMAPE: 0.0302, 
Epoch: 299, Valid Loss: 10.7202, Valid RMSE: 40.8383, Valid MAPE: 1.8107, Valid WMAPE: 0.0615
No update
Iter: 000, Train Loss: 5.5304, Train RMSE: 11.7417, Train MAPE: 0.5009, Train WMAPE: 0.0307
Iter: 050, Train Loss: 5.3899, Train RMSE: 10.9203, Train MAPE: 0.5830, Train WMAPE: 0.0296
Epoch: 300, Training Time: 14.3673 secs
Epoch: 300, Inference Time: 2.0685 secs
Epoch: 300, Train Loss: 5.4095, Train RMSE: 11.5941, Train MAPE: 0.7244, Train WMAPE: 0.0302, 
Epoch: 300, Valid Loss: 10.4842, Valid RMSE: 40.6731, Valid MAPE: 2.2688, Valid WMAPE: 0.0602
###Update tasks appear###
Evaluate best model on test data for horizon 1, Test MAE: 9.1352, Test RMSE: 60.0594, Test MAPE: 9.1894, Test WMAPE: 0.0530
Evaluate best model on test data for horizon 2, Test MAE: 10.1971, Test RMSE: 54.9748, Test MAPE: 14.0077, Test WMAPE: 0.0592
Evaluate best model on test data for horizon 3, Test MAE: 10.4318, Test RMSE: 43.1533, Test MAPE: 18.1531, Test WMAPE: 0.0606
Evaluate best model on test data for horizon 4, Test MAE: 11.8071, Test RMSE: 48.8026, Test MAPE: 20.5032, Test WMAPE: 0.0686
Evaluate best model on test data for horizon 5, Test MAE: 12.8481, Test RMSE: 53.0287, Test MAPE: 20.9579, Test WMAPE: 0.0747
Evaluate best model on test data for horizon 6, Test MAE: 13.2999, Test RMSE: 49.9827, Test MAPE: 21.9354, Test WMAPE: 0.0773
Evaluate best model on test data for horizon 7, Test MAE: 13.8634, Test RMSE: 49.2222, Test MAPE: 22.6950, Test WMAPE: 0.0806
Evaluate best model on test data for horizon 8, Test MAE: 14.5020, Test RMSE: 51.3045, Test MAPE: 22.5651, Test WMAPE: 0.0843
Evaluate best model on test data for horizon 9, Test MAE: 15.0037, Test RMSE: 51.6472, Test MAPE: 23.3673, Test WMAPE: 0.0873
Evaluate best model on test data for horizon 10, Test MAE: 15.2479, Test RMSE: 51.1086, Test MAPE: 24.3464, Test WMAPE: 0.0887
Evaluate best model on test data for horizon 11, Test MAE: 15.8136, Test RMSE: 54.8496, Test MAPE: 23.3949, Test WMAPE: 0.0920
Evaluate best model on test data for horizon 12, Test MAE: 16.0975, Test RMSE: 55.9419, Test MAPE: 23.7030, Test WMAPE: 0.0937
On average over 12 horizons, Test MAE: 13.1873, Test RMSE: 52.0063, Test MAPE: 20.4015, Test WMAPE: 0.0767
No update
Average Training Time: 15.0424 secs/epoch
Average Inference Time: 2.0431 secs
Training ends
The epoch of the best result： 198
The valid loss of the best model 10.4948
Evaluate best model on test data for horizon 1, Test MAE: 9.1045, Test RMSE: 59.7975, Test MAPE: 8.8202, Test WMAPE: 0.0529
Evaluate best model on test data for horizon 2, Test MAE: 10.0441, Test RMSE: 53.8960, Test MAPE: 13.3182, Test WMAPE: 0.0583
Evaluate best model on test data for horizon 3, Test MAE: 10.2492, Test RMSE: 41.9921, Test MAPE: 17.9720, Test WMAPE: 0.0595
Evaluate best model on test data for horizon 4, Test MAE: 11.6406, Test RMSE: 48.7012, Test MAPE: 20.0012, Test WMAPE: 0.0676
Evaluate best model on test data for horizon 5, Test MAE: 12.6867, Test RMSE: 52.9996, Test MAPE: 20.1439, Test WMAPE: 0.0737
Evaluate best model on test data for horizon 6, Test MAE: 13.1102, Test RMSE: 49.6417, Test MAPE: 21.5022, Test WMAPE: 0.0762
Evaluate best model on test data for horizon 7, Test MAE: 13.7561, Test RMSE: 49.6829, Test MAPE: 21.9816, Test WMAPE: 0.0800
Evaluate best model on test data for horizon 8, Test MAE: 14.4422, Test RMSE: 52.1358, Test MAPE: 21.8633, Test WMAPE: 0.0840
Evaluate best model on test data for horizon 9, Test MAE: 14.8674, Test RMSE: 52.7140, Test MAPE: 22.3333, Test WMAPE: 0.0865
Evaluate best model on test data for horizon 10, Test MAE: 14.9408, Test RMSE: 51.0031, Test MAPE: 23.3859, Test WMAPE: 0.0869
Evaluate best model on test data for horizon 11, Test MAE: 15.5381, Test RMSE: 56.3241, Test MAPE: 22.5865, Test WMAPE: 0.0904
Evaluate best model on test data for horizon 12, Test MAE: 15.6795, Test RMSE: 56.8754, Test MAPE: 22.8535, Test WMAPE: 0.0912
On average over 12 horizons, Test MAE: 13.0049, Test RMSE: 52.1470, Test MAPE: 19.7302, Test WMAPE: 0.0756
Total time spent: 5185.2167
